ds,y,avg_duration,std_duration,cold_starts,hour,dayofweek,is_business_hours,is_weekend
2021-01-01 00:30:00,1.0,0.282,0.0,1.0,0,4,0,0
2021-01-01 00:31:00,0.0,0.0,0.0,0.0,0,4,0,0
2021-01-01 00:32:00,0.0,0.0,0.0,0.0,0,4,0,0
2021-01-01 00:33:00,0.0,0.0,0.0,0.0,0,4,0,0
2021-01-01 00:34:00,0.0,0.0,0.0,0.0,0,4,0,0
2021-01-01 00:35:00,0.0,0.0,0.0,0.0,0,4,0,0
2021-01-01 00:36:00,1.0,0.296,0.0,0.0,0,4,0,0
2021-01-01 00:37:00,0.0,0.0,0.0,0.0,0,4,0,0
2021-01-01 00:38:00,0.0,0.0,0.0,0.0,0,4,0,0
2021-01-01 00:39:00,0.0,0.0,0.0,0.0,0,4,0,0
2021-01-01 00:40:00,0.0,0.0,0.0,0.0,0,4,0,0
2021-01-01 00:41:00,0.0,0.0,0.0,0.0,0,4,0,0
2021-01-01 00:42:00,0.0,0.0,0.0,0.0,0,4,0,0
2021-01-01 00:43:00,0.0,0.0,0.0,0.0,0,4,0,0
2021-01-01 00:44:00,0.0,0.0,0.0,0.0,0,4,0,0
2021-01-01 00:45:00,0.0,0.0,0.0,0.0,0,4,0,0
2021-01-01 00:46:00,0.0,0.0,0.0,0.0,0,4,0,0
2021-01-01 00:47:00,1.0,0.25,0.0,1.0,0,4,0,0
2021-01-01 00:48:00,0.0,0.0,0.0,0.0,0,4,0,0
2021-01-01 00:49:00,0.0,0.0,0.0,0.0,0,4,0,0
2021-01-01 00:50:00,0.0,0.0,0.0,0.0,0,4,0,0
2021-01-01 00:51:00,0.0,0.0,0.0,0.0,0,4,0,0
2021-01-01 00:52:00,0.0,0.0,0.0,0.0,0,4,0,0
2021-01-01 00:53:00,0.0,0.0,0.0,0.0,0,4,0,0
2021-01-01 00:54:00,0.0,0.0,0.0,0.0,0,4,0,0
2021-01-01 00:55:00,0.0,0.0,0.0,0.0,0,4,0,0
2021-01-01 00:56:00,0.0,0.0,0.0,0.0,0,4,0,0
2021-01-01 00:57:00,0.0,0.0,0.0,0.0,0,4,0,0
2021-01-01 00:58:00,0.0,0.0,0.0,0.0,0,4,0,0
2021-01-01 00:59:00,0.0,0.0,0.0,0.0,0,4,0,0
2021-01-01 01:00:00,0.0,0.0,0.0,0.0,1,4,0,0
2021-01-01 01:01:00,0.0,0.0,0.0,0.0,1,4,0,0
2021-01-01 01:02:00,0.0,0.0,0.0,0.0,1,4,0,0
2021-01-01 01:03:00,0.0,0.0,0.0,0.0,1,4,0,0
2021-01-01 01:04:00,0.0,0.0,0.0,0.0,1,4,0,0
2021-01-01 01:05:00,0.0,0.0,0.0,0.0,1,4,0,0
2021-01-01 01:06:00,0.0,0.0,0.0,0.0,1,4,0,0
2021-01-01 01:07:00,0.0,0.0,0.0,0.0,1,4,0,0
2021-01-01 01:08:00,0.0,0.0,0.0,0.0,1,4,0,0
2021-01-01 01:09:00,0.0,0.0,0.0,0.0,1,4,0,0
2021-01-01 01:10:00,0.0,0.0,0.0,0.0,1,4,0,0
2021-01-01 01:11:00,1.0,0.187,0.0,1.0,1,4,0,0
2021-01-01 01:12:00,0.0,0.0,0.0,0.0,1,4,0,0
2021-01-01 01:13:00,0.0,0.0,0.0,0.0,1,4,0,0
2021-01-01 01:14:00,0.0,0.0,0.0,0.0,1,4,0,0
2021-01-01 01:15:00,0.0,0.0,0.0,0.0,1,4,0,0
2021-01-01 01:16:00,1.0,0.283,0.0,0.0,1,4,0,0
2021-01-01 01:17:00,0.0,0.0,0.0,0.0,1,4,0,0
2021-01-01 01:18:00,0.0,0.0,0.0,0.0,1,4,0,0
2021-01-01 01:19:00,0.0,0.0,0.0,0.0,1,4,0,0
2021-01-01 01:20:00,0.0,0.0,0.0,0.0,1,4,0,0
2021-01-01 01:21:00,0.0,0.0,0.0,0.0,1,4,0,0
2021-01-01 01:22:00,0.0,0.0,0.0,0.0,1,4,0,0
2021-01-01 01:23:00,0.0,0.0,0.0,0.0,1,4,0,0
2021-01-01 01:24:00,0.0,0.0,0.0,0.0,1,4,0,0
2021-01-01 01:25:00,0.0,0.0,0.0,0.0,1,4,0,0
2021-01-01 01:26:00,0.0,0.0,0.0,0.0,1,4,0,0
2021-01-01 01:27:00,0.0,0.0,0.0,0.0,1,4,0,0
2021-01-01 01:28:00,0.0,0.0,0.0,0.0,1,4,0,0
2021-01-01 01:29:00,0.0,0.0,0.0,0.0,1,4,0,0
2021-01-01 01:30:00,0.0,0.0,0.0,0.0,1,4,0,0
2021-01-01 01:31:00,0.0,0.0,0.0,0.0,1,4,0,0
2021-01-01 01:32:00,0.0,0.0,0.0,0.0,1,4,0,0
2021-01-01 01:33:00,0.0,0.0,0.0,0.0,1,4,0,0
2021-01-01 01:34:00,0.0,0.0,0.0,0.0,1,4,0,0
2021-01-01 01:35:00,0.0,0.0,0.0,0.0,1,4,0,0
2021-01-01 01:36:00,0.0,0.0,0.0,0.0,1,4,0,0
2021-01-01 01:37:00,1.0,0.312,0.0,1.0,1,4,0,0
2021-01-01 01:38:00,0.0,0.0,0.0,0.0,1,4,0,0
2021-01-01 01:39:00,0.0,0.0,0.0,0.0,1,4,0,0
2021-01-01 01:40:00,0.0,0.0,0.0,0.0,1,4,0,0
2021-01-01 01:41:00,0.0,0.0,0.0,0.0,1,4,0,0
2021-01-01 01:42:00,0.0,0.0,0.0,0.0,1,4,0,0
2021-01-01 01:43:00,0.0,0.0,0.0,0.0,1,4,0,0
2021-01-01 01:44:00,0.0,0.0,0.0,0.0,1,4,0,0
2021-01-01 01:45:00,0.0,0.0,0.0,0.0,1,4,0,0
2021-01-01 01:46:00,0.0,0.0,0.0,0.0,1,4,0,0
2021-01-01 01:47:00,0.0,0.0,0.0,0.0,1,4,0,0
2021-01-01 01:48:00,1.0,0.156,0.0,1.0,1,4,0,0
2021-01-01 01:49:00,0.0,0.0,0.0,0.0,1,4,0,0
2021-01-01 01:50:00,0.0,0.0,0.0,0.0,1,4,0,0
2021-01-01 01:51:00,0.0,0.0,0.0,0.0,1,4,0,0
2021-01-01 01:52:00,0.0,0.0,0.0,0.0,1,4,0,0
2021-01-01 01:53:00,0.0,0.0,0.0,0.0,1,4,0,0
2021-01-01 01:54:00,0.0,0.0,0.0,0.0,1,4,0,0
2021-01-01 01:55:00,0.0,0.0,0.0,0.0,1,4,0,0
2021-01-01 01:56:00,0.0,0.0,0.0,0.0,1,4,0,0
2021-01-01 01:57:00,0.0,0.0,0.0,0.0,1,4,0,0
2021-01-01 01:58:00,0.0,0.0,0.0,0.0,1,4,0,0
2021-01-01 01:59:00,0.0,0.0,0.0,0.0,1,4,0,0
2021-01-01 02:00:00,0.0,0.0,0.0,0.0,2,4,0,0
2021-01-01 02:01:00,0.0,0.0,0.0,0.0,2,4,0,0
2021-01-01 02:02:00,0.0,0.0,0.0,0.0,2,4,0,0
2021-01-01 02:03:00,0.0,0.0,0.0,0.0,2,4,0,0
2021-01-01 02:04:00,0.0,0.0,0.0,0.0,2,4,0,0
2021-01-01 02:05:00,0.0,0.0,0.0,0.0,2,4,0,0
2021-01-01 02:06:00,0.0,0.0,0.0,0.0,2,4,0,0
2021-01-01 02:07:00,0.0,0.0,0.0,0.0,2,4,0,0
2021-01-01 02:08:00,1.0,0.346,0.0,1.0,2,4,0,0
2021-01-01 02:09:00,1.0,0.334,0.0,0.0,2,4,0,0
2021-01-01 02:10:00,0.0,0.0,0.0,0.0,2,4,0,0
2021-01-01 02:11:00,0.0,0.0,0.0,0.0,2,4,0,0
2021-01-01 02:12:00,0.0,0.0,0.0,0.0,2,4,0,0
2021-01-01 02:13:00,0.0,0.0,0.0,0.0,2,4,0,0
2021-01-01 02:14:00,0.0,0.0,0.0,0.0,2,4,0,0
2021-01-01 02:15:00,0.0,0.0,0.0,0.0,2,4,0,0
2021-01-01 02:16:00,0.0,0.0,0.0,0.0,2,4,0,0
2021-01-01 02:17:00,0.0,0.0,0.0,0.0,2,4,0,0
2021-01-01 02:18:00,1.0,0.314,0.0,0.0,2,4,0,0
2021-01-01 02:19:00,2.0,0.20650000000000002,0.14919953083036153,0.0,2,4,0,0
2021-01-01 02:20:00,0.0,0.0,0.0,0.0,2,4,0,0
2021-01-01 02:21:00,0.0,0.0,0.0,0.0,2,4,0,0
2021-01-01 02:22:00,0.0,0.0,0.0,0.0,2,4,0,0
2021-01-01 02:23:00,0.0,0.0,0.0,0.0,2,4,0,0
2021-01-01 02:24:00,0.0,0.0,0.0,0.0,2,4,0,0
2021-01-01 02:25:00,0.0,0.0,0.0,0.0,2,4,0,0
2021-01-01 02:26:00,0.0,0.0,0.0,0.0,2,4,0,0
2021-01-01 02:27:00,0.0,0.0,0.0,0.0,2,4,0,0
2021-01-01 02:28:00,0.0,0.0,0.0,0.0,2,4,0,0
2021-01-01 02:29:00,0.0,0.0,0.0,0.0,2,4,0,0
2021-01-01 02:30:00,0.0,0.0,0.0,0.0,2,4,0,0
2021-01-01 02:31:00,0.0,0.0,0.0,0.0,2,4,0,0
2021-01-01 02:32:00,0.0,0.0,0.0,0.0,2,4,0,0
2021-01-01 02:33:00,0.0,0.0,0.0,0.0,2,4,0,0
2021-01-01 02:34:00,0.0,0.0,0.0,0.0,2,4,0,0
2021-01-01 02:35:00,0.0,0.0,0.0,0.0,2,4,0,0
2021-01-01 02:36:00,0.0,0.0,0.0,0.0,2,4,0,0
2021-01-01 02:37:00,1.0,0.187,0.0,1.0,2,4,0,0
2021-01-01 02:38:00,1.0,0.25,0.0,0.0,2,4,0,0
2021-01-01 02:39:00,0.0,0.0,0.0,0.0,2,4,0,0
2021-01-01 02:40:00,0.0,0.0,0.0,0.0,2,4,0,0
2021-01-01 02:41:00,0.0,0.0,0.0,0.0,2,4,0,0
2021-01-01 02:42:00,0.0,0.0,0.0,0.0,2,4,0,0
2021-01-01 02:43:00,0.0,0.0,0.0,0.0,2,4,0,0
2021-01-01 02:44:00,0.0,0.0,0.0,0.0,2,4,0,0
2021-01-01 02:45:00,0.0,0.0,0.0,0.0,2,4,0,0
2021-01-01 02:46:00,0.0,0.0,0.0,0.0,2,4,0,0
2021-01-01 02:47:00,0.0,0.0,0.0,0.0,2,4,0,0
2021-01-01 02:48:00,0.0,0.0,0.0,0.0,2,4,0,0
2021-01-01 02:49:00,0.0,0.0,0.0,0.0,2,4,0,0
2021-01-01 02:50:00,0.0,0.0,0.0,0.0,2,4,0,0
2021-01-01 02:51:00,0.0,0.0,0.0,0.0,2,4,0,0
2021-01-01 02:52:00,0.0,0.0,0.0,0.0,2,4,0,0
2021-01-01 02:53:00,0.0,0.0,0.0,0.0,2,4,0,0
2021-01-01 02:54:00,0.0,0.0,0.0,0.0,2,4,0,0
2021-01-01 02:55:00,0.0,0.0,0.0,0.0,2,4,0,0
2021-01-01 02:56:00,1.0,0.078,0.0,1.0,2,4,0,0
2021-01-01 02:57:00,0.0,0.0,0.0,0.0,2,4,0,0
2021-01-01 02:58:00,0.0,0.0,0.0,0.0,2,4,0,0
2021-01-01 02:59:00,0.0,0.0,0.0,0.0,2,4,0,0
2021-01-01 03:00:00,0.0,0.0,0.0,0.0,3,4,0,0
2021-01-01 03:01:00,0.0,0.0,0.0,0.0,3,4,0,0
2021-01-01 03:02:00,0.0,0.0,0.0,0.0,3,4,0,0
2021-01-01 03:03:00,0.0,0.0,0.0,0.0,3,4,0,0
2021-01-01 03:04:00,0.0,0.0,0.0,0.0,3,4,0,0
2021-01-01 03:05:00,0.0,0.0,0.0,0.0,3,4,0,0
2021-01-01 03:06:00,0.0,0.0,0.0,0.0,3,4,0,0
2021-01-01 03:07:00,0.0,0.0,0.0,0.0,3,4,0,0
2021-01-01 03:08:00,0.0,0.0,0.0,0.0,3,4,0,0
2021-01-01 03:09:00,0.0,0.0,0.0,0.0,3,4,0,0
2021-01-01 03:10:00,0.0,0.0,0.0,0.0,3,4,0,0
2021-01-01 03:11:00,1.0,0.187,0.0,1.0,3,4,0,0
2021-01-01 03:12:00,0.0,0.0,0.0,0.0,3,4,0,0
2021-01-01 03:13:00,0.0,0.0,0.0,0.0,3,4,0,0
2021-01-01 03:14:00,0.0,0.0,0.0,0.0,3,4,0,0
2021-01-01 03:15:00,0.0,0.0,0.0,0.0,3,4,0,0
2021-01-01 03:16:00,0.0,0.0,0.0,0.0,3,4,0,0
2021-01-01 03:17:00,0.0,0.0,0.0,0.0,3,4,0,0
2021-01-01 03:18:00,0.0,0.0,0.0,0.0,3,4,0,0
2021-01-01 03:19:00,0.0,0.0,0.0,0.0,3,4,0,0
2021-01-01 03:20:00,0.0,0.0,0.0,0.0,3,4,0,0
2021-01-01 03:21:00,0.0,0.0,0.0,0.0,3,4,0,0
2021-01-01 03:22:00,0.0,0.0,0.0,0.0,3,4,0,0
2021-01-01 03:23:00,0.0,0.0,0.0,0.0,3,4,0,0
2021-01-01 03:24:00,0.0,0.0,0.0,0.0,3,4,0,0
2021-01-01 03:25:00,0.0,0.0,0.0,0.0,3,4,0,0
2021-01-01 03:26:00,0.0,0.0,0.0,0.0,3,4,0,0
2021-01-01 03:27:00,0.0,0.0,0.0,0.0,3,4,0,0
2021-01-01 03:28:00,0.0,0.0,0.0,0.0,3,4,0,0
2021-01-01 03:29:00,0.0,0.0,0.0,0.0,3,4,0,0
2021-01-01 03:30:00,0.0,0.0,0.0,0.0,3,4,0,0
2021-01-01 03:31:00,0.0,0.0,0.0,0.0,3,4,0,0
2021-01-01 03:32:00,0.0,0.0,0.0,0.0,3,4,0,0
2021-01-01 03:33:00,0.0,0.0,0.0,0.0,3,4,0,0
2021-01-01 03:34:00,0.0,0.0,0.0,0.0,3,4,0,0
2021-01-01 03:35:00,0.0,0.0,0.0,0.0,3,4,0,0
2021-01-01 03:36:00,0.0,0.0,0.0,0.0,3,4,0,0
2021-01-01 03:37:00,0.0,0.0,0.0,0.0,3,4,0,0
2021-01-01 03:38:00,0.0,0.0,0.0,0.0,3,4,0,0
2021-01-01 03:39:00,0.0,0.0,0.0,0.0,3,4,0,0
2021-01-01 03:40:00,0.0,0.0,0.0,0.0,3,4,0,0
2021-01-01 03:41:00,0.0,0.0,0.0,0.0,3,4,0,0
2021-01-01 03:42:00,0.0,0.0,0.0,0.0,3,4,0,0
2021-01-01 03:43:00,0.0,0.0,0.0,0.0,3,4,0,0
2021-01-01 03:44:00,0.0,0.0,0.0,0.0,3,4,0,0
2021-01-01 03:45:00,0.0,0.0,0.0,0.0,3,4,0,0
2021-01-01 03:46:00,0.0,0.0,0.0,0.0,3,4,0,0
2021-01-01 03:47:00,0.0,0.0,0.0,0.0,3,4,0,0
2021-01-01 03:48:00,0.0,0.0,0.0,0.0,3,4,0,0
2021-01-01 03:49:00,0.0,0.0,0.0,0.0,3,4,0,0
2021-01-01 03:50:00,1.0,0.093,0.0,1.0,3,4,0,0
2021-01-01 03:51:00,0.0,0.0,0.0,0.0,3,4,0,0
2021-01-01 03:52:00,0.0,0.0,0.0,0.0,3,4,0,0
2021-01-01 03:53:00,0.0,0.0,0.0,0.0,3,4,0,0
2021-01-01 03:54:00,1.0,0.109,0.0,0.0,3,4,0,0
2021-01-01 03:55:00,0.0,0.0,0.0,0.0,3,4,0,0
2021-01-01 03:56:00,0.0,0.0,0.0,0.0,3,4,0,0
2021-01-01 03:57:00,0.0,0.0,0.0,0.0,3,4,0,0
2021-01-01 03:58:00,1.0,0.246,0.0,0.0,3,4,0,0
2021-01-01 03:59:00,0.0,0.0,0.0,0.0,3,4,0,0
2021-01-01 04:00:00,0.0,0.0,0.0,0.0,4,4,0,0
2021-01-01 04:01:00,0.0,0.0,0.0,0.0,4,4,0,0
2021-01-01 04:02:00,0.0,0.0,0.0,0.0,4,4,0,0
2021-01-01 04:03:00,0.0,0.0,0.0,0.0,4,4,0,0
2021-01-01 04:04:00,0.0,0.0,0.0,0.0,4,4,0,0
2021-01-01 04:05:00,1.0,0.109,0.0,0.0,4,4,0,0
2021-01-01 04:06:00,0.0,0.0,0.0,0.0,4,4,0,0
2021-01-01 04:07:00,0.0,0.0,0.0,0.0,4,4,0,0
2021-01-01 04:08:00,0.0,0.0,0.0,0.0,4,4,0,0
2021-01-01 04:09:00,0.0,0.0,0.0,0.0,4,4,0,0
2021-01-01 04:10:00,0.0,0.0,0.0,0.0,4,4,0,0
2021-01-01 04:11:00,0.0,0.0,0.0,0.0,4,4,0,0
2021-01-01 04:12:00,0.0,0.0,0.0,0.0,4,4,0,0
2021-01-01 04:13:00,0.0,0.0,0.0,0.0,4,4,0,0
2021-01-01 04:14:00,0.0,0.0,0.0,0.0,4,4,0,0
2021-01-01 04:15:00,0.0,0.0,0.0,0.0,4,4,0,0
2021-01-01 04:16:00,0.0,0.0,0.0,0.0,4,4,0,0
2021-01-01 04:17:00,0.0,0.0,0.0,0.0,4,4,0,0
2021-01-01 04:18:00,0.0,0.0,0.0,0.0,4,4,0,0
2021-01-01 04:19:00,0.0,0.0,0.0,0.0,4,4,0,0
2021-01-01 04:20:00,1.0,0.343,0.0,1.0,4,4,0,0
2021-01-01 04:21:00,0.0,0.0,0.0,0.0,4,4,0,0
2021-01-01 04:22:00,0.0,0.0,0.0,0.0,4,4,0,0
2021-01-01 04:23:00,0.0,0.0,0.0,0.0,4,4,0,0
2021-01-01 04:24:00,0.0,0.0,0.0,0.0,4,4,0,0
2021-01-01 04:25:00,0.0,0.0,0.0,0.0,4,4,0,0
2021-01-01 04:26:00,0.0,0.0,0.0,0.0,4,4,0,0
2021-01-01 04:27:00,0.0,0.0,0.0,0.0,4,4,0,0
2021-01-01 04:28:00,0.0,0.0,0.0,0.0,4,4,0,0
2021-01-01 04:29:00,0.0,0.0,0.0,0.0,4,4,0,0
2021-01-01 04:30:00,0.0,0.0,0.0,0.0,4,4,0,0
2021-01-01 04:31:00,0.0,0.0,0.0,0.0,4,4,0,0
2021-01-01 04:32:00,0.0,0.0,0.0,0.0,4,4,0,0
2021-01-01 04:33:00,0.0,0.0,0.0,0.0,4,4,0,0
2021-01-01 04:34:00,0.0,0.0,0.0,0.0,4,4,0,0
2021-01-01 04:35:00,0.0,0.0,0.0,0.0,4,4,0,0
2021-01-01 04:36:00,0.0,0.0,0.0,0.0,4,4,0,0
2021-01-01 04:37:00,0.0,0.0,0.0,0.0,4,4,0,0
2021-01-01 04:38:00,1.0,0.14,0.0,1.0,4,4,0,0
2021-01-01 04:39:00,0.0,0.0,0.0,0.0,4,4,0,0
2021-01-01 04:40:00,0.0,0.0,0.0,0.0,4,4,0,0
2021-01-01 04:41:00,0.0,0.0,0.0,0.0,4,4,0,0
2021-01-01 04:42:00,0.0,0.0,0.0,0.0,4,4,0,0
2021-01-01 04:43:00,0.0,0.0,0.0,0.0,4,4,0,0
2021-01-01 04:44:00,0.0,0.0,0.0,0.0,4,4,0,0
2021-01-01 04:45:00,0.0,0.0,0.0,0.0,4,4,0,0
2021-01-01 04:46:00,0.0,0.0,0.0,0.0,4,4,0,0
2021-01-01 04:47:00,0.0,0.0,0.0,0.0,4,4,0,0
2021-01-01 04:48:00,0.0,0.0,0.0,0.0,4,4,0,0
2021-01-01 04:49:00,0.0,0.0,0.0,0.0,4,4,0,0
2021-01-01 04:50:00,1.0,0.345,0.0,1.0,4,4,0,0
2021-01-01 04:51:00,0.0,0.0,0.0,0.0,4,4,0,0
2021-01-01 04:52:00,0.0,0.0,0.0,0.0,4,4,0,0
2021-01-01 04:53:00,1.0,0.487,0.0,0.0,4,4,0,0
2021-01-01 04:54:00,0.0,0.0,0.0,0.0,4,4,0,0
2021-01-01 04:55:00,0.0,0.0,0.0,0.0,4,4,0,0
2021-01-01 04:56:00,0.0,0.0,0.0,0.0,4,4,0,0
2021-01-01 04:57:00,0.0,0.0,0.0,0.0,4,4,0,0
2021-01-01 04:58:00,0.0,0.0,0.0,0.0,4,4,0,0
2021-01-01 04:59:00,0.0,0.0,0.0,0.0,4,4,0,0
2021-01-01 05:00:00,0.0,0.0,0.0,0.0,5,4,0,0
2021-01-01 05:01:00,0.0,0.0,0.0,0.0,5,4,0,0
2021-01-01 05:02:00,0.0,0.0,0.0,0.0,5,4,0,0
2021-01-01 05:03:00,0.0,0.0,0.0,0.0,5,4,0,0
2021-01-01 05:04:00,0.0,0.0,0.0,0.0,5,4,0,0
2021-01-01 05:05:00,0.0,0.0,0.0,0.0,5,4,0,0
2021-01-01 05:06:00,0.0,0.0,0.0,0.0,5,4,0,0
2021-01-01 05:07:00,0.0,0.0,0.0,0.0,5,4,0,0
2021-01-01 05:08:00,1.0,0.156,0.0,1.0,5,4,0,0
2021-01-01 05:09:00,0.0,0.0,0.0,0.0,5,4,0,0
2021-01-01 05:10:00,0.0,0.0,0.0,0.0,5,4,0,0
2021-01-01 05:11:00,0.0,0.0,0.0,0.0,5,4,0,0
2021-01-01 05:12:00,0.0,0.0,0.0,0.0,5,4,0,0
2021-01-01 05:13:00,0.0,0.0,0.0,0.0,5,4,0,0
2021-01-01 05:14:00,0.0,0.0,0.0,0.0,5,4,0,0
2021-01-01 05:15:00,0.0,0.0,0.0,0.0,5,4,0,0
2021-01-01 05:16:00,0.0,0.0,0.0,0.0,5,4,0,0
2021-01-01 05:17:00,0.0,0.0,0.0,0.0,5,4,0,0
2021-01-01 05:18:00,0.0,0.0,0.0,0.0,5,4,0,0
2021-01-01 05:19:00,0.0,0.0,0.0,0.0,5,4,0,0
2021-01-01 05:20:00,0.0,0.0,0.0,0.0,5,4,0,0
2021-01-01 05:21:00,0.0,0.0,0.0,0.0,5,4,0,0
2021-01-01 05:22:00,0.0,0.0,0.0,0.0,5,4,0,0
2021-01-01 05:23:00,0.0,0.0,0.0,0.0,5,4,0,0
2021-01-01 05:24:00,0.0,0.0,0.0,0.0,5,4,0,0
2021-01-01 05:25:00,0.0,0.0,0.0,0.0,5,4,0,0
2021-01-01 05:26:00,0.0,0.0,0.0,0.0,5,4,0,0
2021-01-01 05:27:00,0.0,0.0,0.0,0.0,5,4,0,0
2021-01-01 05:28:00,0.0,0.0,0.0,0.0,5,4,0,0
2021-01-01 05:29:00,0.0,0.0,0.0,0.0,5,4,0,0
2021-01-01 05:30:00,0.0,0.0,0.0,0.0,5,4,0,0
2021-01-01 05:31:00,0.0,0.0,0.0,0.0,5,4,0,0
2021-01-01 05:32:00,0.0,0.0,0.0,0.0,5,4,0,0
2021-01-01 05:33:00,0.0,0.0,0.0,0.0,5,4,0,0
2021-01-01 05:34:00,0.0,0.0,0.0,0.0,5,4,0,0
2021-01-01 05:35:00,1.0,0.343,0.0,1.0,5,4,0,0
2021-01-01 05:36:00,1.0,0.078,0.0,0.0,5,4,0,0
2021-01-01 05:37:00,0.0,0.0,0.0,0.0,5,4,0,0
2021-01-01 05:38:00,0.0,0.0,0.0,0.0,5,4,0,0
2021-01-01 05:39:00,0.0,0.0,0.0,0.0,5,4,0,0
2021-01-01 05:40:00,0.0,0.0,0.0,0.0,5,4,0,0
2021-01-01 05:41:00,0.0,0.0,0.0,0.0,5,4,0,0
2021-01-01 05:42:00,0.0,0.0,0.0,0.0,5,4,0,0
2021-01-01 05:43:00,0.0,0.0,0.0,0.0,5,4,0,0
2021-01-01 05:44:00,0.0,0.0,0.0,0.0,5,4,0,0
2021-01-01 05:45:00,1.0,0.124,0.0,0.0,5,4,0,0
2021-01-01 05:46:00,0.0,0.0,0.0,0.0,5,4,0,0
2021-01-01 05:47:00,0.0,0.0,0.0,0.0,5,4,0,0
2021-01-01 05:48:00,0.0,0.0,0.0,0.0,5,4,0,0
2021-01-01 05:49:00,0.0,0.0,0.0,0.0,5,4,0,0
2021-01-01 05:50:00,0.0,0.0,0.0,0.0,5,4,0,0
2021-01-01 05:51:00,0.0,0.0,0.0,0.0,5,4,0,0
2021-01-01 05:52:00,0.0,0.0,0.0,0.0,5,4,0,0
2021-01-01 05:53:00,0.0,0.0,0.0,0.0,5,4,0,0
2021-01-01 05:54:00,0.0,0.0,0.0,0.0,5,4,0,0
2021-01-01 05:55:00,1.0,0.124,0.0,0.0,5,4,0,0
2021-01-01 05:56:00,0.0,0.0,0.0,0.0,5,4,0,0
2021-01-01 05:57:00,1.0,0.078,0.0,0.0,5,4,0,0
2021-01-01 05:58:00,0.0,0.0,0.0,0.0,5,4,0,0
2021-01-01 05:59:00,0.0,0.0,0.0,0.0,5,4,0,0
2021-01-01 06:00:00,0.0,0.0,0.0,0.0,6,4,0,0
2021-01-01 06:01:00,0.0,0.0,0.0,0.0,6,4,0,0
2021-01-01 06:02:00,0.0,0.0,0.0,0.0,6,4,0,0
2021-01-01 06:03:00,0.0,0.0,0.0,0.0,6,4,0,0
2021-01-01 06:04:00,0.0,0.0,0.0,0.0,6,4,0,0
2021-01-01 06:05:00,0.0,0.0,0.0,0.0,6,4,0,0
2021-01-01 06:06:00,0.0,0.0,0.0,0.0,6,4,0,0
2021-01-01 06:07:00,0.0,0.0,0.0,0.0,6,4,0,0
2021-01-01 06:08:00,0.0,0.0,0.0,0.0,6,4,0,0
2021-01-01 06:09:00,0.0,0.0,0.0,0.0,6,4,0,0
2021-01-01 06:10:00,0.0,0.0,0.0,0.0,6,4,0,0
2021-01-01 06:11:00,0.0,0.0,0.0,0.0,6,4,0,0
2021-01-01 06:12:00,1.0,0.203,0.0,1.0,6,4,0,0
2021-01-01 06:13:00,0.0,0.0,0.0,0.0,6,4,0,0
2021-01-01 06:14:00,0.0,0.0,0.0,0.0,6,4,0,0
2021-01-01 06:15:00,1.0,0.078,0.0,0.0,6,4,0,0
2021-01-01 06:16:00,0.0,0.0,0.0,0.0,6,4,0,0
2021-01-01 06:17:00,0.0,0.0,0.0,0.0,6,4,0,0
2021-01-01 06:18:00,0.0,0.0,0.0,0.0,6,4,0,0
2021-01-01 06:19:00,0.0,0.0,0.0,0.0,6,4,0,0
2021-01-01 06:20:00,0.0,0.0,0.0,0.0,6,4,0,0
2021-01-01 06:21:00,0.0,0.0,0.0,0.0,6,4,0,0
2021-01-01 06:22:00,0.0,0.0,0.0,0.0,6,4,0,0
2021-01-01 06:23:00,0.0,0.0,0.0,0.0,6,4,0,0
2021-01-01 06:24:00,0.0,0.0,0.0,0.0,6,4,0,0
2021-01-01 06:25:00,1.0,0.093,0.0,1.0,6,4,0,0
2021-01-01 06:26:00,0.0,0.0,0.0,0.0,6,4,0,0
2021-01-01 06:27:00,1.0,0.171,0.0,0.0,6,4,0,0
2021-01-01 06:28:00,0.0,0.0,0.0,0.0,6,4,0,0
2021-01-01 06:29:00,0.0,0.0,0.0,0.0,6,4,0,0
2021-01-01 06:30:00,0.0,0.0,0.0,0.0,6,4,0,0
2021-01-01 06:31:00,0.0,0.0,0.0,0.0,6,4,0,0
2021-01-01 06:32:00,0.0,0.0,0.0,0.0,6,4,0,0
2021-01-01 06:33:00,0.0,0.0,0.0,0.0,6,4,0,0
2021-01-01 06:34:00,0.0,0.0,0.0,0.0,6,4,0,0
2021-01-01 06:35:00,0.0,0.0,0.0,0.0,6,4,0,0
2021-01-01 06:36:00,0.0,0.0,0.0,0.0,6,4,0,0
2021-01-01 06:37:00,0.0,0.0,0.0,0.0,6,4,0,0
2021-01-01 06:38:00,1.0,0.147,0.0,1.0,6,4,0,0
2021-01-01 06:39:00,0.0,0.0,0.0,0.0,6,4,0,0
2021-01-01 06:40:00,0.0,0.0,0.0,0.0,6,4,0,0
2021-01-01 06:41:00,0.0,0.0,0.0,0.0,6,4,0,0
2021-01-01 06:42:00,1.0,0.093,0.0,0.0,6,4,0,0
2021-01-01 06:43:00,0.0,0.0,0.0,0.0,6,4,0,0
2021-01-01 06:44:00,1.0,0.109,0.0,0.0,6,4,0,0
2021-01-01 06:45:00,0.0,0.0,0.0,0.0,6,4,0,0
2021-01-01 06:46:00,0.0,0.0,0.0,0.0,6,4,0,0
2021-01-01 06:47:00,0.0,0.0,0.0,0.0,6,4,0,0
2021-01-01 06:48:00,1.0,0.093,0.0,0.0,6,4,0,0
2021-01-01 06:49:00,0.0,0.0,0.0,0.0,6,4,0,0
2021-01-01 06:50:00,2.0,0.08,0.0028284271247461927,0.0,6,4,0,0
2021-01-01 06:51:00,2.0,0.3205,0.10111626970967631,0.0,6,4,0,0
2021-01-01 06:52:00,3.0,0.14,0.08140638795573724,0.0,6,4,0,0
2021-01-01 06:53:00,2.0,0.15000000000000002,0.11879393923933998,0.0,6,4,0,0
2021-01-01 06:54:00,1.0,0.093,0.0,0.0,6,4,0,0
2021-01-01 06:55:00,1.0,0.078,0.0,0.0,6,4,0,0
2021-01-01 06:56:00,1.0,0.078,0.0,0.0,6,4,0,0
2021-01-01 06:57:00,0.0,0.0,0.0,0.0,6,4,0,0
2021-01-01 06:58:00,1.0,0.078,0.0,0.0,6,4,0,0
2021-01-01 06:59:00,1.0,0.108,0.0,0.0,6,4,0,0
2021-01-01 07:00:00,0.0,0.0,0.0,0.0,7,4,0,0
2021-01-01 07:01:00,0.0,0.0,0.0,0.0,7,4,0,0
2021-01-01 07:02:00,0.0,0.0,0.0,0.0,7,4,0,0
2021-01-01 07:03:00,0.0,0.0,0.0,0.0,7,4,0,0
2021-01-01 07:04:00,0.0,0.0,0.0,0.0,7,4,0,0
2021-01-01 07:05:00,0.0,0.0,0.0,0.0,7,4,0,0
2021-01-01 07:06:00,0.0,0.0,0.0,0.0,7,4,0,0
2021-01-01 07:07:00,0.0,0.0,0.0,0.0,7,4,0,0
2021-01-01 07:08:00,0.0,0.0,0.0,0.0,7,4,0,0
2021-01-01 07:09:00,0.0,0.0,0.0,0.0,7,4,0,0
2021-01-01 07:10:00,0.0,0.0,0.0,0.0,7,4,0,0
2021-01-01 07:11:00,0.0,0.0,0.0,0.0,7,4,0,0
2021-01-01 07:12:00,0.0,0.0,0.0,0.0,7,4,0,0
2021-01-01 07:13:00,0.0,0.0,0.0,0.0,7,4,0,0
2021-01-01 07:14:00,4.0,0.12475,0.07383935265155024,1.0,7,4,0,0
2021-01-01 07:15:00,3.0,0.15033333333333335,0.050292477900112785,0.0,7,4,0,0
2021-01-01 07:16:00,6.0,0.1505,0.11804871875628299,0.0,7,4,0,0
2021-01-01 07:17:00,4.0,0.08175,0.007499999999999998,0.0,7,4,0,0
2021-01-01 07:18:00,4.0,0.185,0.17349735828920662,0.0,7,4,0,0
2021-01-01 07:19:00,5.0,0.1058,0.030128060010561585,0.0,7,4,0,0
2021-01-01 07:20:00,5.0,0.0896,0.020476816158768438,0.0,7,4,0,0
2021-01-01 07:21:00,6.0,0.10616666666666667,0.05140590108797498,0.0,7,4,0,0
2021-01-01 07:22:00,5.0,0.1214,0.03899743581314033,0.0,7,4,0,0
2021-01-01 07:23:00,4.0,0.10500000000000001,0.02654555832275273,0.0,7,4,0,0
2021-01-01 07:24:00,4.0,0.0985,0.02503996805109783,0.0,7,4,0,0
2021-01-01 07:25:00,3.0,0.10366666666666667,0.009237604307034014,0.0,7,4,0,0
2021-01-01 07:26:00,7.0,0.09357142857142857,0.024005951642992913,0.0,7,4,0,0
2021-01-01 07:27:00,3.0,0.08266666666666667,0.0178978583448784,0.0,7,4,0,0
2021-01-01 07:28:00,4.0,0.12,0.0743370701601832,0.0,7,4,0,0
2021-01-01 07:29:00,4.0,0.08374999999999999,0.017557049866079436,0.0,7,4,0,0
2021-01-01 07:30:00,7.0,0.07771428571428572,0.012658518682614297,0.0,7,4,0,0
2021-01-01 07:31:00,6.0,0.09816666666666667,0.030889588321417732,0.0,7,4,0,0
2021-01-01 07:32:00,5.0,0.0872,0.013809417076763234,0.0,7,4,0,0
2021-01-01 07:33:00,6.0,0.1025,0.03975801805925441,0.0,7,4,0,0
2021-01-01 07:34:00,5.0,0.0844,0.008792041856133307,0.0,7,4,0,0
2021-01-01 07:35:00,7.0,0.08842857142857143,0.015208080558890866,0.0,7,4,0,0
2021-01-01 07:36:00,7.0,0.08885714285714286,0.011625096005747957,0.0,7,4,0,0
2021-01-01 07:37:00,5.0,0.08080000000000001,0.012911235417263524,0.0,7,4,0,0
2021-01-01 07:38:00,6.0,0.08983333333333333,0.01915637404799423,0.0,7,4,0,0
2021-01-01 07:39:00,4.0,0.09725,0.01980530232033836,0.0,7,4,0,0
2021-01-01 07:40:00,4.0,0.0995,0.0157797338380595,0.0,7,4,0,0
2021-01-01 07:41:00,7.0,0.08442857142857142,0.008017837257372732,0.0,7,4,0,0
2021-01-01 07:42:00,4.0,0.0805,0.010279429296739511,0.0,7,4,0,0
2021-01-01 07:43:00,2.0,0.0775,0.021920310216782972,0.0,7,4,0,0
2021-01-01 07:44:00,4.0,0.0935,0.022158519806160338,0.0,7,4,0,0
2021-01-01 07:45:00,6.0,0.08833333333333333,0.023602259778814964,0.0,7,4,0,0
2021-01-01 07:46:00,4.0,0.07775,0.012658988901172162,0.0,7,4,0,0
2021-01-01 07:47:00,3.0,0.078,0.0,0.0,7,4,0,0
2021-01-01 07:48:00,4.0,0.13924999999999998,0.10274361294017258,0.0,7,4,0,0
2021-01-01 07:49:00,2.0,0.093,0.0,0.0,7,4,0,0
2021-01-01 07:50:00,6.0,0.09666666666666666,0.032091535748023446,0.0,7,4,0,0
2021-01-01 07:51:00,5.0,0.1092,0.024833445189904685,0.0,7,4,0,0
2021-01-01 07:52:00,4.0,0.09675,0.015755951256588734,0.0,7,4,0,0
2021-01-01 07:53:00,4.0,0.0815,0.014798648586948742,0.0,7,4,0,0
2021-01-01 07:54:00,7.0,0.08299999999999999,0.009999999999999992,0.0,7,4,0,0
2021-01-01 07:55:00,3.0,0.08800000000000001,0.00866025403784439,0.0,7,4,0,0
2021-01-01 07:56:00,1.0,0.093,0.0,0.0,7,4,0,0
2021-01-01 07:57:00,6.0,0.08266666666666667,0.01265964717781134,0.0,7,4,0,0
2021-01-01 07:58:00,2.0,0.093,0.0,0.0,7,4,0,0
2021-01-01 07:59:00,4.0,0.11349999999999999,0.05148786264742401,0.0,7,4,0,0
2021-01-01 08:00:00,5.0,0.0996,0.03603193028412439,0.0,8,4,0,0
2021-01-01 08:01:00,4.0,0.082,0.007348469228349529,0.0,8,4,0,0
2021-01-01 08:02:00,6.0,0.08566666666666667,0.012909944487358056,0.0,8,4,0,0
2021-01-01 08:03:00,6.0,0.09600000000000002,0.037229020937972576,0.0,8,4,0,0
2021-01-01 08:04:00,6.0,0.0795,0.011878552100319297,0.0,8,4,0,0
2021-01-01 08:05:00,3.0,0.08800000000000001,0.023895606290697036,0.0,8,4,0,0
2021-01-01 08:06:00,3.0,0.083,0.023895606290697043,0.0,8,4,0,0
2021-01-01 08:07:00,4.0,0.10525,0.03685444342274076,0.0,8,4,0,0
2021-01-01 08:08:00,5.0,0.09319999999999999,0.0109635760589326,0.0,8,4,0,0
2021-01-01 08:09:00,2.0,0.0775,0.021920310216782972,0.0,8,4,0,0
2021-01-01 08:10:00,5.0,0.1062,0.05544095958765505,0.0,8,4,0,0
2021-01-01 08:11:00,2.0,0.07,0.011313708498984765,0.0,8,4,0,0
2021-01-01 08:12:00,2.0,0.0775,0.021920310216782972,0.0,8,4,0,0
2021-01-01 08:13:00,4.0,0.09075,0.013671747023210553,0.0,8,4,0,0
2021-01-01 08:14:00,4.0,0.105,0.01531883372410141,0.0,8,4,0,0
2021-01-01 08:15:00,4.0,0.09025,0.013425721582097554,0.0,8,4,0,0
2021-01-01 08:16:00,4.0,0.0895,0.007681145747868608,0.0,8,4,0,0
2021-01-01 08:17:00,3.0,0.08800000000000001,0.00866025403784439,0.0,8,4,0,0
2021-01-01 08:18:00,5.0,0.1336,0.1161219186889366,0.0,8,4,0,0
2021-01-01 08:19:00,4.0,0.08175,0.02980352328165246,0.0,8,4,0,0
2021-01-01 08:20:00,8.0,0.123875,0.14020234102386245,0.0,8,4,0,0
2021-01-01 08:21:00,5.0,0.0748,0.0071554175279993255,0.0,8,4,0,0
2021-01-01 08:22:00,7.0,0.1484285714285714,0.07778358254982676,0.0,8,4,0,0
2021-01-01 08:23:00,6.0,0.09849999999999999,0.04486758295250592,0.0,8,4,0,0
2021-01-01 08:24:00,4.0,0.0895,0.023000000000000003,0.0,8,4,0,0
2021-01-01 08:25:00,0.0,0.0,0.0,0.0,8,4,0,0
2021-01-01 08:26:00,0.0,0.0,0.0,0.0,8,4,0,0
2021-01-01 08:27:00,0.0,0.0,0.0,0.0,8,4,0,0
2021-01-01 08:28:00,0.0,0.0,0.0,0.0,8,4,0,0
2021-01-01 08:29:00,0.0,0.0,0.0,0.0,8,4,0,0
2021-01-01 08:30:00,0.0,0.0,0.0,0.0,8,4,0,0
2021-01-01 08:31:00,0.0,0.0,0.0,0.0,8,4,0,0
2021-01-01 08:32:00,1.0,0.187,0.0,0.0,8,4,0,0
2021-01-01 08:33:00,0.0,0.0,0.0,0.0,8,4,0,0
2021-01-01 08:34:00,0.0,0.0,0.0,0.0,8,4,0,0
2021-01-01 08:35:00,0.0,0.0,0.0,0.0,8,4,0,0
2021-01-01 08:36:00,0.0,0.0,0.0,0.0,8,4,0,0
2021-01-01 08:37:00,0.0,0.0,0.0,0.0,8,4,0,0
2021-01-01 08:38:00,0.0,0.0,0.0,0.0,8,4,0,0
2021-01-01 08:39:00,0.0,0.0,0.0,0.0,8,4,0,0
2021-01-01 08:40:00,0.0,0.0,0.0,0.0,8,4,0,0
2021-01-01 08:41:00,0.0,0.0,0.0,0.0,8,4,0,0
2021-01-01 08:42:00,0.0,0.0,0.0,0.0,8,4,0,0
2021-01-01 08:43:00,0.0,0.0,0.0,0.0,8,4,0,0
2021-01-01 08:44:00,0.0,0.0,0.0,0.0,8,4,0,0
2021-01-01 08:45:00,0.0,0.0,0.0,0.0,8,4,0,0
2021-01-01 08:46:00,0.0,0.0,0.0,0.0,8,4,0,0
2021-01-01 08:47:00,0.0,0.0,0.0,0.0,8,4,0,0
2021-01-01 08:48:00,0.0,0.0,0.0,0.0,8,4,0,0
2021-01-01 08:49:00,0.0,0.0,0.0,0.0,8,4,0,0
2021-01-01 08:50:00,0.0,0.0,0.0,0.0,8,4,0,0
2021-01-01 08:51:00,1.0,0.109,0.0,1.0,8,4,0,0
2021-01-01 08:52:00,0.0,0.0,0.0,0.0,8,4,0,0
2021-01-01 08:53:00,1.0,0.235,0.0,0.0,8,4,0,0
2021-01-01 08:54:00,0.0,0.0,0.0,0.0,8,4,0,0
2021-01-01 08:55:00,2.0,0.0935,0.021920310216782972,0.0,8,4,0,0
2021-01-01 08:56:00,3.0,0.125,0.047507894080878806,0.0,8,4,0,0
2021-01-01 08:57:00,2.0,0.08549999999999999,0.010606601717798217,0.0,8,4,0,0
2021-01-01 08:58:00,6.0,0.09200000000000001,0.014254823744964368,0.0,8,4,0,0
2021-01-01 08:59:00,3.0,0.09866666666666667,0.0178978583448784,0.0,8,4,0,0
2021-01-01 09:00:00,5.0,0.11000000000000001,0.0469148164229596,0.0,9,4,1,0
2021-01-01 09:01:00,0.0,0.0,0.0,0.0,9,4,1,0
2021-01-01 09:02:00,5.0,0.11500000000000002,0.03904484601070928,0.0,9,4,1,0
2021-01-01 09:03:00,2.0,0.078,0.0,0.0,9,4,1,0
2021-01-01 09:04:00,4.0,0.0895,0.01479864858694874,0.0,9,4,1,0
2021-01-01 09:05:00,2.0,0.07050000000000001,0.012020815280171314,0.0,9,4,1,0
2021-01-01 09:06:00,5.0,0.08080000000000001,0.012911235417263522,0.0,9,4,1,0
2021-01-01 09:07:00,6.0,0.11499999999999999,0.051384822661949506,0.0,9,4,1,0
2021-01-01 09:08:00,11.0,0.089,0.012214745187681975,0.0,9,4,1,0
2021-01-01 09:09:00,7.0,0.08228571428571428,0.014795430439996054,0.0,9,4,1,0
2021-01-01 09:10:00,7.0,0.09185714285714286,0.015004761149143866,0.0,9,4,1,0
2021-01-01 09:11:00,7.0,0.10314285714285713,0.029627850475684593,0.0,9,4,1,0
2021-01-01 09:12:00,8.0,0.093,0.0220259587110949,0.0,9,4,1,0
2021-01-01 09:13:00,13.0,0.09184615384615384,0.02425849045127003,0.0,9,4,1,0
2021-01-01 09:14:00,8.0,0.087625,0.019690008343609927,0.0,9,4,1,0
2021-01-01 09:15:00,13.0,0.09461538461538462,0.020246557162220864,0.0,9,4,1,0
2021-01-01 09:16:00,14.0,0.08307142857142857,0.019108855320200423,0.0,9,4,1,0
2021-01-01 09:17:00,14.0,0.08764285714285715,0.019069133911425246,0.0,9,4,1,0
2021-01-01 09:18:00,14.0,0.08228571428571428,0.007477438593000141,0.0,9,4,1,0
2021-01-01 09:19:00,15.0,0.07966666666666668,0.013014643766963135,0.0,9,4,1,0
2021-01-01 09:20:00,20.0,0.09885000000000001,0.025200824965611112,0.0,9,4,1,0
2021-01-01 09:21:00,19.0,0.081,0.0109188929027728,0.0,9,4,1,0
2021-01-01 09:22:00,16.0,0.0881875,0.023864111827875206,0.0,9,4,1,0
2021-01-01 09:23:00,21.0,0.10719047619047618,0.05449185172814285,0.0,9,4,1,0
2021-01-01 09:24:00,19.0,0.08563157894736842,0.01996722460632755,0.0,9,4,1,0
2021-01-01 09:25:00,16.0,0.10893749999999999,0.08103947083571889,0.0,9,4,1,0
2021-01-01 09:26:00,16.0,0.0949375,0.04016875859006183,0.0,9,4,1,0
2021-01-01 09:27:00,19.0,0.08047368421052631,0.01777128902050418,0.0,9,4,1,0
2021-01-01 09:28:00,15.0,0.08706666666666667,0.021897379708431742,0.0,9,4,1,0
2021-01-01 09:29:00,16.0,0.0989375,0.03219413766510916,0.0,9,4,1,0
2021-01-01 09:30:00,18.0,0.08549999999999999,0.02102729318822395,0.0,9,4,1,0
2021-01-01 09:31:00,14.0,0.09378571428571428,0.028657603559234357,0.0,9,4,1,0
2021-01-01 09:32:00,14.0,0.08099999999999999,0.015170822197687445,0.0,9,4,1,0
2021-01-01 09:33:00,14.0,0.08578571428571428,0.012317458350641184,0.0,9,4,1,0
2021-01-01 09:34:00,15.0,0.09366666666666666,0.02460739339149536,0.0,9,4,1,0
2021-01-01 09:35:00,16.0,0.0930625,0.044687759323256894,0.0,9,4,1,0
2021-01-01 09:36:00,16.0,0.0818125,0.015267476324963905,0.0,9,4,1,0
2021-01-01 09:37:00,16.0,0.0955625,0.029161547169746213,0.0,9,4,1,0
2021-01-01 09:38:00,14.0,0.08671428571428572,0.03038832916516717,0.0,9,4,1,0
2021-01-01 09:39:00,11.0,0.08036363636363636,0.018369935913185583,0.0,9,4,1,0
2021-01-01 09:40:00,10.0,0.08259999999999999,0.006653319973266479,0.0,9,4,1,0
2021-01-01 09:41:00,14.0,0.088,0.018059729957943624,0.0,9,4,1,0
2021-01-01 09:42:00,8.0,0.08625,0.013046619704516786,0.0,9,4,1,0
2021-01-01 09:43:00,14.0,0.09492857142857143,0.0275861288602534,0.0,9,4,1,0
2021-01-01 09:44:00,13.0,0.10092307692307692,0.022073594853208433,0.0,9,4,1,0
2021-01-01 09:45:00,10.0,0.09809999999999999,0.02537912528043471,0.0,9,4,1,0
2021-01-01 09:46:00,12.0,0.0845,0.009366283826965348,0.0,9,4,1,0
2021-01-01 09:47:00,13.0,0.08969230769230768,0.014214925345006303,0.0,9,4,1,0
2021-01-01 09:48:00,10.0,0.0874,0.017487773506716688,0.0,9,4,1,0
2021-01-01 09:49:00,12.0,0.08483333333333333,0.013696936175877455,0.0,9,4,1,0
2021-01-01 09:50:00,14.0,0.10557142857142857,0.04028497388455305,0.0,9,4,1,0
2021-01-01 09:51:00,13.0,0.0903076923076923,0.031797234196767846,0.0,9,4,1,0
2021-01-01 09:52:00,14.0,0.08792857142857144,0.016767478989053536,0.0,9,4,1,0
2021-01-01 09:53:00,14.0,0.08664285714285715,0.017929808196911146,0.0,9,4,1,0
2021-01-01 09:54:00,8.0,0.082875,0.010960155108391488,0.0,9,4,1,0
2021-01-01 09:55:00,7.0,0.08657142857142856,0.019611706902231834,0.0,9,4,1,0
2021-01-01 09:56:00,7.0,0.09142857142857143,0.013624208146495988,0.0,9,4,1,0
2021-01-01 09:57:00,6.0,0.07033333333333333,0.00843010478384858,0.0,9,4,1,0
2021-01-01 09:58:00,6.0,0.10583333333333333,0.029253489820304627,0.0,9,4,1,0
2021-01-01 09:59:00,3.0,0.078,0.0,0.0,9,4,1,0
2021-01-01 10:00:00,1.0,0.187,0.0,0.0,10,4,1,0
2021-01-01 10:01:00,6.0,0.08033333333333333,0.011604596790352802,0.0,10,4,1,0
2021-01-01 10:02:00,6.0,0.083,0.016074825037928096,0.0,10,4,1,0
2021-01-01 10:03:00,7.0,0.089,0.020542638584174138,0.0,10,4,1,0
2021-01-01 10:04:00,3.0,0.09866666666666667,0.05029247790011279,0.0,10,4,1,0
2021-01-01 10:05:00,2.0,0.17950000000000002,0.14354267658086917,0.0,10,4,1,0
2021-01-01 10:06:00,3.0,0.109,0.03100000000000001,0.0,10,4,1,0
2021-01-01 10:07:00,3.0,0.09833333333333333,0.023459184413217215,0.0,10,4,1,0
2021-01-01 10:08:00,3.0,0.09333333333333334,0.015502687938977985,0.0,10,4,1,0
2021-01-01 10:09:00,2.0,0.0865,0.012020815280171303,0.0,10,4,1,0
2021-01-01 10:10:00,4.0,0.1075,0.044124822945820416,0.0,10,4,1,0
2021-01-01 10:11:00,4.0,0.104,0.05401851534427802,0.0,10,4,1,0
2021-01-01 10:12:00,5.0,0.0934,0.011326958991715295,0.0,10,4,1,0
2021-01-01 10:13:00,3.0,0.083,0.008660254037844385,0.0,10,4,1,0
2021-01-01 10:14:00,0.0,0.0,0.0,0.0,10,4,1,0
2021-01-01 10:15:00,6.0,0.10166666666666667,0.015121728296285011,0.0,10,4,1,0
2021-01-01 10:16:00,3.0,0.08700000000000001,0.009539392014169455,0.0,10,4,1,0
2021-01-01 10:17:00,6.0,0.08850000000000001,0.016269603560013376,0.0,10,4,1,0
2021-01-01 10:18:00,2.0,0.08549999999999999,0.010606601717798208,0.0,10,4,1,0
2021-01-01 10:19:00,2.0,0.0775,0.021920310216782972,0.0,10,4,1,0
2021-01-01 10:20:00,4.0,0.11674999999999999,0.06786935980249113,0.0,10,4,1,0
2021-01-01 10:21:00,1.0,0.078,0.0,0.0,10,4,1,0
2021-01-01 10:22:00,2.0,0.08549999999999999,0.010606601717798208,0.0,10,4,1,0
2021-01-01 10:23:00,1.0,0.078,0.0,0.0,10,4,1,0
2021-01-01 10:24:00,5.0,0.0964,0.013030732903409538,0.0,10,4,1,0
2021-01-01 10:25:00,3.0,0.082,0.009643650760992956,0.0,10,4,1,0
2021-01-01 10:26:00,0.0,0.0,0.0,0.0,10,4,1,0
2021-01-01 10:27:00,3.0,0.08266666666666667,0.008082903768654762,0.0,10,4,1,0
2021-01-01 10:28:00,2.0,0.1165,0.03323401871576774,0.0,10,4,1,0
2021-01-01 10:29:00,6.0,0.08816666666666667,0.023293060483042295,0.0,10,4,1,0
2021-01-01 10:30:00,4.0,0.0915,0.021992422937608915,0.0,10,4,1,0
2021-01-01 10:31:00,1.0,0.109,0.0,0.0,10,4,1,0
2021-01-01 10:32:00,3.0,0.12666666666666668,0.07169611797952057,0.0,10,4,1,0
2021-01-01 10:33:00,3.0,0.14033333333333334,0.08198373822492686,0.0,10,4,1,0
2021-01-01 10:34:00,2.0,0.08549999999999999,0.010606601717798208,0.0,10,4,1,0
2021-01-01 10:35:00,4.0,0.08175,0.007499999999999994,0.0,10,4,1,0
2021-01-01 10:36:00,2.0,0.078,0.0,0.0,10,4,1,0
2021-01-01 10:37:00,4.0,0.17675,0.16664608206215548,0.0,10,4,1,0
2021-01-01 10:38:00,2.0,0.078,0.0,0.0,10,4,1,0
2021-01-01 10:39:00,3.0,0.077,0.027730849247724097,0.0,10,4,1,0
2021-01-01 10:40:00,5.0,0.08399999999999999,0.017762319668331607,0.0,10,4,1,0
2021-01-01 10:41:00,3.0,0.076,0.015394804318340649,0.0,10,4,1,0
2021-01-01 10:42:00,5.0,0.1122,0.04600760806649266,0.0,10,4,1,0
2021-01-01 10:43:00,3.0,0.09333333333333334,0.015502687938977983,0.0,10,4,1,0
2021-01-01 10:44:00,3.0,0.08800000000000001,0.023895606290697036,0.0,10,4,1,0
2021-01-01 10:45:00,3.0,0.08800000000000001,0.008660254037844385,0.0,10,4,1,0
2021-01-01 10:46:00,3.0,0.083,0.008660254037844385,0.0,10,4,1,0
2021-01-01 10:47:00,4.0,0.074,0.008,0.0,10,4,1,0
2021-01-01 10:48:00,3.0,0.08700000000000001,0.007937253933193769,0.0,10,4,1,0
2021-01-01 10:49:00,2.0,0.086,0.011313708498984755,0.0,10,4,1,0
2021-01-01 10:50:00,5.0,0.0906,0.01364917579929279,0.0,10,4,1,0
2021-01-01 10:51:00,3.0,0.083,0.023895606290697043,0.0,10,4,1,0
2021-01-01 10:52:00,2.0,0.0935,0.021920310216782972,0.0,10,4,1,0
2021-01-01 10:53:00,4.0,0.11425,0.01780215342779257,0.0,10,4,1,0
2021-01-01 10:54:00,2.0,0.101,0.011313708498984765,0.0,10,4,1,0
2021-01-01 10:55:00,3.0,0.083,0.023895606290697043,0.0,10,4,1,0
2021-01-01 10:56:00,3.0,0.078,0.0,0.0,10,4,1,0
2021-01-01 10:57:00,4.0,0.08075,0.014080127840328718,0.0,10,4,1,0
2021-01-01 10:58:00,5.0,0.0866,0.014363147287415804,0.0,10,4,1,0
2021-01-01 10:59:00,4.0,0.12975,0.0769041611357929,0.0,10,4,1,0
2021-01-01 11:00:00,2.0,0.1175,0.054447222151364154,0.0,11,4,1,0
2021-01-01 11:01:00,3.0,0.083,0.023895606290697043,0.0,11,4,1,0
2021-01-01 11:02:00,1.0,0.078,0.0,0.0,11,4,1,0
2021-01-01 11:03:00,2.0,0.08349999999999999,0.007778174593052015,0.0,11,4,1,0
2021-01-01 11:04:00,2.0,0.086,0.009899494936611668,0.0,11,4,1,0
2021-01-01 11:05:00,5.0,0.0872,0.013809417076763232,0.0,11,4,1,0
2021-01-01 11:06:00,5.0,0.11939999999999999,0.10175362401408611,0.0,11,4,1,0
2021-01-01 11:07:00,3.0,0.08833333333333333,0.032746501085357704,0.0,11,4,1,0
2021-01-01 11:08:00,5.0,0.1024,0.03156422025015033,0.0,11,4,1,0
2021-01-01 11:09:00,1.0,0.124,0.0,0.0,11,4,1,0
2021-01-01 11:10:00,5.0,0.09659999999999999,0.02216528817768901,0.0,11,4,1,0
2021-01-01 11:11:00,2.0,0.097,0.03959797974644666,0.0,11,4,1,0
2021-01-01 11:12:00,3.0,0.08833333333333333,0.0178978583448784,0.0,11,4,1,0
2021-01-01 11:13:00,3.0,0.13,0.05467174773134659,0.0,11,4,1,0
2021-01-01 11:14:00,2.0,0.39549999999999996,0.44901280605345767,0.0,11,4,1,0
2021-01-01 11:15:00,2.0,0.093,0.0,0.0,11,4,1,0
2021-01-01 11:16:00,3.0,0.08333333333333333,0.008386497083606078,0.0,11,4,1,0
2021-01-01 11:17:00,2.0,0.078,0.0,0.0,11,4,1,0
2021-01-01 11:18:00,4.0,0.09775,0.02928452378532616,0.0,11,4,1,0
2021-01-01 11:19:00,2.0,0.08549999999999999,0.010606601717798217,0.0,11,4,1,0
2021-01-01 11:20:00,2.0,0.08549999999999999,0.010606601717798217,0.0,11,4,1,0
2021-01-01 11:21:00,3.0,0.11166666666666668,0.04593836450433704,0.0,11,4,1,0
2021-01-01 11:22:00,5.0,0.08080000000000001,0.01967739820199815,0.0,11,4,1,0
2021-01-01 11:23:00,5.0,0.0998,0.02635716221447218,0.0,11,4,1,0
2021-01-01 11:24:00,3.0,0.078,0.0,0.0,11,4,1,0
2021-01-01 11:25:00,2.0,0.093,0.0,0.0,11,4,1,0
2021-01-01 11:26:00,3.0,0.08233333333333333,0.009291573243177571,0.0,11,4,1,0
2021-01-01 11:27:00,1.0,0.171,0.0,0.0,11,4,1,0
2021-01-01 11:28:00,0.0,0.0,0.0,0.0,11,4,1,0
2021-01-01 11:29:00,0.0,0.0,0.0,0.0,11,4,1,0
2021-01-01 11:30:00,0.0,0.0,0.0,0.0,11,4,1,0
2021-01-01 11:31:00,0.0,0.0,0.0,0.0,11,4,1,0
2021-01-01 11:32:00,0.0,0.0,0.0,0.0,11,4,1,0
2021-01-01 11:33:00,0.0,0.0,0.0,0.0,11,4,1,0
2021-01-01 11:34:00,0.0,0.0,0.0,0.0,11,4,1,0
2021-01-01 11:35:00,0.0,0.0,0.0,0.0,11,4,1,0
2021-01-01 11:36:00,0.0,0.0,0.0,0.0,11,4,1,0
2021-01-01 11:37:00,0.0,0.0,0.0,0.0,11,4,1,0
2021-01-01 11:38:00,0.0,0.0,0.0,0.0,11,4,1,0
2021-01-01 11:39:00,0.0,0.0,0.0,0.0,11,4,1,0
2021-01-01 11:40:00,0.0,0.0,0.0,0.0,11,4,1,0
2021-01-01 11:41:00,0.0,0.0,0.0,0.0,11,4,1,0
2021-01-01 11:42:00,0.0,0.0,0.0,0.0,11,4,1,0
2021-01-01 11:43:00,0.0,0.0,0.0,0.0,11,4,1,0
2021-01-01 11:44:00,0.0,0.0,0.0,0.0,11,4,1,0
2021-01-01 11:45:00,0.0,0.0,0.0,0.0,11,4,1,0
2021-01-01 11:46:00,0.0,0.0,0.0,0.0,11,4,1,0
2021-01-01 11:47:00,0.0,0.0,0.0,0.0,11,4,1,0
2021-01-01 11:48:00,0.0,0.0,0.0,0.0,11,4,1,0
2021-01-01 11:49:00,0.0,0.0,0.0,0.0,11,4,1,0
2021-01-01 11:50:00,1.0,0.109,0.0,1.0,11,4,1,0
2021-01-01 11:51:00,0.0,0.0,0.0,0.0,11,4,1,0
2021-01-01 11:52:00,0.0,0.0,0.0,0.0,11,4,1,0
2021-01-01 11:53:00,0.0,0.0,0.0,0.0,11,4,1,0
2021-01-01 11:54:00,0.0,0.0,0.0,0.0,11,4,1,0
2021-01-01 11:55:00,0.0,0.0,0.0,0.0,11,4,1,0
2021-01-01 11:56:00,0.0,0.0,0.0,0.0,11,4,1,0
2021-01-01 11:57:00,0.0,0.0,0.0,0.0,11,4,1,0
2021-01-01 11:58:00,0.0,0.0,0.0,0.0,11,4,1,0
2021-01-01 11:59:00,0.0,0.0,0.0,0.0,11,4,1,0
2021-01-01 12:00:00,0.0,0.0,0.0,0.0,12,4,1,0
2021-01-01 12:01:00,1.0,0.109,0.0,1.0,12,4,1,0
2021-01-01 12:02:00,0.0,0.0,0.0,0.0,12,4,1,0
2021-01-01 12:03:00,0.0,0.0,0.0,0.0,12,4,1,0
2021-01-01 12:04:00,0.0,0.0,0.0,0.0,12,4,1,0
2021-01-01 12:05:00,0.0,0.0,0.0,0.0,12,4,1,0
2021-01-01 12:06:00,0.0,0.0,0.0,0.0,12,4,1,0
2021-01-01 12:07:00,0.0,0.0,0.0,0.0,12,4,1,0
2021-01-01 12:08:00,0.0,0.0,0.0,0.0,12,4,1,0
2021-01-01 12:09:00,0.0,0.0,0.0,0.0,12,4,1,0
2021-01-01 12:10:00,0.0,0.0,0.0,0.0,12,4,1,0
2021-01-01 12:11:00,0.0,0.0,0.0,0.0,12,4,1,0
2021-01-01 12:12:00,1.0,0.14,0.0,1.0,12,4,1,0
2021-01-01 12:13:00,1.0,0.124,0.0,0.0,12,4,1,0
2021-01-01 12:14:00,0.0,0.0,0.0,0.0,12,4,1,0
2021-01-01 12:15:00,0.0,0.0,0.0,0.0,12,4,1,0
2021-01-01 12:16:00,0.0,0.0,0.0,0.0,12,4,1,0
2021-01-01 12:17:00,0.0,0.0,0.0,0.0,12,4,1,0
2021-01-01 12:18:00,0.0,0.0,0.0,0.0,12,4,1,0
2021-01-01 12:19:00,0.0,0.0,0.0,0.0,12,4,1,0
2021-01-01 12:20:00,0.0,0.0,0.0,0.0,12,4,1,0
2021-01-01 12:21:00,0.0,0.0,0.0,0.0,12,4,1,0
2021-01-01 12:22:00,0.0,0.0,0.0,0.0,12,4,1,0
2021-01-01 12:23:00,0.0,0.0,0.0,0.0,12,4,1,0
2021-01-01 12:24:00,0.0,0.0,0.0,0.0,12,4,1,0
2021-01-01 12:25:00,0.0,0.0,0.0,0.0,12,4,1,0
2021-01-01 12:26:00,0.0,0.0,0.0,0.0,12,4,1,0
2021-01-01 12:27:00,0.0,0.0,0.0,0.0,12,4,1,0
2021-01-01 12:28:00,0.0,0.0,0.0,0.0,12,4,1,0
2021-01-01 12:29:00,0.0,0.0,0.0,0.0,12,4,1,0
2021-01-01 12:30:00,0.0,0.0,0.0,0.0,12,4,1,0
2021-01-01 12:31:00,0.0,0.0,0.0,0.0,12,4,1,0
2021-01-01 12:32:00,0.0,0.0,0.0,0.0,12,4,1,0
2021-01-01 12:33:00,0.0,0.0,0.0,0.0,12,4,1,0
2021-01-01 12:34:00,0.0,0.0,0.0,0.0,12,4,1,0
2021-01-01 12:35:00,0.0,0.0,0.0,0.0,12,4,1,0
2021-01-01 12:36:00,0.0,0.0,0.0,0.0,12,4,1,0
2021-01-01 12:37:00,0.0,0.0,0.0,0.0,12,4,1,0
2021-01-01 12:38:00,0.0,0.0,0.0,0.0,12,4,1,0
2021-01-01 12:39:00,0.0,0.0,0.0,0.0,12,4,1,0
2021-01-01 12:40:00,0.0,0.0,0.0,0.0,12,4,1,0
2021-01-01 12:41:00,0.0,0.0,0.0,0.0,12,4,1,0
2021-01-01 12:42:00,0.0,0.0,0.0,0.0,12,4,1,0
2021-01-01 12:43:00,0.0,0.0,0.0,0.0,12,4,1,0
2021-01-01 12:44:00,0.0,0.0,0.0,0.0,12,4,1,0
2021-01-01 12:45:00,0.0,0.0,0.0,0.0,12,4,1,0
2021-01-01 12:46:00,0.0,0.0,0.0,0.0,12,4,1,0
2021-01-01 12:47:00,0.0,0.0,0.0,0.0,12,4,1,0
2021-01-01 12:48:00,0.0,0.0,0.0,0.0,12,4,1,0
2021-01-01 12:49:00,0.0,0.0,0.0,0.0,12,4,1,0
2021-01-01 12:50:00,0.0,0.0,0.0,0.0,12,4,1,0
2021-01-01 12:51:00,0.0,0.0,0.0,0.0,12,4,1,0
2021-01-01 12:52:00,0.0,0.0,0.0,0.0,12,4,1,0
2021-01-01 12:53:00,0.0,0.0,0.0,0.0,12,4,1,0
2021-01-01 12:54:00,0.0,0.0,0.0,0.0,12,4,1,0
2021-01-01 12:55:00,0.0,0.0,0.0,0.0,12,4,1,0
2021-01-01 12:56:00,0.0,0.0,0.0,0.0,12,4,1,0
2021-01-01 12:57:00,0.0,0.0,0.0,0.0,12,4,1,0
2021-01-01 12:58:00,0.0,0.0,0.0,0.0,12,4,1,0
2021-01-01 12:59:00,0.0,0.0,0.0,0.0,12,4,1,0
2021-01-01 13:00:00,0.0,0.0,0.0,0.0,13,4,1,0
2021-01-01 13:01:00,0.0,0.0,0.0,0.0,13,4,1,0
2021-01-01 13:02:00,0.0,0.0,0.0,0.0,13,4,1,0
2021-01-01 13:03:00,0.0,0.0,0.0,0.0,13,4,1,0
2021-01-01 13:04:00,0.0,0.0,0.0,0.0,13,4,1,0
2021-01-01 13:05:00,0.0,0.0,0.0,0.0,13,4,1,0
2021-01-01 13:06:00,0.0,0.0,0.0,0.0,13,4,1,0
2021-01-01 13:07:00,0.0,0.0,0.0,0.0,13,4,1,0
2021-01-01 13:08:00,0.0,0.0,0.0,0.0,13,4,1,0
2021-01-01 13:09:00,0.0,0.0,0.0,0.0,13,4,1,0
2021-01-01 13:10:00,0.0,0.0,0.0,0.0,13,4,1,0
2021-01-01 13:11:00,0.0,0.0,0.0,0.0,13,4,1,0
2021-01-01 13:12:00,0.0,0.0,0.0,0.0,13,4,1,0
2021-01-01 13:13:00,0.0,0.0,0.0,0.0,13,4,1,0
2021-01-01 13:14:00,0.0,0.0,0.0,0.0,13,4,1,0
2021-01-01 13:15:00,0.0,0.0,0.0,0.0,13,4,1,0
2021-01-01 13:16:00,0.0,0.0,0.0,0.0,13,4,1,0
2021-01-01 13:17:00,0.0,0.0,0.0,0.0,13,4,1,0
2021-01-01 13:18:00,0.0,0.0,0.0,0.0,13,4,1,0
2021-01-01 13:19:00,0.0,0.0,0.0,0.0,13,4,1,0
2021-01-01 13:20:00,0.0,0.0,0.0,0.0,13,4,1,0
2021-01-01 13:21:00,0.0,0.0,0.0,0.0,13,4,1,0
2021-01-01 13:22:00,0.0,0.0,0.0,0.0,13,4,1,0
2021-01-01 13:23:00,0.0,0.0,0.0,0.0,13,4,1,0
2021-01-01 13:24:00,0.0,0.0,0.0,0.0,13,4,1,0
2021-01-01 13:25:00,0.0,0.0,0.0,0.0,13,4,1,0
2021-01-01 13:26:00,0.0,0.0,0.0,0.0,13,4,1,0
2021-01-01 13:27:00,0.0,0.0,0.0,0.0,13,4,1,0
2021-01-01 13:28:00,1.0,0.281,0.0,1.0,13,4,1,0
2021-01-01 13:29:00,4.0,0.23750000000000002,0.09155872432488343,0.0,13,4,1,0
2021-01-01 13:30:00,5.0,0.1996,0.1825357499231315,0.0,13,4,1,0
2021-01-01 13:31:00,4.0,0.0825,0.00714142842854285,0.0,13,4,1,0
2021-01-01 13:32:00,3.0,0.07766666666666666,0.01656301099840646,0.0,13,4,1,0
2021-01-01 13:33:00,6.0,0.11166666666666668,0.05818132575549191,0.0,13,4,1,0
2021-01-01 13:34:00,4.0,0.08925,0.019670197423174652,0.0,13,4,1,0
2021-01-01 13:35:00,5.0,0.0902,0.012911235417263526,0.0,13,4,1,0
2021-01-01 13:36:00,3.0,0.083,0.008660254037844387,0.0,13,4,1,0
2021-01-01 13:37:00,5.0,0.0962,0.025538206671573485,0.0,13,4,1,0
2021-01-01 13:38:00,4.0,0.12075,0.034538625720585164,0.0,13,4,1,0
2021-01-01 13:39:00,3.0,0.07766666666666666,0.015502687938977976,0.0,13,4,1,0
2021-01-01 13:40:00,5.0,0.08020000000000001,0.016634301909007186,0.0,13,4,1,0
2021-01-01 13:41:00,3.0,0.08833333333333333,0.0178978583448784,0.0,13,4,1,0
2021-01-01 13:42:00,5.0,0.1038,0.018157643018850214,0.0,13,4,1,0
2021-01-01 13:43:00,2.0,0.08549999999999999,0.010606601717798217,0.0,13,4,1,0
2021-01-01 13:44:00,2.0,0.0955,0.01909188309203678,0.0,13,4,1,0
2021-01-01 13:45:00,1.0,0.14,0.0,0.0,13,4,1,0
2021-01-01 13:46:00,3.0,0.083,0.008660254037844387,0.0,13,4,1,0
2021-01-01 13:47:00,4.0,0.10125,0.037178622890042604,0.0,13,4,1,0
2021-01-01 13:48:00,4.0,0.10475,0.0349892840738418,0.0,13,4,1,0
2021-01-01 13:49:00,2.0,0.078,0.0,0.0,13,4,1,0
2021-01-01 13:50:00,1.0,0.078,0.0,0.0,13,4,1,0
2021-01-01 13:51:00,1.0,0.078,0.0,0.0,13,4,1,0
2021-01-01 13:52:00,0.0,0.0,0.0,0.0,13,4,1,0
2021-01-01 13:53:00,0.0,0.0,0.0,0.0,13,4,1,0
2021-01-01 13:54:00,0.0,0.0,0.0,0.0,13,4,1,0
2021-01-01 13:55:00,0.0,0.0,0.0,0.0,13,4,1,0
2021-01-01 13:56:00,0.0,0.0,0.0,0.0,13,4,1,0
2021-01-01 13:57:00,0.0,0.0,0.0,0.0,13,4,1,0
2021-01-01 13:58:00,0.0,0.0,0.0,0.0,13,4,1,0
2021-01-01 13:59:00,0.0,0.0,0.0,0.0,13,4,1,0
2021-01-01 14:00:00,0.0,0.0,0.0,0.0,14,4,1,0
2021-01-01 14:01:00,0.0,0.0,0.0,0.0,14,4,1,0
2021-01-01 14:02:00,0.0,0.0,0.0,0.0,14,4,1,0
2021-01-01 14:03:00,0.0,0.0,0.0,0.0,14,4,1,0
2021-01-01 14:04:00,0.0,0.0,0.0,0.0,14,4,1,0
2021-01-01 14:05:00,0.0,0.0,0.0,0.0,14,4,1,0
2021-01-01 14:06:00,0.0,0.0,0.0,0.0,14,4,1,0
2021-01-01 14:07:00,0.0,0.0,0.0,0.0,14,4,1,0
2021-01-01 14:08:00,0.0,0.0,0.0,0.0,14,4,1,0
2021-01-01 14:09:00,1.0,0.135,0.0,1.0,14,4,1,0
2021-01-01 14:10:00,0.0,0.0,0.0,0.0,14,4,1,0
2021-01-01 14:11:00,0.0,0.0,0.0,0.0,14,4,1,0
2021-01-01 14:12:00,0.0,0.0,0.0,0.0,14,4,1,0
2021-01-01 14:13:00,0.0,0.0,0.0,0.0,14,4,1,0
2021-01-01 14:14:00,0.0,0.0,0.0,0.0,14,4,1,0
2021-01-01 14:15:00,0.0,0.0,0.0,0.0,14,4,1,0
2021-01-01 14:16:00,0.0,0.0,0.0,0.0,14,4,1,0
2021-01-01 14:17:00,0.0,0.0,0.0,0.0,14,4,1,0
2021-01-01 14:18:00,0.0,0.0,0.0,0.0,14,4,1,0
2021-01-01 14:19:00,0.0,0.0,0.0,0.0,14,4,1,0
2021-01-01 14:20:00,0.0,0.0,0.0,0.0,14,4,1,0
2021-01-01 14:21:00,0.0,0.0,0.0,0.0,14,4,1,0
2021-01-01 14:22:00,0.0,0.0,0.0,0.0,14,4,1,0
2021-01-01 14:23:00,0.0,0.0,0.0,0.0,14,4,1,0
2021-01-01 14:24:00,0.0,0.0,0.0,0.0,14,4,1,0
2021-01-01 14:25:00,0.0,0.0,0.0,0.0,14,4,1,0
2021-01-01 14:26:00,0.0,0.0,0.0,0.0,14,4,1,0
2021-01-01 14:27:00,0.0,0.0,0.0,0.0,14,4,1,0
2021-01-01 14:28:00,0.0,0.0,0.0,0.0,14,4,1,0
2021-01-01 14:29:00,0.0,0.0,0.0,0.0,14,4,1,0
2021-01-01 14:30:00,0.0,0.0,0.0,0.0,14,4,1,0
2021-01-01 14:31:00,0.0,0.0,0.0,0.0,14,4,1,0
2021-01-01 14:32:00,0.0,0.0,0.0,0.0,14,4,1,0
2021-01-01 14:33:00,0.0,0.0,0.0,0.0,14,4,1,0
2021-01-01 14:34:00,0.0,0.0,0.0,0.0,14,4,1,0
2021-01-01 14:35:00,0.0,0.0,0.0,0.0,14,4,1,0
2021-01-01 14:36:00,0.0,0.0,0.0,0.0,14,4,1,0
2021-01-01 14:37:00,0.0,0.0,0.0,0.0,14,4,1,0
2021-01-01 14:38:00,0.0,0.0,0.0,0.0,14,4,1,0
2021-01-01 14:39:00,0.0,0.0,0.0,0.0,14,4,1,0
2021-01-01 14:40:00,0.0,0.0,0.0,0.0,14,4,1,0
2021-01-01 14:41:00,0.0,0.0,0.0,0.0,14,4,1,0
2021-01-01 14:42:00,0.0,0.0,0.0,0.0,14,4,1,0
2021-01-01 14:43:00,0.0,0.0,0.0,0.0,14,4,1,0
2021-01-01 14:44:00,0.0,0.0,0.0,0.0,14,4,1,0
2021-01-01 14:45:00,0.0,0.0,0.0,0.0,14,4,1,0
2021-01-01 14:46:00,0.0,0.0,0.0,0.0,14,4,1,0
2021-01-01 14:47:00,0.0,0.0,0.0,0.0,14,4,1,0
2021-01-01 14:48:00,0.0,0.0,0.0,0.0,14,4,1,0
2021-01-01 14:49:00,0.0,0.0,0.0,0.0,14,4,1,0
2021-01-01 14:50:00,0.0,0.0,0.0,0.0,14,4,1,0
2021-01-01 14:51:00,0.0,0.0,0.0,0.0,14,4,1,0
2021-01-01 14:52:00,0.0,0.0,0.0,0.0,14,4,1,0
2021-01-01 14:53:00,0.0,0.0,0.0,0.0,14,4,1,0
2021-01-01 14:54:00,0.0,0.0,0.0,0.0,14,4,1,0
2021-01-01 14:55:00,0.0,0.0,0.0,0.0,14,4,1,0
2021-01-01 14:56:00,0.0,0.0,0.0,0.0,14,4,1,0
2021-01-01 14:57:00,0.0,0.0,0.0,0.0,14,4,1,0
2021-01-01 14:58:00,0.0,0.0,0.0,0.0,14,4,1,0
2021-01-01 14:59:00,0.0,0.0,0.0,0.0,14,4,1,0
2021-01-01 15:00:00,0.0,0.0,0.0,0.0,15,4,1,0
2021-01-01 15:01:00,1.0,0.25,0.0,1.0,15,4,1,0
2021-01-01 15:02:00,0.0,0.0,0.0,0.0,15,4,1,0
2021-01-01 15:03:00,0.0,0.0,0.0,0.0,15,4,1,0
2021-01-01 15:04:00,1.0,0.218,0.0,0.0,15,4,1,0
2021-01-01 15:05:00,2.0,0.101,0.011313708498984755,0.0,15,4,1,0
2021-01-01 15:06:00,2.0,0.1555,0.044547727214752496,0.0,15,4,1,0
2021-01-01 15:07:00,1.0,0.093,0.0,0.0,15,4,1,0
2021-01-01 15:08:00,0.0,0.0,0.0,0.0,15,4,1,0
2021-01-01 15:09:00,2.0,0.179,0.12162236636408617,0.0,15,4,1,0
2021-01-01 15:10:00,2.0,0.08549999999999999,0.010606601717798208,0.0,15,4,1,0
2021-01-01 15:11:00,1.0,0.256,0.0,0.0,15,4,1,0
2021-01-01 15:12:00,2.0,0.101,0.011313708498984755,0.0,15,4,1,0
2021-01-01 15:13:00,0.0,0.0,0.0,0.0,15,4,1,0
2021-01-01 15:14:00,0.0,0.0,0.0,0.0,15,4,1,0
2021-01-01 15:15:00,0.0,0.0,0.0,0.0,15,4,1,0
2021-01-01 15:16:00,2.0,0.1945,0.09970205614730321,0.0,15,4,1,0
2021-01-01 15:17:00,0.0,0.0,0.0,0.0,15,4,1,0
2021-01-01 15:18:00,2.0,0.08549999999999999,0.010606601717798217,0.0,15,4,1,0
2021-01-01 15:19:00,0.0,0.0,0.0,0.0,15,4,1,0
2021-01-01 15:20:00,0.0,0.0,0.0,0.0,15,4,1,0
2021-01-01 15:21:00,0.0,0.0,0.0,0.0,15,4,1,0
2021-01-01 15:22:00,1.0,0.093,0.0,0.0,15,4,1,0
2021-01-01 15:23:00,0.0,0.0,0.0,0.0,15,4,1,0
2021-01-01 15:24:00,1.0,0.109,0.0,0.0,15,4,1,0
2021-01-01 15:25:00,0.0,0.0,0.0,0.0,15,4,1,0
2021-01-01 15:26:00,0.0,0.0,0.0,0.0,15,4,1,0
2021-01-01 15:27:00,0.0,0.0,0.0,0.0,15,4,1,0
2021-01-01 15:28:00,0.0,0.0,0.0,0.0,15,4,1,0
2021-01-01 15:29:00,3.0,0.166,0.11286717857729943,0.0,15,4,1,0
2021-01-01 15:30:00,2.0,0.11699999999999999,0.05515432893255071,0.0,15,4,1,0
2021-01-01 15:31:00,1.0,0.093,0.0,0.0,15,4,1,0
2021-01-01 15:32:00,1.0,0.078,0.0,0.0,15,4,1,0
2021-01-01 15:33:00,3.0,0.10166666666666667,0.006350852961085881,0.0,15,4,1,0
2021-01-01 15:34:00,1.0,0.093,0.0,0.0,15,4,1,0
2021-01-01 15:35:00,0.0,0.0,0.0,0.0,15,4,1,0
2021-01-01 15:36:00,0.0,0.0,0.0,0.0,15,4,1,0
2021-01-01 15:37:00,0.0,0.0,0.0,0.0,15,4,1,0
2021-01-01 15:38:00,0.0,0.0,0.0,0.0,15,4,1,0
2021-01-01 15:39:00,2.0,0.0775,0.0007071067811865482,0.0,15,4,1,0
2021-01-01 15:40:00,2.0,0.093,0.0,0.0,15,4,1,0
2021-01-01 15:41:00,0.0,0.0,0.0,0.0,15,4,1,0
2021-01-01 15:42:00,1.0,0.109,0.0,0.0,15,4,1,0
2021-01-01 15:43:00,1.0,0.109,0.0,0.0,15,4,1,0
2021-01-01 15:44:00,3.0,0.09833333333333333,0.023459184413217215,0.0,15,4,1,0
2021-01-01 15:45:00,1.0,0.078,0.0,0.0,15,4,1,0
2021-01-01 15:46:00,0.0,0.0,0.0,0.0,15,4,1,0
2021-01-01 15:47:00,2.0,0.1015,0.012020815280171303,0.0,15,4,1,0
2021-01-01 15:48:00,0.0,0.0,0.0,0.0,15,4,1,0
2021-01-01 15:49:00,2.0,0.101,0.011313708498984765,0.0,15,4,1,0
2021-01-01 15:50:00,0.0,0.0,0.0,0.0,15,4,1,0
2021-01-01 15:51:00,0.0,0.0,0.0,0.0,15,4,1,0
2021-01-01 15:52:00,0.0,0.0,0.0,0.0,15,4,1,0
2021-01-01 15:53:00,1.0,0.093,0.0,0.0,15,4,1,0
2021-01-01 15:54:00,1.0,0.078,0.0,0.0,15,4,1,0
2021-01-01 15:55:00,0.0,0.0,0.0,0.0,15,4,1,0
2021-01-01 15:56:00,0.0,0.0,0.0,0.0,15,4,1,0
2021-01-01 15:57:00,2.0,0.1245,0.044547727214752496,0.0,15,4,1,0
2021-01-01 15:58:00,1.0,0.456,0.0,0.0,15,4,1,0
2021-01-01 15:59:00,0.0,0.0,0.0,0.0,15,4,1,0
2021-01-01 16:00:00,0.0,0.0,0.0,0.0,16,4,1,0
2021-01-01 16:01:00,0.0,0.0,0.0,0.0,16,4,1,0
2021-01-01 16:02:00,0.0,0.0,0.0,0.0,16,4,1,0
2021-01-01 16:03:00,2.0,0.0935,0.021920310216782972,0.0,16,4,1,0
2021-01-01 16:04:00,2.0,0.093,0.0,0.0,16,4,1,0
2021-01-01 16:05:00,0.0,0.0,0.0,0.0,16,4,1,0
2021-01-01 16:06:00,1.0,0.265,0.0,0.0,16,4,1,0
2021-01-01 16:07:00,2.0,0.07250000000000001,0.007778174593052015,0.0,16,4,1,0
2021-01-01 16:08:00,0.0,0.0,0.0,0.0,16,4,1,0
2021-01-01 16:09:00,1.0,0.218,0.0,0.0,16,4,1,0
2021-01-01 16:10:00,2.0,0.125,0.0014142135623730963,0.0,16,4,1,0
2021-01-01 16:11:00,2.0,0.156,0.06646803743153547,0.0,16,4,1,0
2021-01-01 16:12:00,1.0,0.109,0.0,0.0,16,4,1,0
2021-01-01 16:13:00,1.0,0.078,0.0,0.0,16,4,1,0
2021-01-01 16:14:00,0.0,0.0,0.0,0.0,16,4,1,0
2021-01-01 16:15:00,0.0,0.0,0.0,0.0,16,4,1,0
2021-01-01 16:16:00,2.0,0.093,0.0,0.0,16,4,1,0
2021-01-01 16:17:00,1.0,0.124,0.0,0.0,16,4,1,0
2021-01-01 16:18:00,1.0,0.093,0.0,0.0,16,4,1,0
2021-01-01 16:19:00,1.0,0.093,0.0,0.0,16,4,1,0
2021-01-01 16:20:00,0.0,0.0,0.0,0.0,16,4,1,0
2021-01-01 16:21:00,2.0,0.067,0.015556349186104048,0.0,16,4,1,0
2021-01-01 16:22:00,1.0,0.334,0.0,0.0,16,4,1,0
2021-01-01 16:23:00,0.0,0.0,0.0,0.0,16,4,1,0
2021-01-01 16:24:00,1.0,0.093,0.0,0.0,16,4,1,0
2021-01-01 16:25:00,2.0,0.08499999999999999,0.00989949493661166,0.0,16,4,1,0
2021-01-01 16:26:00,0.0,0.0,0.0,0.0,16,4,1,0
2021-01-01 16:27:00,2.0,0.1105,0.020506096654409875,0.0,16,4,1,0
2021-01-01 16:28:00,0.0,0.0,0.0,0.0,16,4,1,0
2021-01-01 16:29:00,1.0,0.093,0.0,0.0,16,4,1,0
2021-01-01 16:30:00,1.0,0.078,0.0,0.0,16,4,1,0
2021-01-01 16:31:00,1.0,0.078,0.0,0.0,16,4,1,0
2021-01-01 16:32:00,2.0,0.093,0.0,0.0,16,4,1,0
2021-01-01 16:33:00,0.0,0.0,0.0,0.0,16,4,1,0
2021-01-01 16:34:00,0.0,0.0,0.0,0.0,16,4,1,0
2021-01-01 16:35:00,1.0,0.093,0.0,0.0,16,4,1,0
2021-01-01 16:36:00,1.0,0.125,0.0,0.0,16,4,1,0
2021-01-01 16:37:00,0.0,0.0,0.0,0.0,16,4,1,0
2021-01-01 16:38:00,1.0,0.109,0.0,0.0,16,4,1,0
2021-01-01 16:39:00,1.0,0.092,0.0,0.0,16,4,1,0
2021-01-01 16:40:00,1.0,0.139,0.0,0.0,16,4,1,0
2021-01-01 16:41:00,0.0,0.0,0.0,0.0,16,4,1,0
2021-01-01 16:42:00,0.0,0.0,0.0,0.0,16,4,1,0
2021-01-01 16:43:00,1.0,0.093,0.0,0.0,16,4,1,0
2021-01-01 16:44:00,1.0,0.093,0.0,0.0,16,4,1,0
2021-01-01 16:45:00,2.0,0.159,0.09333809511662428,0.0,16,4,1,0
2021-01-01 16:46:00,1.0,0.078,0.0,0.0,16,4,1,0
2021-01-01 16:47:00,0.0,0.0,0.0,0.0,16,4,1,0
2021-01-01 16:48:00,2.0,0.109,0.02262741699796952,0.0,16,4,1,0
2021-01-01 16:49:00,2.0,0.093,0.02262741699796952,0.0,16,4,1,0
2021-01-01 16:50:00,2.0,0.08549999999999999,0.010606601717798217,0.0,16,4,1,0
2021-01-01 16:51:00,0.0,0.0,0.0,0.0,16,4,1,0
2021-01-01 16:52:00,1.0,0.109,0.0,0.0,16,4,1,0
2021-01-01 16:53:00,0.0,0.0,0.0,0.0,16,4,1,0
2021-01-01 16:54:00,0.0,0.0,0.0,0.0,16,4,1,0
2021-01-01 16:55:00,1.0,0.093,0.0,0.0,16,4,1,0
2021-01-01 16:56:00,0.0,0.0,0.0,0.0,16,4,1,0
2021-01-01 16:57:00,0.0,0.0,0.0,0.0,16,4,1,0
2021-01-01 16:58:00,2.0,0.08549999999999999,0.010606601717798208,0.0,16,4,1,0
2021-01-01 16:59:00,2.0,0.14,0.06646803743153547,0.0,16,4,1,0
2021-01-01 17:00:00,0.0,0.0,0.0,0.0,17,4,1,0
2021-01-01 17:01:00,1.0,0.093,0.0,0.0,17,4,1,0
2021-01-01 17:02:00,1.0,0.093,0.0,0.0,17,4,1,0
2021-01-01 17:03:00,0.0,0.0,0.0,0.0,17,4,1,0
2021-01-01 17:04:00,1.0,0.109,0.0,0.0,17,4,1,0
2021-01-01 17:05:00,0.0,0.0,0.0,0.0,17,4,1,0
2021-01-01 17:06:00,3.0,0.09133333333333334,0.01665332799572907,0.0,17,4,1,0
2021-01-01 17:07:00,3.0,0.083,0.008660254037844387,0.0,17,4,1,0
2021-01-01 17:08:00,1.0,0.109,0.0,0.0,17,4,1,0
2021-01-01 17:09:00,0.0,0.0,0.0,0.0,17,4,1,0
2021-01-01 17:10:00,1.0,0.078,0.0,0.0,17,4,1,0
2021-01-01 17:11:00,2.0,0.109,0.0,0.0,17,4,1,0
2021-01-01 17:12:00,2.0,0.109,0.0,0.0,17,4,1,0
2021-01-01 17:13:00,0.0,0.0,0.0,0.0,17,4,1,0
2021-01-01 17:14:00,0.0,0.0,0.0,0.0,17,4,1,0
2021-01-01 17:15:00,0.0,0.0,0.0,0.0,17,4,1,0
2021-01-01 17:16:00,2.0,0.10900000000000001,0.04384062043356595,0.0,17,4,1,0
2021-01-01 17:17:00,3.0,0.125,0.027730849247724097,0.0,17,4,1,0
2021-01-01 17:18:00,1.0,0.078,0.0,0.0,17,4,1,0
2021-01-01 17:19:00,0.0,0.0,0.0,0.0,17,4,1,0
2021-01-01 17:20:00,1.0,0.124,0.0,0.0,17,4,1,0
2021-01-01 17:21:00,2.0,0.08549999999999999,0.010606601717798208,0.0,17,4,1,0
2021-01-01 17:22:00,1.0,0.093,0.0,0.0,17,4,1,0
2021-01-01 17:23:00,2.0,0.101,0.011313708498984755,0.0,17,4,1,0
2021-01-01 17:24:00,2.0,0.132,0.01131370849898477,0.0,17,4,1,0
2021-01-01 17:25:00,0.0,0.0,0.0,0.0,17,4,1,0
2021-01-01 17:26:00,0.0,0.0,0.0,0.0,17,4,1,0
2021-01-01 17:27:00,2.0,0.11549999999999999,0.012020815280171303,0.0,17,4,1,0
2021-01-01 17:28:00,1.0,0.093,0.0,0.0,17,4,1,0
2021-01-01 17:29:00,1.0,0.109,0.0,0.0,17,4,1,0
2021-01-01 17:30:00,0.0,0.0,0.0,0.0,17,4,1,0
2021-01-01 17:31:00,2.0,0.101,0.03252691193458119,0.0,17,4,1,0
2021-01-01 17:32:00,0.0,0.0,0.0,0.0,17,4,1,0
2021-01-01 17:33:00,2.0,0.11649999999999999,0.010606601717798217,0.0,17,4,1,0
2021-01-01 17:34:00,1.0,0.093,0.0,0.0,17,4,1,0
2021-01-01 17:35:00,0.0,0.0,0.0,0.0,17,4,1,0
2021-01-01 17:36:00,1.0,0.109,0.0,0.0,17,4,1,0
2021-01-01 17:37:00,2.0,0.14800000000000002,0.03252691193458118,0.0,17,4,1,0
2021-01-01 17:38:00,0.0,0.0,0.0,0.0,17,4,1,0
2021-01-01 17:39:00,1.0,0.225,0.0,0.0,17,4,1,0
2021-01-01 17:40:00,2.0,0.175,0.07212489168102784,0.0,17,4,1,0
2021-01-01 17:41:00,1.0,0.078,0.0,0.0,17,4,1,0
2021-01-01 17:42:00,0.0,0.0,0.0,0.0,17,4,1,0
2021-01-01 17:43:00,0.0,0.0,0.0,0.0,17,4,1,0
2021-01-01 17:44:00,0.0,0.0,0.0,0.0,17,4,1,0
2021-01-01 17:45:00,1.0,0.14,0.0,0.0,17,4,1,0
2021-01-01 17:46:00,1.0,0.078,0.0,0.0,17,4,1,0
2021-01-01 17:47:00,1.0,0.187,0.0,0.0,17,4,1,0
2021-01-01 17:48:00,1.0,0.109,0.0,0.0,17,4,1,0
2021-01-01 17:49:00,0.0,0.0,0.0,0.0,17,4,1,0
2021-01-01 17:50:00,0.0,0.0,0.0,0.0,17,4,1,0
2021-01-01 17:51:00,0.0,0.0,0.0,0.0,17,4,1,0
2021-01-01 17:52:00,0.0,0.0,0.0,0.0,17,4,1,0
2021-01-01 17:53:00,1.0,0.093,0.0,0.0,17,4,1,0
2021-01-01 17:54:00,2.0,0.263,0.21778888860545662,0.0,17,4,1,0
2021-01-01 17:55:00,0.0,0.0,0.0,0.0,17,4,1,0
2021-01-01 17:56:00,1.0,0.093,0.0,0.0,17,4,1,0
2021-01-01 17:57:00,1.0,0.109,0.0,0.0,17,4,1,0
2021-01-01 17:58:00,0.0,0.0,0.0,0.0,17,4,1,0
2021-01-01 17:59:00,1.0,0.109,0.0,0.0,17,4,1,0
2021-01-01 18:00:00,2.0,0.078,0.0,0.0,18,4,0,0
2021-01-01 18:01:00,1.0,0.827,0.0,0.0,18,4,0,0
2021-01-01 18:02:00,0.0,0.0,0.0,0.0,18,4,0,0
2021-01-01 18:03:00,0.0,0.0,0.0,0.0,18,4,0,0
2021-01-01 18:04:00,0.0,0.0,0.0,0.0,18,4,0,0
2021-01-01 18:05:00,2.0,0.101,0.011313708498984765,0.0,18,4,0,0
2021-01-01 18:06:00,0.0,0.0,0.0,0.0,18,4,0,0
2021-01-01 18:07:00,1.0,0.078,0.0,0.0,18,4,0,0
2021-01-01 18:08:00,1.0,0.109,0.0,0.0,18,4,0,0
2021-01-01 18:09:00,2.0,0.11599999999999999,0.009899494936611668,0.0,18,4,0,0
2021-01-01 18:10:00,1.0,0.093,0.0,0.0,18,4,0,0
2021-01-01 18:11:00,1.0,0.187,0.0,0.0,18,4,0,0
2021-01-01 18:12:00,1.0,0.109,0.0,0.0,18,4,0,0
2021-01-01 18:13:00,1.0,0.14,0.0,0.0,18,4,0,0
2021-01-01 18:14:00,2.0,0.101,0.011313708498984755,0.0,18,4,0,0
2021-01-01 18:15:00,1.0,0.078,0.0,0.0,18,4,0,0
2021-01-01 18:16:00,0.0,0.0,0.0,0.0,18,4,0,0
2021-01-01 18:17:00,2.0,0.101,0.011313708498984765,0.0,18,4,0,0
2021-01-01 18:18:00,0.0,0.0,0.0,0.0,18,4,0,0
2021-01-01 18:19:00,0.0,0.0,0.0,0.0,18,4,0,0
2021-01-01 18:20:00,1.0,0.319,0.0,0.0,18,4,0,0
2021-01-01 18:21:00,0.0,0.0,0.0,0.0,18,4,0,0
2021-01-01 18:22:00,0.0,0.0,0.0,0.0,18,4,0,0
2021-01-01 18:23:00,3.0,0.109,0.015999999999999997,0.0,18,4,0,0
2021-01-01 18:24:00,0.0,0.0,0.0,0.0,18,4,0,0
2021-01-01 18:25:00,1.0,0.173,0.0,0.0,18,4,0,0
2021-01-01 18:26:00,0.0,0.0,0.0,0.0,18,4,0,0
2021-01-01 18:27:00,1.0,0.14,0.0,0.0,18,4,0,0
2021-01-01 18:28:00,0.0,0.0,0.0,0.0,18,4,0,0
2021-01-01 18:29:00,0.0,0.0,0.0,0.0,18,4,0,0
2021-01-01 18:30:00,1.0,0.093,0.0,0.0,18,4,0,0
2021-01-01 18:31:00,0.0,0.0,0.0,0.0,18,4,0,0
2021-01-01 18:32:00,1.0,0.093,0.0,0.0,18,4,0,0
2021-01-01 18:33:00,0.0,0.0,0.0,0.0,18,4,0,0
2021-01-01 18:34:00,1.0,0.18,0.0,0.0,18,4,0,0
2021-01-01 18:35:00,2.0,0.0935,0.021920310216782972,0.0,18,4,0,0
2021-01-01 18:36:00,1.0,0.09,0.0,0.0,18,4,0,0
2021-01-01 18:37:00,4.0,0.13924999999999998,0.066011993859702,0.0,18,4,0,0
2021-01-01 18:38:00,0.0,0.0,0.0,0.0,18,4,0,0
2021-01-01 18:39:00,1.0,0.109,0.0,0.0,18,4,0,0
2021-01-01 18:40:00,0.0,0.0,0.0,0.0,18,4,0,0
2021-01-01 18:41:00,1.0,0.109,0.0,0.0,18,4,0,0
2021-01-01 18:42:00,0.0,0.0,0.0,0.0,18,4,0,0
2021-01-01 18:43:00,1.0,0.109,0.0,0.0,18,4,0,0
2021-01-01 18:44:00,0.0,0.0,0.0,0.0,18,4,0,0
2021-01-01 18:45:00,0.0,0.0,0.0,0.0,18,4,0,0
2021-01-01 18:46:00,0.0,0.0,0.0,0.0,18,4,0,0
2021-01-01 18:47:00,2.0,0.101,0.011313708498984755,0.0,18,4,0,0
2021-01-01 18:48:00,0.0,0.0,0.0,0.0,18,4,0,0
2021-01-01 18:49:00,1.0,0.128,0.0,0.0,18,4,0,0
2021-01-01 18:50:00,2.0,0.1245,0.06576093065034894,0.0,18,4,0,0
2021-01-01 18:51:00,0.0,0.0,0.0,0.0,18,4,0,0
2021-01-01 18:52:00,1.0,0.078,0.0,0.0,18,4,0,0
2021-01-01 18:53:00,1.0,0.078,0.0,0.0,18,4,0,0
2021-01-01 18:54:00,0.0,0.0,0.0,0.0,18,4,0,0
2021-01-01 18:55:00,1.0,0.093,0.0,0.0,18,4,0,0
2021-01-01 18:56:00,1.0,0.078,0.0,0.0,18,4,0,0
2021-01-01 18:57:00,2.0,0.2415,0.16617009357883866,0.0,18,4,0,0
2021-01-01 18:58:00,1.0,0.156,0.0,0.0,18,4,0,0
2021-01-01 18:59:00,0.0,0.0,0.0,0.0,18,4,0,0
2021-01-01 19:00:00,0.0,0.0,0.0,0.0,19,4,0,0
2021-01-01 19:01:00,0.0,0.0,0.0,0.0,19,4,0,0
2021-01-01 19:02:00,2.0,0.11699999999999999,0.055154328932550706,0.0,19,4,0,0
2021-01-01 19:03:00,1.0,0.093,0.0,0.0,19,4,0,0
2021-01-01 19:04:00,0.0,0.0,0.0,0.0,19,4,0,0
2021-01-01 19:05:00,0.0,0.0,0.0,0.0,19,4,0,0
2021-01-01 19:06:00,1.0,0.093,0.0,0.0,19,4,0,0
2021-01-01 19:07:00,1.0,0.093,0.0,0.0,19,4,0,0
2021-01-01 19:08:00,0.0,0.0,0.0,0.0,19,4,0,0
2021-01-01 19:09:00,2.0,0.2635,0.1817264427649427,0.0,19,4,0,0
2021-01-01 19:10:00,0.0,0.0,0.0,0.0,19,4,0,0
2021-01-01 19:11:00,0.0,0.0,0.0,0.0,19,4,0,0
2021-01-01 19:12:00,0.0,0.0,0.0,0.0,19,4,0,0
2021-01-01 19:13:00,0.0,0.0,0.0,0.0,19,4,0,0
2021-01-01 19:14:00,2.0,0.1015,0.033234018715767734,0.0,19,4,0,0
2021-01-01 19:15:00,0.0,0.0,0.0,0.0,19,4,0,0
2021-01-01 19:16:00,0.0,0.0,0.0,0.0,19,4,0,0
2021-01-01 19:17:00,0.0,0.0,0.0,0.0,19,4,0,0
2021-01-01 19:18:00,1.0,0.109,0.0,0.0,19,4,0,0
2021-01-01 19:19:00,0.0,0.0,0.0,0.0,19,4,0,0
2021-01-01 19:20:00,1.0,0.124,0.0,0.0,19,4,0,0
2021-01-01 19:21:00,1.0,0.109,0.0,0.0,19,4,0,0
2021-01-01 19:22:00,3.0,0.11166666666666668,0.029365512652316034,0.0,19,4,0,0
2021-01-01 19:23:00,5.0,0.1346,0.06654922989787335,0.0,19,4,0,0
2021-01-01 19:24:00,1.0,0.125,0.0,0.0,19,4,0,0
2021-01-01 19:25:00,3.0,0.08800000000000001,0.008660254037844385,0.0,19,4,0,0
2021-01-01 19:26:00,2.0,0.08549999999999999,0.010606601717798217,0.0,19,4,0,0
2021-01-01 19:27:00,0.0,0.0,0.0,0.0,19,4,0,0
2021-01-01 19:28:00,0.0,0.0,0.0,0.0,19,4,0,0
2021-01-01 19:29:00,1.0,0.097,0.0,0.0,19,4,0,0
2021-01-01 19:30:00,1.0,0.093,0.0,0.0,19,4,0,0
2021-01-01 19:31:00,2.0,0.101,0.011313708498984765,0.0,19,4,0,0
2021-01-01 19:32:00,3.0,0.14766666666666667,0.08122397018942949,0.0,19,4,0,0
2021-01-01 19:33:00,0.0,0.0,0.0,0.0,19,4,0,0
2021-01-01 19:34:00,0.0,0.0,0.0,0.0,19,4,0,0
2021-01-01 19:35:00,2.0,0.08449999999999999,0.009192388155425111,0.0,19,4,0,0
2021-01-01 19:36:00,0.0,0.0,0.0,0.0,19,4,0,0
2021-01-01 19:37:00,0.0,0.0,0.0,0.0,19,4,0,0
2021-01-01 19:38:00,4.0,0.1365,0.07816435675336085,0.0,19,4,0,0
2021-01-01 19:39:00,1.0,0.093,0.0,0.0,19,4,0,0
2021-01-01 19:40:00,0.0,0.0,0.0,0.0,19,4,0,0
2021-01-01 19:41:00,3.0,0.09833333333333333,0.023459184413217215,0.0,19,4,0,0
2021-01-01 19:42:00,2.0,0.1305,0.05303300858899107,0.0,19,4,0,0
2021-01-01 19:43:00,1.0,0.187,0.0,0.0,19,4,0,0
2021-01-01 19:44:00,1.0,0.093,0.0,0.0,19,4,0,0
2021-01-01 19:45:00,1.0,0.114,0.0,0.0,19,4,0,0
2021-01-01 19:46:00,1.0,0.094,0.0,0.0,19,4,0,0
2021-01-01 19:47:00,0.0,0.0,0.0,0.0,19,4,0,0
2021-01-01 19:48:00,0.0,0.0,0.0,0.0,19,4,0,0
2021-01-01 19:49:00,1.0,0.078,0.0,0.0,19,4,0,0
2021-01-01 19:50:00,0.0,0.0,0.0,0.0,19,4,0,0
2021-01-01 19:51:00,1.0,0.093,0.0,0.0,19,4,0,0
2021-01-01 19:52:00,0.0,0.0,0.0,0.0,19,4,0,0
2021-01-01 19:53:00,1.0,0.078,0.0,0.0,19,4,0,0
2021-01-01 19:54:00,0.0,0.0,0.0,0.0,19,4,0,0
2021-01-01 19:55:00,0.0,0.0,0.0,0.0,19,4,0,0
2021-01-01 19:56:00,1.0,0.078,0.0,0.0,19,4,0,0
2021-01-01 19:57:00,0.0,0.0,0.0,0.0,19,4,0,0
2021-01-01 19:58:00,0.0,0.0,0.0,0.0,19,4,0,0
2021-01-01 19:59:00,1.0,0.113,0.0,0.0,19,4,0,0
2021-01-01 20:00:00,0.0,0.0,0.0,0.0,20,4,0,0
2021-01-01 20:01:00,2.0,0.1245,0.044547727214752496,0.0,20,4,0,0
2021-01-01 20:02:00,0.0,0.0,0.0,0.0,20,4,0,0
2021-01-01 20:03:00,0.0,0.0,0.0,0.0,20,4,0,0
2021-01-01 20:04:00,2.0,0.0935,0.021920310216782972,0.0,20,4,0,0
2021-01-01 20:05:00,1.0,0.078,0.0,0.0,20,4,0,0
2021-01-01 20:06:00,1.0,0.109,0.0,0.0,20,4,0,0
2021-01-01 20:07:00,1.0,0.125,0.0,0.0,20,4,0,0
2021-01-01 20:08:00,0.0,0.0,0.0,0.0,20,4,0,0
2021-01-01 20:09:00,1.0,0.125,0.0,0.0,20,4,0,0
2021-01-01 20:10:00,0.0,0.0,0.0,0.0,20,4,0,0
2021-01-01 20:11:00,0.0,0.0,0.0,0.0,20,4,0,0
2021-01-01 20:12:00,1.0,0.125,0.0,0.0,20,4,0,0
2021-01-01 20:13:00,1.0,0.093,0.0,0.0,20,4,0,0
2021-01-01 20:14:00,0.0,0.0,0.0,0.0,20,4,0,0
2021-01-01 20:15:00,0.0,0.0,0.0,0.0,20,4,0,0
2021-01-01 20:16:00,1.0,0.109,0.0,0.0,20,4,0,0
2021-01-01 20:17:00,3.0,0.09966666666666667,0.022744962812309304,0.0,20,4,0,0
2021-01-01 20:18:00,0.0,0.0,0.0,0.0,20,4,0,0
2021-01-01 20:19:00,0.0,0.0,0.0,0.0,20,4,0,0
2021-01-01 20:20:00,0.0,0.0,0.0,0.0,20,4,0,0
2021-01-01 20:21:00,2.0,0.093,0.0,0.0,20,4,0,0
2021-01-01 20:22:00,1.0,0.078,0.0,0.0,20,4,0,0
2021-01-01 20:23:00,1.0,0.111,0.0,0.0,20,4,0,0
2021-01-01 20:24:00,3.0,0.09300000000000001,0.0,0.0,20,4,0,0
2021-01-01 20:25:00,0.0,0.0,0.0,0.0,20,4,0,0
2021-01-01 20:26:00,2.0,0.17149999999999999,0.11101576464628796,0.0,20,4,0,0
2021-01-01 20:27:00,1.0,0.126,0.0,0.0,20,4,0,0
2021-01-01 20:28:00,1.0,0.078,0.0,0.0,20,4,0,0
2021-01-01 20:29:00,2.0,0.1325,0.05586143571373726,0.0,20,4,0,0
2021-01-01 20:30:00,0.0,0.0,0.0,0.0,20,4,0,0
2021-01-01 20:31:00,1.0,0.093,0.0,0.0,20,4,0,0
2021-01-01 20:32:00,1.0,0.078,0.0,0.0,20,4,0,0
2021-01-01 20:33:00,1.0,0.078,0.0,0.0,20,4,0,0
2021-01-01 20:34:00,0.0,0.0,0.0,0.0,20,4,0,0
2021-01-01 20:35:00,0.0,0.0,0.0,0.0,20,4,0,0
2021-01-01 20:36:00,1.0,0.093,0.0,0.0,20,4,0,0
2021-01-01 20:37:00,1.0,0.078,0.0,0.0,20,4,0,0
2021-01-01 20:38:00,0.0,0.0,0.0,0.0,20,4,0,0
2021-01-01 20:39:00,0.0,0.0,0.0,0.0,20,4,0,0
2021-01-01 20:40:00,0.0,0.0,0.0,0.0,20,4,0,0
2021-01-01 20:41:00,0.0,0.0,0.0,0.0,20,4,0,0
2021-01-01 20:42:00,0.0,0.0,0.0,0.0,20,4,0,0
2021-01-01 20:43:00,0.0,0.0,0.0,0.0,20,4,0,0
2021-01-01 20:44:00,2.0,0.0915,0.0021213203435596446,0.0,20,4,0,0
2021-01-01 20:45:00,0.0,0.0,0.0,0.0,20,4,0,0
2021-01-01 20:46:00,0.0,0.0,0.0,0.0,20,4,0,0
2021-01-01 20:47:00,0.0,0.0,0.0,0.0,20,4,0,0
2021-01-01 20:48:00,0.0,0.0,0.0,0.0,20,4,0,0
2021-01-01 20:49:00,2.0,0.1105,0.0021213203435596446,0.0,20,4,0,0
2021-01-01 20:50:00,0.0,0.0,0.0,0.0,20,4,0,0
2021-01-01 20:51:00,0.0,0.0,0.0,0.0,20,4,0,0
2021-01-01 20:52:00,0.0,0.0,0.0,0.0,20,4,0,0
2021-01-01 20:53:00,0.0,0.0,0.0,0.0,20,4,0,0
2021-01-01 20:54:00,0.0,0.0,0.0,0.0,20,4,0,0
2021-01-01 20:55:00,1.0,0.156,0.0,0.0,20,4,0,0
2021-01-01 20:56:00,1.0,0.112,0.0,0.0,20,4,0,0
2021-01-01 20:57:00,0.0,0.0,0.0,0.0,20,4,0,0
2021-01-01 20:58:00,0.0,0.0,0.0,0.0,20,4,0,0
2021-01-01 20:59:00,1.0,0.078,0.0,0.0,20,4,0,0
2021-01-01 21:00:00,1.0,0.093,0.0,0.0,21,4,0,0
2021-01-01 21:01:00,0.0,0.0,0.0,0.0,21,4,0,0
2021-01-01 21:02:00,0.0,0.0,0.0,0.0,21,4,0,0
2021-01-01 21:03:00,1.0,0.093,0.0,0.0,21,4,0,0
2021-01-01 21:04:00,2.0,0.265,0.1767766952966369,0.0,21,4,0,0
2021-01-01 21:05:00,0.0,0.0,0.0,0.0,21,4,0,0
2021-01-01 21:06:00,2.0,0.11,0.0014142135623730963,0.0,21,4,0,0
2021-01-01 21:07:00,2.0,0.0865,0.009192388155425111,0.0,21,4,0,0
2021-01-01 21:08:00,2.0,0.0915,0.024748737341529166,0.0,21,4,0,0
2021-01-01 21:09:00,1.0,0.093,0.0,0.0,21,4,0,0
2021-01-01 21:10:00,1.0,0.125,0.0,0.0,21,4,0,0
2021-01-01 21:11:00,0.0,0.0,0.0,0.0,21,4,0,0
2021-01-01 21:12:00,3.0,0.08833333333333333,0.0089628864398325,0.0,21,4,0,0
2021-01-01 21:13:00,0.0,0.0,0.0,0.0,21,4,0,0
2021-01-01 21:14:00,2.0,0.093,0.0,0.0,21,4,0,0
2021-01-01 21:15:00,1.0,0.095,0.0,0.0,21,4,0,0
2021-01-01 21:16:00,0.0,0.0,0.0,0.0,21,4,0,0
2021-01-01 21:17:00,2.0,0.195,0.05515432893255071,0.0,21,4,0,0
2021-01-01 21:18:00,0.0,0.0,0.0,0.0,21,4,0,0
2021-01-01 21:19:00,0.0,0.0,0.0,0.0,21,4,0,0
2021-01-01 21:20:00,0.0,0.0,0.0,0.0,21,4,0,0
2021-01-01 21:21:00,0.0,0.0,0.0,0.0,21,4,0,0
2021-01-01 21:22:00,0.0,0.0,0.0,0.0,21,4,0,0
2021-01-01 21:23:00,0.0,0.0,0.0,0.0,21,4,0,0
2021-01-01 21:24:00,0.0,0.0,0.0,0.0,21,4,0,0
2021-01-01 21:25:00,1.0,0.078,0.0,0.0,21,4,0,0
2021-01-01 21:26:00,0.0,0.0,0.0,0.0,21,4,0,0
2021-01-01 21:27:00,0.0,0.0,0.0,0.0,21,4,0,0
2021-01-01 21:28:00,0.0,0.0,0.0,0.0,21,4,0,0
2021-01-01 21:29:00,1.0,0.093,0.0,0.0,21,4,0,0
2021-01-01 21:30:00,2.0,0.10999999999999999,0.04525483399593903,0.0,21,4,0,0
2021-01-01 21:31:00,1.0,0.109,0.0,0.0,21,4,0,0
2021-01-01 21:32:00,3.0,0.08766666666666667,0.008386497083606089,0.0,21,4,0,0
2021-01-01 21:33:00,1.0,0.078,0.0,0.0,21,4,0,0
2021-01-01 21:34:00,1.0,0.098,0.0,0.0,21,4,0,0
2021-01-01 21:35:00,2.0,0.312,0.22061731573020282,0.0,21,4,0,0
2021-01-01 21:36:00,1.0,0.093,0.0,0.0,21,4,0,0
2021-01-01 21:37:00,0.0,0.0,0.0,0.0,21,4,0,0
2021-01-01 21:38:00,1.0,0.156,0.0,0.0,21,4,0,0
2021-01-01 21:39:00,3.0,0.10366666666666667,0.009237604307034014,0.0,21,4,0,0
2021-01-01 21:40:00,1.0,0.109,0.0,0.0,21,4,0,0
2021-01-01 21:41:00,3.0,0.08800000000000001,0.008660254037844385,0.0,21,4,0,0
2021-01-01 21:42:00,2.0,0.11649999999999999,0.010606601717798208,0.0,21,4,0,0
2021-01-01 21:43:00,1.0,0.093,0.0,0.0,21,4,0,0
2021-01-01 21:44:00,4.0,0.08549999999999999,0.008660254037844383,0.0,21,4,0,0
2021-01-01 21:45:00,3.0,0.079,0.0036055512754639926,0.0,21,4,0,0
2021-01-01 21:46:00,5.0,0.09659999999999999,0.02040343108401134,0.0,21,4,0,0
2021-01-01 21:47:00,2.0,0.101,0.011313708498984755,0.0,21,4,0,0
2021-01-01 21:48:00,0.0,0.0,0.0,0.0,21,4,0,0
2021-01-01 21:49:00,2.0,0.1135,0.028991378028648453,0.0,21,4,0,0
2021-01-01 21:50:00,1.0,0.093,0.0,0.0,21,4,0,0
2021-01-01 21:51:00,1.0,0.125,0.0,0.0,21,4,0,0
2021-01-01 21:52:00,1.0,0.093,0.0,0.0,21,4,0,0
2021-01-01 21:53:00,1.0,0.078,0.0,0.0,21,4,0,0
2021-01-01 21:54:00,3.0,0.09300000000000001,0.0,0.0,21,4,0,0
2021-01-01 21:55:00,0.0,0.0,0.0,0.0,21,4,0,0
2021-01-01 21:56:00,0.0,0.0,0.0,0.0,21,4,0,0
2021-01-01 21:57:00,1.0,0.109,0.0,0.0,21,4,0,0
2021-01-01 21:58:00,0.0,0.0,0.0,0.0,21,4,0,0
2021-01-01 21:59:00,2.0,0.1615,0.09687362902255703,0.0,21,4,0,0
2021-01-01 22:00:00,2.0,0.08549999999999999,0.010606601717798208,0.0,22,4,0,0
2021-01-01 22:01:00,0.0,0.0,0.0,0.0,22,4,0,0
2021-01-01 22:02:00,2.0,0.101,0.011313708498984755,0.0,22,4,0,0
2021-01-01 22:03:00,0.0,0.0,0.0,0.0,22,4,0,0
2021-01-01 22:04:00,0.0,0.0,0.0,0.0,22,4,0,0
2021-01-01 22:05:00,2.0,0.1245,0.044547727214752496,0.0,22,4,0,0
2021-01-01 22:06:00,0.0,0.0,0.0,0.0,22,4,0,0
2021-01-01 22:07:00,4.0,0.10125,0.020271079563424013,0.0,22,4,0,0
2021-01-01 22:08:00,0.0,0.0,0.0,0.0,22,4,0,0
2021-01-01 22:09:00,0.0,0.0,0.0,0.0,22,4,0,0
2021-01-01 22:10:00,1.0,0.109,0.0,0.0,22,4,0,0
2021-01-01 22:11:00,0.0,0.0,0.0,0.0,22,4,0,0
2021-01-01 22:12:00,0.0,0.0,0.0,0.0,22,4,0,0
2021-01-01 22:13:00,0.0,0.0,0.0,0.0,22,4,0,0
2021-01-01 22:14:00,0.0,0.0,0.0,0.0,22,4,0,0
2021-01-01 22:15:00,1.0,0.078,0.0,0.0,22,4,0,0
2021-01-01 22:16:00,0.0,0.0,0.0,0.0,22,4,0,0
2021-01-01 22:17:00,0.0,0.0,0.0,0.0,22,4,0,0
2021-01-01 22:18:00,2.0,0.101,0.011313708498984755,0.0,22,4,0,0
2021-01-01 22:19:00,1.0,0.105,0.0,0.0,22,4,0,0
2021-01-01 22:20:00,2.0,0.109,0.02262741699796952,0.0,22,4,0,0
2021-01-01 22:21:00,2.0,0.0935,0.021920310216782972,0.0,22,4,0,0
2021-01-01 22:22:00,1.0,0.093,0.0,0.0,22,4,0,0
2021-01-01 22:23:00,1.0,0.078,0.0,0.0,22,4,0,0
2021-01-01 22:24:00,0.0,0.0,0.0,0.0,22,4,0,0
2021-01-01 22:25:00,0.0,0.0,0.0,0.0,22,4,0,0
2021-01-01 22:26:00,2.0,0.0785,0.0007071067811865482,0.0,22,4,0,0
2021-01-01 22:27:00,0.0,0.0,0.0,0.0,22,4,0,0
2021-01-01 22:28:00,3.0,0.102,0.021,0.0,22,4,0,0
2021-01-01 22:29:00,1.0,0.062,0.0,0.0,22,4,0,0
2021-01-01 22:30:00,2.0,0.109,0.0,0.0,22,4,0,0
2021-01-01 22:31:00,0.0,0.0,0.0,0.0,22,4,0,0
2021-01-01 22:32:00,1.0,0.093,0.0,0.0,22,4,0,0
2021-01-01 22:33:00,1.0,0.096,0.0,0.0,22,4,0,0
2021-01-01 22:34:00,2.0,0.0935,0.021920310216782972,0.0,22,4,0,0
2021-01-01 22:35:00,3.0,0.10866666666666668,0.015502687938977975,0.0,22,4,0,0
2021-01-01 22:36:00,1.0,0.078,0.0,0.0,22,4,0,0
2021-01-01 22:37:00,3.0,0.114,0.02389560629069705,0.0,22,4,0,0
2021-01-01 22:38:00,2.0,0.089,0.00565685424949238,0.0,22,4,0,0
2021-01-01 22:39:00,2.0,0.0925,0.0007071067811865482,0.0,22,4,0,0
2021-01-01 22:40:00,3.0,0.10433333333333333,0.009865765724632491,0.0,22,4,0,0
2021-01-01 22:41:00,2.0,0.0935,0.021920310216782972,0.0,22,4,0,0
2021-01-01 22:42:00,1.0,0.093,0.0,0.0,22,4,0,0
2021-01-01 22:43:00,0.0,0.0,0.0,0.0,22,4,0,0
2021-01-01 22:44:00,0.0,0.0,0.0,0.0,22,4,0,0
2021-01-01 22:45:00,0.0,0.0,0.0,0.0,22,4,0,0
2021-01-01 22:46:00,1.0,0.078,0.0,0.0,22,4,0,0
2021-01-01 22:47:00,0.0,0.0,0.0,0.0,22,4,0,0
2021-01-01 22:48:00,1.0,0.093,0.0,0.0,22,4,0,0
2021-01-01 22:49:00,0.0,0.0,0.0,0.0,22,4,0,0
2021-01-01 22:50:00,0.0,0.0,0.0,0.0,22,4,0,0
2021-01-01 22:51:00,0.0,0.0,0.0,0.0,22,4,0,0
2021-01-01 22:52:00,0.0,0.0,0.0,0.0,22,4,0,0
2021-01-01 22:53:00,1.0,0.093,0.0,0.0,22,4,0,0
2021-01-01 22:54:00,1.0,0.124,0.0,0.0,22,4,0,0
2021-01-01 22:55:00,1.0,0.187,0.0,0.0,22,4,0,0
2021-01-01 22:56:00,0.0,0.0,0.0,0.0,22,4,0,0
2021-01-01 22:57:00,2.0,0.08549999999999999,0.010606601717798217,0.0,22,4,0,0
2021-01-01 22:58:00,1.0,0.608,0.0,0.0,22,4,0,0
2021-01-01 22:59:00,0.0,0.0,0.0,0.0,22,4,0,0
2021-01-01 23:00:00,1.0,0.109,0.0,0.0,23,4,0,0
2021-01-01 23:01:00,1.0,0.093,0.0,0.0,23,4,0,0
2021-01-01 23:02:00,2.0,0.076,0.0028284271247461927,0.0,23,4,0,0
2021-01-01 23:03:00,2.0,0.0815,0.016263455967290587,0.0,23,4,0,0
2021-01-01 23:04:00,0.0,0.0,0.0,0.0,23,4,0,0
2021-01-01 23:05:00,1.0,0.078,0.0,0.0,23,4,0,0
2021-01-01 23:06:00,1.0,0.187,0.0,0.0,23,4,0,0
2021-01-01 23:07:00,0.0,0.0,0.0,0.0,23,4,0,0
2021-01-01 23:08:00,1.0,0.109,0.0,0.0,23,4,0,0
2021-01-01 23:09:00,0.0,0.0,0.0,0.0,23,4,0,0
2021-01-01 23:10:00,2.0,0.093,0.0,0.0,23,4,0,0
2021-01-01 23:11:00,1.0,0.109,0.0,0.0,23,4,0,0
2021-01-01 23:12:00,0.0,0.0,0.0,0.0,23,4,0,0
2021-01-01 23:13:00,2.0,0.08549999999999999,0.010606601717798217,0.0,23,4,0,0
2021-01-01 23:14:00,0.0,0.0,0.0,0.0,23,4,0,0
2021-01-01 23:15:00,1.0,0.093,0.0,0.0,23,4,0,0
2021-01-01 23:16:00,1.0,0.078,0.0,0.0,23,4,0,0
2021-01-01 23:17:00,0.0,0.0,0.0,0.0,23,4,0,0
2021-01-01 23:18:00,1.0,0.12,0.0,0.0,23,4,0,0
2021-01-01 23:19:00,0.0,0.0,0.0,0.0,23,4,0,0
2021-01-01 23:20:00,1.0,0.078,0.0,0.0,23,4,0,0
2021-01-01 23:21:00,0.0,0.0,0.0,0.0,23,4,0,0
2021-01-01 23:22:00,1.0,0.078,0.0,0.0,23,4,0,0
2021-01-01 23:23:00,1.0,0.265,0.0,0.0,23,4,0,0
2021-01-01 23:24:00,2.0,0.078,0.0,0.0,23,4,0,0
2021-01-01 23:25:00,0.0,0.0,0.0,0.0,23,4,0,0
2021-01-01 23:26:00,2.0,0.08549999999999999,0.010606601717798217,0.0,23,4,0,0
2021-01-01 23:27:00,1.0,0.093,0.0,0.0,23,4,0,0
2021-01-01 23:28:00,2.0,0.14800000000000002,0.07778174593052024,0.0,23,4,0,0
2021-01-01 23:29:00,0.0,0.0,0.0,0.0,23,4,0,0
2021-01-01 23:30:00,0.0,0.0,0.0,0.0,23,4,0,0
2021-01-01 23:31:00,0.0,0.0,0.0,0.0,23,4,0,0
2021-01-01 23:32:00,1.0,0.093,0.0,0.0,23,4,0,0
2021-01-01 23:33:00,1.0,0.109,0.0,0.0,23,4,0,0
2021-01-01 23:34:00,1.0,0.082,0.0,0.0,23,4,0,0
2021-01-01 23:35:00,1.0,0.124,0.0,0.0,23,4,0,0
2021-01-01 23:36:00,0.0,0.0,0.0,0.0,23,4,0,0
2021-01-01 23:37:00,1.0,0.14,0.0,0.0,23,4,0,0
2021-01-01 23:38:00,0.0,0.0,0.0,0.0,23,4,0,0
2021-01-01 23:39:00,0.0,0.0,0.0,0.0,23,4,0,0
2021-01-01 23:40:00,0.0,0.0,0.0,0.0,23,4,0,0
2021-01-01 23:41:00,1.0,0.109,0.0,0.0,23,4,0,0
2021-01-01 23:42:00,1.0,0.093,0.0,0.0,23,4,0,0
2021-01-01 23:43:00,1.0,0.109,0.0,0.0,23,4,0,0
2021-01-01 23:44:00,0.0,0.0,0.0,0.0,23,4,0,0
2021-01-01 23:45:00,0.0,0.0,0.0,0.0,23,4,0,0
2021-01-01 23:46:00,1.0,0.124,0.0,0.0,23,4,0,0
2021-01-01 23:47:00,0.0,0.0,0.0,0.0,23,4,0,0
2021-01-01 23:48:00,1.0,0.078,0.0,0.0,23,4,0,0
2021-01-01 23:49:00,0.0,0.0,0.0,0.0,23,4,0,0
2021-01-01 23:50:00,1.0,0.078,0.0,0.0,23,4,0,0
2021-01-01 23:51:00,1.0,0.078,0.0,0.0,23,4,0,0
2021-01-01 23:52:00,0.0,0.0,0.0,0.0,23,4,0,0
2021-01-01 23:53:00,2.0,0.0875,0.007778174593052015,0.0,23,4,0,0
2021-01-01 23:54:00,1.0,0.109,0.0,0.0,23,4,0,0
2021-01-01 23:55:00,1.0,0.078,0.0,0.0,23,4,0,0
2021-01-01 23:56:00,1.0,0.078,0.0,0.0,23,4,0,0
2021-01-01 23:57:00,2.0,0.092,0.02262741699796952,0.0,23,4,0,0
2021-01-01 23:58:00,0.0,0.0,0.0,0.0,23,4,0,0
2021-01-01 23:59:00,1.0,0.093,0.0,0.0,23,4,0,0
2021-01-02 00:00:00,0.0,0.0,0.0,0.0,0,5,0,1
2021-01-02 00:01:00,1.0,0.093,0.0,0.0,0,5,0,1
2021-01-02 00:02:00,2.0,0.132,0.05515432893255071,0.0,0,5,0,1
2021-01-02 00:03:00,1.0,0.078,0.0,0.0,0,5,0,1
2021-01-02 00:04:00,1.0,0.093,0.0,0.0,0,5,0,1
2021-01-02 00:05:00,0.0,0.0,0.0,0.0,0,5,0,1
2021-01-02 00:06:00,1.0,0.109,0.0,0.0,0,5,0,1
2021-01-02 00:07:00,0.0,0.0,0.0,0.0,0,5,0,1
2021-01-02 00:08:00,0.0,0.0,0.0,0.0,0,5,0,1
2021-01-02 00:09:00,0.0,0.0,0.0,0.0,0,5,0,1
2021-01-02 00:10:00,1.0,0.125,0.0,0.0,0,5,0,1
2021-01-02 00:11:00,1.0,0.14,0.0,0.0,0,5,0,1
2021-01-02 00:12:00,0.0,0.0,0.0,0.0,0,5,0,1
2021-01-02 00:13:00,1.0,0.142,0.0,0.0,0,5,0,1
2021-01-02 00:14:00,0.0,0.0,0.0,0.0,0,5,0,1
2021-01-02 00:15:00,1.0,0.095,0.0,0.0,0,5,0,1
2021-01-02 00:16:00,0.0,0.0,0.0,0.0,0,5,0,1
2021-01-02 00:17:00,0.0,0.0,0.0,0.0,0,5,0,1
2021-01-02 00:18:00,0.0,0.0,0.0,0.0,0,5,0,1
2021-01-02 00:19:00,0.0,0.0,0.0,0.0,0,5,0,1
2021-01-02 00:20:00,1.0,0.14,0.0,0.0,0,5,0,1
2021-01-02 00:21:00,0.0,0.0,0.0,0.0,0,5,0,1
2021-01-02 00:22:00,0.0,0.0,0.0,0.0,0,5,0,1
2021-01-02 00:23:00,0.0,0.0,0.0,0.0,0,5,0,1
2021-01-02 00:24:00,2.0,0.21050000000000002,0.09970205614730321,0.0,0,5,0,1
2021-01-02 00:25:00,1.0,0.106,0.0,0.0,0,5,0,1
2021-01-02 00:26:00,0.0,0.0,0.0,0.0,0,5,0,1
2021-01-02 00:27:00,0.0,0.0,0.0,0.0,0,5,0,1
2021-01-02 00:28:00,0.0,0.0,0.0,0.0,0,5,0,1
2021-01-02 00:29:00,0.0,0.0,0.0,0.0,0,5,0,1
2021-01-02 00:30:00,0.0,0.0,0.0,0.0,0,5,0,1
2021-01-02 00:31:00,0.0,0.0,0.0,0.0,0,5,0,1
2021-01-02 00:32:00,0.0,0.0,0.0,0.0,0,5,0,1
2021-01-02 00:33:00,1.0,0.136,0.0,0.0,0,5,0,1
2021-01-02 00:34:00,0.0,0.0,0.0,0.0,0,5,0,1
2021-01-02 00:35:00,0.0,0.0,0.0,0.0,0,5,0,1
2021-01-02 00:36:00,1.0,0.109,0.0,0.0,0,5,0,1
2021-01-02 00:37:00,1.0,0.25,0.0,0.0,0,5,0,1
2021-01-02 00:38:00,2.0,0.1325,0.010606601717798222,0.0,0,5,0,1
2021-01-02 00:39:00,2.0,0.11699999999999999,0.011313708498984765,0.0,0,5,0,1
2021-01-02 00:40:00,2.0,0.109,0.0,0.0,0,5,0,1
2021-01-02 00:41:00,5.0,0.1122,0.006610597552415362,0.0,0,5,0,1
2021-01-02 00:42:00,5.0,0.19019999999999998,0.1305744998075811,0.0,0,5,0,1
2021-01-02 00:43:00,4.0,0.1285,0.04112987559751022,0.0,0,5,0,1
2021-01-02 00:44:00,7.0,0.08671428571428572,0.017660825629193043,0.0,0,5,0,1
2021-01-02 00:45:00,10.0,0.0886,0.010340857475728665,0.0,0,5,0,1
2021-01-02 00:46:00,13.0,0.0993076923076923,0.021673273154527658,0.0,0,5,0,1
2021-01-02 00:47:00,12.0,0.10083333333333333,0.022798856962310172,0.0,0,5,0,1
2021-01-02 00:48:00,14.0,0.10992857142857142,0.016808716995445158,0.0,0,5,0,1
2021-01-02 00:49:00,12.0,0.10358333333333332,0.007821396449755151,0.0,0,5,0,1
2021-01-02 00:50:00,11.0,0.12054545454545455,0.02385943685992457,0.0,0,5,0,1
2021-01-02 00:51:00,12.0,0.12383333333333334,0.02315101935055338,0.0,0,5,0,1
2021-01-02 00:52:00,9.0,0.11355555555555556,0.013857408768517222,0.0,0,5,0,1
2021-01-02 00:53:00,12.0,0.11616666666666668,0.025841592032765287,0.0,0,5,0,1
2021-01-02 00:54:00,12.0,0.10766666666666667,0.01069692677474434,0.0,0,5,0,1
2021-01-02 00:55:00,9.0,0.10366666666666667,0.01347219358530748,0.0,0,5,0,1
2021-01-02 00:56:00,10.0,0.1116,0.011964763079792072,0.0,0,5,0,1
2021-01-02 00:57:00,11.0,0.11709090909090909,0.016108721522545142,0.0,0,5,0,1
2021-01-02 00:58:00,7.0,0.12328571428571429,0.022058364140874736,0.0,0,5,0,1
2021-01-02 00:59:00,12.0,0.12958333333333333,0.03451865986372992,0.0,0,5,0,1
2021-01-02 01:00:00,7.0,0.2615714285714286,0.4237777944248838,0.0,1,5,0,1
2021-01-02 01:01:00,9.0,0.10933333333333334,0.012134661099511597,0.0,1,5,0,1
2021-01-02 01:02:00,6.0,0.1155,0.02250111108367762,0.0,1,5,0,1
2021-01-02 01:03:00,11.0,0.11918181818181818,0.033760385607448797,0.0,1,5,0,1
2021-01-02 01:04:00,7.0,0.11885714285714287,0.02226678072397363,0.0,1,5,0,1
2021-01-02 01:05:00,9.0,0.11444444444444445,0.019236106097071153,0.0,1,5,0,1
2021-01-02 01:06:00,12.0,0.12008333333333333,0.04808979920813548,0.0,1,5,0,1
2021-01-02 01:07:00,8.0,0.11175,0.015526475085202975,0.0,1,5,0,1
2021-01-02 01:08:00,9.0,0.11777777777777779,0.024045674131628014,0.0,1,5,0,1
2021-01-02 01:09:00,11.0,0.106,0.01824280680158621,0.0,1,5,0,1
2021-01-02 01:10:00,11.0,0.10718181818181818,0.01105276600510643,0.0,1,5,0,1
2021-01-02 01:11:00,8.0,0.11887500000000001,0.026177621304137956,0.0,1,5,0,1
2021-01-02 01:12:00,13.0,0.13484615384615387,0.05889516979889799,0.0,1,5,0,1
2021-01-02 01:13:00,7.0,0.12242857142857143,0.03052243515218023,0.0,1,5,0,1
2021-01-02 01:14:00,12.0,0.11466666666666665,0.01733275057295415,0.0,1,5,0,1
2021-01-02 01:15:00,11.0,0.10781818181818181,0.02068244754287162,0.0,1,5,0,1
2021-01-02 01:16:00,9.0,0.10744444444444445,0.016485684025170984,0.0,1,5,0,1
2021-01-02 01:17:00,12.0,0.10975,0.05014728307695243,0.0,1,5,0,1
2021-01-02 01:18:00,12.0,0.106,0.019097834241800105,0.0,1,5,0,1
2021-01-02 01:19:00,12.0,0.1085,0.01880280443299496,0.0,1,5,0,1
2021-01-02 01:20:00,12.0,0.13016666666666668,0.05143015269334329,0.0,1,5,0,1
2021-01-02 01:21:00,11.0,0.13454545454545455,0.057621807740409606,0.0,1,5,0,1
2021-01-02 01:22:00,13.0,0.13615384615384615,0.0802432200187303,0.0,1,5,0,1
2021-01-02 01:23:00,8.0,0.112,0.026763514610112667,0.0,1,5,0,1
2021-01-02 01:24:00,7.0,0.11542857142857144,0.02356450114654911,0.0,1,5,0,1
2021-01-02 01:25:00,7.0,0.12757142857142859,0.02109389439985848,0.0,1,5,0,1
2021-01-02 01:26:00,7.0,0.09714285714285716,0.02073184805581798,0.0,1,5,0,1
2021-01-02 01:27:00,3.0,0.10366666666666667,0.009237604307034014,0.0,1,5,0,1
2021-01-02 01:28:00,0.0,0.0,0.0,0.0,1,5,0,1
2021-01-02 01:29:00,3.0,0.09400000000000001,0.01452583904633395,0.0,1,5,0,1
2021-01-02 01:30:00,0.0,0.0,0.0,0.0,1,5,0,1
2021-01-02 01:31:00,1.0,0.093,0.0,0.0,1,5,0,1
2021-01-02 01:32:00,2.0,0.0935,0.021920310216782972,0.0,1,5,0,1
2021-01-02 01:33:00,0.0,0.0,0.0,0.0,1,5,0,1
2021-01-02 01:34:00,2.0,0.1015,0.03323401871576773,0.0,1,5,0,1
2021-01-02 01:35:00,3.0,0.11833333333333333,0.009814954576223637,0.0,1,5,0,1
2021-01-02 01:36:00,1.0,0.093,0.0,0.0,1,5,0,1
2021-01-02 01:37:00,0.0,0.0,0.0,0.0,1,5,0,1
2021-01-02 01:38:00,1.0,0.124,0.0,0.0,1,5,0,1
2021-01-02 01:39:00,0.0,0.0,0.0,0.0,1,5,0,1
2021-01-02 01:40:00,1.0,0.109,0.0,0.0,1,5,0,1
2021-01-02 01:41:00,1.0,0.109,0.0,0.0,1,5,0,1
2021-01-02 01:42:00,1.0,0.156,0.0,0.0,1,5,0,1
2021-01-02 01:43:00,0.0,0.0,0.0,0.0,1,5,0,1
2021-01-02 01:44:00,1.0,0.163,0.0,0.0,1,5,0,1
2021-01-02 01:45:00,0.0,0.0,0.0,0.0,1,5,0,1
2021-01-02 01:46:00,1.0,0.24,0.0,0.0,1,5,0,1
2021-01-02 01:47:00,1.0,0.124,0.0,0.0,1,5,0,1
2021-01-02 01:48:00,0.0,0.0,0.0,0.0,1,5,0,1
2021-01-02 01:49:00,0.0,0.0,0.0,0.0,1,5,0,1
2021-01-02 01:50:00,0.0,0.0,0.0,0.0,1,5,0,1
2021-01-02 01:51:00,2.0,0.179,0.011313708498984741,0.0,1,5,0,1
2021-01-02 01:52:00,1.0,0.102,0.0,0.0,1,5,0,1
2021-01-02 01:53:00,1.0,0.093,0.0,0.0,1,5,0,1
2021-01-02 01:54:00,0.0,0.0,0.0,0.0,1,5,0,1
2021-01-02 01:55:00,2.0,0.101,0.011313708498984755,0.0,1,5,0,1
2021-01-02 01:56:00,2.0,0.093,0.0,0.0,1,5,0,1
2021-01-02 01:57:00,1.0,0.361,0.0,0.0,1,5,0,1
2021-01-02 01:58:00,0.0,0.0,0.0,0.0,1,5,0,1
2021-01-02 01:59:00,1.0,0.14,0.0,0.0,1,5,0,1
2021-01-02 02:00:00,1.0,0.14,0.0,0.0,2,5,0,1
2021-01-02 02:01:00,0.0,0.0,0.0,0.0,2,5,0,1
2021-01-02 02:02:00,1.0,0.091,0.0,0.0,2,5,0,1
2021-01-02 02:03:00,1.0,0.156,0.0,0.0,2,5,0,1
2021-01-02 02:04:00,0.0,0.0,0.0,0.0,2,5,0,1
2021-01-02 02:05:00,1.0,0.128,0.0,0.0,2,5,0,1
2021-01-02 02:06:00,0.0,0.0,0.0,0.0,2,5,0,1
2021-01-02 02:07:00,2.0,0.10300000000000001,0.008485281374238573,0.0,2,5,0,1
2021-01-02 02:08:00,2.0,0.11699999999999999,0.05515432893255071,0.0,2,5,0,1
2021-01-02 02:09:00,1.0,0.078,0.0,0.0,2,5,0,1
2021-01-02 02:10:00,0.0,0.0,0.0,0.0,2,5,0,1
2021-01-02 02:11:00,0.0,0.0,0.0,0.0,2,5,0,1
2021-01-02 02:12:00,0.0,0.0,0.0,0.0,2,5,0,1
2021-01-02 02:13:00,1.0,0.109,0.0,0.0,2,5,0,1
2021-01-02 02:14:00,0.0,0.0,0.0,0.0,2,5,0,1
2021-01-02 02:15:00,0.0,0.0,0.0,0.0,2,5,0,1
2021-01-02 02:16:00,1.0,0.124,0.0,0.0,2,5,0,1
2021-01-02 02:17:00,0.0,0.0,0.0,0.0,2,5,0,1
2021-01-02 02:18:00,1.0,0.171,0.0,0.0,2,5,0,1
2021-01-02 02:19:00,1.0,0.109,0.0,0.0,2,5,0,1
2021-01-02 02:20:00,0.0,0.0,0.0,0.0,2,5,0,1
2021-01-02 02:21:00,0.0,0.0,0.0,0.0,2,5,0,1
2021-01-02 02:22:00,0.0,0.0,0.0,0.0,2,5,0,1
2021-01-02 02:23:00,0.0,0.0,0.0,0.0,2,5,0,1
2021-01-02 02:24:00,0.0,0.0,0.0,0.0,2,5,0,1
2021-01-02 02:25:00,0.0,0.0,0.0,0.0,2,5,0,1
2021-01-02 02:26:00,0.0,0.0,0.0,0.0,2,5,0,1
2021-01-02 02:27:00,2.0,0.1325,0.010606601717798222,0.0,2,5,0,1
2021-01-02 02:28:00,2.0,0.1705,0.08414570696119915,0.0,2,5,0,1
2021-01-02 02:29:00,0.0,0.0,0.0,0.0,2,5,0,1
2021-01-02 02:30:00,1.0,0.092,0.0,0.0,2,5,0,1
2021-01-02 02:31:00,0.0,0.0,0.0,0.0,2,5,0,1
2021-01-02 02:32:00,0.0,0.0,0.0,0.0,2,5,0,1
2021-01-02 02:33:00,2.0,0.101,0.011313708498984765,0.0,2,5,0,1
2021-01-02 02:34:00,0.0,0.0,0.0,0.0,2,5,0,1
2021-01-02 02:35:00,2.0,0.101,0.011313708498984755,0.0,2,5,0,1
2021-01-02 02:36:00,0.0,0.0,0.0,0.0,2,5,0,1
2021-01-02 02:37:00,5.0,0.1122,0.02305862094748947,0.0,2,5,0,1
2021-01-02 02:38:00,6.0,0.1655,0.04604671540946218,0.0,2,5,0,1
2021-01-02 02:39:00,7.0,0.13885714285714285,0.07029800511970109,0.0,2,5,0,1
2021-01-02 02:40:00,7.0,0.10071428571428571,0.014682350921137545,0.0,2,5,0,1
2021-01-02 02:41:00,9.0,0.096,0.017930421077041105,0.0,2,5,0,1
2021-01-02 02:42:00,10.0,0.1117,0.02025970275091803,0.0,2,5,0,1
2021-01-02 02:43:00,11.0,0.1109090909090909,0.023947670222610573,0.0,2,5,0,1
2021-01-02 02:44:00,10.0,0.09659999999999999,0.01914970263766806,0.0,2,5,0,1
2021-01-02 02:45:00,9.0,0.10177777777777779,0.021123315185937182,0.0,2,5,0,1
2021-01-02 02:46:00,10.0,0.1214,0.0427686281701384,0.0,2,5,0,1
2021-01-02 02:47:00,10.0,0.1122,0.03513402908862005,0.0,2,5,0,1
2021-01-02 02:48:00,10.0,0.1543,0.11305657384198801,0.0,2,5,0,1
2021-01-02 02:49:00,9.0,0.14255555555555555,0.029538581174081088,0.0,2,5,0,1
2021-01-02 02:50:00,9.0,0.10622222222222222,0.02060204952048326,0.0,2,5,0,1
2021-01-02 02:51:00,10.0,0.0954,0.016263114366224234,0.0,2,5,0,1
2021-01-02 02:52:00,10.0,0.1133,0.019281827944696767,0.0,2,5,0,1
2021-01-02 02:53:00,11.0,0.11936363636363635,0.02725535810541747,0.0,2,5,0,1
2021-01-02 02:54:00,8.0,0.10275,0.018452642087245934,0.0,2,5,0,1
2021-01-02 02:55:00,11.0,0.12045454545454545,0.026590839160747205,0.0,2,5,0,1
2021-01-02 02:56:00,8.0,0.1175,0.035164917582321,0.0,2,5,0,1
2021-01-02 02:57:00,2.0,0.093,0.02262741699796952,0.0,2,5,0,1
2021-01-02 02:58:00,7.0,0.10442857142857143,0.01735758376865036,0.0,2,5,0,1
2021-01-02 02:59:00,2.0,0.0935,0.021920310216782972,0.0,2,5,0,1
2021-01-02 03:00:00,5.0,0.1402,0.05749521719238914,0.0,3,5,0,1
2021-01-02 03:01:00,3.0,0.11399999999999999,0.01819340539866025,0.0,3,5,0,1
2021-01-02 03:02:00,4.0,0.105,0.008,0.0,3,5,0,1
2021-01-02 03:03:00,2.0,0.0935,0.021920310216782972,0.0,3,5,0,1
2021-01-02 03:04:00,2.0,0.1495,0.07990306627407986,0.0,3,5,0,1
2021-01-02 03:05:00,2.0,0.0915,0.0021213203435596446,0.0,3,5,0,1
2021-01-02 03:06:00,4.0,0.10575,0.00861684396980704,0.0,3,5,0,1
2021-01-02 03:07:00,5.0,0.10880000000000001,0.01096357605893259,0.0,3,5,0,1
2021-01-02 03:08:00,0.0,0.0,0.0,0.0,3,5,0,1
2021-01-02 03:09:00,2.0,0.11699999999999999,0.011313708498984765,0.0,3,5,0,1
2021-01-02 03:10:00,1.0,0.093,0.0,0.0,3,5,0,1
2021-01-02 03:11:00,1.0,0.109,0.0,0.0,3,5,0,1
2021-01-02 03:12:00,0.0,0.0,0.0,0.0,3,5,0,1
2021-01-02 03:13:00,1.0,0.109,0.0,0.0,3,5,0,1
2021-01-02 03:14:00,1.0,0.124,0.0,0.0,3,5,0,1
2021-01-02 03:15:00,0.0,0.0,0.0,0.0,3,5,0,1
2021-01-02 03:16:00,1.0,0.124,0.0,0.0,3,5,0,1
2021-01-02 03:17:00,1.0,0.109,0.0,0.0,3,5,0,1
2021-01-02 03:18:00,1.0,0.125,0.0,0.0,3,5,0,1
2021-01-02 03:19:00,1.0,0.124,0.0,0.0,3,5,0,1
2021-01-02 03:20:00,1.0,0.124,0.0,0.0,3,5,0,1
2021-01-02 03:21:00,1.0,0.156,0.0,0.0,3,5,0,1
2021-01-02 03:22:00,0.0,0.0,0.0,0.0,3,5,0,1
2021-01-02 03:23:00,0.0,0.0,0.0,0.0,3,5,0,1
2021-01-02 03:24:00,1.0,0.109,0.0,0.0,3,5,0,1
2021-01-02 03:25:00,1.0,0.12,0.0,0.0,3,5,0,1
2021-01-02 03:26:00,0.0,0.0,0.0,0.0,3,5,0,1
2021-01-02 03:27:00,0.0,0.0,0.0,0.0,3,5,0,1
2021-01-02 03:28:00,0.0,0.0,0.0,0.0,3,5,0,1
2021-01-02 03:29:00,2.0,0.132,0.05515432893255071,0.0,3,5,0,1
2021-01-02 03:30:00,2.0,0.189,0.06929646455628163,0.0,3,5,0,1
2021-01-02 03:31:00,2.0,0.101,0.011313708498984765,0.0,3,5,0,1
2021-01-02 03:32:00,0.0,0.0,0.0,0.0,3,5,0,1
2021-01-02 03:33:00,0.0,0.0,0.0,0.0,3,5,0,1
2021-01-02 03:34:00,2.0,0.093,0.0,0.0,3,5,0,1
2021-01-02 03:35:00,1.0,0.094,0.0,0.0,3,5,0,1
2021-01-02 03:36:00,1.0,0.093,0.0,0.0,3,5,0,1
2021-01-02 03:37:00,2.0,0.101,0.011313708498984765,0.0,3,5,0,1
2021-01-02 03:38:00,2.0,0.093,0.0,0.0,3,5,0,1
2021-01-02 03:39:00,2.0,0.101,0.011313708498984755,0.0,3,5,0,1
2021-01-02 03:40:00,0.0,0.0,0.0,0.0,3,5,0,1
2021-01-02 03:41:00,0.0,0.0,0.0,0.0,3,5,0,1
2021-01-02 03:42:00,0.0,0.0,0.0,0.0,3,5,0,1
2021-01-02 03:43:00,2.0,0.1245,0.06576093065034892,0.0,3,5,0,1
2021-01-02 03:44:00,1.0,0.062,0.0,0.0,3,5,0,1
2021-01-02 03:45:00,1.0,0.109,0.0,0.0,3,5,0,1
2021-01-02 03:46:00,0.0,0.0,0.0,0.0,3,5,0,1
2021-01-02 03:47:00,0.0,0.0,0.0,0.0,3,5,0,1
2021-01-02 03:48:00,0.0,0.0,0.0,0.0,3,5,0,1
2021-01-02 03:49:00,2.0,0.1095,0.02333452377915607,0.0,3,5,0,1
2021-01-02 03:50:00,1.0,0.078,0.0,0.0,3,5,0,1
2021-01-02 03:51:00,1.0,0.078,0.0,0.0,3,5,0,1
2021-01-02 03:52:00,1.0,0.078,0.0,0.0,3,5,0,1
2021-01-02 03:53:00,0.0,0.0,0.0,0.0,3,5,0,1
2021-01-02 03:54:00,0.0,0.0,0.0,0.0,3,5,0,1
2021-01-02 03:55:00,1.0,0.127,0.0,0.0,3,5,0,1
2021-01-02 03:56:00,0.0,0.0,0.0,0.0,3,5,0,1
2021-01-02 03:57:00,0.0,0.0,0.0,0.0,3,5,0,1
2021-01-02 03:58:00,0.0,0.0,0.0,0.0,3,5,0,1
2021-01-02 03:59:00,1.0,0.11,0.0,0.0,3,5,0,1
2021-01-02 04:00:00,2.0,0.109,0.02262741699796952,0.0,4,5,0,1
2021-01-02 04:01:00,0.0,0.0,0.0,0.0,4,5,0,1
2021-01-02 04:02:00,1.0,0.093,0.0,0.0,4,5,0,1
2021-01-02 04:03:00,1.0,0.109,0.0,0.0,4,5,0,1
2021-01-02 04:04:00,0.0,0.0,0.0,0.0,4,5,0,1
2021-01-02 04:05:00,0.0,0.0,0.0,0.0,4,5,0,1
2021-01-02 04:06:00,0.0,0.0,0.0,0.0,4,5,0,1
2021-01-02 04:07:00,1.0,0.093,0.0,0.0,4,5,0,1
2021-01-02 04:08:00,0.0,0.0,0.0,0.0,4,5,0,1
2021-01-02 04:09:00,0.0,0.0,0.0,0.0,4,5,0,1
2021-01-02 04:10:00,0.0,0.0,0.0,0.0,4,5,0,1
2021-01-02 04:11:00,1.0,0.109,0.0,0.0,4,5,0,1
2021-01-02 04:12:00,1.0,0.093,0.0,0.0,4,5,0,1
2021-01-02 04:13:00,0.0,0.0,0.0,0.0,4,5,0,1
2021-01-02 04:14:00,1.0,0.093,0.0,0.0,4,5,0,1
2021-01-02 04:15:00,5.0,0.10500000000000001,0.024505101509685694,0.0,4,5,0,1
2021-01-02 04:16:00,9.0,0.095,0.019697715603592212,0.0,4,5,0,1
2021-01-02 04:17:00,8.0,0.09525,0.031494897545929115,0.0,4,5,0,1
2021-01-02 04:18:00,8.0,0.08925,0.010819955109492303,0.0,4,5,0,1
2021-01-02 04:19:00,8.0,0.07875,0.010457396562105828,0.0,4,5,0,1
2021-01-02 04:20:00,9.0,0.08466666666666667,0.007905694150420946,0.0,4,5,0,1
2021-01-02 04:21:00,10.0,0.09459999999999999,0.02435934682576234,0.0,4,5,0,1
2021-01-02 04:22:00,9.0,0.08944444444444444,0.021680124025885504,0.0,4,5,0,1
2021-01-02 04:23:00,9.0,0.10188888888888889,0.03296378484202188,0.0,4,5,0,1
2021-01-02 04:24:00,10.0,0.0841,0.016809058404456935,0.0,4,5,0,1
2021-01-02 04:25:00,10.0,0.0838,0.013431306712304652,0.0,4,5,0,1
2021-01-02 04:26:00,10.0,0.0986,0.03367887567402847,0.0,4,5,0,1
2021-01-02 04:27:00,9.0,0.08644444444444445,0.011248456684264635,0.0,4,5,0,1
2021-01-02 04:28:00,8.0,0.093625,0.016986864673287156,0.0,4,5,0,1
2021-01-02 04:29:00,9.0,0.10133333333333333,0.030740852297878794,0.0,4,5,0,1
2021-01-02 04:30:00,10.0,0.0874,0.012231107881136525,0.0,4,5,0,1
2021-01-02 04:31:00,8.0,0.095375,0.026938753285395908,0.0,4,5,0,1
2021-01-02 04:32:00,9.0,0.09733333333333333,0.0369729630946723,0.0,4,5,0,1
2021-01-02 04:33:00,6.0,0.08783333333333333,0.008010409893798611,0.0,4,5,0,1
2021-01-02 04:34:00,8.0,0.08549999999999999,0.008017837257372729,0.0,4,5,0,1
2021-01-02 04:35:00,9.0,0.10244444444444444,0.028935752587029382,0.0,4,5,0,1
2021-01-02 04:36:00,9.0,0.11066666666666666,0.062201286160335954,0.0,4,5,0,1
2021-01-02 04:37:00,9.0,0.08788888888888889,0.010902344294284199,0.0,4,5,0,1
2021-01-02 04:38:00,8.0,0.0895,0.02006418272871907,0.0,4,5,0,1
2021-01-02 04:39:00,9.0,0.08788888888888889,0.018864281356868885,0.0,4,5,0,1
2021-01-02 04:40:00,7.0,0.10228571428571429,0.02685587636324861,0.0,4,5,0,1
2021-01-02 04:41:00,7.0,0.09385714285714286,0.012019824893740778,0.0,4,5,0,1
2021-01-02 04:42:00,5.0,0.0934,0.01219836054558153,0.0,4,5,0,1
2021-01-02 04:43:00,6.0,0.10000000000000002,0.040044974715936585,0.0,4,5,0,1
2021-01-02 04:44:00,4.0,0.1735,0.18113806888669207,0.0,4,5,0,1
2021-01-02 04:45:00,4.0,0.101,0.02694438717061497,0.0,4,5,0,1
2021-01-02 04:46:00,2.0,0.1355,0.06010407640085655,0.0,4,5,0,1
2021-01-02 04:47:00,2.0,0.086,0.009899494936611668,0.0,4,5,0,1
2021-01-02 04:48:00,4.0,0.0825,0.007141428428542849,0.0,4,5,0,1
2021-01-02 04:49:00,0.0,0.0,0.0,0.0,4,5,0,1
2021-01-02 04:50:00,1.0,0.078,0.0,0.0,4,5,0,1
2021-01-02 04:51:00,4.0,0.12375,0.04273464636568319,0.0,4,5,0,1
2021-01-02 04:52:00,2.0,0.16699999999999998,0.10465180361560901,0.0,4,5,0,1
2021-01-02 04:53:00,4.0,0.08474999999999999,0.009604686356149273,0.0,4,5,0,1
2021-01-02 04:54:00,1.0,0.295,0.0,0.0,4,5,0,1
2021-01-02 04:55:00,1.0,0.093,0.0,0.0,4,5,0,1
2021-01-02 04:56:00,2.0,0.1245,0.044547727214752496,0.0,4,5,0,1
2021-01-02 04:57:00,2.0,0.109,0.0,0.0,4,5,0,1
2021-01-02 04:58:00,0.0,0.0,0.0,0.0,4,5,0,1
2021-01-02 04:59:00,2.0,0.101,0.011313708498984755,0.0,4,5,0,1
2021-01-02 05:00:00,0.0,0.0,0.0,0.0,5,5,0,1
2021-01-02 05:01:00,1.0,0.141,0.0,0.0,5,5,0,1
2021-01-02 05:02:00,1.0,0.205,0.0,0.0,5,5,0,1
2021-01-02 05:03:00,1.0,0.109,0.0,0.0,5,5,0,1
2021-01-02 05:04:00,0.0,0.0,0.0,0.0,5,5,0,1
2021-01-02 05:05:00,0.0,0.0,0.0,0.0,5,5,0,1
2021-01-02 05:06:00,0.0,0.0,0.0,0.0,5,5,0,1
2021-01-02 05:07:00,0.0,0.0,0.0,0.0,5,5,0,1
2021-01-02 05:08:00,0.0,0.0,0.0,0.0,5,5,0,1
2021-01-02 05:09:00,1.0,0.065,0.0,0.0,5,5,0,1
2021-01-02 05:10:00,1.0,0.109,0.0,0.0,5,5,0,1
2021-01-02 05:11:00,4.0,0.0895,0.014798648586948746,0.0,5,5,0,1
2021-01-02 05:12:00,1.0,0.234,0.0,0.0,5,5,0,1
2021-01-02 05:13:00,2.0,0.093,0.0,0.0,5,5,0,1
2021-01-02 05:14:00,0.0,0.0,0.0,0.0,5,5,0,1
2021-01-02 05:15:00,0.0,0.0,0.0,0.0,5,5,0,1
2021-01-02 05:16:00,1.0,0.109,0.0,0.0,5,5,0,1
2021-01-02 05:17:00,0.0,0.0,0.0,0.0,5,5,0,1
2021-01-02 05:18:00,2.0,0.1245,0.021920310216782986,0.0,5,5,0,1
2021-01-02 05:19:00,0.0,0.0,0.0,0.0,5,5,0,1
2021-01-02 05:20:00,1.0,0.109,0.0,0.0,5,5,0,1
2021-01-02 05:21:00,0.0,0.0,0.0,0.0,5,5,0,1
2021-01-02 05:22:00,0.0,0.0,0.0,0.0,5,5,0,1
2021-01-02 05:23:00,1.0,0.094,0.0,0.0,5,5,0,1
2021-01-02 05:24:00,0.0,0.0,0.0,0.0,5,5,0,1
2021-01-02 05:25:00,1.0,0.078,0.0,0.0,5,5,0,1
2021-01-02 05:26:00,0.0,0.0,0.0,0.0,5,5,0,1
2021-01-02 05:27:00,1.0,0.093,0.0,0.0,5,5,0,1
2021-01-02 05:28:00,0.0,0.0,0.0,0.0,5,5,0,1
2021-01-02 05:29:00,0.0,0.0,0.0,0.0,5,5,0,1
2021-01-02 05:30:00,0.0,0.0,0.0,0.0,5,5,0,1
2021-01-02 05:31:00,1.0,0.125,0.0,0.0,5,5,0,1
2021-01-02 05:32:00,2.0,0.101,0.011313708498984765,0.0,5,5,0,1
2021-01-02 05:33:00,1.0,0.109,0.0,0.0,5,5,0,1
2021-01-02 05:34:00,0.0,0.0,0.0,0.0,5,5,0,1
2021-01-02 05:35:00,0.0,0.0,0.0,0.0,5,5,0,1
2021-01-02 05:36:00,0.0,0.0,0.0,0.0,5,5,0,1
2021-01-02 05:37:00,2.0,0.1555,0.08838834764831845,0.0,5,5,0,1
2021-01-02 05:38:00,0.0,0.0,0.0,0.0,5,5,0,1
2021-01-02 05:39:00,1.0,0.125,0.0,0.0,5,5,0,1
2021-01-02 05:40:00,0.0,0.0,0.0,0.0,5,5,0,1
2021-01-02 05:41:00,1.0,0.095,0.0,0.0,5,5,0,1
2021-01-02 05:42:00,1.0,0.078,0.0,0.0,5,5,0,1
2021-01-02 05:43:00,1.0,0.093,0.0,0.0,5,5,0,1
2021-01-02 05:44:00,0.0,0.0,0.0,0.0,5,5,0,1
2021-01-02 05:45:00,0.0,0.0,0.0,0.0,5,5,0,1
2021-01-02 05:46:00,0.0,0.0,0.0,0.0,5,5,0,1
2021-01-02 05:47:00,0.0,0.0,0.0,0.0,5,5,0,1
2021-01-02 05:48:00,0.0,0.0,0.0,0.0,5,5,0,1
2021-01-02 05:49:00,0.0,0.0,0.0,0.0,5,5,0,1
2021-01-02 05:50:00,2.0,0.1245,0.021920310216782986,0.0,5,5,0,1
2021-01-02 05:51:00,0.0,0.0,0.0,0.0,5,5,0,1
2021-01-02 05:52:00,1.0,0.078,0.0,0.0,5,5,0,1
2021-01-02 05:53:00,0.0,0.0,0.0,0.0,5,5,0,1
2021-01-02 05:54:00,0.0,0.0,0.0,0.0,5,5,0,1
2021-01-02 05:55:00,0.0,0.0,0.0,0.0,5,5,0,1
2021-01-02 05:56:00,0.0,0.0,0.0,0.0,5,5,0,1
2021-01-02 05:57:00,0.0,0.0,0.0,0.0,5,5,0,1
2021-01-02 05:58:00,0.0,0.0,0.0,0.0,5,5,0,1
2021-01-02 05:59:00,1.0,0.109,0.0,0.0,5,5,0,1
2021-01-02 06:00:00,0.0,0.0,0.0,0.0,6,5,0,1
2021-01-02 06:01:00,1.0,0.124,0.0,0.0,6,5,0,1
2021-01-02 06:02:00,0.0,0.0,0.0,0.0,6,5,0,1
2021-01-02 06:03:00,1.0,0.237,0.0,0.0,6,5,0,1
2021-01-02 06:04:00,0.0,0.0,0.0,0.0,6,5,0,1
2021-01-02 06:05:00,1.0,0.128,0.0,0.0,6,5,0,1
2021-01-02 06:06:00,0.0,0.0,0.0,0.0,6,5,0,1
2021-01-02 06:07:00,0.0,0.0,0.0,0.0,6,5,0,1
2021-01-02 06:08:00,1.0,0.109,0.0,0.0,6,5,0,1
2021-01-02 06:09:00,0.0,0.0,0.0,0.0,6,5,0,1
2021-01-02 06:10:00,0.0,0.0,0.0,0.0,6,5,0,1
2021-01-02 06:11:00,1.0,0.093,0.0,0.0,6,5,0,1
2021-01-02 06:12:00,0.0,0.0,0.0,0.0,6,5,0,1
2021-01-02 06:13:00,1.0,0.106,0.0,0.0,6,5,0,1
2021-01-02 06:14:00,1.0,0.111,0.0,0.0,6,5,0,1
2021-01-02 06:15:00,1.0,0.078,0.0,0.0,6,5,0,1
2021-01-02 06:16:00,0.0,0.0,0.0,0.0,6,5,0,1
2021-01-02 06:17:00,1.0,0.093,0.0,0.0,6,5,0,1
2021-01-02 06:18:00,2.0,0.1245,0.021920310216782986,0.0,6,5,0,1
2021-01-02 06:19:00,0.0,0.0,0.0,0.0,6,5,0,1
2021-01-02 06:20:00,1.0,0.109,0.0,0.0,6,5,0,1
2021-01-02 06:21:00,0.0,0.0,0.0,0.0,6,5,0,1
2021-01-02 06:22:00,2.0,0.101,0.011313708498984755,0.0,6,5,0,1
2021-01-02 06:23:00,1.0,0.078,0.0,0.0,6,5,0,1
2021-01-02 06:24:00,0.0,0.0,0.0,0.0,6,5,0,1
2021-01-02 06:25:00,0.0,0.0,0.0,0.0,6,5,0,1
2021-01-02 06:26:00,2.0,0.0925,0.02333452377915607,0.0,6,5,0,1
2021-01-02 06:27:00,0.0,0.0,0.0,0.0,6,5,0,1
2021-01-02 06:28:00,0.0,0.0,0.0,0.0,6,5,0,1
2021-01-02 06:29:00,1.0,0.187,0.0,0.0,6,5,0,1
2021-01-02 06:30:00,0.0,0.0,0.0,0.0,6,5,0,1
2021-01-02 06:31:00,2.0,0.1635,0.09970205614730321,0.0,6,5,0,1
2021-01-02 06:32:00,1.0,0.078,0.0,0.0,6,5,0,1
2021-01-02 06:33:00,1.0,0.078,0.0,0.0,6,5,0,1
2021-01-02 06:34:00,0.0,0.0,0.0,0.0,6,5,0,1
2021-01-02 06:35:00,1.0,0.093,0.0,0.0,6,5,0,1
2021-01-02 06:36:00,1.0,0.124,0.0,0.0,6,5,0,1
2021-01-02 06:37:00,0.0,0.0,0.0,0.0,6,5,0,1
2021-01-02 06:38:00,1.0,0.093,0.0,0.0,6,5,0,1
2021-01-02 06:39:00,3.0,0.09333333333333334,0.015502687938977985,0.0,6,5,0,1
2021-01-02 06:40:00,7.0,0.095,0.035213633723318025,0.0,6,5,0,1
2021-01-02 06:41:00,9.0,0.09811111111111111,0.0252410600235234,0.0,6,5,0,1
2021-01-02 06:42:00,8.0,0.0915,0.02258950451616224,0.0,6,5,0,1
2021-01-02 06:43:00,8.0,0.091375,0.013255052944874592,0.0,6,5,0,1
2021-01-02 06:44:00,11.0,0.0870909090909091,0.01793574389566569,0.0,6,5,0,1
2021-01-02 06:45:00,10.0,0.0872,0.015873107936240954,0.0,6,5,0,1
2021-01-02 06:46:00,8.0,0.096875,0.025102290732122435,0.0,6,5,0,1
2021-01-02 06:47:00,11.0,0.08636363636363636,0.012659168434559413,0.0,6,5,0,1
2021-01-02 06:48:00,9.0,0.07833333333333332,0.010161200716450783,0.0,6,5,0,1
2021-01-02 06:49:00,10.0,0.1323,0.0739324767007782,0.0,6,5,0,1
2021-01-02 06:50:00,9.0,0.10688888888888888,0.054413795227966875,0.0,6,5,0,1
2021-01-02 06:51:00,8.0,0.08675,0.009910312089651147,0.0,6,5,0,1
2021-01-02 06:52:00,10.0,0.0784,0.012598059815348997,0.0,6,5,0,1
2021-01-02 06:53:00,10.0,0.097,0.02783682612815062,0.0,6,5,0,1
2021-01-02 06:54:00,9.0,0.08122222222222222,0.006398784606817488,0.0,6,5,0,1
2021-01-02 06:55:00,9.0,0.08433333333333333,0.026081602711489956,0.0,6,5,0,1
2021-01-02 06:56:00,9.0,0.07966666666666666,0.005,0.0,6,5,0,1
2021-01-02 06:57:00,8.0,0.088375,0.021810466032880373,0.0,6,5,0,1
2021-01-02 06:58:00,9.0,0.08922222222222222,0.022174184188926645,0.0,6,5,0,1
2021-01-02 06:59:00,8.0,0.08775,0.014389976670287848,0.0,6,5,0,1
2021-01-02 07:00:00,6.0,0.10616666666666667,0.03324103889271012,0.0,7,5,0,1
2021-01-02 07:01:00,7.0,0.121,0.049091750834534306,0.0,7,5,0,1
2021-01-02 07:02:00,8.0,0.0915,0.017574331932029248,0.0,7,5,0,1
2021-01-02 07:03:00,6.0,0.083,0.021372880011828074,0.0,7,5,0,1
2021-01-02 07:04:00,7.0,0.09785714285714286,0.033077830296784246,0.0,7,5,0,1
2021-01-02 07:05:00,8.0,0.088,0.021934968820193412,0.0,7,5,0,1
2021-01-02 07:06:00,10.0,0.0886,0.017902203464626606,0.0,7,5,0,1
2021-01-02 07:07:00,8.0,0.089375,0.015837906607701846,0.0,7,5,0,1
2021-01-02 07:08:00,5.0,0.0838,0.007949842765740718,0.0,7,5,0,1
2021-01-02 07:09:00,9.0,0.08311111111111111,0.015333333333333334,0.0,7,5,0,1
2021-01-02 07:10:00,5.0,0.0842,0.013863621460498694,0.0,7,5,0,1
2021-01-02 07:11:00,8.0,0.07975,0.009866972324737858,0.0,7,5,0,1
2021-01-02 07:12:00,6.0,0.08683333333333333,0.010303721010715822,0.0,7,5,0,1
2021-01-02 07:13:00,6.0,0.09116666666666667,0.010998484744121196,0.0,7,5,0,1
2021-01-02 07:14:00,7.0,0.07985714285714285,0.013921548901236662,0.0,7,5,0,1
2021-01-02 07:15:00,3.0,0.08833333333333333,0.0089628864398325,0.0,7,5,0,1
2021-01-02 07:16:00,0.0,0.0,0.0,0.0,7,5,0,1
2021-01-02 07:17:00,0.0,0.0,0.0,0.0,7,5,0,1
2021-01-02 07:18:00,0.0,0.0,0.0,0.0,7,5,0,1
2021-01-02 07:19:00,0.0,0.0,0.0,0.0,7,5,0,1
2021-01-02 07:20:00,2.0,0.115,0.0311126983722081,0.0,7,5,0,1
2021-01-02 07:21:00,2.0,0.093,0.0,0.0,7,5,0,1
2021-01-02 07:22:00,0.0,0.0,0.0,0.0,7,5,0,1
2021-01-02 07:23:00,1.0,0.093,0.0,0.0,7,5,0,1
2021-01-02 07:24:00,1.0,0.078,0.0,0.0,7,5,0,1
2021-01-02 07:25:00,0.0,0.0,0.0,0.0,7,5,0,1
2021-01-02 07:26:00,0.0,0.0,0.0,0.0,7,5,0,1
2021-01-02 07:27:00,0.0,0.0,0.0,0.0,7,5,0,1
2021-01-02 07:28:00,0.0,0.0,0.0,0.0,7,5,0,1
2021-01-02 07:29:00,0.0,0.0,0.0,0.0,7,5,0,1
2021-01-02 07:30:00,0.0,0.0,0.0,0.0,7,5,0,1
2021-01-02 07:31:00,0.0,0.0,0.0,0.0,7,5,0,1
2021-01-02 07:32:00,0.0,0.0,0.0,0.0,7,5,0,1
2021-01-02 07:33:00,0.0,0.0,0.0,0.0,7,5,0,1
2021-01-02 07:34:00,1.0,0.078,0.0,1.0,7,5,0,1
2021-01-02 07:35:00,0.0,0.0,0.0,0.0,7,5,0,1
2021-01-02 07:36:00,0.0,0.0,0.0,0.0,7,5,0,1
2021-01-02 07:37:00,0.0,0.0,0.0,0.0,7,5,0,1
2021-01-02 07:38:00,0.0,0.0,0.0,0.0,7,5,0,1
2021-01-02 07:39:00,0.0,0.0,0.0,0.0,7,5,0,1
2021-01-02 07:40:00,0.0,0.0,0.0,0.0,7,5,0,1
2021-01-02 07:41:00,1.0,0.093,0.0,0.0,7,5,0,1
2021-01-02 07:42:00,1.0,0.109,0.0,0.0,7,5,0,1
2021-01-02 07:43:00,0.0,0.0,0.0,0.0,7,5,0,1
2021-01-02 07:44:00,0.0,0.0,0.0,0.0,7,5,0,1
2021-01-02 07:45:00,1.0,0.187,0.0,0.0,7,5,0,1
2021-01-02 07:46:00,0.0,0.0,0.0,0.0,7,5,0,1
2021-01-02 07:47:00,1.0,0.162,0.0,0.0,7,5,0,1
2021-01-02 07:48:00,2.0,0.109,0.0,0.0,7,5,0,1
2021-01-02 07:49:00,0.0,0.0,0.0,0.0,7,5,0,1
2021-01-02 07:50:00,0.0,0.0,0.0,0.0,7,5,0,1
2021-01-02 07:51:00,1.0,0.33,0.0,0.0,7,5,0,1
2021-01-02 07:52:00,0.0,0.0,0.0,0.0,7,5,0,1
2021-01-02 07:53:00,0.0,0.0,0.0,0.0,7,5,0,1
2021-01-02 07:54:00,1.0,0.078,0.0,0.0,7,5,0,1
2021-01-02 07:55:00,0.0,0.0,0.0,0.0,7,5,0,1
2021-01-02 07:56:00,2.0,0.08549999999999999,0.03323401871576773,0.0,7,5,0,1
2021-01-02 07:57:00,2.0,0.08549999999999999,0.010606601717798208,0.0,7,5,0,1
2021-01-02 07:58:00,1.0,0.093,0.0,0.0,7,5,0,1
2021-01-02 07:59:00,1.0,0.078,0.0,0.0,7,5,0,1
2021-01-02 08:00:00,3.0,0.145,0.07744029958619736,0.0,8,5,0,1
2021-01-02 08:01:00,1.0,0.109,0.0,0.0,8,5,0,1
2021-01-02 08:02:00,1.0,0.093,0.0,0.0,8,5,0,1
2021-01-02 08:03:00,1.0,0.093,0.0,0.0,8,5,0,1
2021-01-02 08:04:00,2.0,0.08449999999999999,0.009192388155425111,0.0,8,5,0,1
2021-01-02 08:05:00,1.0,0.078,0.0,0.0,8,5,0,1
2021-01-02 08:06:00,2.0,0.08549999999999999,0.010606601717798208,0.0,8,5,0,1
2021-01-02 08:07:00,1.0,0.078,0.0,0.0,8,5,0,1
2021-01-02 08:08:00,1.0,0.109,0.0,0.0,8,5,0,1
2021-01-02 08:09:00,0.0,0.0,0.0,0.0,8,5,0,1
2021-01-02 08:10:00,0.0,0.0,0.0,0.0,8,5,0,1
2021-01-02 08:11:00,0.0,0.0,0.0,0.0,8,5,0,1
2021-01-02 08:12:00,0.0,0.0,0.0,0.0,8,5,0,1
2021-01-02 08:13:00,1.0,0.078,0.0,0.0,8,5,0,1
2021-01-02 08:14:00,0.0,0.0,0.0,0.0,8,5,0,1
2021-01-02 08:15:00,0.0,0.0,0.0,0.0,8,5,0,1
2021-01-02 08:16:00,1.0,0.078,0.0,0.0,8,5,0,1
2021-01-02 08:17:00,0.0,0.0,0.0,0.0,8,5,0,1
2021-01-02 08:18:00,0.0,0.0,0.0,0.0,8,5,0,1
2021-01-02 08:19:00,1.0,0.093,0.0,0.0,8,5,0,1
2021-01-02 08:20:00,2.0,0.093,0.0,0.0,8,5,0,1
2021-01-02 08:21:00,1.0,0.172,0.0,0.0,8,5,0,1
2021-01-02 08:22:00,1.0,0.203,0.0,0.0,8,5,0,1
2021-01-02 08:23:00,0.0,0.0,0.0,0.0,8,5,0,1
2021-01-02 08:24:00,2.0,0.1165,0.03323401871576774,0.0,8,5,0,1
2021-01-02 08:25:00,1.0,0.109,0.0,0.0,8,5,0,1
2021-01-02 08:26:00,0.0,0.0,0.0,0.0,8,5,0,1
2021-01-02 08:27:00,0.0,0.0,0.0,0.0,8,5,0,1
2021-01-02 08:28:00,0.0,0.0,0.0,0.0,8,5,0,1
2021-01-02 08:29:00,1.0,0.124,0.0,0.0,8,5,0,1
2021-01-02 08:30:00,1.0,0.093,0.0,0.0,8,5,0,1
2021-01-02 08:31:00,2.0,0.187,0.13293607486307094,0.0,8,5,0,1
2021-01-02 08:32:00,0.0,0.0,0.0,0.0,8,5,0,1
2021-01-02 08:33:00,1.0,0.109,0.0,0.0,8,5,0,1
2021-01-02 08:34:00,0.0,0.0,0.0,0.0,8,5,0,1
2021-01-02 08:35:00,0.0,0.0,0.0,0.0,8,5,0,1
2021-01-02 08:36:00,1.0,0.078,0.0,0.0,8,5,0,1
2021-01-02 08:37:00,1.0,0.093,0.0,0.0,8,5,0,1
2021-01-02 08:38:00,0.0,0.0,0.0,0.0,8,5,0,1
2021-01-02 08:39:00,0.0,0.0,0.0,0.0,8,5,0,1
2021-01-02 08:40:00,0.0,0.0,0.0,0.0,8,5,0,1
2021-01-02 08:41:00,0.0,0.0,0.0,0.0,8,5,0,1
2021-01-02 08:42:00,1.0,0.078,0.0,0.0,8,5,0,1
2021-01-02 08:43:00,0.0,0.0,0.0,0.0,8,5,0,1
2021-01-02 08:44:00,0.0,0.0,0.0,0.0,8,5,0,1
2021-01-02 08:45:00,1.0,0.078,0.0,0.0,8,5,0,1
2021-01-02 08:46:00,6.0,0.103,0.01784376641855637,0.0,8,5,0,1
2021-01-02 08:47:00,8.0,0.1015,0.05401058097394304,0.0,8,5,0,1
2021-01-02 08:48:00,8.0,0.0955,0.022690463698592477,0.0,8,5,0,1
2021-01-02 08:49:00,5.0,0.09359999999999999,0.010990905331227268,0.0,8,5,0,1
2021-01-02 08:50:00,5.0,0.093,0.035242020373412196,0.0,8,5,0,1
2021-01-02 08:51:00,10.0,0.0968,0.03156228410267194,0.0,8,5,0,1
2021-01-02 08:52:00,7.0,0.09742857142857143,0.03324583754826632,0.0,8,5,0,1
2021-01-02 08:53:00,9.0,0.09855555555555556,0.04740282457594461,0.0,8,5,0,1
2021-01-02 08:54:00,8.0,0.083625,0.014212042177574017,0.0,8,5,0,1
2021-01-02 08:55:00,11.0,0.08327272727272728,0.014381174563233066,0.0,8,5,0,1
2021-01-02 08:56:00,8.0,0.084125,0.014652522942190823,0.0,8,5,0,1
2021-01-02 08:57:00,9.0,0.09844444444444445,0.032810482742223986,0.0,8,5,0,1
2021-01-02 08:58:00,11.0,0.11063636363636364,0.053222688258434916,0.0,8,5,0,1
2021-01-02 08:59:00,8.0,0.13025,0.052624681878916314,0.0,8,5,0,1
2021-01-02 09:00:00,11.0,0.09699999999999999,0.03477067730142742,0.0,9,5,0,1
2021-01-02 09:01:00,8.0,0.09825,0.03894960113494654,0.0,9,5,0,1
2021-01-02 09:02:00,8.0,0.09725,0.031837758356122646,0.0,9,5,0,1
2021-01-02 09:03:00,8.0,0.11925,0.09387796029192062,0.0,9,5,0,1
2021-01-02 09:04:00,4.0,0.1015,0.02066397831977182,0.0,9,5,0,1
2021-01-02 09:05:00,4.0,0.08925,0.0075,0.0,9,5,0,1
2021-01-02 09:06:00,7.0,0.08414285714285714,0.015301727260112077,0.0,9,5,0,1
2021-01-02 09:07:00,5.0,0.0892,0.012833549781724463,0.0,9,5,0,1
2021-01-02 09:08:00,3.0,0.09333333333333334,0.015502687938977987,0.0,9,5,0,1
2021-01-02 09:09:00,5.0,0.0872,0.02380546155822231,0.0,9,5,0,1
2021-01-02 09:10:00,3.0,0.083,0.008660254037844385,0.0,9,5,0,1
2021-01-02 09:11:00,2.0,0.078,0.0,0.0,9,5,0,1
2021-01-02 09:12:00,0.0,0.0,0.0,0.0,9,5,0,1
2021-01-02 09:13:00,2.0,0.078,0.0,0.0,9,5,0,1
2021-01-02 09:14:00,2.0,0.101,0.011313708498984765,0.0,9,5,0,1
2021-01-02 09:15:00,2.0,0.10450000000000001,0.03747665940288702,0.0,9,5,0,1
2021-01-02 09:16:00,0.0,0.0,0.0,0.0,9,5,0,1
2021-01-02 09:17:00,0.0,0.0,0.0,0.0,9,5,0,1
2021-01-02 09:18:00,0.0,0.0,0.0,0.0,9,5,0,1
2021-01-02 09:19:00,3.0,0.09333333333333334,0.026558112382722786,0.0,9,5,0,1
2021-01-02 09:20:00,3.0,0.08800000000000001,0.008660254037844385,0.0,9,5,0,1
2021-01-02 09:21:00,1.0,0.093,0.0,0.0,9,5,0,1
2021-01-02 09:22:00,0.0,0.0,0.0,0.0,9,5,0,1
2021-01-02 09:23:00,0.0,0.0,0.0,0.0,9,5,0,1
2021-01-02 09:24:00,0.0,0.0,0.0,0.0,9,5,0,1
2021-01-02 09:25:00,1.0,0.078,0.0,0.0,9,5,0,1
2021-01-02 09:26:00,1.0,0.085,0.0,0.0,9,5,0,1
2021-01-02 09:27:00,2.0,0.08549999999999999,0.010606601717798208,0.0,9,5,0,1
2021-01-02 09:28:00,1.0,0.093,0.0,0.0,9,5,0,1
2021-01-02 09:29:00,1.0,0.093,0.0,0.0,9,5,0,1
2021-01-02 09:30:00,0.0,0.0,0.0,0.0,9,5,0,1
2021-01-02 09:31:00,2.0,0.101,0.011313708498984755,0.0,9,5,0,1
2021-01-02 09:32:00,0.0,0.0,0.0,0.0,9,5,0,1
2021-01-02 09:33:00,0.0,0.0,0.0,0.0,9,5,0,1
2021-01-02 09:34:00,3.0,0.07766666666666666,0.015502687938977976,0.0,9,5,0,1
2021-01-02 09:35:00,0.0,0.0,0.0,0.0,9,5,0,1
2021-01-02 09:36:00,1.0,0.078,0.0,0.0,9,5,0,1
2021-01-02 09:37:00,0.0,0.0,0.0,0.0,9,5,0,1
2021-01-02 09:38:00,1.0,0.078,0.0,0.0,9,5,0,1
2021-01-02 09:39:00,0.0,0.0,0.0,0.0,9,5,0,1
2021-01-02 09:40:00,2.0,0.08249999999999999,0.006363961030678929,0.0,9,5,0,1
2021-01-02 09:41:00,0.0,0.0,0.0,0.0,9,5,0,1
2021-01-02 09:42:00,1.0,0.078,0.0,0.0,9,5,0,1
2021-01-02 09:43:00,0.0,0.0,0.0,0.0,9,5,0,1
2021-01-02 09:44:00,1.0,0.093,0.0,0.0,9,5,0,1
2021-01-02 09:45:00,1.0,0.109,0.0,0.0,9,5,0,1
2021-01-02 09:46:00,1.0,0.125,0.0,0.0,9,5,0,1
2021-01-02 09:47:00,1.0,0.093,0.0,0.0,9,5,0,1
2021-01-02 09:48:00,0.0,0.0,0.0,0.0,9,5,0,1
2021-01-02 09:49:00,0.0,0.0,0.0,0.0,9,5,0,1
2021-01-02 09:50:00,0.0,0.0,0.0,0.0,9,5,0,1
2021-01-02 09:51:00,0.0,0.0,0.0,0.0,9,5,0,1
2021-01-02 09:52:00,0.0,0.0,0.0,0.0,9,5,0,1
2021-01-02 09:53:00,2.0,0.101,0.011313708498984765,0.0,9,5,0,1
2021-01-02 09:54:00,0.0,0.0,0.0,0.0,9,5,0,1
2021-01-02 09:55:00,1.0,0.066,0.0,0.0,9,5,0,1
2021-01-02 09:56:00,0.0,0.0,0.0,0.0,9,5,0,1
2021-01-02 09:57:00,1.0,0.14,0.0,0.0,9,5,0,1
2021-01-02 09:58:00,1.0,0.093,0.0,0.0,9,5,0,1
2021-01-02 09:59:00,0.0,0.0,0.0,0.0,9,5,0,1
2021-01-02 10:00:00,2.0,0.08549999999999999,0.010606601717798208,0.0,10,5,0,1
2021-01-02 10:01:00,1.0,0.078,0.0,0.0,10,5,0,1
2021-01-02 10:02:00,0.0,0.0,0.0,0.0,10,5,0,1
2021-01-02 10:03:00,1.0,0.078,0.0,0.0,10,5,0,1
2021-01-02 10:04:00,0.0,0.0,0.0,0.0,10,5,0,1
2021-01-02 10:05:00,1.0,0.078,0.0,0.0,10,5,0,1
2021-01-02 10:06:00,1.0,0.093,0.0,0.0,10,5,0,1
2021-01-02 10:07:00,0.0,0.0,0.0,0.0,10,5,0,1
2021-01-02 10:08:00,1.0,0.078,0.0,0.0,10,5,0,1
2021-01-02 10:09:00,1.0,0.078,0.0,0.0,10,5,0,1
2021-01-02 10:10:00,1.0,0.108,0.0,0.0,10,5,0,1
2021-01-02 10:11:00,0.0,0.0,0.0,0.0,10,5,0,1
2021-01-02 10:12:00,0.0,0.0,0.0,0.0,10,5,0,1
2021-01-02 10:13:00,1.0,0.062,0.0,0.0,10,5,0,1
2021-01-02 10:14:00,1.0,0.074,0.0,0.0,10,5,0,1
2021-01-02 10:15:00,7.0,0.10242857142857142,0.023329931724840398,0.0,10,5,0,1
2021-01-02 10:16:00,7.0,0.09785714285714286,0.021412057128547705,0.0,10,5,0,1
2021-01-02 10:17:00,11.0,0.09581818181818182,0.021802835512007068,0.0,10,5,0,1
2021-01-02 10:18:00,12.0,0.09425,0.027840862708681215,0.0,10,5,0,1
2021-01-02 10:19:00,12.0,0.09991666666666667,0.04390580482088555,0.0,10,5,0,1
2021-01-02 10:20:00,11.0,0.08781818181818181,0.007833494518006403,0.0,10,5,0,1
2021-01-02 10:21:00,13.0,0.09053846153846154,0.02357475833957224,0.0,10,5,0,1
2021-01-02 10:22:00,10.0,0.08120000000000001,0.010152175464730044,0.0,10,5,0,1
2021-01-02 10:23:00,10.0,0.08249999999999999,0.014819281733981275,0.0,10,5,0,1
2021-01-02 10:24:00,12.0,0.09066666666666667,0.01651629131457419,0.0,10,5,0,1
2021-01-02 10:25:00,11.0,0.09154545454545455,0.019064960720461176,0.0,10,5,0,1
2021-01-02 10:26:00,12.0,0.08866666666666667,0.01736942629153219,0.0,10,5,0,1
2021-01-02 10:27:00,11.0,0.087,0.015264337522473748,0.0,10,5,0,1
2021-01-02 10:28:00,10.0,0.0985,0.029167142853255647,0.0,10,5,0,1
2021-01-02 10:29:00,11.0,0.09781818181818182,0.041247589461247756,0.0,10,5,0,1
2021-01-02 10:30:00,10.0,0.1032,0.02147246298556984,0.0,10,5,0,1
2021-01-02 10:31:00,11.0,0.0919090909090909,0.017598037080620927,0.0,10,5,0,1
2021-01-02 10:32:00,13.0,0.09884615384615386,0.036347503705770855,0.0,10,5,0,1
2021-01-02 10:33:00,11.0,0.109,0.04080441152620632,0.0,10,5,0,1
2021-01-02 10:34:00,9.0,0.13677777777777778,0.1059572765054125,0.0,10,5,0,1
2021-01-02 10:35:00,11.0,0.08863636363636364,0.022848512981254284,0.0,10,5,0,1
2021-01-02 10:36:00,12.0,0.08416666666666667,0.015349464505514858,0.0,10,5,0,1
2021-01-02 10:37:00,11.0,0.09036363636363637,0.016662969286851174,0.0,10,5,0,1
2021-01-02 10:38:00,12.0,0.09233333333333334,0.018381479480139455,0.0,10,5,0,1
2021-01-02 10:39:00,10.0,0.1196,0.04686671408247958,0.0,10,5,0,1
2021-01-02 10:40:00,10.0,0.0965,0.026441759901085764,0.0,10,5,0,1
2021-01-02 10:41:00,8.0,0.111375,0.041730213446443266,0.0,10,5,0,1
2021-01-02 10:42:00,3.0,0.11933333333333333,0.07409678355592322,0.0,10,5,0,1
2021-01-02 10:43:00,3.0,0.18200000000000002,0.18013328398716325,0.0,10,5,0,1
2021-01-02 10:44:00,0.0,0.0,0.0,0.0,10,5,0,1
2021-01-02 10:45:00,1.0,0.093,0.0,0.0,10,5,0,1
2021-01-02 10:46:00,4.0,0.12525,0.0336885242577746,0.0,10,5,0,1
2021-01-02 10:47:00,11.0,0.11581818181818182,0.05414576286620807,0.0,10,5,0,1
2021-01-02 10:48:00,13.0,0.1036923076923077,0.06103603391356155,0.0,10,5,0,1
2021-01-02 10:49:00,12.0,0.13291666666666666,0.08486187529620046,0.0,10,5,0,1
2021-01-02 10:50:00,12.0,0.1035,0.03519943181359609,0.0,10,5,0,1
2021-01-02 10:51:00,11.0,0.08772727272727272,0.02374485590224084,0.0,10,5,0,1
2021-01-02 10:52:00,13.0,0.09076923076923077,0.015379390138287052,0.0,10,5,0,1
2021-01-02 10:53:00,11.0,0.09218181818181818,0.008506681865665154,0.0,10,5,0,1
2021-01-02 10:54:00,13.0,0.09715384615384616,0.023856676751824128,0.0,10,5,0,1
2021-01-02 10:55:00,11.0,0.089,0.009497368056467012,0.0,10,5,0,1
2021-01-02 10:56:00,13.0,0.09276923076923077,0.026876736676147542,0.0,10,5,0,1
2021-01-02 10:57:00,12.0,0.08166666666666667,0.016283473681973238,0.0,10,5,0,1
2021-01-02 10:58:00,12.0,0.08491666666666665,0.012086493839543928,0.0,10,5,0,1
2021-01-02 10:59:00,12.0,0.08216666666666667,0.012619129298110238,0.0,10,5,0,1
2021-01-02 11:00:00,12.0,0.08975,0.012599603168354158,0.0,11,5,0,1
2021-01-02 11:01:00,11.0,0.09745454545454546,0.026192990040709886,0.0,11,5,0,1
2021-01-02 11:02:00,13.0,0.10315384615384615,0.05182799461334605,0.0,11,5,0,1
2021-01-02 11:03:00,11.0,0.08645454545454545,0.01038617962836804,0.0,11,5,0,1
2021-01-02 11:04:00,8.0,0.0885,0.012972498382567418,0.0,11,5,0,1
2021-01-02 11:05:00,11.0,0.08718181818181818,0.0130600013921759,0.0,11,5,0,1
2021-01-02 11:06:00,8.0,0.13824999999999998,0.10173881124863664,0.0,11,5,0,1
2021-01-02 11:07:00,11.0,0.08881818181818181,0.024231459641623664,0.0,11,5,0,1
2021-01-02 11:08:00,13.0,0.09838461538461538,0.04486561129554659,0.0,11,5,0,1
2021-01-02 11:09:00,11.0,0.09336363636363636,0.02696394899591945,0.0,11,5,0,1
2021-01-02 11:10:00,11.0,0.07827272727272727,0.011127361853475504,0.0,11,5,0,1
2021-01-02 11:11:00,15.0,0.09066666666666667,0.014709893010520248,0.0,11,5,0,1
2021-01-02 11:12:00,14.0,0.09514285714285715,0.03350053304479966,0.0,11,5,0,1
2021-01-02 11:13:00,19.0,0.09342105263157895,0.02200079743371358,0.0,11,5,0,1
2021-01-02 11:14:00,13.0,0.08192307692307692,0.013798922291623227,0.0,11,5,0,1
2021-01-02 11:15:00,21.0,0.08966666666666667,0.022484068433745112,0.0,11,5,0,1
2021-01-02 11:16:00,16.0,0.084625,0.017888077966437124,0.0,11,5,0,1
2021-01-02 11:17:00,16.0,0.085375,0.009831073186585479,0.0,11,5,0,1
2021-01-02 11:18:00,18.0,0.0971111111111111,0.02632799648079608,0.0,11,5,0,1
2021-01-02 11:19:00,14.0,0.08914285714285715,0.023680102464880778,0.0,11,5,0,1
2021-01-02 11:20:00,19.0,0.09489473684210525,0.022508997551206805,0.0,11,5,0,1
2021-01-02 11:21:00,16.0,0.0909375,0.021321253090128955,0.0,11,5,0,1
2021-01-02 11:22:00,16.0,0.1071875,0.06520656280876438,0.0,11,5,0,1
2021-01-02 11:23:00,16.0,0.0940625,0.03548984596566554,0.0,11,5,0,1
2021-01-02 11:24:00,16.0,0.0909375,0.04177953047446401,0.0,11,5,0,1
2021-01-02 11:25:00,13.0,0.08276923076923078,0.011783843785411209,0.0,11,5,0,1
2021-01-02 11:26:00,16.0,0.0910625,0.036674184835294346,0.0,11,5,0,1
2021-01-02 11:27:00,18.0,0.08716666666666667,0.021620387981499966,0.0,11,5,0,1
2021-01-02 11:28:00,13.0,0.08261538461538462,0.011601281980442663,0.0,11,5,0,1
2021-01-02 11:29:00,16.0,0.0925,0.023799159649029625,0.0,11,5,0,1
2021-01-02 11:30:00,20.0,0.0897,0.026728852929883997,0.0,11,5,0,1
2021-01-02 11:31:00,13.0,0.09123076923076923,0.01691229260111239,0.0,11,5,0,1
2021-01-02 11:32:00,15.0,0.08013333333333333,0.011089677740175878,0.0,11,5,0,1
2021-01-02 11:33:00,22.0,0.08218181818181819,0.017882250746896818,0.0,11,5,0,1
2021-01-02 11:34:00,18.0,0.0825,0.010100960932738321,0.0,11,5,0,1
2021-01-02 11:35:00,16.0,0.0819375,0.022658239855146152,0.0,11,5,0,1
2021-01-02 11:36:00,11.0,0.085,0.018308467986153293,0.0,11,5,0,1
2021-01-02 11:37:00,11.0,0.10272727272727274,0.07156128968805818,0.0,11,5,0,1
2021-01-02 11:38:00,13.0,0.09707692307692307,0.03845876913106974,0.0,11,5,0,1
2021-01-02 11:39:00,8.0,0.084,0.014061091199273465,0.0,11,5,0,1
2021-01-02 11:40:00,16.0,0.0813125,0.018635874901204223,0.0,11,5,0,1
2021-01-02 11:41:00,7.0,0.08585714285714285,0.015159469773363573,0.0,11,5,0,1
2021-01-02 11:42:00,14.0,0.08242857142857142,0.013368817252295535,0.0,11,5,0,1
2021-01-02 11:43:00,8.0,0.093375,0.021921532141448773,0.0,11,5,0,1
2021-01-02 11:44:00,9.0,0.08288888888888889,0.010844865656664957,0.0,11,5,0,1
2021-01-02 11:45:00,15.0,0.10513333333333333,0.056771303951740903,0.0,11,5,0,1
2021-01-02 11:46:00,4.0,0.0775,0.013076696830622014,0.0,11,5,0,1
2021-01-02 11:47:00,13.0,0.08023076923076923,0.010740529519487127,0.0,11,5,0,1
2021-01-02 11:48:00,7.0,0.08642857142857142,0.03508018026776726,0.0,11,5,0,1
2021-01-02 11:49:00,9.0,0.08266666666666667,0.00705336798983294,0.0,11,5,0,1
2021-01-02 11:50:00,15.0,0.08733333333333333,0.018430047929038785,0.0,11,5,0,1
2021-01-02 11:51:00,8.0,0.08025,0.008892211680534176,0.0,11,5,0,1
2021-01-02 11:52:00,11.0,0.08754545454545454,0.014306387638839067,0.0,11,5,0,1
2021-01-02 11:53:00,12.0,0.08283333333333333,0.018692892831882447,0.0,11,5,0,1
2021-01-02 11:54:00,9.0,0.08733333333333333,0.010700467279516346,0.0,11,5,0,1
2021-01-02 11:55:00,11.0,0.1040909090909091,0.03432041533972031,0.0,11,5,0,1
2021-01-02 11:56:00,8.0,0.08549999999999999,0.01644036843521806,0.0,11,5,0,1
2021-01-02 11:57:00,13.0,0.08346153846153846,0.01205968065231818,0.0,11,5,0,1
2021-01-02 11:58:00,8.0,0.08712500000000001,0.018129986998655805,0.0,11,5,0,1
2021-01-02 11:59:00,9.0,0.10022222222222223,0.030429335261297513,0.0,11,5,0,1
2021-01-02 12:00:00,8.0,0.105375,0.03455818075568876,0.0,12,5,0,1
2021-01-02 12:01:00,9.0,0.07933333333333333,0.003999999999999999,0.0,12,5,0,1
2021-01-02 12:02:00,8.0,0.08175,0.006943650748294136,0.0,12,5,0,1
2021-01-02 12:03:00,10.0,0.09040000000000001,0.016015270490656378,0.0,12,5,0,1
2021-01-02 12:04:00,8.0,0.091875,0.01887127446676562,0.0,12,5,0,1
2021-01-02 12:05:00,13.0,0.09684615384615383,0.034082855303525054,0.0,12,5,0,1
2021-01-02 12:06:00,9.0,0.08555555555555555,0.010875558734050298,0.0,12,5,0,1
2021-01-02 12:07:00,13.0,0.09476923076923077,0.03782008691633289,0.0,12,5,0,1
2021-01-02 12:08:00,13.0,0.10638461538461538,0.04017573575666964,0.0,12,5,0,1
2021-01-02 12:09:00,16.0,0.0864375,0.011384016572955846,0.0,12,5,0,1
2021-01-02 12:10:00,13.0,0.09238461538461538,0.03568505397113863,0.0,12,5,0,1
2021-01-02 12:11:00,8.0,0.091375,0.028243520116505105,0.0,12,5,0,1
2021-01-02 12:12:00,2.0,0.08399999999999999,0.012727922061357852,0.0,12,5,0,1
2021-01-02 12:13:00,1.0,0.093,0.0,0.0,12,5,0,1
2021-01-02 12:14:00,1.0,0.078,0.0,0.0,12,5,0,1
2021-01-02 12:15:00,0.0,0.0,0.0,0.0,12,5,0,1
2021-01-02 12:16:00,1.0,0.109,0.0,0.0,12,5,0,1
2021-01-02 12:17:00,3.0,0.10933333333333334,0.027135462651912412,0.0,12,5,0,1
2021-01-02 12:18:00,2.0,0.0985,0.007778174593052015,0.0,12,5,0,1
2021-01-02 12:19:00,3.0,0.104,0.02389560629069704,0.0,12,5,0,1
2021-01-02 12:20:00,1.0,0.124,0.0,0.0,12,5,0,1
2021-01-02 12:21:00,2.0,0.165,0.12303657992645928,0.0,12,5,0,1
2021-01-02 12:22:00,1.0,0.093,0.0,0.0,12,5,0,1
2021-01-02 12:23:00,0.0,0.0,0.0,0.0,12,5,0,1
2021-01-02 12:24:00,1.0,0.078,0.0,0.0,12,5,0,1
2021-01-02 12:25:00,2.0,0.093,0.0,0.0,12,5,0,1
2021-01-02 12:26:00,2.0,0.08549999999999999,0.010606601717798217,0.0,12,5,0,1
2021-01-02 12:27:00,2.0,0.109,0.02262741699796952,0.0,12,5,0,1
2021-01-02 12:28:00,3.0,0.08800000000000001,0.00866025403784439,0.0,12,5,0,1
2021-01-02 12:29:00,1.0,0.096,0.0,0.0,12,5,0,1
2021-01-02 12:30:00,3.0,0.09333333333333334,0.01550268793897798,0.0,12,5,0,1
2021-01-02 12:31:00,2.0,0.149,0.10040916292848974,0.0,12,5,0,1
2021-01-02 12:32:00,1.0,0.125,0.0,0.0,12,5,0,1
2021-01-02 12:33:00,1.0,0.093,0.0,0.0,12,5,0,1
2021-01-02 12:34:00,1.0,0.093,0.0,0.0,12,5,0,1
2021-01-02 12:35:00,3.0,0.078,0.0,0.0,12,5,0,1
2021-01-02 12:36:00,3.0,0.078,0.0,0.0,12,5,0,1
2021-01-02 12:37:00,2.0,0.0895,0.0162634559672906,0.0,12,5,0,1
2021-01-02 12:38:00,1.0,0.078,0.0,0.0,12,5,0,1
2021-01-02 12:39:00,0.0,0.0,0.0,0.0,12,5,0,1
2021-01-02 12:40:00,4.0,0.12025,0.04783565615730592,0.0,12,5,0,1
2021-01-02 12:41:00,2.0,0.08549999999999999,0.010606601717798217,0.0,12,5,0,1
2021-01-02 12:42:00,2.0,0.08549999999999999,0.010606601717798208,0.0,12,5,0,1
2021-01-02 12:43:00,0.0,0.0,0.0,0.0,12,5,0,1
2021-01-02 12:44:00,2.0,0.093,0.0,0.0,12,5,0,1
2021-01-02 12:45:00,1.0,0.112,0.0,0.0,12,5,0,1
2021-01-02 12:46:00,2.0,0.101,0.03252691193458119,0.0,12,5,0,1
2021-01-02 12:47:00,3.0,0.109,0.016,0.0,12,5,0,1
2021-01-02 12:48:00,3.0,0.10366666666666667,0.009237604307034008,0.0,12,5,0,1
2021-01-02 12:49:00,1.0,0.093,0.0,0.0,12,5,0,1
2021-01-02 12:50:00,0.0,0.0,0.0,0.0,12,5,0,1
2021-01-02 12:51:00,0.0,0.0,0.0,0.0,12,5,0,1
2021-01-02 12:52:00,1.0,0.265,0.0,0.0,12,5,0,1
2021-01-02 12:53:00,2.0,0.08299999999999999,0.007071067811865467,0.0,12,5,0,1
2021-01-02 12:54:00,2.0,0.094,0.0014142135623730963,0.0,12,5,0,1
2021-01-02 12:55:00,0.0,0.0,0.0,0.0,12,5,0,1
2021-01-02 12:56:00,1.0,0.078,0.0,0.0,12,5,0,1
2021-01-02 12:57:00,2.0,0.078,0.0,0.0,12,5,0,1
2021-01-02 12:58:00,2.0,0.101,0.011313708498984765,0.0,12,5,0,1
2021-01-02 12:59:00,1.0,0.08,0.0,0.0,12,5,0,1
2021-01-02 13:00:00,0.0,0.0,0.0,0.0,13,5,0,1
2021-01-02 13:01:00,3.0,0.078,0.0,0.0,13,5,0,1
2021-01-02 13:02:00,2.0,0.093,0.0,0.0,13,5,0,1
2021-01-02 13:03:00,1.0,0.093,0.0,0.0,13,5,0,1
2021-01-02 13:04:00,2.0,0.11,0.024041630560342617,0.0,13,5,0,1
2021-01-02 13:05:00,5.0,0.1046,0.03811561359862911,0.0,13,5,0,1
2021-01-02 13:06:00,0.0,0.0,0.0,0.0,13,5,0,1
2021-01-02 13:07:00,3.0,0.083,0.008660254037844381,0.0,13,5,0,1
2021-01-02 13:08:00,2.0,0.101,0.011313708498984755,0.0,13,5,0,1
2021-01-02 13:09:00,1.0,0.093,0.0,0.0,13,5,0,1
2021-01-02 13:10:00,2.0,0.093,0.0,0.0,13,5,0,1
2021-01-02 13:11:00,2.0,0.093,0.0,0.0,13,5,0,1
2021-01-02 13:12:00,2.0,0.07150000000000001,0.009192388155425111,0.0,13,5,0,1
2021-01-02 13:13:00,3.0,0.083,0.008660254037844385,0.0,13,5,0,1
2021-01-02 13:14:00,2.0,0.1475,0.1025304832720494,0.0,13,5,0,1
2021-01-02 13:15:00,2.0,0.109,0.0,0.0,13,5,0,1
2021-01-02 13:16:00,3.0,0.11933333333333333,0.032746501085357704,0.0,13,5,0,1
2021-01-02 13:17:00,0.0,0.0,0.0,0.0,13,5,0,1
2021-01-02 13:18:00,1.0,0.159,0.0,0.0,13,5,0,1
2021-01-02 13:19:00,3.0,0.083,0.008660254037844385,0.0,13,5,0,1
2021-01-02 13:20:00,2.0,0.078,0.0,0.0,13,5,0,1
2021-01-02 13:21:00,3.0,0.09000000000000001,0.006082762530298215,0.0,13,5,0,1
2021-01-02 13:22:00,3.0,0.11033333333333334,0.051733290377989044,0.0,13,5,0,1
2021-01-02 13:23:00,2.0,0.11699999999999999,0.05515432893255071,0.0,13,5,0,1
2021-01-02 13:24:00,3.0,0.15833333333333333,0.11335931074831626,0.0,13,5,0,1
2021-01-02 13:25:00,1.0,0.109,0.0,0.0,13,5,0,1
2021-01-02 13:26:00,3.0,0.09933333333333333,0.025106440076867402,0.0,13,5,0,1
2021-01-02 13:27:00,0.0,0.0,0.0,0.0,13,5,0,1
2021-01-02 13:28:00,0.0,0.0,0.0,0.0,13,5,0,1
2021-01-02 13:29:00,1.0,0.109,0.0,0.0,13,5,0,1
2021-01-02 13:30:00,1.0,0.093,0.0,0.0,13,5,0,1
2021-01-02 13:31:00,0.0,0.0,0.0,0.0,13,5,0,1
2021-01-02 13:32:00,0.0,0.0,0.0,0.0,13,5,0,1
2021-01-02 13:33:00,1.0,0.125,0.0,0.0,13,5,0,1
2021-01-02 13:34:00,0.0,0.0,0.0,0.0,13,5,0,1
2021-01-02 13:35:00,0.0,0.0,0.0,0.0,13,5,0,1
2021-01-02 13:36:00,5.0,0.08940000000000001,0.01304990421420786,0.0,13,5,0,1
2021-01-02 13:37:00,4.0,0.11275,0.023837994882120437,0.0,13,5,0,1
2021-01-02 13:38:00,1.0,0.078,0.0,0.0,13,5,0,1
2021-01-02 13:39:00,3.0,0.09333333333333334,0.015502687938977983,0.0,13,5,0,1
2021-01-02 13:40:00,2.0,0.0935,0.021920310216782972,0.0,13,5,0,1
2021-01-02 13:41:00,1.0,0.093,0.0,0.0,13,5,0,1
2021-01-02 13:42:00,1.0,0.093,0.0,0.0,13,5,0,1
2021-01-02 13:43:00,3.0,0.08833333333333333,0.0178978583448784,0.0,13,5,0,1
2021-01-02 13:44:00,1.0,0.078,0.0,0.0,13,5,0,1
2021-01-02 13:45:00,1.0,0.078,0.0,0.0,13,5,0,1
2021-01-02 13:46:00,5.0,0.0886,0.01297304898626379,0.0,13,5,0,1
2021-01-02 13:47:00,0.0,0.0,0.0,0.0,13,5,0,1
2021-01-02 13:48:00,0.0,0.0,0.0,0.0,13,5,0,1
2021-01-02 13:49:00,5.0,0.0834,0.007469939758793234,0.0,13,5,0,1
2021-01-02 13:50:00,2.0,0.08199999999999999,0.0056568542494923706,0.0,13,5,0,1
2021-01-02 13:51:00,1.0,0.125,0.0,0.0,13,5,0,1
2021-01-02 13:52:00,1.0,0.078,0.0,0.0,13,5,0,1
2021-01-02 13:53:00,1.0,0.078,0.0,0.0,13,5,0,1
2021-01-02 13:54:00,3.0,0.109,0.031000000000000003,0.0,13,5,0,1
2021-01-02 13:55:00,2.0,0.08549999999999999,0.010606601717798217,0.0,13,5,0,1
2021-01-02 13:56:00,2.0,0.08549999999999999,0.010606601717798217,0.0,13,5,0,1
2021-01-02 13:57:00,2.0,0.153,0.055154328932550706,0.0,13,5,0,1
2021-01-02 13:58:00,0.0,0.0,0.0,0.0,13,5,0,1
2021-01-02 13:59:00,1.0,0.093,0.0,0.0,13,5,0,1
2021-01-02 14:00:00,0.0,0.0,0.0,0.0,14,5,0,1
2021-01-02 14:01:00,0.0,0.0,0.0,0.0,14,5,0,1
2021-01-02 14:02:00,2.0,0.1245,0.06576093065034894,0.0,14,5,0,1
2021-01-02 14:03:00,1.0,0.078,0.0,0.0,14,5,0,1
2021-01-02 14:04:00,0.0,0.0,0.0,0.0,14,5,0,1
2021-01-02 14:05:00,2.0,0.0775,0.021920310216782972,0.0,14,5,0,1
2021-01-02 14:06:00,0.0,0.0,0.0,0.0,14,5,0,1
2021-01-02 14:07:00,0.0,0.0,0.0,0.0,14,5,0,1
2021-01-02 14:08:00,1.0,0.079,0.0,0.0,14,5,0,1
2021-01-02 14:09:00,2.0,0.101,0.011313708498984755,0.0,14,5,0,1
2021-01-02 14:10:00,1.0,0.078,0.0,0.0,14,5,0,1
2021-01-02 14:11:00,3.0,0.085,0.013856406460551014,0.0,14,5,0,1
2021-01-02 14:12:00,3.0,0.122,0.07621023553303059,0.0,14,5,0,1
2021-01-02 14:13:00,0.0,0.0,0.0,0.0,14,5,0,1
2021-01-02 14:14:00,2.0,0.1635,0.07707463914933368,0.0,14,5,0,1
2021-01-02 14:15:00,1.0,0.093,0.0,0.0,14,5,0,1
2021-01-02 14:16:00,3.0,0.09799999999999999,0.01905255888325765,0.0,14,5,0,1
2021-01-02 14:17:00,2.0,0.1555,0.08838834764831845,0.0,14,5,0,1
2021-01-02 14:18:00,4.0,0.0895,0.0069999999999999975,0.0,14,5,0,1
2021-01-02 14:19:00,1.0,0.078,0.0,0.0,14,5,0,1
2021-01-02 14:20:00,3.0,0.12966666666666668,0.06350852961085884,0.0,14,5,0,1
2021-01-02 14:21:00,1.0,0.093,0.0,0.0,14,5,0,1
2021-01-02 14:22:00,3.0,0.09400000000000001,0.0010000000000000009,0.0,14,5,0,1
2021-01-02 14:23:00,3.0,0.083,0.008660254037844381,0.0,14,5,0,1
2021-01-02 14:24:00,1.0,0.078,0.0,0.0,14,5,0,1
2021-01-02 14:25:00,2.0,0.0925,0.0007071067811865482,0.0,14,5,0,1
2021-01-02 14:26:00,4.0,0.09625,0.019602295783912663,0.0,14,5,0,1
2021-01-02 14:27:00,1.0,0.109,0.0,0.0,14,5,0,1
2021-01-02 14:28:00,2.0,0.07350000000000001,0.0049497474683058325,0.0,14,5,0,1
2021-01-02 14:29:00,2.0,0.0935,0.021920310216782972,0.0,14,5,0,1
2021-01-02 14:30:00,0.0,0.0,0.0,0.0,14,5,0,1
2021-01-02 14:31:00,1.0,0.078,0.0,0.0,14,5,0,1
2021-01-02 14:32:00,0.0,0.0,0.0,0.0,14,5,0,1
2021-01-02 14:33:00,0.0,0.0,0.0,0.0,14,5,0,1
2021-01-02 14:34:00,0.0,0.0,0.0,0.0,14,5,0,1
2021-01-02 14:35:00,0.0,0.0,0.0,0.0,14,5,0,1
2021-01-02 14:36:00,0.0,0.0,0.0,0.0,14,5,0,1
2021-01-02 14:37:00,1.0,0.251,0.0,0.0,14,5,0,1
2021-01-02 14:38:00,3.0,0.09333333333333334,0.01550268793897798,0.0,14,5,0,1
2021-01-02 14:39:00,2.0,0.093,0.0,0.0,14,5,0,1
2021-01-02 14:40:00,0.0,0.0,0.0,0.0,14,5,0,1
2021-01-02 14:41:00,2.0,0.1635,0.12091525958289963,0.0,14,5,0,1
2021-01-02 14:42:00,0.0,0.0,0.0,0.0,14,5,0,1
2021-01-02 14:43:00,1.0,0.093,0.0,0.0,14,5,0,1
2021-01-02 14:44:00,0.0,0.0,0.0,0.0,14,5,0,1
2021-01-02 14:45:00,3.0,0.09466666666666668,0.0028867513459481303,0.0,14,5,0,1
2021-01-02 14:46:00,1.0,0.062,0.0,0.0,14,5,0,1
2021-01-02 14:47:00,2.0,0.081,0.004242640687119289,0.0,14,5,0,1
2021-01-02 14:48:00,0.0,0.0,0.0,0.0,14,5,0,1
2021-01-02 14:49:00,2.0,0.08549999999999999,0.010606601717798217,0.0,14,5,0,1
2021-01-02 14:50:00,2.0,0.0935,0.021920310216782972,0.0,14,5,0,1
2021-01-02 14:51:00,2.0,0.08549999999999999,0.010606601717798217,0.0,14,5,0,1
2021-01-02 14:52:00,0.0,0.0,0.0,0.0,14,5,0,1
2021-01-02 14:53:00,0.0,0.0,0.0,0.0,14,5,0,1
2021-01-02 14:54:00,0.0,0.0,0.0,0.0,14,5,0,1
2021-01-02 14:55:00,0.0,0.0,0.0,0.0,14,5,0,1
2021-01-02 14:56:00,1.0,0.171,0.0,0.0,14,5,0,1
2021-01-02 14:57:00,1.0,0.14,0.0,0.0,14,5,0,1
2021-01-02 14:58:00,0.0,0.0,0.0,0.0,14,5,0,1
2021-01-02 14:59:00,1.0,0.124,0.0,0.0,14,5,0,1
2021-01-02 15:00:00,0.0,0.0,0.0,0.0,15,5,0,1
2021-01-02 15:01:00,1.0,0.093,0.0,0.0,15,5,0,1
2021-01-02 15:02:00,1.0,0.109,0.0,0.0,15,5,0,1
2021-01-02 15:03:00,1.0,0.103,0.0,0.0,15,5,0,1
2021-01-02 15:04:00,1.0,0.093,0.0,0.0,15,5,0,1
2021-01-02 15:05:00,1.0,0.109,0.0,0.0,15,5,0,1
2021-01-02 15:06:00,0.0,0.0,0.0,0.0,15,5,0,1
2021-01-02 15:07:00,0.0,0.0,0.0,0.0,15,5,0,1
2021-01-02 15:08:00,0.0,0.0,0.0,0.0,15,5,0,1
2021-01-02 15:09:00,1.0,0.078,0.0,0.0,15,5,0,1
2021-01-02 15:10:00,1.0,0.093,0.0,0.0,15,5,0,1
2021-01-02 15:11:00,2.0,0.10400000000000001,0.035355339059327376,0.0,15,5,0,1
2021-01-02 15:12:00,0.0,0.0,0.0,0.0,15,5,0,1
2021-01-02 15:13:00,1.0,0.093,0.0,0.0,15,5,0,1
2021-01-02 15:14:00,1.0,0.093,0.0,0.0,15,5,0,1
2021-01-02 15:15:00,0.0,0.0,0.0,0.0,15,5,0,1
2021-01-02 15:16:00,0.0,0.0,0.0,0.0,15,5,0,1
2021-01-02 15:17:00,1.0,0.093,0.0,0.0,15,5,0,1
2021-01-02 15:18:00,0.0,0.0,0.0,0.0,15,5,0,1
2021-01-02 15:19:00,0.0,0.0,0.0,0.0,15,5,0,1
2021-01-02 15:20:00,1.0,0.093,0.0,0.0,15,5,0,1
2021-01-02 15:21:00,0.0,0.0,0.0,0.0,15,5,0,1
2021-01-02 15:22:00,2.0,0.08549999999999999,0.010606601717798208,0.0,15,5,0,1
2021-01-02 15:23:00,2.0,0.08549999999999999,0.010606601717798208,0.0,15,5,0,1
2021-01-02 15:24:00,0.0,0.0,0.0,0.0,15,5,0,1
2021-01-02 15:25:00,1.0,0.093,0.0,0.0,15,5,0,1
2021-01-02 15:26:00,1.0,0.109,0.0,0.0,15,5,0,1
2021-01-02 15:27:00,0.0,0.0,0.0,0.0,15,5,0,1
2021-01-02 15:28:00,0.0,0.0,0.0,0.0,15,5,0,1
2021-01-02 15:29:00,1.0,0.109,0.0,0.0,15,5,0,1
2021-01-02 15:30:00,2.0,0.095,0.01979898987322333,0.0,15,5,0,1
2021-01-02 15:31:00,2.0,0.117,0.029698484809835002,0.0,15,5,0,1
2021-01-02 15:32:00,1.0,0.267,0.0,0.0,15,5,0,1
2021-01-02 15:33:00,1.0,0.126,0.0,0.0,15,5,0,1
2021-01-02 15:34:00,0.0,0.0,0.0,0.0,15,5,0,1
2021-01-02 15:35:00,0.0,0.0,0.0,0.0,15,5,0,1
2021-01-02 15:36:00,0.0,0.0,0.0,0.0,15,5,0,1
2021-01-02 15:37:00,1.0,0.093,0.0,0.0,15,5,0,1
2021-01-02 15:38:00,0.0,0.0,0.0,0.0,15,5,0,1
2021-01-02 15:39:00,1.0,0.093,0.0,0.0,15,5,0,1
2021-01-02 15:40:00,1.0,0.141,0.0,0.0,15,5,0,1
2021-01-02 15:41:00,0.0,0.0,0.0,0.0,15,5,0,1
2021-01-02 15:42:00,0.0,0.0,0.0,0.0,15,5,0,1
2021-01-02 15:43:00,0.0,0.0,0.0,0.0,15,5,0,1
2021-01-02 15:44:00,1.0,0.078,0.0,0.0,15,5,0,1
2021-01-02 15:45:00,0.0,0.0,0.0,0.0,15,5,0,1
2021-01-02 15:46:00,1.0,0.093,0.0,0.0,15,5,0,1
2021-01-02 15:47:00,0.0,0.0,0.0,0.0,15,5,0,1
2021-01-02 15:48:00,3.0,0.08266666666666667,0.009865765724632491,0.0,15,5,0,1
2021-01-02 15:49:00,1.0,0.093,0.0,0.0,15,5,0,1
2021-01-02 15:50:00,3.0,0.09933333333333333,0.018502252115170557,0.0,15,5,0,1
2021-01-02 15:51:00,0.0,0.0,0.0,0.0,15,5,0,1
2021-01-02 15:52:00,0.0,0.0,0.0,0.0,15,5,0,1
2021-01-02 15:53:00,3.0,0.09333333333333334,0.015502687938977987,0.0,15,5,0,1
2021-01-02 15:54:00,1.0,0.093,0.0,0.0,15,5,0,1
2021-01-02 15:55:00,2.0,0.1325,0.03323401871576773,0.0,15,5,0,1
2021-01-02 15:56:00,0.0,0.0,0.0,0.0,15,5,0,1
2021-01-02 15:57:00,0.0,0.0,0.0,0.0,15,5,0,1
2021-01-02 15:58:00,0.0,0.0,0.0,0.0,15,5,0,1
2021-01-02 15:59:00,0.0,0.0,0.0,0.0,15,5,0,1
2021-01-02 16:00:00,1.0,0.078,0.0,0.0,16,5,0,1
2021-01-02 16:01:00,1.0,0.078,0.0,0.0,16,5,0,1
2021-01-02 16:02:00,1.0,0.077,0.0,0.0,16,5,0,1
2021-01-02 16:03:00,2.0,0.2595,0.21283914113715077,0.0,16,5,0,1
2021-01-02 16:04:00,1.0,0.13,0.0,0.0,16,5,0,1
2021-01-02 16:05:00,1.0,0.093,0.0,0.0,16,5,0,1
2021-01-02 16:06:00,2.0,0.1015,0.012020815280171303,0.0,16,5,0,1
2021-01-02 16:07:00,0.0,0.0,0.0,0.0,16,5,0,1
2021-01-02 16:08:00,1.0,0.078,0.0,0.0,16,5,0,1
2021-01-02 16:09:00,2.0,0.0885,0.014849242404917506,0.0,16,5,0,1
2021-01-02 16:10:00,0.0,0.0,0.0,0.0,16,5,0,1
2021-01-02 16:11:00,1.0,0.093,0.0,0.0,16,5,0,1
2021-01-02 16:12:00,2.0,0.101,0.011313708498984755,0.0,16,5,0,1
2021-01-02 16:13:00,3.0,0.09833333333333333,0.009237604307034018,0.0,16,5,0,1
2021-01-02 16:14:00,0.0,0.0,0.0,0.0,16,5,0,1
2021-01-02 16:15:00,1.0,0.093,0.0,0.0,16,5,0,1
2021-01-02 16:16:00,4.0,0.0815,0.014798648586948742,0.0,16,5,0,1
2021-01-02 16:17:00,1.0,0.078,0.0,0.0,16,5,0,1
2021-01-02 16:18:00,1.0,0.093,0.0,0.0,16,5,0,1
2021-01-02 16:19:00,0.0,0.0,0.0,0.0,16,5,0,1
2021-01-02 16:20:00,1.0,0.078,0.0,0.0,16,5,0,1
2021-01-02 16:21:00,0.0,0.0,0.0,0.0,16,5,0,1
2021-01-02 16:22:00,1.0,0.109,0.0,0.0,16,5,0,1
2021-01-02 16:23:00,1.0,0.109,0.0,0.0,16,5,0,1
2021-01-02 16:24:00,2.0,0.1165,0.03323401871576774,0.0,16,5,0,1
2021-01-02 16:25:00,3.0,0.124,0.04063249930782009,0.0,16,5,0,1
2021-01-02 16:26:00,2.0,0.093,0.0,0.0,16,5,0,1
2021-01-02 16:27:00,1.0,0.265,0.0,0.0,16,5,0,1
2021-01-02 16:28:00,0.0,0.0,0.0,0.0,16,5,0,1
2021-01-02 16:29:00,1.0,0.471,0.0,0.0,16,5,0,1
2021-01-02 16:30:00,2.0,0.109,0.02262741699796952,0.0,16,5,0,1
2021-01-02 16:31:00,1.0,0.078,0.0,0.0,16,5,0,1
2021-01-02 16:32:00,1.0,0.123,0.0,0.0,16,5,0,1
2021-01-02 16:33:00,1.0,0.109,0.0,0.0,16,5,0,1
2021-01-02 16:34:00,4.0,0.08549999999999999,0.015673757260678333,0.0,16,5,0,1
2021-01-02 16:35:00,0.0,0.0,0.0,0.0,16,5,0,1
2021-01-02 16:36:00,1.0,0.082,0.0,0.0,16,5,0,1
2021-01-02 16:37:00,1.0,0.062,0.0,0.0,16,5,0,1
2021-01-02 16:38:00,1.0,0.093,0.0,0.0,16,5,0,1
2021-01-02 16:39:00,0.0,0.0,0.0,0.0,16,5,0,1
2021-01-02 16:40:00,0.0,0.0,0.0,0.0,16,5,0,1
2021-01-02 16:41:00,0.0,0.0,0.0,0.0,16,5,0,1
2021-01-02 16:42:00,0.0,0.0,0.0,0.0,16,5,0,1
2021-01-02 16:43:00,4.0,0.09325,0.012658988901172164,0.0,16,5,0,1
2021-01-02 16:44:00,0.0,0.0,0.0,0.0,16,5,0,1
2021-01-02 16:45:00,0.0,0.0,0.0,0.0,16,5,0,1
2021-01-02 16:46:00,0.0,0.0,0.0,0.0,16,5,0,1
2021-01-02 16:47:00,1.0,0.089,0.0,0.0,16,5,0,1
2021-01-02 16:48:00,0.0,0.0,0.0,0.0,16,5,0,1
2021-01-02 16:49:00,0.0,0.0,0.0,0.0,16,5,0,1
2021-01-02 16:50:00,2.0,0.1095,0.021920310216782972,0.0,16,5,0,1
2021-01-02 16:51:00,1.0,0.093,0.0,0.0,16,5,0,1
2021-01-02 16:52:00,0.0,0.0,0.0,0.0,16,5,0,1
2021-01-02 16:53:00,0.0,0.0,0.0,0.0,16,5,0,1
2021-01-02 16:54:00,1.0,0.093,0.0,0.0,16,5,0,1
2021-01-02 16:55:00,1.0,0.109,0.0,0.0,16,5,0,1
2021-01-02 16:56:00,1.0,0.093,0.0,0.0,16,5,0,1
2021-01-02 16:57:00,0.0,0.0,0.0,0.0,16,5,0,1
2021-01-02 16:58:00,1.0,0.093,0.0,0.0,16,5,0,1
2021-01-02 16:59:00,0.0,0.0,0.0,0.0,16,5,0,1
2021-01-02 17:00:00,1.0,0.109,0.0,0.0,17,5,0,1
2021-01-02 17:01:00,0.0,0.0,0.0,0.0,17,5,0,1
2021-01-02 17:02:00,3.0,0.125,0.055425625842204077,0.0,17,5,0,1
2021-01-02 17:03:00,1.0,0.078,0.0,0.0,17,5,0,1
2021-01-02 17:04:00,0.0,0.0,0.0,0.0,17,5,0,1
2021-01-02 17:05:00,2.0,0.092,0.02262741699796952,0.0,17,5,0,1
2021-01-02 17:06:00,0.0,0.0,0.0,0.0,17,5,0,1
2021-01-02 17:07:00,1.0,0.236,0.0,0.0,17,5,0,1
2021-01-02 17:08:00,0.0,0.0,0.0,0.0,17,5,0,1
2021-01-02 17:09:00,1.0,0.184,0.0,0.0,17,5,0,1
2021-01-02 17:10:00,1.0,0.094,0.0,0.0,17,5,0,1
2021-01-02 17:11:00,0.0,0.0,0.0,0.0,17,5,0,1
2021-01-02 17:12:00,1.0,0.093,0.0,0.0,17,5,0,1
2021-01-02 17:13:00,1.0,0.109,0.0,0.0,17,5,0,1
2021-01-02 17:14:00,1.0,0.093,0.0,0.0,17,5,0,1
2021-01-02 17:15:00,1.0,0.125,0.0,0.0,17,5,0,1
2021-01-02 17:16:00,1.0,0.093,0.0,0.0,17,5,0,1
2021-01-02 17:17:00,1.0,0.204,0.0,0.0,17,5,0,1
2021-01-02 17:18:00,1.0,0.14,0.0,0.0,17,5,0,1
2021-01-02 17:19:00,0.0,0.0,0.0,0.0,17,5,0,1
2021-01-02 17:20:00,0.0,0.0,0.0,0.0,17,5,0,1
2021-01-02 17:21:00,1.0,0.197,0.0,0.0,17,5,0,1
2021-01-02 17:22:00,0.0,0.0,0.0,0.0,17,5,0,1
2021-01-02 17:23:00,0.0,0.0,0.0,0.0,17,5,0,1
2021-01-02 17:24:00,1.0,0.109,0.0,0.0,17,5,0,1
2021-01-02 17:25:00,2.0,0.107,0.0014142135623730963,0.0,17,5,0,1
2021-01-02 17:26:00,1.0,0.078,0.0,0.0,17,5,0,1
2021-01-02 17:27:00,1.0,0.078,0.0,0.0,17,5,0,1
2021-01-02 17:28:00,1.0,0.093,0.0,0.0,17,5,0,1
2021-01-02 17:29:00,0.0,0.0,0.0,0.0,17,5,0,1
2021-01-02 17:30:00,0.0,0.0,0.0,0.0,17,5,0,1
2021-01-02 17:31:00,0.0,0.0,0.0,0.0,17,5,0,1
2021-01-02 17:32:00,0.0,0.0,0.0,0.0,17,5,0,1
2021-01-02 17:33:00,1.0,0.093,0.0,0.0,17,5,0,1
2021-01-02 17:34:00,2.0,0.08299999999999999,0.014142135623730958,0.0,17,5,0,1
2021-01-02 17:35:00,3.0,0.27366666666666667,0.21822083615762572,0.0,17,5,0,1
2021-01-02 17:36:00,0.0,0.0,0.0,0.0,17,5,0,1
2021-01-02 17:37:00,2.0,0.0935,0.021920310216782972,0.0,17,5,0,1
2021-01-02 17:38:00,0.0,0.0,0.0,0.0,17,5,0,1
2021-01-02 17:39:00,4.0,0.08549999999999999,0.008660254037844388,0.0,17,5,0,1
2021-01-02 17:40:00,1.0,0.156,0.0,0.0,17,5,0,1
2021-01-02 17:41:00,1.0,0.125,0.0,0.0,17,5,0,1
2021-01-02 17:42:00,1.0,0.093,0.0,0.0,17,5,0,1
2021-01-02 17:43:00,1.0,0.093,0.0,0.0,17,5,0,1
2021-01-02 17:44:00,0.0,0.0,0.0,0.0,17,5,0,1
2021-01-02 17:45:00,1.0,0.106,0.0,0.0,17,5,0,1
2021-01-02 17:46:00,0.0,0.0,0.0,0.0,17,5,0,1
2021-01-02 17:47:00,0.0,0.0,0.0,0.0,17,5,0,1
2021-01-02 17:48:00,0.0,0.0,0.0,0.0,17,5,0,1
2021-01-02 17:49:00,2.0,0.21050000000000002,0.09970205614730321,0.0,17,5,0,1
2021-01-02 17:50:00,2.0,0.12000000000000001,0.02828427124746191,0.0,17,5,0,1
2021-01-02 17:51:00,1.0,0.093,0.0,0.0,17,5,0,1
2021-01-02 17:52:00,0.0,0.0,0.0,0.0,17,5,0,1
2021-01-02 17:53:00,3.0,0.10033333333333333,0.008082903768654759,0.0,17,5,0,1
2021-01-02 17:54:00,1.0,0.093,0.0,0.0,17,5,0,1
2021-01-02 17:55:00,1.0,0.093,0.0,0.0,17,5,0,1
2021-01-02 17:56:00,0.0,0.0,0.0,0.0,17,5,0,1
2021-01-02 17:57:00,0.0,0.0,0.0,0.0,17,5,0,1
2021-01-02 17:58:00,1.0,0.109,0.0,0.0,17,5,0,1
2021-01-02 17:59:00,1.0,0.093,0.0,0.0,17,5,0,1
2021-01-02 18:00:00,0.0,0.0,0.0,0.0,18,5,0,1
2021-01-02 18:01:00,1.0,0.109,0.0,0.0,18,5,0,1
2021-01-02 18:02:00,1.0,0.109,0.0,0.0,18,5,0,1
2021-01-02 18:03:00,1.0,0.109,0.0,0.0,18,5,0,1
2021-01-02 18:04:00,0.0,0.0,0.0,0.0,18,5,0,1
2021-01-02 18:05:00,0.0,0.0,0.0,0.0,18,5,0,1
2021-01-02 18:06:00,1.0,0.093,0.0,0.0,18,5,0,1
2021-01-02 18:07:00,1.0,0.078,0.0,0.0,18,5,0,1
2021-01-02 18:08:00,1.0,0.062,0.0,0.0,18,5,0,1
2021-01-02 18:09:00,0.0,0.0,0.0,0.0,18,5,0,1
2021-01-02 18:10:00,2.0,0.08549999999999999,0.010606601717798208,0.0,18,5,0,1
2021-01-02 18:11:00,1.0,0.093,0.0,0.0,18,5,0,1
2021-01-02 18:12:00,1.0,0.111,0.0,0.0,18,5,0,1
2021-01-02 18:13:00,2.0,0.093,0.0,0.0,18,5,0,1
2021-01-02 18:14:00,1.0,0.074,0.0,0.0,18,5,0,1
2021-01-02 18:15:00,0.0,0.0,0.0,0.0,18,5,0,1
2021-01-02 18:16:00,0.0,0.0,0.0,0.0,18,5,0,1
2021-01-02 18:17:00,0.0,0.0,0.0,0.0,18,5,0,1
2021-01-02 18:18:00,1.0,0.109,0.0,0.0,18,5,0,1
2021-01-02 18:19:00,2.0,0.08549999999999999,0.010606601717798208,0.0,18,5,0,1
2021-01-02 18:20:00,0.0,0.0,0.0,0.0,18,5,0,1
2021-01-02 18:21:00,1.0,0.109,0.0,0.0,18,5,0,1
2021-01-02 18:22:00,1.0,0.093,0.0,0.0,18,5,0,1
2021-01-02 18:23:00,1.0,0.109,0.0,0.0,18,5,0,1
2021-01-02 18:24:00,0.0,0.0,0.0,0.0,18,5,0,1
2021-01-02 18:25:00,0.0,0.0,0.0,0.0,18,5,0,1
2021-01-02 18:26:00,3.0,0.09300000000000001,0.0,0.0,18,5,0,1
2021-01-02 18:27:00,1.0,0.11,0.0,0.0,18,5,0,1
2021-01-02 18:28:00,2.0,0.109,0.02262741699796952,0.0,18,5,0,1
2021-01-02 18:29:00,2.0,0.08549999999999999,0.010606601717798208,0.0,18,5,0,1
2021-01-02 18:30:00,1.0,0.109,0.0,0.0,18,5,0,1
2021-01-02 18:31:00,0.0,0.0,0.0,0.0,18,5,0,1
2021-01-02 18:32:00,2.0,0.272,0.09758073580374356,0.0,18,5,0,1
2021-01-02 18:33:00,1.0,0.116,0.0,0.0,18,5,0,1
2021-01-02 18:34:00,1.0,0.078,0.0,0.0,18,5,0,1
2021-01-02 18:35:00,2.0,0.148,0.09899494936611665,0.0,18,5,0,1
2021-01-02 18:36:00,2.0,0.08549999999999999,0.010606601717798217,0.0,18,5,0,1
2021-01-02 18:37:00,2.0,0.101,0.011313708498984765,0.0,18,5,0,1
2021-01-02 18:38:00,1.0,0.109,0.0,0.0,18,5,0,1
2021-01-02 18:39:00,0.0,0.0,0.0,0.0,18,5,0,1
2021-01-02 18:40:00,1.0,0.193,0.0,0.0,18,5,0,1
2021-01-02 18:41:00,0.0,0.0,0.0,0.0,18,5,0,1
2021-01-02 18:42:00,0.0,0.0,0.0,0.0,18,5,0,1
2021-01-02 18:43:00,1.0,0.078,0.0,0.0,18,5,0,1
2021-01-02 18:44:00,0.0,0.0,0.0,0.0,18,5,0,1
2021-01-02 18:45:00,1.0,0.097,0.0,0.0,18,5,0,1
2021-01-02 18:46:00,2.0,0.134,0.035355339059327376,0.0,18,5,0,1
2021-01-02 18:47:00,1.0,0.093,0.0,0.0,18,5,0,1
2021-01-02 18:48:00,0.0,0.0,0.0,0.0,18,5,0,1
2021-01-02 18:49:00,1.0,0.078,0.0,0.0,18,5,0,1
2021-01-02 18:50:00,1.0,0.124,0.0,0.0,18,5,0,1
2021-01-02 18:51:00,0.0,0.0,0.0,0.0,18,5,0,1
2021-01-02 18:52:00,0.0,0.0,0.0,0.0,18,5,0,1
2021-01-02 18:53:00,1.0,0.062,0.0,0.0,18,5,0,1
2021-01-02 18:54:00,0.0,0.0,0.0,0.0,18,5,0,1
2021-01-02 18:55:00,4.0,0.1325,0.07934943814125803,0.0,18,5,0,1
2021-01-02 18:56:00,1.0,0.078,0.0,0.0,18,5,0,1
2021-01-02 18:57:00,2.0,0.0935,0.021920310216782972,0.0,18,5,0,1
2021-01-02 18:58:00,0.0,0.0,0.0,0.0,18,5,0,1
2021-01-02 18:59:00,0.0,0.0,0.0,0.0,18,5,0,1
2021-01-02 19:00:00,0.0,0.0,0.0,0.0,19,5,0,1
2021-01-02 19:01:00,0.0,0.0,0.0,0.0,19,5,0,1
2021-01-02 19:02:00,0.0,0.0,0.0,0.0,19,5,0,1
2021-01-02 19:03:00,1.0,0.143,0.0,0.0,19,5,0,1
2021-01-02 19:04:00,0.0,0.0,0.0,0.0,19,5,0,1
2021-01-02 19:05:00,3.0,0.114,0.02389560629069705,0.0,19,5,0,1
2021-01-02 19:06:00,2.0,0.087,0.008485281374238563,0.0,19,5,0,1
2021-01-02 19:07:00,0.0,0.0,0.0,0.0,19,5,0,1
2021-01-02 19:08:00,1.0,0.093,0.0,0.0,19,5,0,1
2021-01-02 19:09:00,0.0,0.0,0.0,0.0,19,5,0,1
2021-01-02 19:10:00,4.0,0.12075,0.019805302320338364,0.0,19,5,0,1
2021-01-02 19:11:00,0.0,0.0,0.0,0.0,19,5,0,1
2021-01-02 19:12:00,0.0,0.0,0.0,0.0,19,5,0,1
2021-01-02 19:13:00,3.0,0.09333333333333334,0.0005773502691896273,0.0,19,5,0,1
2021-01-02 19:14:00,0.0,0.0,0.0,0.0,19,5,0,1
2021-01-02 19:15:00,1.0,0.096,0.0,0.0,19,5,0,1
2021-01-02 19:16:00,1.0,0.106,0.0,0.0,19,5,0,1
2021-01-02 19:17:00,0.0,0.0,0.0,0.0,19,5,0,1
2021-01-02 19:18:00,0.0,0.0,0.0,0.0,19,5,0,1
2021-01-02 19:19:00,1.0,0.093,0.0,0.0,19,5,0,1
2021-01-02 19:20:00,1.0,0.14,0.0,0.0,19,5,0,1
2021-01-02 19:21:00,0.0,0.0,0.0,0.0,19,5,0,1
2021-01-02 19:22:00,3.0,0.10433333333333333,0.017925772879665004,0.0,19,5,0,1
2021-01-02 19:23:00,0.0,0.0,0.0,0.0,19,5,0,1
2021-01-02 19:24:00,1.0,0.097,0.0,0.0,19,5,0,1
2021-01-02 19:25:00,1.0,0.109,0.0,0.0,19,5,0,1
2021-01-02 19:26:00,1.0,0.171,0.0,0.0,19,5,0,1
2021-01-02 19:27:00,0.0,0.0,0.0,0.0,19,5,0,1
2021-01-02 19:28:00,1.0,0.093,0.0,0.0,19,5,0,1
2021-01-02 19:29:00,1.0,0.097,0.0,0.0,19,5,0,1
2021-01-02 19:30:00,1.0,0.125,0.0,0.0,19,5,0,1
2021-01-02 19:31:00,0.0,0.0,0.0,0.0,19,5,0,1
2021-01-02 19:32:00,0.0,0.0,0.0,0.0,19,5,0,1
2021-01-02 19:33:00,1.0,0.153,0.0,0.0,19,5,0,1
2021-01-02 19:34:00,0.0,0.0,0.0,0.0,19,5,0,1
2021-01-02 19:35:00,2.0,0.109,0.0,0.0,19,5,0,1
2021-01-02 19:36:00,0.0,0.0,0.0,0.0,19,5,0,1
2021-01-02 19:37:00,0.0,0.0,0.0,0.0,19,5,0,1
2021-01-02 19:38:00,1.0,0.109,0.0,0.0,19,5,0,1
2021-01-02 19:39:00,0.0,0.0,0.0,0.0,19,5,0,1
2021-01-02 19:40:00,1.0,0.14,0.0,0.0,19,5,0,1
2021-01-02 19:41:00,1.0,0.293,0.0,0.0,19,5,0,1
2021-01-02 19:42:00,0.0,0.0,0.0,0.0,19,5,0,1
2021-01-02 19:43:00,0.0,0.0,0.0,0.0,19,5,0,1
2021-01-02 19:44:00,1.0,0.078,0.0,0.0,19,5,0,1
2021-01-02 19:45:00,3.0,0.169,0.08953770155638349,0.0,19,5,0,1
2021-01-02 19:46:00,0.0,0.0,0.0,0.0,19,5,0,1
2021-01-02 19:47:00,0.0,0.0,0.0,0.0,19,5,0,1
2021-01-02 19:48:00,2.0,0.1245,0.021920310216782986,0.0,19,5,0,1
2021-01-02 19:49:00,0.0,0.0,0.0,0.0,19,5,0,1
2021-01-02 19:50:00,0.0,0.0,0.0,0.0,19,5,0,1
2021-01-02 19:51:00,0.0,0.0,0.0,0.0,19,5,0,1
2021-01-02 19:52:00,0.0,0.0,0.0,0.0,19,5,0,1
2021-01-02 19:53:00,1.0,0.156,0.0,0.0,19,5,0,1
2021-01-02 19:54:00,1.0,0.125,0.0,0.0,19,5,0,1
2021-01-02 19:55:00,0.0,0.0,0.0,0.0,19,5,0,1
2021-01-02 19:56:00,1.0,0.109,0.0,0.0,19,5,0,1
2021-01-02 19:57:00,1.0,0.109,0.0,0.0,19,5,0,1
2021-01-02 19:58:00,0.0,0.0,0.0,0.0,19,5,0,1
2021-01-02 19:59:00,0.0,0.0,0.0,0.0,19,5,0,1
2021-01-02 20:00:00,0.0,0.0,0.0,0.0,20,5,0,1
2021-01-02 20:01:00,0.0,0.0,0.0,0.0,20,5,0,1
2021-01-02 20:02:00,0.0,0.0,0.0,0.0,20,5,0,1
2021-01-02 20:03:00,1.0,0.124,0.0,0.0,20,5,0,1
2021-01-02 20:04:00,0.0,0.0,0.0,0.0,20,5,0,1
2021-01-02 20:05:00,1.0,0.109,0.0,0.0,20,5,0,1
2021-01-02 20:06:00,2.0,0.132,0.01131370849898477,0.0,20,5,0,1
2021-01-02 20:07:00,1.0,0.142,0.0,0.0,20,5,0,1
2021-01-02 20:08:00,0.0,0.0,0.0,0.0,20,5,0,1
2021-01-02 20:09:00,0.0,0.0,0.0,0.0,20,5,0,1
2021-01-02 20:10:00,2.0,0.11649999999999999,0.010606601717798208,0.0,20,5,0,1
2021-01-02 20:11:00,0.0,0.0,0.0,0.0,20,5,0,1
2021-01-02 20:12:00,0.0,0.0,0.0,0.0,20,5,0,1
2021-01-02 20:13:00,0.0,0.0,0.0,0.0,20,5,0,1
2021-01-02 20:14:00,0.0,0.0,0.0,0.0,20,5,0,1
2021-01-02 20:15:00,0.0,0.0,0.0,0.0,20,5,0,1
2021-01-02 20:16:00,0.0,0.0,0.0,0.0,20,5,0,1
2021-01-02 20:17:00,1.0,0.109,0.0,0.0,20,5,0,1
2021-01-02 20:18:00,0.0,0.0,0.0,0.0,20,5,0,1
2021-01-02 20:19:00,1.0,0.109,0.0,0.0,20,5,0,1
2021-01-02 20:20:00,1.0,0.093,0.0,0.0,20,5,0,1
2021-01-02 20:21:00,0.0,0.0,0.0,0.0,20,5,0,1
2021-01-02 20:22:00,1.0,0.078,0.0,0.0,20,5,0,1
2021-01-02 20:23:00,2.0,0.101,0.011313708498984755,0.0,20,5,0,1
2021-01-02 20:24:00,0.0,0.0,0.0,0.0,20,5,0,1
2021-01-02 20:25:00,1.0,0.125,0.0,0.0,20,5,0,1
2021-01-02 20:26:00,0.0,0.0,0.0,0.0,20,5,0,1
2021-01-02 20:27:00,0.0,0.0,0.0,0.0,20,5,0,1
2021-01-02 20:28:00,2.0,0.109,0.0,0.0,20,5,0,1
2021-01-02 20:29:00,1.0,0.124,0.0,0.0,20,5,0,1
2021-01-02 20:30:00,0.0,0.0,0.0,0.0,20,5,0,1
2021-01-02 20:31:00,2.0,0.11699999999999999,0.011313708498984755,0.0,20,5,0,1
2021-01-02 20:32:00,1.0,0.125,0.0,0.0,20,5,0,1
2021-01-02 20:33:00,0.0,0.0,0.0,0.0,20,5,0,1
2021-01-02 20:34:00,0.0,0.0,0.0,0.0,20,5,0,1
2021-01-02 20:35:00,0.0,0.0,0.0,0.0,20,5,0,1
2021-01-02 20:36:00,2.0,0.078,0.0,0.0,20,5,0,1
2021-01-02 20:37:00,0.0,0.0,0.0,0.0,20,5,0,1
2021-01-02 20:38:00,0.0,0.0,0.0,0.0,20,5,0,1
2021-01-02 20:39:00,0.0,0.0,0.0,0.0,20,5,0,1
2021-01-02 20:40:00,2.0,0.11649999999999999,0.010606601717798208,0.0,20,5,0,1
2021-01-02 20:41:00,1.0,0.093,0.0,0.0,20,5,0,1
2021-01-02 20:42:00,1.0,0.109,0.0,0.0,20,5,0,1
2021-01-02 20:43:00,1.0,0.093,0.0,0.0,20,5,0,1
2021-01-02 20:44:00,0.0,0.0,0.0,0.0,20,5,0,1
2021-01-02 20:45:00,0.0,0.0,0.0,0.0,20,5,0,1
2021-01-02 20:46:00,0.0,0.0,0.0,0.0,20,5,0,1
2021-01-02 20:47:00,0.0,0.0,0.0,0.0,20,5,0,1
2021-01-02 20:48:00,0.0,0.0,0.0,0.0,20,5,0,1
2021-01-02 20:49:00,1.0,0.092,0.0,0.0,20,5,0,1
2021-01-02 20:50:00,1.0,0.218,0.0,0.0,20,5,0,1
2021-01-02 20:51:00,0.0,0.0,0.0,0.0,20,5,0,1
2021-01-02 20:52:00,1.0,0.09,0.0,0.0,20,5,0,1
2021-01-02 20:53:00,1.0,0.093,0.0,0.0,20,5,0,1
2021-01-02 20:54:00,2.0,0.1175,0.03464823227814082,0.0,20,5,0,1
2021-01-02 20:55:00,1.0,0.109,0.0,0.0,20,5,0,1
2021-01-02 20:56:00,3.0,0.11966666666666666,0.009237604307034014,0.0,20,5,0,1
2021-01-02 20:57:00,1.0,0.14,0.0,0.0,20,5,0,1
2021-01-02 20:58:00,1.0,0.125,0.0,0.0,20,5,0,1
2021-01-02 20:59:00,1.0,0.14,0.0,0.0,20,5,0,1
2021-01-02 21:00:00,0.0,0.0,0.0,0.0,21,5,0,1
2021-01-02 21:01:00,0.0,0.0,0.0,0.0,21,5,0,1
2021-01-02 21:02:00,2.0,0.109,0.0,0.0,21,5,0,1
2021-01-02 21:03:00,0.0,0.0,0.0,0.0,21,5,0,1
2021-01-02 21:04:00,0.0,0.0,0.0,0.0,21,5,0,1
2021-01-02 21:05:00,0.0,0.0,0.0,0.0,21,5,0,1
2021-01-02 21:06:00,1.0,0.109,0.0,0.0,21,5,0,1
2021-01-02 21:07:00,0.0,0.0,0.0,0.0,21,5,0,1
2021-01-02 21:08:00,1.0,0.078,0.0,0.0,21,5,0,1
2021-01-02 21:09:00,0.0,0.0,0.0,0.0,21,5,0,1
2021-01-02 21:10:00,1.0,0.109,0.0,0.0,21,5,0,1
2021-01-02 21:11:00,0.0,0.0,0.0,0.0,21,5,0,1
2021-01-02 21:12:00,0.0,0.0,0.0,0.0,21,5,0,1
2021-01-02 21:13:00,0.0,0.0,0.0,0.0,21,5,0,1
2021-01-02 21:14:00,1.0,0.125,0.0,0.0,21,5,0,1
2021-01-02 21:15:00,1.0,0.093,0.0,0.0,21,5,0,1
2021-01-02 21:16:00,0.0,0.0,0.0,0.0,21,5,0,1
2021-01-02 21:17:00,0.0,0.0,0.0,0.0,21,5,0,1
2021-01-02 21:18:00,1.0,0.093,0.0,0.0,21,5,0,1
2021-01-02 21:19:00,1.0,0.089,0.0,0.0,21,5,0,1
2021-01-02 21:20:00,1.0,0.093,0.0,0.0,21,5,0,1
2021-01-02 21:21:00,1.0,0.093,0.0,0.0,21,5,0,1
2021-01-02 21:22:00,1.0,0.477,0.0,0.0,21,5,0,1
2021-01-02 21:23:00,1.0,0.093,0.0,0.0,21,5,0,1
2021-01-02 21:24:00,2.0,0.093,0.02262741699796952,0.0,21,5,0,1
2021-01-02 21:25:00,1.0,0.109,0.0,0.0,21,5,0,1
2021-01-02 21:26:00,0.0,0.0,0.0,0.0,21,5,0,1
2021-01-02 21:27:00,4.0,0.1165,0.059612638481002234,0.0,21,5,0,1
2021-01-02 21:28:00,3.0,0.19899999999999998,0.18157918382898405,0.0,21,5,0,1
2021-01-02 21:29:00,2.0,0.101,0.011313708498984765,0.0,21,5,0,1
2021-01-02 21:30:00,3.0,0.12433333333333334,0.015011106998930272,0.0,21,5,0,1
2021-01-02 21:31:00,2.0,0.11699999999999999,0.011313708498984755,0.0,21,5,0,1
2021-01-02 21:32:00,1.0,0.093,0.0,0.0,21,5,0,1
2021-01-02 21:33:00,0.0,0.0,0.0,0.0,21,5,0,1
2021-01-02 21:34:00,2.0,0.101,0.03252691193458119,0.0,21,5,0,1
2021-01-02 21:35:00,0.0,0.0,0.0,0.0,21,5,0,1
2021-01-02 21:36:00,0.0,0.0,0.0,0.0,21,5,0,1
2021-01-02 21:37:00,2.0,0.101,0.011313708498984755,0.0,21,5,0,1
2021-01-02 21:38:00,1.0,0.085,0.0,0.0,21,5,0,1
2021-01-02 21:39:00,0.0,0.0,0.0,0.0,21,5,0,1
2021-01-02 21:40:00,0.0,0.0,0.0,0.0,21,5,0,1
2021-01-02 21:41:00,0.0,0.0,0.0,0.0,21,5,0,1
2021-01-02 21:42:00,0.0,0.0,0.0,0.0,21,5,0,1
2021-01-02 21:43:00,1.0,0.109,0.0,0.0,21,5,0,1
2021-01-02 21:44:00,3.0,0.09833333333333333,0.009237604307034014,0.0,21,5,0,1
2021-01-02 21:45:00,2.0,0.14700000000000002,0.07636753236814713,0.0,21,5,0,1
2021-01-02 21:46:00,0.0,0.0,0.0,0.0,21,5,0,1
2021-01-02 21:47:00,1.0,0.093,0.0,0.0,21,5,0,1
2021-01-02 21:48:00,2.0,0.0935,0.021920310216782972,0.0,21,5,0,1
2021-01-02 21:49:00,0.0,0.0,0.0,0.0,21,5,0,1
2021-01-02 21:50:00,1.0,0.093,0.0,0.0,21,5,0,1
2021-01-02 21:51:00,3.0,0.145,0.06509224224129939,0.0,21,5,0,1
2021-01-02 21:52:00,0.0,0.0,0.0,0.0,21,5,0,1
2021-01-02 21:53:00,0.0,0.0,0.0,0.0,21,5,0,1
2021-01-02 21:54:00,0.0,0.0,0.0,0.0,21,5,0,1
2021-01-02 21:55:00,0.0,0.0,0.0,0.0,21,5,0,1
2021-01-02 21:56:00,1.0,0.11,0.0,0.0,21,5,0,1
2021-01-02 21:57:00,1.0,0.109,0.0,0.0,21,5,0,1
2021-01-02 21:58:00,1.0,0.093,0.0,0.0,21,5,0,1
2021-01-02 21:59:00,2.0,0.1325,0.03323401871576773,0.0,21,5,0,1
2021-01-02 22:00:00,1.0,0.125,0.0,0.0,22,5,0,1
2021-01-02 22:01:00,3.0,0.114,0.023895606290697046,0.0,22,5,0,1
2021-01-02 22:02:00,0.0,0.0,0.0,0.0,22,5,0,1
2021-01-02 22:03:00,0.0,0.0,0.0,0.0,22,5,0,1
2021-01-02 22:04:00,3.0,0.125,0.0165227116418583,0.0,22,5,0,1
2021-01-02 22:05:00,1.0,0.078,0.0,0.0,22,5,0,1
2021-01-02 22:06:00,1.0,0.093,0.0,0.0,22,5,0,1
2021-01-02 22:07:00,0.0,0.0,0.0,0.0,22,5,0,1
2021-01-02 22:08:00,0.0,0.0,0.0,0.0,22,5,0,1
2021-01-02 22:09:00,1.0,0.093,0.0,0.0,22,5,0,1
2021-01-02 22:10:00,2.0,0.0775,0.021920310216782972,0.0,22,5,0,1
2021-01-02 22:11:00,2.0,0.109,0.02262741699796952,0.0,22,5,0,1
2021-01-02 22:12:00,0.0,0.0,0.0,0.0,22,5,0,1
2021-01-02 22:13:00,2.0,0.1635,0.09970205614730321,0.0,22,5,0,1
2021-01-02 22:14:00,0.0,0.0,0.0,0.0,22,5,0,1
2021-01-02 22:15:00,1.0,0.093,0.0,0.0,22,5,0,1
2021-01-02 22:16:00,1.0,0.109,0.0,0.0,22,5,0,1
2021-01-02 22:17:00,0.0,0.0,0.0,0.0,22,5,0,1
2021-01-02 22:18:00,1.0,0.093,0.0,0.0,22,5,0,1
2021-01-02 22:19:00,1.0,0.109,0.0,0.0,22,5,0,1
2021-01-02 22:20:00,0.0,0.0,0.0,0.0,22,5,0,1
2021-01-02 22:21:00,2.0,0.183,0.0820243866176395,0.0,22,5,0,1
2021-01-02 22:22:00,0.0,0.0,0.0,0.0,22,5,0,1
2021-01-02 22:23:00,0.0,0.0,0.0,0.0,22,5,0,1
2021-01-02 22:24:00,2.0,0.093,0.0,0.0,22,5,0,1
2021-01-02 22:25:00,1.0,0.14,0.0,0.0,22,5,0,1
2021-01-02 22:26:00,0.0,0.0,0.0,0.0,22,5,0,1
2021-01-02 22:27:00,0.0,0.0,0.0,0.0,22,5,0,1
2021-01-02 22:28:00,0.0,0.0,0.0,0.0,22,5,0,1
2021-01-02 22:29:00,1.0,0.097,0.0,0.0,22,5,0,1
2021-01-02 22:30:00,2.0,0.1245,0.06576093065034894,0.0,22,5,0,1
2021-01-02 22:31:00,3.0,0.105,0.025238858928247926,0.0,22,5,0,1
2021-01-02 22:32:00,0.0,0.0,0.0,0.0,22,5,0,1
2021-01-02 22:33:00,1.0,0.109,0.0,0.0,22,5,0,1
2021-01-02 22:34:00,2.0,0.112,0.02687005768508881,0.0,22,5,0,1
2021-01-02 22:35:00,1.0,0.277,0.0,0.0,22,5,0,1
2021-01-02 22:36:00,3.0,0.123,0.042755116652863905,0.0,22,5,0,1
2021-01-02 22:37:00,0.0,0.0,0.0,0.0,22,5,0,1
2021-01-02 22:38:00,3.0,0.08833333333333333,0.0178978583448784,0.0,22,5,0,1
2021-01-02 22:39:00,0.0,0.0,0.0,0.0,22,5,0,1
2021-01-02 22:40:00,2.0,0.093,0.0,0.0,22,5,0,1
2021-01-02 22:41:00,1.0,0.093,0.0,0.0,22,5,0,1
2021-01-02 22:42:00,4.0,0.1165,0.05608624311421356,0.0,22,5,0,1
2021-01-02 22:43:00,1.0,0.093,0.0,0.0,22,5,0,1
2021-01-02 22:44:00,2.0,0.099,0.03676955262170047,0.0,22,5,0,1
2021-01-02 22:45:00,0.0,0.0,0.0,0.0,22,5,0,1
2021-01-02 22:46:00,1.0,0.296,0.0,0.0,22,5,0,1
2021-01-02 22:47:00,1.0,0.125,0.0,0.0,22,5,0,1
2021-01-02 22:48:00,3.0,0.09933333333333333,0.018502252115170557,0.0,22,5,0,1
2021-01-02 22:49:00,1.0,0.093,0.0,0.0,22,5,0,1
2021-01-02 22:50:00,1.0,0.078,0.0,0.0,22,5,0,1
2021-01-02 22:51:00,2.0,0.093,0.0,0.0,22,5,0,1
2021-01-02 22:52:00,1.0,0.109,0.0,0.0,22,5,0,1
2021-01-02 22:53:00,2.0,0.078,0.0,0.0,22,5,0,1
2021-01-02 22:54:00,1.0,0.094,0.0,0.0,22,5,0,1
2021-01-02 22:55:00,1.0,0.081,0.0,0.0,22,5,0,1
2021-01-02 22:56:00,0.0,0.0,0.0,0.0,22,5,0,1
2021-01-02 22:57:00,3.0,0.166,0.1149086593777858,0.0,22,5,0,1
2021-01-02 22:58:00,0.0,0.0,0.0,0.0,22,5,0,1
2021-01-02 22:59:00,2.0,0.1505,0.08555992052357225,0.0,22,5,0,1
2021-01-02 23:00:00,3.0,0.09833333333333333,0.009237604307034018,0.0,23,5,0,1
2021-01-02 23:01:00,1.0,0.109,0.0,0.0,23,5,0,1
2021-01-02 23:02:00,1.0,0.109,0.0,0.0,23,5,0,1
2021-01-02 23:03:00,2.0,0.123,0.0028284271247461927,0.0,23,5,0,1
2021-01-02 23:04:00,2.0,0.101,0.011313708498984765,0.0,23,5,0,1
2021-01-02 23:05:00,2.0,0.109,0.0,0.0,23,5,0,1
2021-01-02 23:06:00,2.0,0.1635,0.03323401871576773,0.0,23,5,0,1
2021-01-02 23:07:00,0.0,0.0,0.0,0.0,23,5,0,1
2021-01-02 23:08:00,2.0,0.0935,0.021920310216782972,0.0,23,5,0,1
2021-01-02 23:09:00,3.0,0.10466666666666667,0.024785748593361735,0.0,23,5,0,1
2021-01-02 23:10:00,3.0,0.09333333333333334,0.015502687938977983,0.0,23,5,0,1
2021-01-02 23:11:00,2.0,0.08549999999999999,0.010606601717798217,0.0,23,5,0,1
2021-01-02 23:12:00,0.0,0.0,0.0,0.0,23,5,0,1
2021-01-02 23:13:00,1.0,0.11,0.0,0.0,23,5,0,1
2021-01-02 23:14:00,0.0,0.0,0.0,0.0,23,5,0,1
2021-01-02 23:15:00,2.0,0.093,0.0,0.0,23,5,0,1
2021-01-02 23:16:00,1.0,0.109,0.0,0.0,23,5,0,1
2021-01-02 23:17:00,1.0,0.109,0.0,0.0,23,5,0,1
2021-01-02 23:18:00,4.0,0.10500000000000001,0.03472751070837068,0.0,23,5,0,1
2021-01-02 23:19:00,2.0,0.11699999999999999,0.011313708498984755,0.0,23,5,0,1
2021-01-02 23:20:00,2.0,0.101,0.011313708498984765,0.0,23,5,0,1
2021-01-02 23:21:00,2.0,0.109,0.0,0.0,23,5,0,1
2021-01-02 23:22:00,3.0,0.135,0.04503332099679081,0.0,23,5,0,1
2021-01-02 23:23:00,0.0,0.0,0.0,0.0,23,5,0,1
2021-01-02 23:24:00,2.0,0.125,0.022627416997969507,0.0,23,5,0,1
2021-01-02 23:25:00,0.0,0.0,0.0,0.0,23,5,0,1
2021-01-02 23:26:00,1.0,0.078,0.0,0.0,23,5,0,1
2021-01-02 23:27:00,0.0,0.0,0.0,0.0,23,5,0,1
2021-01-02 23:28:00,0.0,0.0,0.0,0.0,23,5,0,1
2021-01-02 23:29:00,3.0,0.15833333333333333,0.05773502691896257,0.0,23,5,0,1
2021-01-02 23:30:00,1.0,0.156,0.0,0.0,23,5,0,1
2021-01-02 23:31:00,3.0,0.11399999999999999,0.018193405398660253,0.0,23,5,0,1
2021-01-02 23:32:00,2.0,0.0905,0.0035355339059327407,0.0,23,5,0,1
2021-01-02 23:33:00,1.0,0.093,0.0,0.0,23,5,0,1
2021-01-02 23:34:00,0.0,0.0,0.0,0.0,23,5,0,1
2021-01-02 23:35:00,1.0,0.14,0.0,0.0,23,5,0,1
2021-01-02 23:36:00,3.0,0.164,0.10671925786848406,0.0,23,5,0,1
2021-01-02 23:37:00,0.0,0.0,0.0,0.0,23,5,0,1
2021-01-02 23:38:00,2.0,0.109,0.0,0.0,23,5,0,1
2021-01-02 23:39:00,0.0,0.0,0.0,0.0,23,5,0,1
2021-01-02 23:40:00,0.0,0.0,0.0,0.0,23,5,0,1
2021-01-02 23:41:00,1.0,0.078,0.0,0.0,23,5,0,1
2021-01-02 23:42:00,0.0,0.0,0.0,0.0,23,5,0,1
2021-01-02 23:43:00,1.0,0.078,0.0,0.0,23,5,0,1
2021-01-02 23:44:00,3.0,0.114,0.02424871130596429,0.0,23,5,0,1
2021-01-02 23:45:00,0.0,0.0,0.0,0.0,23,5,0,1
2021-01-02 23:46:00,3.0,0.15166666666666664,0.1148491764590993,0.0,23,5,0,1
2021-01-02 23:47:00,0.0,0.0,0.0,0.0,23,5,0,1
2021-01-02 23:48:00,1.0,0.093,0.0,0.0,23,5,0,1
2021-01-02 23:49:00,1.0,0.14,0.0,0.0,23,5,0,1
2021-01-02 23:50:00,0.0,0.0,0.0,0.0,23,5,0,1
2021-01-02 23:51:00,0.0,0.0,0.0,0.0,23,5,0,1
2021-01-02 23:52:00,2.0,0.109,0.0,0.0,23,5,0,1
2021-01-02 23:53:00,0.0,0.0,0.0,0.0,23,5,0,1
2021-01-02 23:54:00,0.0,0.0,0.0,0.0,23,5,0,1
2021-01-02 23:55:00,1.0,0.109,0.0,0.0,23,5,0,1
2021-01-02 23:56:00,2.0,0.14750000000000002,0.033234018715767734,0.0,23,5,0,1
2021-01-02 23:57:00,2.0,0.1165,0.03323401871576774,0.0,23,5,0,1
2021-01-02 23:58:00,0.0,0.0,0.0,0.0,23,5,0,1
2021-01-02 23:59:00,1.0,0.093,0.0,0.0,23,5,0,1
2021-01-03 00:00:00,0.0,0.0,0.0,0.0,0,6,0,1
2021-01-03 00:01:00,0.0,0.0,0.0,0.0,0,6,0,1
2021-01-03 00:02:00,3.0,0.11933333333333333,0.008962886439832498,0.0,0,6,0,1
2021-01-03 00:03:00,1.0,0.078,0.0,0.0,0,6,0,1
2021-01-03 00:04:00,0.0,0.0,0.0,0.0,0,6,0,1
2021-01-03 00:05:00,0.0,0.0,0.0,0.0,0,6,0,1
2021-01-03 00:06:00,0.0,0.0,0.0,0.0,0,6,0,1
2021-01-03 00:07:00,0.0,0.0,0.0,0.0,0,6,0,1
2021-01-03 00:08:00,0.0,0.0,0.0,0.0,0,6,0,1
2021-01-03 00:09:00,2.0,0.08549999999999999,0.010606601717798208,0.0,0,6,0,1
2021-01-03 00:10:00,0.0,0.0,0.0,0.0,0,6,0,1
2021-01-03 00:11:00,1.0,0.109,0.0,0.0,0,6,0,1
2021-01-03 00:12:00,0.0,0.0,0.0,0.0,0,6,0,1
2021-01-03 00:13:00,2.0,0.11649999999999999,0.010606601717798208,0.0,0,6,0,1
2021-01-03 00:14:00,1.0,0.14,0.0,0.0,0,6,0,1
2021-01-03 00:15:00,0.0,0.0,0.0,0.0,0,6,0,1
2021-01-03 00:16:00,2.0,0.097,0.005656854249492385,0.0,0,6,0,1
2021-01-03 00:17:00,0.0,0.0,0.0,0.0,0,6,0,1
2021-01-03 00:18:00,1.0,0.078,0.0,0.0,0,6,0,1
2021-01-03 00:19:00,0.0,0.0,0.0,0.0,0,6,0,1
2021-01-03 00:20:00,1.0,0.187,0.0,0.0,0,6,0,1
2021-01-03 00:21:00,0.0,0.0,0.0,0.0,0,6,0,1
2021-01-03 00:22:00,2.0,0.078,0.0,0.0,0,6,0,1
2021-01-03 00:23:00,2.0,0.1245,0.021920310216782986,0.0,0,6,0,1
2021-01-03 00:24:00,2.0,0.1405,0.02192031021678296,0.0,0,6,0,1
2021-01-03 00:25:00,0.0,0.0,0.0,0.0,0,6,0,1
2021-01-03 00:26:00,1.0,0.124,0.0,0.0,0,6,0,1
2021-01-03 00:27:00,0.0,0.0,0.0,0.0,0,6,0,1
2021-01-03 00:28:00,0.0,0.0,0.0,0.0,0,6,0,1
2021-01-03 00:29:00,1.0,0.093,0.0,0.0,0,6,0,1
2021-01-03 00:30:00,1.0,0.109,0.0,0.0,0,6,0,1
2021-01-03 00:31:00,0.0,0.0,0.0,0.0,0,6,0,1
2021-01-03 00:32:00,0.0,0.0,0.0,0.0,0,6,0,1
2021-01-03 00:33:00,1.0,0.109,0.0,0.0,0,6,0,1
2021-01-03 00:34:00,1.0,0.251,0.0,0.0,0,6,0,1
2021-01-03 00:35:00,0.0,0.0,0.0,0.0,0,6,0,1
2021-01-03 00:36:00,1.0,0.124,0.0,0.0,0,6,0,1
2021-01-03 00:37:00,1.0,0.078,0.0,0.0,0,6,0,1
2021-01-03 00:38:00,0.0,0.0,0.0,0.0,0,6,0,1
2021-01-03 00:39:00,0.0,0.0,0.0,0.0,0,6,0,1
2021-01-03 00:40:00,0.0,0.0,0.0,0.0,0,6,0,1
2021-01-03 00:41:00,0.0,0.0,0.0,0.0,0,6,0,1
2021-01-03 00:42:00,1.0,0.312,0.0,0.0,0,6,0,1
2021-01-03 00:43:00,0.0,0.0,0.0,0.0,0,6,0,1
2021-01-03 00:44:00,0.0,0.0,0.0,0.0,0,6,0,1
2021-01-03 00:45:00,1.0,0.109,0.0,0.0,0,6,0,1
2021-01-03 00:46:00,1.0,0.093,0.0,0.0,0,6,0,1
2021-01-03 00:47:00,0.0,0.0,0.0,0.0,0,6,0,1
2021-01-03 00:48:00,1.0,0.109,0.0,0.0,0,6,0,1
2021-01-03 00:49:00,0.0,0.0,0.0,0.0,0,6,0,1
2021-01-03 00:50:00,2.0,0.11649999999999999,0.010606601717798208,0.0,0,6,0,1
2021-01-03 00:51:00,1.0,0.078,0.0,0.0,0,6,0,1
2021-01-03 00:52:00,2.0,0.101,0.011313708498984755,0.0,0,6,0,1
2021-01-03 00:53:00,0.0,0.0,0.0,0.0,0,6,0,1
2021-01-03 00:54:00,1.0,0.093,0.0,0.0,0,6,0,1
2021-01-03 00:55:00,0.0,0.0,0.0,0.0,0,6,0,1
2021-01-03 00:56:00,3.0,0.16166666666666665,0.13035464446399037,0.0,0,6,0,1
2021-01-03 00:57:00,1.0,0.093,0.0,0.0,0,6,0,1
2021-01-03 00:58:00,0.0,0.0,0.0,0.0,0,6,0,1
2021-01-03 00:59:00,1.0,0.109,0.0,0.0,0,6,0,1
2021-01-03 01:00:00,2.0,0.1165,0.03323401871576774,0.0,1,6,0,1
2021-01-03 01:01:00,2.0,0.1245,0.02192031021678298,0.0,1,6,0,1
2021-01-03 01:02:00,1.0,0.109,0.0,0.0,1,6,0,1
2021-01-03 01:03:00,2.0,0.14550000000000002,0.028991378028648443,0.0,1,6,0,1
2021-01-03 01:04:00,0.0,0.0,0.0,0.0,1,6,0,1
2021-01-03 01:05:00,1.0,0.093,0.0,0.0,1,6,0,1
2021-01-03 01:06:00,1.0,0.113,0.0,0.0,1,6,0,1
2021-01-03 01:07:00,0.0,0.0,0.0,0.0,1,6,0,1
2021-01-03 01:08:00,1.0,0.14,0.0,0.0,1,6,0,1
2021-01-03 01:09:00,1.0,0.109,0.0,0.0,1,6,0,1
2021-01-03 01:10:00,0.0,0.0,0.0,0.0,1,6,0,1
2021-01-03 01:11:00,2.0,0.266,0.06505382386916238,0.0,1,6,0,1
2021-01-03 01:12:00,0.0,0.0,0.0,0.0,1,6,0,1
2021-01-03 01:13:00,0.0,0.0,0.0,0.0,1,6,0,1
2021-01-03 01:14:00,3.0,0.128,0.024758836806279896,0.0,1,6,0,1
2021-01-03 01:15:00,0.0,0.0,0.0,0.0,1,6,0,1
2021-01-03 01:16:00,0.0,0.0,0.0,0.0,1,6,0,1
2021-01-03 01:17:00,0.0,0.0,0.0,0.0,1,6,0,1
2021-01-03 01:18:00,0.0,0.0,0.0,0.0,1,6,0,1
2021-01-03 01:19:00,3.0,0.11533333333333333,0.008504900548115377,0.0,1,6,0,1
2021-01-03 01:20:00,1.0,0.093,0.0,0.0,1,6,0,1
2021-01-03 01:21:00,1.0,0.14,0.0,0.0,1,6,0,1
2021-01-03 01:22:00,1.0,0.093,0.0,0.0,1,6,0,1
2021-01-03 01:23:00,0.0,0.0,0.0,0.0,1,6,0,1
2021-01-03 01:24:00,1.0,0.124,0.0,0.0,1,6,0,1
2021-01-03 01:25:00,2.0,0.1325,0.03323401871576773,0.0,1,6,0,1
2021-01-03 01:26:00,0.0,0.0,0.0,0.0,1,6,0,1
2021-01-03 01:27:00,1.0,0.093,0.0,0.0,1,6,0,1
2021-01-03 01:28:00,2.0,0.101,0.011313708498984755,0.0,1,6,0,1
2021-01-03 01:29:00,1.0,0.093,0.0,0.0,1,6,0,1
2021-01-03 01:30:00,1.0,0.128,0.0,0.0,1,6,0,1
2021-01-03 01:31:00,1.0,0.484,0.0,0.0,1,6,0,1
2021-01-03 01:32:00,1.0,0.129,0.0,0.0,1,6,0,1
2021-01-03 01:33:00,1.0,0.078,0.0,0.0,1,6,0,1
2021-01-03 01:34:00,0.0,0.0,0.0,0.0,1,6,0,1
2021-01-03 01:35:00,1.0,0.14,0.0,0.0,1,6,0,1
2021-01-03 01:36:00,1.0,0.171,0.0,0.0,1,6,0,1
2021-01-03 01:37:00,0.0,0.0,0.0,0.0,1,6,0,1
2021-01-03 01:38:00,0.0,0.0,0.0,0.0,1,6,0,1
2021-01-03 01:39:00,0.0,0.0,0.0,0.0,1,6,0,1
2021-01-03 01:40:00,1.0,0.109,0.0,0.0,1,6,0,1
2021-01-03 01:41:00,1.0,0.109,0.0,0.0,1,6,0,1
2021-01-03 01:42:00,0.0,0.0,0.0,0.0,1,6,0,1
2021-01-03 01:43:00,2.0,0.119,0.014142135623730947,0.0,1,6,0,1
2021-01-03 01:44:00,0.0,0.0,0.0,0.0,1,6,0,1
2021-01-03 01:45:00,0.0,0.0,0.0,0.0,1,6,0,1
2021-01-03 01:46:00,0.0,0.0,0.0,0.0,1,6,0,1
2021-01-03 01:47:00,1.0,0.14,0.0,0.0,1,6,0,1
2021-01-03 01:48:00,0.0,0.0,0.0,0.0,1,6,0,1
2021-01-03 01:49:00,1.0,0.109,0.0,0.0,1,6,0,1
2021-01-03 01:50:00,0.0,0.0,0.0,0.0,1,6,0,1
2021-01-03 01:51:00,0.0,0.0,0.0,0.0,1,6,0,1
2021-01-03 01:52:00,0.0,0.0,0.0,0.0,1,6,0,1
2021-01-03 01:53:00,2.0,0.1305,0.009192388155425127,0.0,1,6,0,1
2021-01-03 01:54:00,2.0,0.11649999999999999,0.010606601717798208,0.0,1,6,0,1
2021-01-03 01:55:00,0.0,0.0,0.0,0.0,1,6,0,1
2021-01-03 01:56:00,1.0,0.124,0.0,0.0,1,6,0,1
2021-01-03 01:57:00,0.0,0.0,0.0,0.0,1,6,0,1
2021-01-03 01:58:00,2.0,0.3905,0.37547370081005677,0.0,1,6,0,1
2021-01-03 01:59:00,0.0,0.0,0.0,0.0,1,6,0,1
2021-01-03 02:00:00,0.0,0.0,0.0,0.0,2,6,0,1
2021-01-03 02:01:00,2.0,0.163,0.03394112549695427,0.0,2,6,0,1
2021-01-03 02:02:00,1.0,0.123,0.0,0.0,2,6,0,1
2021-01-03 02:03:00,3.0,0.16633333333333333,0.039803684921541294,0.0,2,6,0,1
2021-01-03 02:04:00,2.0,0.1345,0.00777817459305203,0.0,2,6,0,1
2021-01-03 02:05:00,0.0,0.0,0.0,0.0,2,6,0,1
2021-01-03 02:06:00,1.0,0.125,0.0,0.0,2,6,0,1
2021-01-03 02:07:00,1.0,0.156,0.0,0.0,2,6,0,1
2021-01-03 02:08:00,1.0,0.172,0.0,0.0,2,6,0,1
2021-01-03 02:09:00,2.0,0.1245,0.021920310216782986,0.0,2,6,0,1
2021-01-03 02:10:00,0.0,0.0,0.0,0.0,2,6,0,1
2021-01-03 02:11:00,1.0,0.109,0.0,0.0,2,6,0,1
2021-01-03 02:12:00,1.0,0.078,0.0,0.0,2,6,0,1
2021-01-03 02:13:00,0.0,0.0,0.0,0.0,2,6,0,1
2021-01-03 02:14:00,0.0,0.0,0.0,0.0,2,6,0,1
2021-01-03 02:15:00,1.0,0.158,0.0,0.0,2,6,0,1
2021-01-03 02:16:00,1.0,0.109,0.0,0.0,2,6,0,1
2021-01-03 02:17:00,1.0,0.125,0.0,0.0,2,6,0,1
2021-01-03 02:18:00,0.0,0.0,0.0,0.0,2,6,0,1
2021-01-03 02:19:00,0.0,0.0,0.0,0.0,2,6,0,1
2021-01-03 02:20:00,1.0,0.139,0.0,0.0,2,6,0,1
2021-01-03 02:21:00,3.0,0.12466666666666666,0.015502687938977994,0.0,2,6,0,1
2021-01-03 02:22:00,2.0,0.14,0.021213203435596434,0.0,2,6,0,1
2021-01-03 02:23:00,0.0,0.0,0.0,0.0,2,6,0,1
2021-01-03 02:24:00,0.0,0.0,0.0,0.0,2,6,0,1
2021-01-03 02:25:00,0.0,0.0,0.0,0.0,2,6,0,1
2021-01-03 02:26:00,2.0,0.1255,0.020506096654409882,0.0,2,6,0,1
2021-01-03 02:27:00,0.0,0.0,0.0,0.0,2,6,0,1
2021-01-03 02:28:00,3.0,0.13,0.023895606290697043,0.0,2,6,0,1
2021-01-03 02:29:00,1.0,0.125,0.0,0.0,2,6,0,1
2021-01-03 02:30:00,2.0,0.1325,0.010606601717798222,0.0,2,6,0,1
2021-01-03 02:31:00,1.0,0.125,0.0,0.0,2,6,0,1
2021-01-03 02:32:00,0.0,0.0,0.0,0.0,2,6,0,1
2021-01-03 02:33:00,2.0,0.1245,0.02192031021678298,0.0,2,6,0,1
2021-01-03 02:34:00,4.0,0.124,0.0008164965809277282,0.0,2,6,0,1
2021-01-03 02:35:00,2.0,0.109,0.0,0.0,2,6,0,1
2021-01-03 02:36:00,0.0,0.0,0.0,0.0,2,6,0,1
2021-01-03 02:37:00,0.0,0.0,0.0,0.0,2,6,0,1
2021-01-03 02:38:00,0.0,0.0,0.0,0.0,2,6,0,1
2021-01-03 02:39:00,0.0,0.0,0.0,0.0,2,6,0,1
2021-01-03 02:40:00,1.0,0.093,0.0,0.0,2,6,0,1
2021-01-03 02:41:00,0.0,0.0,0.0,0.0,2,6,0,1
2021-01-03 02:42:00,0.0,0.0,0.0,0.0,2,6,0,1
2021-01-03 02:43:00,1.0,0.109,0.0,0.0,2,6,0,1
2021-01-03 02:44:00,0.0,0.0,0.0,0.0,2,6,0,1
2021-01-03 02:45:00,1.0,0.124,0.0,0.0,2,6,0,1
2021-01-03 02:46:00,1.0,0.093,0.0,0.0,2,6,0,1
2021-01-03 02:47:00,2.0,0.123,0.019798989873223333,0.0,2,6,0,1
2021-01-03 02:48:00,1.0,0.281,0.0,0.0,2,6,0,1
2021-01-03 02:49:00,2.0,0.1245,0.02192031021678298,0.0,2,6,0,1
2021-01-03 02:50:00,1.0,0.156,0.0,0.0,2,6,0,1
2021-01-03 02:51:00,1.0,0.124,0.0,0.0,2,6,0,1
2021-01-03 02:52:00,1.0,0.109,0.0,0.0,2,6,0,1
2021-01-03 02:53:00,0.0,0.0,0.0,0.0,2,6,0,1
2021-01-03 02:54:00,0.0,0.0,0.0,0.0,2,6,0,1
2021-01-03 02:55:00,0.0,0.0,0.0,0.0,2,6,0,1
2021-01-03 02:56:00,1.0,0.124,0.0,0.0,2,6,0,1
2021-01-03 02:57:00,0.0,0.0,0.0,0.0,2,6,0,1
2021-01-03 02:58:00,3.0,0.10766666666666665,0.028884828774519904,0.0,2,6,0,1
2021-01-03 02:59:00,0.0,0.0,0.0,0.0,2,6,0,1
2021-01-03 03:00:00,0.0,0.0,0.0,0.0,3,6,0,1
2021-01-03 03:01:00,1.0,0.109,0.0,0.0,3,6,0,1
2021-01-03 03:02:00,1.0,0.124,0.0,0.0,3,6,0,1
2021-01-03 03:03:00,1.0,0.093,0.0,0.0,3,6,0,1
2021-01-03 03:04:00,0.0,0.0,0.0,0.0,3,6,0,1
2021-01-03 03:05:00,1.0,0.313,0.0,0.0,3,6,0,1
2021-01-03 03:06:00,1.0,0.124,0.0,0.0,3,6,0,1
2021-01-03 03:07:00,0.0,0.0,0.0,0.0,3,6,0,1
2021-01-03 03:08:00,1.0,0.109,0.0,0.0,3,6,0,1
2021-01-03 03:09:00,0.0,0.0,0.0,0.0,3,6,0,1
2021-01-03 03:10:00,1.0,0.156,0.0,0.0,3,6,0,1
2021-01-03 03:11:00,3.0,0.16033333333333333,0.07629110913686687,0.0,3,6,0,1
2021-01-03 03:12:00,0.0,0.0,0.0,0.0,3,6,0,1
2021-01-03 03:13:00,1.0,0.098,0.0,0.0,3,6,0,1
2021-01-03 03:14:00,0.0,0.0,0.0,0.0,3,6,0,1
2021-01-03 03:15:00,1.0,0.093,0.0,0.0,3,6,0,1
2021-01-03 03:16:00,0.0,0.0,0.0,0.0,3,6,0,1
2021-01-03 03:17:00,1.0,0.115,0.0,0.0,3,6,0,1
2021-01-03 03:18:00,0.0,0.0,0.0,0.0,3,6,0,1
2021-01-03 03:19:00,0.0,0.0,0.0,0.0,3,6,0,1
2021-01-03 03:20:00,1.0,0.115,0.0,0.0,3,6,0,1
2021-01-03 03:21:00,1.0,0.11,0.0,0.0,3,6,0,1
2021-01-03 03:22:00,0.0,0.0,0.0,0.0,3,6,0,1
2021-01-03 03:23:00,2.0,0.17149999999999999,0.11101576464628796,0.0,3,6,0,1
2021-01-03 03:24:00,1.0,0.073,0.0,0.0,3,6,0,1
2021-01-03 03:25:00,1.0,0.093,0.0,0.0,3,6,0,1
2021-01-03 03:26:00,2.0,0.1545,0.08980256121069154,0.0,3,6,0,1
2021-01-03 03:27:00,3.0,0.17666666666666667,0.1313024498375157,0.0,3,6,0,1
2021-01-03 03:28:00,1.0,0.093,0.0,0.0,3,6,0,1
2021-01-03 03:29:00,0.0,0.0,0.0,0.0,3,6,0,1
2021-01-03 03:30:00,2.0,0.121,0.004242640687119289,0.0,3,6,0,1
2021-01-03 03:31:00,1.0,0.109,0.0,0.0,3,6,0,1
2021-01-03 03:32:00,1.0,0.104,0.0,0.0,3,6,0,1
2021-01-03 03:33:00,2.0,0.101,0.011313708498984765,0.0,3,6,0,1
2021-01-03 03:34:00,0.0,0.0,0.0,0.0,3,6,0,1
2021-01-03 03:35:00,1.0,0.091,0.0,0.0,3,6,0,1
2021-01-03 03:36:00,1.0,0.109,0.0,0.0,3,6,0,1
2021-01-03 03:37:00,0.0,0.0,0.0,0.0,3,6,0,1
2021-01-03 03:38:00,1.0,0.109,0.0,0.0,3,6,0,1
2021-01-03 03:39:00,1.0,0.078,0.0,0.0,3,6,0,1
2021-01-03 03:40:00,0.0,0.0,0.0,0.0,3,6,0,1
2021-01-03 03:41:00,1.0,0.204,0.0,0.0,3,6,0,1
2021-01-03 03:42:00,1.0,0.083,0.0,0.0,3,6,0,1
2021-01-03 03:43:00,0.0,0.0,0.0,0.0,3,6,0,1
2021-01-03 03:44:00,1.0,0.343,0.0,0.0,3,6,0,1
2021-01-03 03:45:00,0.0,0.0,0.0,0.0,3,6,0,1
2021-01-03 03:46:00,1.0,0.109,0.0,0.0,3,6,0,1
2021-01-03 03:47:00,3.0,0.11533333333333333,0.06230837289910028,0.0,3,6,0,1
2021-01-03 03:48:00,0.0,0.0,0.0,0.0,3,6,0,1
2021-01-03 03:49:00,1.0,0.156,0.0,0.0,3,6,0,1
2021-01-03 03:50:00,1.0,0.11,0.0,0.0,3,6,0,1
2021-01-03 03:51:00,0.0,0.0,0.0,0.0,3,6,0,1
2021-01-03 03:52:00,0.0,0.0,0.0,0.0,3,6,0,1
2021-01-03 03:53:00,0.0,0.0,0.0,0.0,3,6,0,1
2021-01-03 03:54:00,2.0,0.093,0.0,0.0,3,6,0,1
2021-01-03 03:55:00,0.0,0.0,0.0,0.0,3,6,0,1
2021-01-03 03:56:00,0.0,0.0,0.0,0.0,3,6,0,1
2021-01-03 03:57:00,1.0,0.122,0.0,0.0,3,6,0,1
2021-01-03 03:58:00,1.0,0.093,0.0,0.0,3,6,0,1
2021-01-03 03:59:00,0.0,0.0,0.0,0.0,3,6,0,1
2021-01-03 04:00:00,1.0,0.173,0.0,0.0,4,6,0,1
2021-01-03 04:01:00,0.0,0.0,0.0,0.0,4,6,0,1
2021-01-03 04:02:00,0.0,0.0,0.0,0.0,4,6,0,1
2021-01-03 04:03:00,0.0,0.0,0.0,0.0,4,6,0,1
2021-01-03 04:04:00,2.0,0.118,0.00989949493661166,0.0,4,6,0,1
2021-01-03 04:05:00,1.0,0.125,0.0,0.0,4,6,0,1
2021-01-03 04:06:00,0.0,0.0,0.0,0.0,4,6,0,1
2021-01-03 04:07:00,0.0,0.0,0.0,0.0,4,6,0,1
2021-01-03 04:08:00,0.0,0.0,0.0,0.0,4,6,0,1
2021-01-03 04:09:00,1.0,0.109,0.0,0.0,4,6,0,1
2021-01-03 04:10:00,1.0,0.078,0.0,0.0,4,6,0,1
2021-01-03 04:11:00,2.0,0.1965,0.05444722215136416,0.0,4,6,0,1
2021-01-03 04:12:00,0.0,0.0,0.0,0.0,4,6,0,1
2021-01-03 04:13:00,1.0,0.093,0.0,0.0,4,6,0,1
2021-01-03 04:14:00,1.0,0.078,0.0,0.0,4,6,0,1
2021-01-03 04:15:00,1.0,0.109,0.0,0.0,4,6,0,1
2021-01-03 04:16:00,2.0,0.1085,0.021920310216782972,0.0,4,6,0,1
2021-01-03 04:17:00,0.0,0.0,0.0,0.0,4,6,0,1
2021-01-03 04:18:00,0.0,0.0,0.0,0.0,4,6,0,1
2021-01-03 04:19:00,1.0,0.125,0.0,0.0,4,6,0,1
2021-01-03 04:20:00,1.0,0.14,0.0,0.0,4,6,0,1
2021-01-03 04:21:00,2.0,0.1335,0.07848885271170677,0.0,4,6,0,1
2021-01-03 04:22:00,2.0,0.0945,0.0021213203435596446,0.0,4,6,0,1
2021-01-03 04:23:00,2.0,0.11349999999999999,0.06010407640085655,0.0,4,6,0,1
2021-01-03 04:24:00,0.0,0.0,0.0,0.0,4,6,0,1
2021-01-03 04:25:00,0.0,0.0,0.0,0.0,4,6,0,1
2021-01-03 04:26:00,2.0,0.10200000000000001,0.033941125496954286,0.0,4,6,0,1
2021-01-03 04:27:00,2.0,0.14800000000000002,0.011313708498984741,0.0,4,6,0,1
2021-01-03 04:28:00,1.0,0.13,0.0,0.0,4,6,0,1
2021-01-03 04:29:00,0.0,0.0,0.0,0.0,4,6,0,1
2021-01-03 04:30:00,1.0,0.109,0.0,0.0,4,6,0,1
2021-01-03 04:31:00,0.0,0.0,0.0,0.0,4,6,0,1
2021-01-03 04:32:00,1.0,0.095,0.0,0.0,4,6,0,1
2021-01-03 04:33:00,1.0,0.078,0.0,0.0,4,6,0,1
2021-01-03 04:34:00,1.0,0.187,0.0,0.0,4,6,0,1
2021-01-03 04:35:00,2.0,0.11599999999999999,0.053740115370177616,0.0,4,6,0,1
2021-01-03 04:36:00,2.0,0.0935,0.021920310216782972,0.0,4,6,0,1
2021-01-03 04:37:00,1.0,0.078,0.0,0.0,4,6,0,1
2021-01-03 04:38:00,1.0,0.078,0.0,0.0,4,6,0,1
2021-01-03 04:39:00,1.0,0.093,0.0,0.0,4,6,0,1
2021-01-03 04:40:00,0.0,0.0,0.0,0.0,4,6,0,1
2021-01-03 04:41:00,1.0,0.125,0.0,0.0,4,6,0,1
2021-01-03 04:42:00,1.0,0.093,0.0,0.0,4,6,0,1
2021-01-03 04:43:00,3.0,0.10366666666666667,0.018475208614068026,0.0,4,6,0,1
2021-01-03 04:44:00,0.0,0.0,0.0,0.0,4,6,0,1
2021-01-03 04:45:00,2.0,0.101,0.011313708498984765,0.0,4,6,0,1
2021-01-03 04:46:00,0.0,0.0,0.0,0.0,4,6,0,1
2021-01-03 04:47:00,0.0,0.0,0.0,0.0,4,6,0,1
2021-01-03 04:48:00,1.0,0.093,0.0,0.0,4,6,0,1
2021-01-03 04:49:00,1.0,0.078,0.0,0.0,4,6,0,1
2021-01-03 04:50:00,0.0,0.0,0.0,0.0,4,6,0,1
2021-01-03 04:51:00,1.0,0.765,0.0,0.0,4,6,0,1
2021-01-03 04:52:00,1.0,0.092,0.0,0.0,4,6,0,1
2021-01-03 04:53:00,1.0,0.078,0.0,0.0,4,6,0,1
2021-01-03 04:54:00,1.0,0.078,0.0,0.0,4,6,0,1
2021-01-03 04:55:00,1.0,0.141,0.0,0.0,4,6,0,1
2021-01-03 04:56:00,2.0,0.101,0.011313708498984755,0.0,4,6,0,1
2021-01-03 04:57:00,0.0,0.0,0.0,0.0,4,6,0,1
2021-01-03 04:58:00,0.0,0.0,0.0,0.0,4,6,0,1
2021-01-03 04:59:00,1.0,0.109,0.0,0.0,4,6,0,1
2021-01-03 05:00:00,0.0,0.0,0.0,0.0,5,6,0,1
2021-01-03 05:01:00,1.0,0.093,0.0,0.0,5,6,0,1
2021-01-03 05:02:00,1.0,0.107,0.0,0.0,5,6,0,1
2021-01-03 05:03:00,1.0,0.109,0.0,0.0,5,6,0,1
2021-01-03 05:04:00,2.0,0.225,0.16404877323527903,0.0,5,6,0,1
2021-01-03 05:05:00,0.0,0.0,0.0,0.0,5,6,0,1
2021-01-03 05:06:00,0.0,0.0,0.0,0.0,5,6,0,1
2021-01-03 05:07:00,0.0,0.0,0.0,0.0,5,6,0,1
2021-01-03 05:08:00,1.0,0.098,0.0,0.0,5,6,0,1
2021-01-03 05:09:00,0.0,0.0,0.0,0.0,5,6,0,1
2021-01-03 05:10:00,0.0,0.0,0.0,0.0,5,6,0,1
2021-01-03 05:11:00,0.0,0.0,0.0,0.0,5,6,0,1
2021-01-03 05:12:00,0.0,0.0,0.0,0.0,5,6,0,1
2021-01-03 05:13:00,0.0,0.0,0.0,0.0,5,6,0,1
2021-01-03 05:14:00,1.0,0.126,0.0,0.0,5,6,0,1
2021-01-03 05:15:00,1.0,0.078,0.0,0.0,5,6,0,1
2021-01-03 05:16:00,0.0,0.0,0.0,0.0,5,6,0,1
2021-01-03 05:17:00,1.0,0.123,0.0,0.0,5,6,0,1
2021-01-03 05:18:00,1.0,0.093,0.0,0.0,5,6,0,1
2021-01-03 05:19:00,1.0,0.14,0.0,0.0,5,6,0,1
2021-01-03 05:20:00,1.0,0.159,0.0,0.0,5,6,0,1
2021-01-03 05:21:00,0.0,0.0,0.0,0.0,5,6,0,1
2021-01-03 05:22:00,0.0,0.0,0.0,0.0,5,6,0,1
2021-01-03 05:23:00,0.0,0.0,0.0,0.0,5,6,0,1
2021-01-03 05:24:00,0.0,0.0,0.0,0.0,5,6,0,1
2021-01-03 05:25:00,0.0,0.0,0.0,0.0,5,6,0,1
2021-01-03 05:26:00,0.0,0.0,0.0,0.0,5,6,0,1
2021-01-03 05:27:00,3.0,0.157,0.11107204868912789,0.0,5,6,0,1
2021-01-03 05:28:00,0.0,0.0,0.0,0.0,5,6,0,1
2021-01-03 05:29:00,1.0,0.125,0.0,0.0,5,6,0,1
2021-01-03 05:30:00,1.0,0.156,0.0,0.0,5,6,0,1
2021-01-03 05:31:00,1.0,0.109,0.0,0.0,5,6,0,1
2021-01-03 05:32:00,1.0,0.33,0.0,0.0,5,6,0,1
2021-01-03 05:33:00,0.0,0.0,0.0,0.0,5,6,0,1
2021-01-03 05:34:00,0.0,0.0,0.0,0.0,5,6,0,1
2021-01-03 05:35:00,0.0,0.0,0.0,0.0,5,6,0,1
2021-01-03 05:36:00,0.0,0.0,0.0,0.0,5,6,0,1
2021-01-03 05:37:00,0.0,0.0,0.0,0.0,5,6,0,1
2021-01-03 05:38:00,2.0,0.109,0.02262741699796952,0.0,5,6,0,1
2021-01-03 05:39:00,3.0,0.08800000000000001,0.008660254037844385,0.0,5,6,0,1
2021-01-03 05:40:00,2.0,0.1325,0.07707463914933368,0.0,5,6,0,1
2021-01-03 05:41:00,1.0,0.093,0.0,0.0,5,6,0,1
2021-01-03 05:42:00,0.0,0.0,0.0,0.0,5,6,0,1
2021-01-03 05:43:00,0.0,0.0,0.0,0.0,5,6,0,1
2021-01-03 05:44:00,1.0,0.109,0.0,0.0,5,6,0,1
2021-01-03 05:45:00,0.0,0.0,0.0,0.0,5,6,0,1
2021-01-03 05:46:00,1.0,0.109,0.0,0.0,5,6,0,1
2021-01-03 05:47:00,1.0,0.14,0.0,0.0,5,6,0,1
2021-01-03 05:48:00,1.0,0.14,0.0,0.0,5,6,0,1
2021-01-03 05:49:00,1.0,0.093,0.0,0.0,5,6,0,1
2021-01-03 05:50:00,1.0,0.187,0.0,0.0,5,6,0,1
2021-01-03 05:51:00,0.0,0.0,0.0,0.0,5,6,0,1
2021-01-03 05:52:00,0.0,0.0,0.0,0.0,5,6,0,1
2021-01-03 05:53:00,1.0,0.124,0.0,0.0,5,6,0,1
2021-01-03 05:54:00,0.0,0.0,0.0,0.0,5,6,0,1
2021-01-03 05:55:00,3.0,0.14866666666666667,0.04660829682935575,0.0,5,6,0,1
2021-01-03 05:56:00,0.0,0.0,0.0,0.0,5,6,0,1
2021-01-03 05:57:00,0.0,0.0,0.0,0.0,5,6,0,1
2021-01-03 05:58:00,0.0,0.0,0.0,0.0,5,6,0,1
2021-01-03 05:59:00,1.0,0.078,0.0,0.0,5,6,0,1
2021-01-03 06:00:00,0.0,0.0,0.0,0.0,6,6,0,1
2021-01-03 06:01:00,0.0,0.0,0.0,0.0,6,6,0,1
2021-01-03 06:02:00,0.0,0.0,0.0,0.0,6,6,0,1
2021-01-03 06:03:00,1.0,0.078,0.0,0.0,6,6,0,1
2021-01-03 06:04:00,0.0,0.0,0.0,0.0,6,6,0,1
2021-01-03 06:05:00,0.0,0.0,0.0,0.0,6,6,0,1
2021-01-03 06:06:00,0.0,0.0,0.0,0.0,6,6,0,1
2021-01-03 06:07:00,1.0,0.093,0.0,0.0,6,6,0,1
2021-01-03 06:08:00,1.0,0.225,0.0,0.0,6,6,0,1
2021-01-03 06:09:00,1.0,0.171,0.0,0.0,6,6,0,1
2021-01-03 06:10:00,0.0,0.0,0.0,0.0,6,6,0,1
2021-01-03 06:11:00,0.0,0.0,0.0,0.0,6,6,0,1
2021-01-03 06:12:00,0.0,0.0,0.0,0.0,6,6,0,1
2021-01-03 06:13:00,0.0,0.0,0.0,0.0,6,6,0,1
2021-01-03 06:14:00,0.0,0.0,0.0,0.0,6,6,0,1
2021-01-03 06:15:00,0.0,0.0,0.0,0.0,6,6,0,1
2021-01-03 06:16:00,0.0,0.0,0.0,0.0,6,6,0,1
2021-01-03 06:17:00,0.0,0.0,0.0,0.0,6,6,0,1
2021-01-03 06:18:00,0.0,0.0,0.0,0.0,6,6,0,1
2021-01-03 06:19:00,0.0,0.0,0.0,0.0,6,6,0,1
2021-01-03 06:20:00,0.0,0.0,0.0,0.0,6,6,0,1
2021-01-03 06:21:00,1.0,0.109,0.0,1.0,6,6,0,1
2021-01-03 06:22:00,1.0,0.109,0.0,0.0,6,6,0,1
2021-01-03 06:23:00,1.0,0.109,0.0,0.0,6,6,0,1
2021-01-03 06:24:00,0.0,0.0,0.0,0.0,6,6,0,1
2021-01-03 06:25:00,0.0,0.0,0.0,0.0,6,6,0,1
2021-01-03 06:26:00,0.0,0.0,0.0,0.0,6,6,0,1
2021-01-03 06:27:00,1.0,0.109,0.0,0.0,6,6,0,1
2021-01-03 06:28:00,0.0,0.0,0.0,0.0,6,6,0,1
2021-01-03 06:29:00,1.0,0.093,0.0,0.0,6,6,0,1
2021-01-03 06:30:00,0.0,0.0,0.0,0.0,6,6,0,1
2021-01-03 06:31:00,0.0,0.0,0.0,0.0,6,6,0,1
2021-01-03 06:32:00,2.0,0.132,0.01131370849898477,0.0,6,6,0,1
2021-01-03 06:33:00,1.0,0.216,0.0,0.0,6,6,0,1
2021-01-03 06:34:00,0.0,0.0,0.0,0.0,6,6,0,1
2021-01-03 06:35:00,0.0,0.0,0.0,0.0,6,6,0,1
2021-01-03 06:36:00,0.0,0.0,0.0,0.0,6,6,0,1
2021-01-03 06:37:00,1.0,0.078,0.0,0.0,6,6,0,1
2021-01-03 06:38:00,0.0,0.0,0.0,0.0,6,6,0,1
2021-01-03 06:39:00,0.0,0.0,0.0,0.0,6,6,0,1
2021-01-03 06:40:00,1.0,0.093,0.0,0.0,6,6,0,1
2021-01-03 06:41:00,0.0,0.0,0.0,0.0,6,6,0,1
2021-01-03 06:42:00,0.0,0.0,0.0,0.0,6,6,0,1
2021-01-03 06:43:00,0.0,0.0,0.0,0.0,6,6,0,1
2021-01-03 06:44:00,0.0,0.0,0.0,0.0,6,6,0,1
2021-01-03 06:45:00,0.0,0.0,0.0,0.0,6,6,0,1
2021-01-03 06:46:00,0.0,0.0,0.0,0.0,6,6,0,1
2021-01-03 06:47:00,1.0,0.124,0.0,0.0,6,6,0,1
2021-01-03 06:48:00,1.0,0.109,0.0,0.0,6,6,0,1
2021-01-03 06:49:00,0.0,0.0,0.0,0.0,6,6,0,1
2021-01-03 06:50:00,0.0,0.0,0.0,0.0,6,6,0,1
2021-01-03 06:51:00,1.0,0.359,0.0,0.0,6,6,0,1
2021-01-03 06:52:00,0.0,0.0,0.0,0.0,6,6,0,1
2021-01-03 06:53:00,0.0,0.0,0.0,0.0,6,6,0,1
2021-01-03 06:54:00,1.0,0.38,0.0,0.0,6,6,0,1
2021-01-03 06:55:00,2.0,0.2655,0.2651650429449553,0.0,6,6,0,1
2021-01-03 06:56:00,0.0,0.0,0.0,0.0,6,6,0,1
2021-01-03 06:57:00,0.0,0.0,0.0,0.0,6,6,0,1
2021-01-03 06:58:00,0.0,0.0,0.0,0.0,6,6,0,1
2021-01-03 06:59:00,0.0,0.0,0.0,0.0,6,6,0,1
2021-01-03 07:00:00,1.0,0.156,0.0,0.0,7,6,0,1
2021-01-03 07:01:00,3.0,0.09833333333333333,0.009237604307034018,0.0,7,6,0,1
2021-01-03 07:02:00,0.0,0.0,0.0,0.0,7,6,0,1
2021-01-03 07:03:00,1.0,0.156,0.0,0.0,7,6,0,1
2021-01-03 07:04:00,0.0,0.0,0.0,0.0,7,6,0,1
2021-01-03 07:05:00,0.0,0.0,0.0,0.0,7,6,0,1
2021-01-03 07:06:00,0.0,0.0,0.0,0.0,7,6,0,1
2021-01-03 07:07:00,1.0,0.083,0.0,0.0,7,6,0,1
2021-01-03 07:08:00,1.0,0.109,0.0,0.0,7,6,0,1
2021-01-03 07:09:00,1.0,0.078,0.0,0.0,7,6,0,1
2021-01-03 07:10:00,0.0,0.0,0.0,0.0,7,6,0,1
2021-01-03 07:11:00,0.0,0.0,0.0,0.0,7,6,0,1
2021-01-03 07:12:00,0.0,0.0,0.0,0.0,7,6,0,1
2021-01-03 07:13:00,0.0,0.0,0.0,0.0,7,6,0,1
2021-01-03 07:14:00,1.0,0.078,0.0,0.0,7,6,0,1
2021-01-03 07:15:00,2.0,0.14,0.04384062043356596,0.0,7,6,0,1
2021-01-03 07:16:00,1.0,0.084,0.0,0.0,7,6,0,1
2021-01-03 07:17:00,1.0,0.187,0.0,0.0,7,6,0,1
2021-01-03 07:18:00,0.0,0.0,0.0,0.0,7,6,0,1
2021-01-03 07:19:00,2.0,0.20350000000000001,0.17748380207782344,0.0,7,6,0,1
2021-01-03 07:20:00,0.0,0.0,0.0,0.0,7,6,0,1
2021-01-03 07:21:00,0.0,0.0,0.0,0.0,7,6,0,1
2021-01-03 07:22:00,0.0,0.0,0.0,0.0,7,6,0,1
2021-01-03 07:23:00,0.0,0.0,0.0,0.0,7,6,0,1
2021-01-03 07:24:00,0.0,0.0,0.0,0.0,7,6,0,1
2021-01-03 07:25:00,0.0,0.0,0.0,0.0,7,6,0,1
2021-01-03 07:26:00,2.0,0.157,0.04666904755831214,0.0,7,6,0,1
2021-01-03 07:27:00,1.0,0.109,0.0,0.0,7,6,0,1
2021-01-03 07:28:00,1.0,0.242,0.0,0.0,7,6,0,1
2021-01-03 07:29:00,1.0,0.078,0.0,0.0,7,6,0,1
2021-01-03 07:30:00,0.0,0.0,0.0,0.0,7,6,0,1
2021-01-03 07:31:00,0.0,0.0,0.0,0.0,7,6,0,1
2021-01-03 07:32:00,0.0,0.0,0.0,0.0,7,6,0,1
2021-01-03 07:33:00,0.0,0.0,0.0,0.0,7,6,0,1
2021-01-03 07:34:00,0.0,0.0,0.0,0.0,7,6,0,1
2021-01-03 07:35:00,0.0,0.0,0.0,0.0,7,6,0,1
2021-01-03 07:36:00,0.0,0.0,0.0,0.0,7,6,0,1
2021-01-03 07:37:00,0.0,0.0,0.0,0.0,7,6,0,1
2021-01-03 07:38:00,1.0,0.187,0.0,0.0,7,6,0,1
2021-01-03 07:39:00,0.0,0.0,0.0,0.0,7,6,0,1
2021-01-03 07:40:00,0.0,0.0,0.0,0.0,7,6,0,1
2021-01-03 07:41:00,0.0,0.0,0.0,0.0,7,6,0,1
2021-01-03 07:42:00,1.0,0.212,0.0,0.0,7,6,0,1
2021-01-03 07:43:00,0.0,0.0,0.0,0.0,7,6,0,1
2021-01-03 07:44:00,0.0,0.0,0.0,0.0,7,6,0,1
2021-01-03 07:45:00,0.0,0.0,0.0,0.0,7,6,0,1
2021-01-03 07:46:00,0.0,0.0,0.0,0.0,7,6,0,1
2021-01-03 07:47:00,0.0,0.0,0.0,0.0,7,6,0,1
2021-01-03 07:48:00,0.0,0.0,0.0,0.0,7,6,0,1
2021-01-03 07:49:00,0.0,0.0,0.0,0.0,7,6,0,1
2021-01-03 07:50:00,0.0,0.0,0.0,0.0,7,6,0,1
2021-01-03 07:51:00,0.0,0.0,0.0,0.0,7,6,0,1
2021-01-03 07:52:00,0.0,0.0,0.0,0.0,7,6,0,1
2021-01-03 07:53:00,0.0,0.0,0.0,0.0,7,6,0,1
2021-01-03 07:54:00,0.0,0.0,0.0,0.0,7,6,0,1
2021-01-03 07:55:00,0.0,0.0,0.0,0.0,7,6,0,1
2021-01-03 07:56:00,0.0,0.0,0.0,0.0,7,6,0,1
2021-01-03 07:57:00,0.0,0.0,0.0,0.0,7,6,0,1
2021-01-03 07:58:00,0.0,0.0,0.0,0.0,7,6,0,1
2021-01-03 07:59:00,0.0,0.0,0.0,0.0,7,6,0,1
2021-01-03 08:00:00,0.0,0.0,0.0,0.0,8,6,0,1
2021-01-03 08:01:00,0.0,0.0,0.0,0.0,8,6,0,1
2021-01-03 08:02:00,0.0,0.0,0.0,0.0,8,6,0,1
2021-01-03 08:03:00,0.0,0.0,0.0,0.0,8,6,0,1
2021-01-03 08:04:00,1.0,0.126,0.0,1.0,8,6,0,1
2021-01-03 08:05:00,0.0,0.0,0.0,0.0,8,6,0,1
2021-01-03 08:06:00,0.0,0.0,0.0,0.0,8,6,0,1
2021-01-03 08:07:00,0.0,0.0,0.0,0.0,8,6,0,1
2021-01-03 08:08:00,0.0,0.0,0.0,0.0,8,6,0,1
2021-01-03 08:09:00,0.0,0.0,0.0,0.0,8,6,0,1
2021-01-03 08:10:00,1.0,0.093,0.0,0.0,8,6,0,1
2021-01-03 08:11:00,0.0,0.0,0.0,0.0,8,6,0,1
2021-01-03 08:12:00,0.0,0.0,0.0,0.0,8,6,0,1
2021-01-03 08:13:00,0.0,0.0,0.0,0.0,8,6,0,1
2021-01-03 08:14:00,0.0,0.0,0.0,0.0,8,6,0,1
2021-01-03 08:15:00,0.0,0.0,0.0,0.0,8,6,0,1
2021-01-03 08:16:00,0.0,0.0,0.0,0.0,8,6,0,1
2021-01-03 08:17:00,1.0,0.122,0.0,0.0,8,6,0,1
2021-01-03 08:18:00,0.0,0.0,0.0,0.0,8,6,0,1
2021-01-03 08:19:00,0.0,0.0,0.0,0.0,8,6,0,1
2021-01-03 08:20:00,1.0,0.109,0.0,0.0,8,6,0,1
2021-01-03 08:21:00,0.0,0.0,0.0,0.0,8,6,0,1
2021-01-03 08:22:00,1.0,0.109,0.0,0.0,8,6,0,1
2021-01-03 08:23:00,0.0,0.0,0.0,0.0,8,6,0,1
2021-01-03 08:24:00,0.0,0.0,0.0,0.0,8,6,0,1
2021-01-03 08:25:00,1.0,0.093,0.0,0.0,8,6,0,1
2021-01-03 08:26:00,1.0,0.179,0.0,0.0,8,6,0,1
2021-01-03 08:27:00,0.0,0.0,0.0,0.0,8,6,0,1
2021-01-03 08:28:00,0.0,0.0,0.0,0.0,8,6,0,1
2021-01-03 08:29:00,1.0,0.093,0.0,0.0,8,6,0,1
2021-01-03 08:30:00,0.0,0.0,0.0,0.0,8,6,0,1
2021-01-03 08:31:00,1.0,0.109,0.0,0.0,8,6,0,1
2021-01-03 08:32:00,1.0,0.234,0.0,0.0,8,6,0,1
2021-01-03 08:33:00,0.0,0.0,0.0,0.0,8,6,0,1
2021-01-03 08:34:00,0.0,0.0,0.0,0.0,8,6,0,1
2021-01-03 08:35:00,2.0,0.10400000000000001,0.029698484809835,0.0,8,6,0,1
2021-01-03 08:36:00,0.0,0.0,0.0,0.0,8,6,0,1
2021-01-03 08:37:00,0.0,0.0,0.0,0.0,8,6,0,1
2021-01-03 08:38:00,0.0,0.0,0.0,0.0,8,6,0,1
2021-01-03 08:39:00,0.0,0.0,0.0,0.0,8,6,0,1
2021-01-03 08:40:00,0.0,0.0,0.0,0.0,8,6,0,1
2021-01-03 08:41:00,0.0,0.0,0.0,0.0,8,6,0,1
2021-01-03 08:42:00,0.0,0.0,0.0,0.0,8,6,0,1
2021-01-03 08:43:00,0.0,0.0,0.0,0.0,8,6,0,1
2021-01-03 08:44:00,0.0,0.0,0.0,0.0,8,6,0,1
2021-01-03 08:45:00,1.0,0.078,0.0,0.0,8,6,0,1
2021-01-03 08:46:00,1.0,0.093,0.0,0.0,8,6,0,1
2021-01-03 08:47:00,0.0,0.0,0.0,0.0,8,6,0,1
2021-01-03 08:48:00,0.0,0.0,0.0,0.0,8,6,0,1
2021-01-03 08:49:00,0.0,0.0,0.0,0.0,8,6,0,1
2021-01-03 08:50:00,0.0,0.0,0.0,0.0,8,6,0,1
2021-01-03 08:51:00,0.0,0.0,0.0,0.0,8,6,0,1
2021-01-03 08:52:00,0.0,0.0,0.0,0.0,8,6,0,1
2021-01-03 08:53:00,0.0,0.0,0.0,0.0,8,6,0,1
2021-01-03 08:54:00,0.0,0.0,0.0,0.0,8,6,0,1
2021-01-03 08:55:00,1.0,0.14,0.0,0.0,8,6,0,1
2021-01-03 08:56:00,0.0,0.0,0.0,0.0,8,6,0,1
2021-01-03 08:57:00,0.0,0.0,0.0,0.0,8,6,0,1
2021-01-03 08:58:00,0.0,0.0,0.0,0.0,8,6,0,1
2021-01-03 08:59:00,0.0,0.0,0.0,0.0,8,6,0,1
2021-01-03 09:00:00,2.0,0.101,0.011313708498984755,0.0,9,6,0,1
2021-01-03 09:01:00,1.0,0.124,0.0,0.0,9,6,0,1
2021-01-03 09:02:00,0.0,0.0,0.0,0.0,9,6,0,1
2021-01-03 09:03:00,0.0,0.0,0.0,0.0,9,6,0,1
2021-01-03 09:04:00,0.0,0.0,0.0,0.0,9,6,0,1
2021-01-03 09:05:00,0.0,0.0,0.0,0.0,9,6,0,1
2021-01-03 09:06:00,0.0,0.0,0.0,0.0,9,6,0,1
2021-01-03 09:07:00,0.0,0.0,0.0,0.0,9,6,0,1
2021-01-03 09:08:00,0.0,0.0,0.0,0.0,9,6,0,1
2021-01-03 09:09:00,0.0,0.0,0.0,0.0,9,6,0,1
2021-01-03 09:10:00,1.0,0.093,0.0,0.0,9,6,0,1
2021-01-03 09:11:00,0.0,0.0,0.0,0.0,9,6,0,1
2021-01-03 09:12:00,0.0,0.0,0.0,0.0,9,6,0,1
2021-01-03 09:13:00,0.0,0.0,0.0,0.0,9,6,0,1
2021-01-03 09:14:00,0.0,0.0,0.0,0.0,9,6,0,1
2021-01-03 09:15:00,0.0,0.0,0.0,0.0,9,6,0,1
2021-01-03 09:16:00,0.0,0.0,0.0,0.0,9,6,0,1
2021-01-03 09:17:00,0.0,0.0,0.0,0.0,9,6,0,1
2021-01-03 09:18:00,1.0,0.109,0.0,0.0,9,6,0,1
2021-01-03 09:19:00,0.0,0.0,0.0,0.0,9,6,0,1
2021-01-03 09:20:00,0.0,0.0,0.0,0.0,9,6,0,1
2021-01-03 09:21:00,0.0,0.0,0.0,0.0,9,6,0,1
2021-01-03 09:22:00,0.0,0.0,0.0,0.0,9,6,0,1
2021-01-03 09:23:00,0.0,0.0,0.0,0.0,9,6,0,1
2021-01-03 09:24:00,0.0,0.0,0.0,0.0,9,6,0,1
2021-01-03 09:25:00,0.0,0.0,0.0,0.0,9,6,0,1
2021-01-03 09:26:00,1.0,0.086,0.0,0.0,9,6,0,1
2021-01-03 09:27:00,1.0,0.468,0.0,0.0,9,6,0,1
2021-01-03 09:28:00,0.0,0.0,0.0,0.0,9,6,0,1
2021-01-03 09:29:00,0.0,0.0,0.0,0.0,9,6,0,1
2021-01-03 09:30:00,0.0,0.0,0.0,0.0,9,6,0,1
2021-01-03 09:31:00,0.0,0.0,0.0,0.0,9,6,0,1
2021-01-03 09:32:00,0.0,0.0,0.0,0.0,9,6,0,1
2021-01-03 09:33:00,0.0,0.0,0.0,0.0,9,6,0,1
2021-01-03 09:34:00,0.0,0.0,0.0,0.0,9,6,0,1
2021-01-03 09:35:00,0.0,0.0,0.0,0.0,9,6,0,1
2021-01-03 09:36:00,1.0,0.453,0.0,0.0,9,6,0,1
2021-01-03 09:37:00,0.0,0.0,0.0,0.0,9,6,0,1
2021-01-03 09:38:00,0.0,0.0,0.0,0.0,9,6,0,1
2021-01-03 09:39:00,0.0,0.0,0.0,0.0,9,6,0,1
2021-01-03 09:40:00,0.0,0.0,0.0,0.0,9,6,0,1
2021-01-03 09:41:00,0.0,0.0,0.0,0.0,9,6,0,1
2021-01-03 09:42:00,0.0,0.0,0.0,0.0,9,6,0,1
2021-01-03 09:43:00,0.0,0.0,0.0,0.0,9,6,0,1
2021-01-03 09:44:00,0.0,0.0,0.0,0.0,9,6,0,1
2021-01-03 09:45:00,0.0,0.0,0.0,0.0,9,6,0,1
2021-01-03 09:46:00,0.0,0.0,0.0,0.0,9,6,0,1
2021-01-03 09:47:00,0.0,0.0,0.0,0.0,9,6,0,1
2021-01-03 09:48:00,0.0,0.0,0.0,0.0,9,6,0,1
2021-01-03 09:49:00,1.0,0.205,0.0,1.0,9,6,0,1
2021-01-03 09:50:00,0.0,0.0,0.0,0.0,9,6,0,1
2021-01-03 09:51:00,0.0,0.0,0.0,0.0,9,6,0,1
2021-01-03 09:52:00,1.0,0.109,0.0,0.0,9,6,0,1
2021-01-03 09:53:00,0.0,0.0,0.0,0.0,9,6,0,1
2021-01-03 09:54:00,0.0,0.0,0.0,0.0,9,6,0,1
2021-01-03 09:55:00,1.0,0.093,0.0,0.0,9,6,0,1
2021-01-03 09:56:00,0.0,0.0,0.0,0.0,9,6,0,1
2021-01-03 09:57:00,0.0,0.0,0.0,0.0,9,6,0,1
2021-01-03 09:58:00,0.0,0.0,0.0,0.0,9,6,0,1
2021-01-03 09:59:00,0.0,0.0,0.0,0.0,9,6,0,1
2021-01-03 10:00:00,0.0,0.0,0.0,0.0,10,6,0,1
2021-01-03 10:01:00,0.0,0.0,0.0,0.0,10,6,0,1
2021-01-03 10:02:00,0.0,0.0,0.0,0.0,10,6,0,1
2021-01-03 10:03:00,0.0,0.0,0.0,0.0,10,6,0,1
2021-01-03 10:04:00,0.0,0.0,0.0,0.0,10,6,0,1
2021-01-03 10:05:00,0.0,0.0,0.0,0.0,10,6,0,1
2021-01-03 10:06:00,0.0,0.0,0.0,0.0,10,6,0,1
2021-01-03 10:07:00,0.0,0.0,0.0,0.0,10,6,0,1
2021-01-03 10:08:00,0.0,0.0,0.0,0.0,10,6,0,1
2021-01-03 10:09:00,0.0,0.0,0.0,0.0,10,6,0,1
2021-01-03 10:10:00,2.0,0.1325,0.010606601717798222,1.0,10,6,0,1
2021-01-03 10:11:00,0.0,0.0,0.0,0.0,10,6,0,1
2021-01-03 10:12:00,0.0,0.0,0.0,0.0,10,6,0,1
2021-01-03 10:13:00,0.0,0.0,0.0,0.0,10,6,0,1
2021-01-03 10:14:00,0.0,0.0,0.0,0.0,10,6,0,1
2021-01-03 10:15:00,0.0,0.0,0.0,0.0,10,6,0,1
2021-01-03 10:16:00,0.0,0.0,0.0,0.0,10,6,0,1
2021-01-03 10:17:00,0.0,0.0,0.0,0.0,10,6,0,1
2021-01-03 10:18:00,0.0,0.0,0.0,0.0,10,6,0,1
2021-01-03 10:19:00,1.0,0.124,0.0,0.0,10,6,0,1
2021-01-03 10:20:00,0.0,0.0,0.0,0.0,10,6,0,1
2021-01-03 10:21:00,0.0,0.0,0.0,0.0,10,6,0,1
2021-01-03 10:22:00,0.0,0.0,0.0,0.0,10,6,0,1
2021-01-03 10:23:00,0.0,0.0,0.0,0.0,10,6,0,1
2021-01-03 10:24:00,0.0,0.0,0.0,0.0,10,6,0,1
2021-01-03 10:25:00,1.0,0.64,0.0,0.0,10,6,0,1
2021-01-03 10:26:00,0.0,0.0,0.0,0.0,10,6,0,1
2021-01-03 10:27:00,0.0,0.0,0.0,0.0,10,6,0,1
2021-01-03 10:28:00,1.0,0.111,0.0,0.0,10,6,0,1
2021-01-03 10:29:00,0.0,0.0,0.0,0.0,10,6,0,1
2021-01-03 10:30:00,0.0,0.0,0.0,0.0,10,6,0,1
2021-01-03 10:31:00,0.0,0.0,0.0,0.0,10,6,0,1
2021-01-03 10:32:00,0.0,0.0,0.0,0.0,10,6,0,1
2021-01-03 10:33:00,0.0,0.0,0.0,0.0,10,6,0,1
2021-01-03 10:34:00,0.0,0.0,0.0,0.0,10,6,0,1
2021-01-03 10:35:00,0.0,0.0,0.0,0.0,10,6,0,1
2021-01-03 10:36:00,0.0,0.0,0.0,0.0,10,6,0,1
2021-01-03 10:37:00,0.0,0.0,0.0,0.0,10,6,0,1
2021-01-03 10:38:00,0.0,0.0,0.0,0.0,10,6,0,1
2021-01-03 10:39:00,0.0,0.0,0.0,0.0,10,6,0,1
2021-01-03 10:40:00,1.0,0.189,0.0,1.0,10,6,0,1
2021-01-03 10:41:00,0.0,0.0,0.0,0.0,10,6,0,1
2021-01-03 10:42:00,0.0,0.0,0.0,0.0,10,6,0,1
2021-01-03 10:43:00,0.0,0.0,0.0,0.0,10,6,0,1
2021-01-03 10:44:00,0.0,0.0,0.0,0.0,10,6,0,1
2021-01-03 10:45:00,0.0,0.0,0.0,0.0,10,6,0,1
2021-01-03 10:46:00,0.0,0.0,0.0,0.0,10,6,0,1
2021-01-03 10:47:00,0.0,0.0,0.0,0.0,10,6,0,1
2021-01-03 10:48:00,0.0,0.0,0.0,0.0,10,6,0,1
2021-01-03 10:49:00,1.0,0.109,0.0,0.0,10,6,0,1
2021-01-03 10:50:00,0.0,0.0,0.0,0.0,10,6,0,1
2021-01-03 10:51:00,0.0,0.0,0.0,0.0,10,6,0,1
2021-01-03 10:52:00,0.0,0.0,0.0,0.0,10,6,0,1
2021-01-03 10:53:00,0.0,0.0,0.0,0.0,10,6,0,1
2021-01-03 10:54:00,0.0,0.0,0.0,0.0,10,6,0,1
2021-01-03 10:55:00,0.0,0.0,0.0,0.0,10,6,0,1
2021-01-03 10:56:00,0.0,0.0,0.0,0.0,10,6,0,1
2021-01-03 10:57:00,0.0,0.0,0.0,0.0,10,6,0,1
2021-01-03 10:58:00,0.0,0.0,0.0,0.0,10,6,0,1
2021-01-03 10:59:00,1.0,1.443,0.0,1.0,10,6,0,1
2021-01-03 11:00:00,0.0,0.0,0.0,0.0,11,6,0,1
2021-01-03 11:01:00,0.0,0.0,0.0,0.0,11,6,0,1
2021-01-03 11:02:00,0.0,0.0,0.0,0.0,11,6,0,1
2021-01-03 11:03:00,0.0,0.0,0.0,0.0,11,6,0,1
2021-01-03 11:04:00,0.0,0.0,0.0,0.0,11,6,0,1
2021-01-03 11:05:00,0.0,0.0,0.0,0.0,11,6,0,1
2021-01-03 11:06:00,0.0,0.0,0.0,0.0,11,6,0,1
2021-01-03 11:07:00,0.0,0.0,0.0,0.0,11,6,0,1
2021-01-03 11:08:00,0.0,0.0,0.0,0.0,11,6,0,1
2021-01-03 11:09:00,1.0,0.438,0.0,1.0,11,6,0,1
2021-01-03 11:10:00,0.0,0.0,0.0,0.0,11,6,0,1
2021-01-03 11:11:00,0.0,0.0,0.0,0.0,11,6,0,1
2021-01-03 11:12:00,0.0,0.0,0.0,0.0,11,6,0,1
2021-01-03 11:13:00,0.0,0.0,0.0,0.0,11,6,0,1
2021-01-03 11:14:00,0.0,0.0,0.0,0.0,11,6,0,1
2021-01-03 11:15:00,0.0,0.0,0.0,0.0,11,6,0,1
2021-01-03 11:16:00,0.0,0.0,0.0,0.0,11,6,0,1
2021-01-03 11:17:00,0.0,0.0,0.0,0.0,11,6,0,1
2021-01-03 11:18:00,0.0,0.0,0.0,0.0,11,6,0,1
2021-01-03 11:19:00,0.0,0.0,0.0,0.0,11,6,0,1
2021-01-03 11:20:00,0.0,0.0,0.0,0.0,11,6,0,1
2021-01-03 11:21:00,0.0,0.0,0.0,0.0,11,6,0,1
2021-01-03 11:22:00,0.0,0.0,0.0,0.0,11,6,0,1
2021-01-03 11:23:00,0.0,0.0,0.0,0.0,11,6,0,1
2021-01-03 11:24:00,0.0,0.0,0.0,0.0,11,6,0,1
2021-01-03 11:25:00,0.0,0.0,0.0,0.0,11,6,0,1
2021-01-03 11:26:00,0.0,0.0,0.0,0.0,11,6,0,1
2021-01-03 11:27:00,0.0,0.0,0.0,0.0,11,6,0,1
2021-01-03 11:28:00,0.0,0.0,0.0,0.0,11,6,0,1
2021-01-03 11:29:00,0.0,0.0,0.0,0.0,11,6,0,1
2021-01-03 11:30:00,0.0,0.0,0.0,0.0,11,6,0,1
2021-01-03 11:31:00,0.0,0.0,0.0,0.0,11,6,0,1
2021-01-03 11:32:00,1.0,0.093,0.0,1.0,11,6,0,1
2021-01-03 11:33:00,0.0,0.0,0.0,0.0,11,6,0,1
2021-01-03 11:34:00,0.0,0.0,0.0,0.0,11,6,0,1
2021-01-03 11:35:00,0.0,0.0,0.0,0.0,11,6,0,1
2021-01-03 11:36:00,0.0,0.0,0.0,0.0,11,6,0,1
2021-01-03 11:37:00,0.0,0.0,0.0,0.0,11,6,0,1
2021-01-03 11:38:00,0.0,0.0,0.0,0.0,11,6,0,1
2021-01-03 11:39:00,0.0,0.0,0.0,0.0,11,6,0,1
2021-01-03 11:40:00,0.0,0.0,0.0,0.0,11,6,0,1
2021-01-03 11:41:00,0.0,0.0,0.0,0.0,11,6,0,1
2021-01-03 11:42:00,2.0,0.188,0.08768124086713189,0.0,11,6,0,1
2021-01-03 11:43:00,0.0,0.0,0.0,0.0,11,6,0,1
2021-01-03 11:44:00,1.0,0.099,0.0,0.0,11,6,0,1
2021-01-03 11:45:00,0.0,0.0,0.0,0.0,11,6,0,1
2021-01-03 11:46:00,0.0,0.0,0.0,0.0,11,6,0,1
2021-01-03 11:47:00,0.0,0.0,0.0,0.0,11,6,0,1
2021-01-03 11:48:00,1.0,0.453,0.0,0.0,11,6,0,1
2021-01-03 11:49:00,0.0,0.0,0.0,0.0,11,6,0,1
2021-01-03 11:50:00,0.0,0.0,0.0,0.0,11,6,0,1
2021-01-03 11:51:00,0.0,0.0,0.0,0.0,11,6,0,1
2021-01-03 11:52:00,0.0,0.0,0.0,0.0,11,6,0,1
2021-01-03 11:53:00,0.0,0.0,0.0,0.0,11,6,0,1
2021-01-03 11:54:00,0.0,0.0,0.0,0.0,11,6,0,1
2021-01-03 11:55:00,0.0,0.0,0.0,0.0,11,6,0,1
2021-01-03 11:56:00,0.0,0.0,0.0,0.0,11,6,0,1
2021-01-03 11:57:00,0.0,0.0,0.0,0.0,11,6,0,1
2021-01-03 11:58:00,1.0,0.504,0.0,0.0,11,6,0,1
2021-01-03 11:59:00,2.0,0.1405,0.02192031021678296,0.0,11,6,0,1
2021-01-03 12:00:00,0.0,0.0,0.0,0.0,12,6,0,1
2021-01-03 12:01:00,0.0,0.0,0.0,0.0,12,6,0,1
2021-01-03 12:02:00,0.0,0.0,0.0,0.0,12,6,0,1
2021-01-03 12:03:00,0.0,0.0,0.0,0.0,12,6,0,1
2021-01-03 12:04:00,0.0,0.0,0.0,0.0,12,6,0,1
2021-01-03 12:05:00,0.0,0.0,0.0,0.0,12,6,0,1
2021-01-03 12:06:00,0.0,0.0,0.0,0.0,12,6,0,1
2021-01-03 12:07:00,0.0,0.0,0.0,0.0,12,6,0,1
2021-01-03 12:08:00,0.0,0.0,0.0,0.0,12,6,0,1
2021-01-03 12:09:00,0.0,0.0,0.0,0.0,12,6,0,1
2021-01-03 12:10:00,0.0,0.0,0.0,0.0,12,6,0,1
2021-01-03 12:11:00,0.0,0.0,0.0,0.0,12,6,0,1
2021-01-03 12:12:00,1.0,0.125,0.0,1.0,12,6,0,1
2021-01-03 12:13:00,0.0,0.0,0.0,0.0,12,6,0,1
2021-01-03 12:14:00,1.0,0.498,0.0,0.0,12,6,0,1
2021-01-03 12:15:00,0.0,0.0,0.0,0.0,12,6,0,1
2021-01-03 12:16:00,0.0,0.0,0.0,0.0,12,6,0,1
2021-01-03 12:17:00,0.0,0.0,0.0,0.0,12,6,0,1
2021-01-03 12:18:00,0.0,0.0,0.0,0.0,12,6,0,1
2021-01-03 12:19:00,0.0,0.0,0.0,0.0,12,6,0,1
2021-01-03 12:20:00,0.0,0.0,0.0,0.0,12,6,0,1
2021-01-03 12:21:00,0.0,0.0,0.0,0.0,12,6,0,1
2021-01-03 12:22:00,0.0,0.0,0.0,0.0,12,6,0,1
2021-01-03 12:23:00,0.0,0.0,0.0,0.0,12,6,0,1
2021-01-03 12:24:00,0.0,0.0,0.0,0.0,12,6,0,1
2021-01-03 12:25:00,1.0,0.187,0.0,1.0,12,6,0,1
2021-01-03 12:26:00,1.0,0.484,0.0,0.0,12,6,0,1
2021-01-03 12:27:00,0.0,0.0,0.0,0.0,12,6,0,1
2021-01-03 12:28:00,0.0,0.0,0.0,0.0,12,6,0,1
2021-01-03 12:29:00,0.0,0.0,0.0,0.0,12,6,0,1
2021-01-03 12:30:00,1.0,0.125,0.0,0.0,12,6,0,1
2021-01-03 12:31:00,0.0,0.0,0.0,0.0,12,6,0,1
2021-01-03 12:32:00,0.0,0.0,0.0,0.0,12,6,0,1
2021-01-03 12:33:00,0.0,0.0,0.0,0.0,12,6,0,1
2021-01-03 12:34:00,0.0,0.0,0.0,0.0,12,6,0,1
2021-01-03 12:35:00,0.0,0.0,0.0,0.0,12,6,0,1
2021-01-03 12:36:00,0.0,0.0,0.0,0.0,12,6,0,1
2021-01-03 12:37:00,1.0,0.124,0.0,0.0,12,6,0,1
2021-01-03 12:38:00,0.0,0.0,0.0,0.0,12,6,0,1
2021-01-03 12:39:00,0.0,0.0,0.0,0.0,12,6,0,1
2021-01-03 12:40:00,0.0,0.0,0.0,0.0,12,6,0,1
2021-01-03 12:41:00,0.0,0.0,0.0,0.0,12,6,0,1
2021-01-03 12:42:00,0.0,0.0,0.0,0.0,12,6,0,1
2021-01-03 12:43:00,1.0,0.11,0.0,0.0,12,6,0,1
2021-01-03 12:44:00,0.0,0.0,0.0,0.0,12,6,0,1
2021-01-03 12:45:00,1.0,0.109,0.0,0.0,12,6,0,1
2021-01-03 12:46:00,0.0,0.0,0.0,0.0,12,6,0,1
2021-01-03 12:47:00,0.0,0.0,0.0,0.0,12,6,0,1
2021-01-03 12:48:00,0.0,0.0,0.0,0.0,12,6,0,1
2021-01-03 12:49:00,2.0,0.2975,0.08980256121069151,0.0,12,6,0,1
2021-01-03 12:50:00,0.0,0.0,0.0,0.0,12,6,0,1
2021-01-03 12:51:00,0.0,0.0,0.0,0.0,12,6,0,1
2021-01-03 12:52:00,1.0,0.124,0.0,0.0,12,6,0,1
2021-01-03 12:53:00,0.0,0.0,0.0,0.0,12,6,0,1
2021-01-03 12:54:00,0.0,0.0,0.0,0.0,12,6,0,1
2021-01-03 12:55:00,1.0,0.312,0.0,0.0,12,6,0,1
2021-01-03 12:56:00,0.0,0.0,0.0,0.0,12,6,0,1
2021-01-03 12:57:00,1.0,0.093,0.0,0.0,12,6,0,1
2021-01-03 12:58:00,0.0,0.0,0.0,0.0,12,6,0,1
2021-01-03 12:59:00,0.0,0.0,0.0,0.0,12,6,0,1
2021-01-03 13:00:00,0.0,0.0,0.0,0.0,13,6,0,1
2021-01-03 13:01:00,0.0,0.0,0.0,0.0,13,6,0,1
2021-01-03 13:02:00,1.0,0.515,0.0,0.0,13,6,0,1
2021-01-03 13:03:00,0.0,0.0,0.0,0.0,13,6,0,1
2021-01-03 13:04:00,1.0,0.093,0.0,0.0,13,6,0,1
2021-01-03 13:05:00,0.0,0.0,0.0,0.0,13,6,0,1
2021-01-03 13:06:00,0.0,0.0,0.0,0.0,13,6,0,1
2021-01-03 13:07:00,0.0,0.0,0.0,0.0,13,6,0,1
2021-01-03 13:08:00,0.0,0.0,0.0,0.0,13,6,0,1
2021-01-03 13:09:00,0.0,0.0,0.0,0.0,13,6,0,1
2021-01-03 13:10:00,2.0,0.1205,0.0162634559672906,0.0,13,6,0,1
2021-01-03 13:11:00,0.0,0.0,0.0,0.0,13,6,0,1
2021-01-03 13:12:00,0.0,0.0,0.0,0.0,13,6,0,1
2021-01-03 13:13:00,1.0,0.078,0.0,0.0,13,6,0,1
2021-01-03 13:14:00,1.0,0.547,0.0,0.0,13,6,0,1
2021-01-03 13:15:00,0.0,0.0,0.0,0.0,13,6,0,1
2021-01-03 13:16:00,0.0,0.0,0.0,0.0,13,6,0,1
2021-01-03 13:17:00,0.0,0.0,0.0,0.0,13,6,0,1
2021-01-03 13:18:00,0.0,0.0,0.0,0.0,13,6,0,1
2021-01-03 13:19:00,2.0,0.101,0.011313708498984755,0.0,13,6,0,1
2021-01-03 13:20:00,0.0,0.0,0.0,0.0,13,6,0,1
2021-01-03 13:21:00,0.0,0.0,0.0,0.0,13,6,0,1
2021-01-03 13:22:00,1.0,0.093,0.0,0.0,13,6,0,1
2021-01-03 13:23:00,0.0,0.0,0.0,0.0,13,6,0,1
2021-01-03 13:24:00,0.0,0.0,0.0,0.0,13,6,0,1
2021-01-03 13:25:00,0.0,0.0,0.0,0.0,13,6,0,1
2021-01-03 13:26:00,1.0,0.109,0.0,0.0,13,6,0,1
2021-01-03 13:27:00,1.0,0.287,0.0,0.0,13,6,0,1
2021-01-03 13:28:00,0.0,0.0,0.0,0.0,13,6,0,1
2021-01-03 13:29:00,0.0,0.0,0.0,0.0,13,6,0,1
2021-01-03 13:30:00,0.0,0.0,0.0,0.0,13,6,0,1
2021-01-03 13:31:00,0.0,0.0,0.0,0.0,13,6,0,1
2021-01-03 13:32:00,1.0,0.167,0.0,0.0,13,6,0,1
2021-01-03 13:33:00,0.0,0.0,0.0,0.0,13,6,0,1
2021-01-03 13:34:00,1.0,0.124,0.0,0.0,13,6,0,1
2021-01-03 13:35:00,0.0,0.0,0.0,0.0,13,6,0,1
2021-01-03 13:36:00,0.0,0.0,0.0,0.0,13,6,0,1
2021-01-03 13:37:00,1.0,0.125,0.0,0.0,13,6,0,1
2021-01-03 13:38:00,2.0,0.134,0.035355339059327376,0.0,13,6,0,1
2021-01-03 13:39:00,0.0,0.0,0.0,0.0,13,6,0,1
2021-01-03 13:40:00,0.0,0.0,0.0,0.0,13,6,0,1
2021-01-03 13:41:00,1.0,0.093,0.0,0.0,13,6,0,1
2021-01-03 13:42:00,0.0,0.0,0.0,0.0,13,6,0,1
2021-01-03 13:43:00,0.0,0.0,0.0,0.0,13,6,0,1
2021-01-03 13:44:00,0.0,0.0,0.0,0.0,13,6,0,1
2021-01-03 13:45:00,0.0,0.0,0.0,0.0,13,6,0,1
2021-01-03 13:46:00,0.0,0.0,0.0,0.0,13,6,0,1
2021-01-03 13:47:00,0.0,0.0,0.0,0.0,13,6,0,1
2021-01-03 13:48:00,0.0,0.0,0.0,0.0,13,6,0,1
2021-01-03 13:49:00,0.0,0.0,0.0,0.0,13,6,0,1
2021-01-03 13:50:00,0.0,0.0,0.0,0.0,13,6,0,1
2021-01-03 13:51:00,1.0,0.109,0.0,1.0,13,6,0,1
2021-01-03 13:52:00,2.0,0.1015,0.012020815280171303,0.0,13,6,0,1
2021-01-03 13:53:00,0.0,0.0,0.0,0.0,13,6,0,1
2021-01-03 13:54:00,0.0,0.0,0.0,0.0,13,6,0,1
2021-01-03 13:55:00,0.0,0.0,0.0,0.0,13,6,0,1
2021-01-03 13:56:00,1.0,0.109,0.0,0.0,13,6,0,1
2021-01-03 13:57:00,2.0,0.1155,0.03464823227814084,0.0,13,6,0,1
2021-01-03 13:58:00,1.0,0.109,0.0,0.0,13,6,0,1
2021-01-03 13:59:00,1.0,0.14,0.0,0.0,13,6,0,1
2021-01-03 14:00:00,0.0,0.0,0.0,0.0,14,6,0,1
2021-01-03 14:01:00,0.0,0.0,0.0,0.0,14,6,0,1
2021-01-03 14:02:00,0.0,0.0,0.0,0.0,14,6,0,1
2021-01-03 14:03:00,0.0,0.0,0.0,0.0,14,6,0,1
2021-01-03 14:04:00,0.0,0.0,0.0,0.0,14,6,0,1
2021-01-03 14:05:00,0.0,0.0,0.0,0.0,14,6,0,1
2021-01-03 14:06:00,0.0,0.0,0.0,0.0,14,6,0,1
2021-01-03 14:07:00,0.0,0.0,0.0,0.0,14,6,0,1
2021-01-03 14:08:00,0.0,0.0,0.0,0.0,14,6,0,1
2021-01-03 14:09:00,1.0,0.093,0.0,1.0,14,6,0,1
2021-01-03 14:10:00,1.0,0.093,0.0,0.0,14,6,0,1
2021-01-03 14:11:00,1.0,0.125,0.0,0.0,14,6,0,1
2021-01-03 14:12:00,2.0,0.1085,0.021920310216782972,0.0,14,6,0,1
2021-01-03 14:13:00,0.0,0.0,0.0,0.0,14,6,0,1
2021-01-03 14:14:00,1.0,0.109,0.0,0.0,14,6,0,1
2021-01-03 14:15:00,0.0,0.0,0.0,0.0,14,6,0,1
2021-01-03 14:16:00,1.0,0.093,0.0,0.0,14,6,0,1
2021-01-03 14:17:00,0.0,0.0,0.0,0.0,14,6,0,1
2021-01-03 14:18:00,0.0,0.0,0.0,0.0,14,6,0,1
2021-01-03 14:19:00,0.0,0.0,0.0,0.0,14,6,0,1
2021-01-03 14:20:00,2.0,0.08549999999999999,0.010606601717798208,0.0,14,6,0,1
2021-01-03 14:21:00,0.0,0.0,0.0,0.0,14,6,0,1
2021-01-03 14:22:00,1.0,0.125,0.0,0.0,14,6,0,1
2021-01-03 14:23:00,0.0,0.0,0.0,0.0,14,6,0,1
2021-01-03 14:24:00,0.0,0.0,0.0,0.0,14,6,0,1
2021-01-03 14:25:00,1.0,0.109,0.0,0.0,14,6,0,1
2021-01-03 14:26:00,1.0,0.093,0.0,0.0,14,6,0,1
2021-01-03 14:27:00,0.0,0.0,0.0,0.0,14,6,0,1
2021-01-03 14:28:00,0.0,0.0,0.0,0.0,14,6,0,1
2021-01-03 14:29:00,0.0,0.0,0.0,0.0,14,6,0,1
2021-01-03 14:30:00,1.0,0.078,0.0,0.0,14,6,0,1
2021-01-03 14:31:00,0.0,0.0,0.0,0.0,14,6,0,1
2021-01-03 14:32:00,0.0,0.0,0.0,0.0,14,6,0,1
2021-01-03 14:33:00,0.0,0.0,0.0,0.0,14,6,0,1
2021-01-03 14:34:00,1.0,0.078,0.0,0.0,14,6,0,1
2021-01-03 14:35:00,0.0,0.0,0.0,0.0,14,6,0,1
2021-01-03 14:36:00,0.0,0.0,0.0,0.0,14,6,0,1
2021-01-03 14:37:00,0.0,0.0,0.0,0.0,14,6,0,1
2021-01-03 14:38:00,0.0,0.0,0.0,0.0,14,6,0,1
2021-01-03 14:39:00,0.0,0.0,0.0,0.0,14,6,0,1
2021-01-03 14:40:00,0.0,0.0,0.0,0.0,14,6,0,1
2021-01-03 14:41:00,0.0,0.0,0.0,0.0,14,6,0,1
2021-01-03 14:42:00,0.0,0.0,0.0,0.0,14,6,0,1
2021-01-03 14:43:00,0.0,0.0,0.0,0.0,14,6,0,1
2021-01-03 14:44:00,0.0,0.0,0.0,0.0,14,6,0,1
2021-01-03 14:45:00,1.0,0.093,0.0,1.0,14,6,0,1
2021-01-03 14:46:00,0.0,0.0,0.0,0.0,14,6,0,1
2021-01-03 14:47:00,0.0,0.0,0.0,0.0,14,6,0,1
2021-01-03 14:48:00,1.0,0.078,0.0,0.0,14,6,0,1
2021-01-03 14:49:00,1.0,0.33,0.0,0.0,14,6,0,1
2021-01-03 14:50:00,1.0,0.078,0.0,0.0,14,6,0,1
2021-01-03 14:51:00,0.0,0.0,0.0,0.0,14,6,0,1
2021-01-03 14:52:00,0.0,0.0,0.0,0.0,14,6,0,1
2021-01-03 14:53:00,1.0,0.093,0.0,0.0,14,6,0,1
2021-01-03 14:54:00,1.0,0.109,0.0,0.0,14,6,0,1
2021-01-03 14:55:00,0.0,0.0,0.0,0.0,14,6,0,1
2021-01-03 14:56:00,1.0,0.078,0.0,0.0,14,6,0,1
2021-01-03 14:57:00,0.0,0.0,0.0,0.0,14,6,0,1
2021-01-03 14:58:00,0.0,0.0,0.0,0.0,14,6,0,1
2021-01-03 14:59:00,0.0,0.0,0.0,0.0,14,6,0,1
2021-01-03 15:00:00,1.0,0.39,0.0,0.0,15,6,0,1
2021-01-03 15:01:00,0.0,0.0,0.0,0.0,15,6,0,1
2021-01-03 15:02:00,1.0,0.124,0.0,0.0,15,6,0,1
2021-01-03 15:03:00,0.0,0.0,0.0,0.0,15,6,0,1
2021-01-03 15:04:00,1.0,0.093,0.0,0.0,15,6,0,1
2021-01-03 15:05:00,1.0,0.093,0.0,0.0,15,6,0,1
2021-01-03 15:06:00,0.0,0.0,0.0,0.0,15,6,0,1
2021-01-03 15:07:00,0.0,0.0,0.0,0.0,15,6,0,1
2021-01-03 15:08:00,0.0,0.0,0.0,0.0,15,6,0,1
2021-01-03 15:09:00,0.0,0.0,0.0,0.0,15,6,0,1
2021-01-03 15:10:00,0.0,0.0,0.0,0.0,15,6,0,1
2021-01-03 15:11:00,1.0,0.281,0.0,0.0,15,6,0,1
2021-01-03 15:12:00,0.0,0.0,0.0,0.0,15,6,0,1
2021-01-03 15:13:00,0.0,0.0,0.0,0.0,15,6,0,1
2021-01-03 15:14:00,2.0,0.101,0.011313708498984765,0.0,15,6,0,1
2021-01-03 15:15:00,1.0,0.104,0.0,0.0,15,6,0,1
2021-01-03 15:16:00,0.0,0.0,0.0,0.0,15,6,0,1
2021-01-03 15:17:00,0.0,0.0,0.0,0.0,15,6,0,1
2021-01-03 15:18:00,0.0,0.0,0.0,0.0,15,6,0,1
2021-01-03 15:19:00,0.0,0.0,0.0,0.0,15,6,0,1
2021-01-03 15:20:00,1.0,0.187,0.0,0.0,15,6,0,1
2021-01-03 15:21:00,0.0,0.0,0.0,0.0,15,6,0,1
2021-01-03 15:22:00,1.0,0.078,0.0,0.0,15,6,0,1
2021-01-03 15:23:00,0.0,0.0,0.0,0.0,15,6,0,1
2021-01-03 15:24:00,0.0,0.0,0.0,0.0,15,6,0,1
2021-01-03 15:25:00,0.0,0.0,0.0,0.0,15,6,0,1
2021-01-03 15:26:00,0.0,0.0,0.0,0.0,15,6,0,1
2021-01-03 15:27:00,2.0,0.109,0.0,0.0,15,6,0,1
2021-01-03 15:28:00,0.0,0.0,0.0,0.0,15,6,0,1
2021-01-03 15:29:00,1.0,0.093,0.0,0.0,15,6,0,1
2021-01-03 15:30:00,0.0,0.0,0.0,0.0,15,6,0,1
2021-01-03 15:31:00,1.0,0.109,0.0,0.0,15,6,0,1
2021-01-03 15:32:00,1.0,0.078,0.0,0.0,15,6,0,1
2021-01-03 15:33:00,1.0,0.078,0.0,0.0,15,6,0,1
2021-01-03 15:34:00,2.0,0.109,0.02262741699796952,0.0,15,6,0,1
2021-01-03 15:35:00,1.0,0.109,0.0,0.0,15,6,0,1
2021-01-03 15:36:00,0.0,0.0,0.0,0.0,15,6,0,1
2021-01-03 15:37:00,0.0,0.0,0.0,0.0,15,6,0,1
2021-01-03 15:38:00,1.0,0.078,0.0,0.0,15,6,0,1
2021-01-03 15:39:00,0.0,0.0,0.0,0.0,15,6,0,1
2021-01-03 15:40:00,1.0,0.218,0.0,0.0,15,6,0,1
2021-01-03 15:41:00,2.0,0.0935,0.021920310216782972,0.0,15,6,0,1
2021-01-03 15:42:00,0.0,0.0,0.0,0.0,15,6,0,1
2021-01-03 15:43:00,0.0,0.0,0.0,0.0,15,6,0,1
2021-01-03 15:44:00,1.0,0.078,0.0,0.0,15,6,0,1
2021-01-03 15:45:00,2.0,0.109,0.0,0.0,15,6,0,1
2021-01-03 15:46:00,1.0,0.109,0.0,0.0,15,6,0,1
2021-01-03 15:47:00,1.0,0.109,0.0,0.0,15,6,0,1
2021-01-03 15:48:00,1.0,0.109,0.0,0.0,15,6,0,1
2021-01-03 15:49:00,1.0,0.109,0.0,0.0,15,6,0,1
2021-01-03 15:50:00,0.0,0.0,0.0,0.0,15,6,0,1
2021-01-03 15:51:00,3.0,0.136,0.010583005244258368,0.0,15,6,0,1
2021-01-03 15:52:00,0.0,0.0,0.0,0.0,15,6,0,1
2021-01-03 15:53:00,1.0,0.118,0.0,0.0,15,6,0,1
2021-01-03 15:54:00,0.0,0.0,0.0,0.0,15,6,0,1
2021-01-03 15:55:00,1.0,0.125,0.0,0.0,15,6,0,1
2021-01-03 15:56:00,1.0,0.125,0.0,0.0,15,6,0,1
2021-01-03 15:57:00,1.0,0.093,0.0,0.0,15,6,0,1
2021-01-03 15:58:00,0.0,0.0,0.0,0.0,15,6,0,1
2021-01-03 15:59:00,2.0,0.117,0.032526911934581196,0.0,15,6,0,1
2021-01-03 16:00:00,0.0,0.0,0.0,0.0,16,6,0,1
2021-01-03 16:01:00,0.0,0.0,0.0,0.0,16,6,0,1
2021-01-03 16:02:00,0.0,0.0,0.0,0.0,16,6,0,1
2021-01-03 16:03:00,1.0,0.078,0.0,0.0,16,6,0,1
2021-01-03 16:04:00,0.0,0.0,0.0,0.0,16,6,0,1
2021-01-03 16:05:00,3.0,0.10466666666666667,0.01767295485574875,0.0,16,6,0,1
2021-01-03 16:06:00,0.0,0.0,0.0,0.0,16,6,0,1
2021-01-03 16:07:00,1.0,0.093,0.0,0.0,16,6,0,1
2021-01-03 16:08:00,0.0,0.0,0.0,0.0,16,6,0,1
2021-01-03 16:09:00,3.0,0.10366666666666668,0.032347076117221686,0.0,16,6,0,1
2021-01-03 16:10:00,1.0,0.14,0.0,0.0,16,6,0,1
2021-01-03 16:11:00,0.0,0.0,0.0,0.0,16,6,0,1
2021-01-03 16:12:00,3.0,0.208,0.111,0.0,16,6,0,1
2021-01-03 16:13:00,1.0,0.077,0.0,0.0,16,6,0,1
2021-01-03 16:14:00,2.0,0.07,0.011313708498984765,0.0,16,6,0,1
2021-01-03 16:15:00,0.0,0.0,0.0,0.0,16,6,0,1
2021-01-03 16:16:00,1.0,0.093,0.0,0.0,16,6,0,1
2021-01-03 16:17:00,0.0,0.0,0.0,0.0,16,6,0,1
2021-01-03 16:18:00,1.0,0.125,0.0,0.0,16,6,0,1
2021-01-03 16:19:00,1.0,0.078,0.0,0.0,16,6,0,1
2021-01-03 16:20:00,0.0,0.0,0.0,0.0,16,6,0,1
2021-01-03 16:21:00,0.0,0.0,0.0,0.0,16,6,0,1
2021-01-03 16:22:00,0.0,0.0,0.0,0.0,16,6,0,1
2021-01-03 16:23:00,2.0,0.1,0.012727922061357862,0.0,16,6,0,1
2021-01-03 16:24:00,1.0,0.109,0.0,0.0,16,6,0,1
2021-01-03 16:25:00,1.0,0.093,0.0,0.0,16,6,0,1
2021-01-03 16:26:00,0.0,0.0,0.0,0.0,16,6,0,1
2021-01-03 16:27:00,0.0,0.0,0.0,0.0,16,6,0,1
2021-01-03 16:28:00,2.0,0.078,0.0,0.0,16,6,0,1
2021-01-03 16:29:00,0.0,0.0,0.0,0.0,16,6,0,1
2021-01-03 16:30:00,1.0,0.093,0.0,0.0,16,6,0,1
2021-01-03 16:31:00,1.0,0.109,0.0,0.0,16,6,0,1
2021-01-03 16:32:00,0.0,0.0,0.0,0.0,16,6,0,1
2021-01-03 16:33:00,0.0,0.0,0.0,0.0,16,6,0,1
2021-01-03 16:34:00,1.0,0.093,0.0,0.0,16,6,0,1
2021-01-03 16:35:00,0.0,0.0,0.0,0.0,16,6,0,1
2021-01-03 16:36:00,0.0,0.0,0.0,0.0,16,6,0,1
2021-01-03 16:37:00,1.0,0.093,0.0,0.0,16,6,0,1
2021-01-03 16:38:00,1.0,0.367,0.0,0.0,16,6,0,1
2021-01-03 16:39:00,0.0,0.0,0.0,0.0,16,6,0,1
2021-01-03 16:40:00,0.0,0.0,0.0,0.0,16,6,0,1
2021-01-03 16:41:00,1.0,0.078,0.0,0.0,16,6,0,1
2021-01-03 16:42:00,0.0,0.0,0.0,0.0,16,6,0,1
2021-01-03 16:43:00,1.0,0.218,0.0,0.0,16,6,0,1
2021-01-03 16:44:00,0.0,0.0,0.0,0.0,16,6,0,1
2021-01-03 16:45:00,0.0,0.0,0.0,0.0,16,6,0,1
2021-01-03 16:46:00,0.0,0.0,0.0,0.0,16,6,0,1
2021-01-03 16:47:00,0.0,0.0,0.0,0.0,16,6,0,1
2021-01-03 16:48:00,0.0,0.0,0.0,0.0,16,6,0,1
2021-01-03 16:49:00,1.0,0.125,0.0,0.0,16,6,0,1
2021-01-03 16:50:00,0.0,0.0,0.0,0.0,16,6,0,1
2021-01-03 16:51:00,1.0,0.125,0.0,0.0,16,6,0,1
2021-01-03 16:52:00,2.0,0.11499999999999999,0.012727922061357852,0.0,16,6,0,1
2021-01-03 16:53:00,0.0,0.0,0.0,0.0,16,6,0,1
2021-01-03 16:54:00,0.0,0.0,0.0,0.0,16,6,0,1
2021-01-03 16:55:00,0.0,0.0,0.0,0.0,16,6,0,1
2021-01-03 16:56:00,0.0,0.0,0.0,0.0,16,6,0,1
2021-01-03 16:57:00,1.0,0.109,0.0,0.0,16,6,0,1
2021-01-03 16:58:00,0.0,0.0,0.0,0.0,16,6,0,1
2021-01-03 16:59:00,0.0,0.0,0.0,0.0,16,6,0,1
2021-01-03 17:00:00,0.0,0.0,0.0,0.0,17,6,0,1
2021-01-03 17:01:00,0.0,0.0,0.0,0.0,17,6,0,1
2021-01-03 17:02:00,1.0,0.109,0.0,0.0,17,6,0,1
2021-01-03 17:03:00,1.0,0.331,0.0,0.0,17,6,0,1
2021-01-03 17:04:00,1.0,0.078,0.0,0.0,17,6,0,1
2021-01-03 17:05:00,1.0,0.171,0.0,0.0,17,6,0,1
2021-01-03 17:06:00,0.0,0.0,0.0,0.0,17,6,0,1
2021-01-03 17:07:00,2.0,0.11100000000000002,0.04101219330881977,0.0,17,6,0,1
2021-01-03 17:08:00,2.0,0.08549999999999999,0.010606601717798217,0.0,17,6,0,1
2021-01-03 17:09:00,3.0,0.09833333333333333,0.009237604307034014,0.0,17,6,0,1
2021-01-03 17:10:00,2.0,0.089,0.0056568542494923706,0.0,17,6,0,1
2021-01-03 17:11:00,1.0,0.124,0.0,0.0,17,6,0,1
2021-01-03 17:12:00,1.0,0.078,0.0,0.0,17,6,0,1
2021-01-03 17:13:00,0.0,0.0,0.0,0.0,17,6,0,1
2021-01-03 17:14:00,0.0,0.0,0.0,0.0,17,6,0,1
2021-01-03 17:15:00,2.0,0.1165,0.03323401871576774,0.0,17,6,0,1
2021-01-03 17:16:00,1.0,0.078,0.0,0.0,17,6,0,1
2021-01-03 17:17:00,0.0,0.0,0.0,0.0,17,6,0,1
2021-01-03 17:18:00,0.0,0.0,0.0,0.0,17,6,0,1
2021-01-03 17:19:00,1.0,0.078,0.0,0.0,17,6,0,1
2021-01-03 17:20:00,1.0,0.109,0.0,0.0,17,6,0,1
2021-01-03 17:21:00,0.0,0.0,0.0,0.0,17,6,0,1
2021-01-03 17:22:00,0.0,0.0,0.0,0.0,17,6,0,1
2021-01-03 17:23:00,0.0,0.0,0.0,0.0,17,6,0,1
2021-01-03 17:24:00,0.0,0.0,0.0,0.0,17,6,0,1
2021-01-03 17:25:00,0.0,0.0,0.0,0.0,17,6,0,1
2021-01-03 17:26:00,0.0,0.0,0.0,0.0,17,6,0,1
2021-01-03 17:27:00,1.0,0.185,0.0,0.0,17,6,0,1
2021-01-03 17:28:00,3.0,0.09333333333333334,0.015502687938977987,0.0,17,6,0,1
2021-01-03 17:29:00,1.0,0.093,0.0,0.0,17,6,0,1
2021-01-03 17:30:00,0.0,0.0,0.0,0.0,17,6,0,1
2021-01-03 17:31:00,2.0,0.1245,0.021920310216782986,0.0,17,6,0,1
2021-01-03 17:32:00,2.0,0.08549999999999999,0.010606601717798217,0.0,17,6,0,1
2021-01-03 17:33:00,0.0,0.0,0.0,0.0,17,6,0,1
2021-01-03 17:34:00,0.0,0.0,0.0,0.0,17,6,0,1
2021-01-03 17:35:00,0.0,0.0,0.0,0.0,17,6,0,1
2021-01-03 17:36:00,1.0,0.109,0.0,0.0,17,6,0,1
2021-01-03 17:37:00,0.0,0.0,0.0,0.0,17,6,0,1
2021-01-03 17:38:00,0.0,0.0,0.0,0.0,17,6,0,1
2021-01-03 17:39:00,2.0,0.1165,0.03323401871576774,0.0,17,6,0,1
2021-01-03 17:40:00,1.0,0.078,0.0,0.0,17,6,0,1
2021-01-03 17:41:00,0.0,0.0,0.0,0.0,17,6,0,1
2021-01-03 17:42:00,1.0,0.093,0.0,0.0,17,6,0,1
2021-01-03 17:43:00,0.0,0.0,0.0,0.0,17,6,0,1
2021-01-03 17:44:00,1.0,0.109,0.0,0.0,17,6,0,1
2021-01-03 17:45:00,1.0,0.093,0.0,0.0,17,6,0,1
2021-01-03 17:46:00,0.0,0.0,0.0,0.0,17,6,0,1
2021-01-03 17:47:00,0.0,0.0,0.0,0.0,17,6,0,1
2021-01-03 17:48:00,1.0,0.093,0.0,0.0,17,6,0,1
2021-01-03 17:49:00,0.0,0.0,0.0,0.0,17,6,0,1
2021-01-03 17:50:00,2.0,0.0935,0.021920310216782972,0.0,17,6,0,1
2021-01-03 17:51:00,0.0,0.0,0.0,0.0,17,6,0,1
2021-01-03 17:52:00,1.0,0.109,0.0,0.0,17,6,0,1
2021-01-03 17:53:00,0.0,0.0,0.0,0.0,17,6,0,1
2021-01-03 17:54:00,1.0,0.093,0.0,0.0,17,6,0,1
2021-01-03 17:55:00,2.0,0.1885,0.09121677477306463,0.0,17,6,0,1
2021-01-03 17:56:00,2.0,0.093,0.0,0.0,17,6,0,1
2021-01-03 17:57:00,1.0,0.126,0.0,0.0,17,6,0,1
2021-01-03 17:58:00,1.0,0.093,0.0,0.0,17,6,0,1
2021-01-03 17:59:00,0.0,0.0,0.0,0.0,17,6,0,1
2021-01-03 18:00:00,0.0,0.0,0.0,0.0,18,6,0,1
2021-01-03 18:01:00,2.0,0.148,0.055154328932550706,0.0,18,6,0,1
2021-01-03 18:02:00,0.0,0.0,0.0,0.0,18,6,0,1
2021-01-03 18:03:00,1.0,0.093,0.0,0.0,18,6,0,1
2021-01-03 18:04:00,3.0,0.10866666666666668,0.02713546265191242,0.0,18,6,0,1
2021-01-03 18:05:00,0.0,0.0,0.0,0.0,18,6,0,1
2021-01-03 18:06:00,0.0,0.0,0.0,0.0,18,6,0,1
2021-01-03 18:07:00,2.0,0.109,0.0,0.0,18,6,0,1
2021-01-03 18:08:00,1.0,0.109,0.0,0.0,18,6,0,1
2021-01-03 18:09:00,1.0,0.125,0.0,0.0,18,6,0,1
2021-01-03 18:10:00,0.0,0.0,0.0,0.0,18,6,0,1
2021-01-03 18:11:00,0.0,0.0,0.0,0.0,18,6,0,1
2021-01-03 18:12:00,0.0,0.0,0.0,0.0,18,6,0,1
2021-01-03 18:13:00,0.0,0.0,0.0,0.0,18,6,0,1
2021-01-03 18:14:00,0.0,0.0,0.0,0.0,18,6,0,1
2021-01-03 18:15:00,2.0,0.14100000000000001,0.024041630560342607,0.0,18,6,0,1
2021-01-03 18:16:00,0.0,0.0,0.0,0.0,18,6,0,1
2021-01-03 18:17:00,1.0,0.14,0.0,0.0,18,6,0,1
2021-01-03 18:18:00,0.0,0.0,0.0,0.0,18,6,0,1
2021-01-03 18:19:00,0.0,0.0,0.0,0.0,18,6,0,1
2021-01-03 18:20:00,0.0,0.0,0.0,0.0,18,6,0,1
2021-01-03 18:21:00,1.0,0.359,0.0,0.0,18,6,0,1
2021-01-03 18:22:00,2.0,0.132,0.01131370849898477,0.0,18,6,0,1
2021-01-03 18:23:00,1.0,0.125,0.0,0.0,18,6,0,1
2021-01-03 18:24:00,2.0,0.109,0.02262741699796952,0.0,18,6,0,1
2021-01-03 18:25:00,0.0,0.0,0.0,0.0,18,6,0,1
2021-01-03 18:26:00,0.0,0.0,0.0,0.0,18,6,0,1
2021-01-03 18:27:00,0.0,0.0,0.0,0.0,18,6,0,1
2021-01-03 18:28:00,0.0,0.0,0.0,0.0,18,6,0,1
2021-01-03 18:29:00,1.0,0.093,0.0,0.0,18,6,0,1
2021-01-03 18:30:00,0.0,0.0,0.0,0.0,18,6,0,1
2021-01-03 18:31:00,1.0,0.156,0.0,0.0,18,6,0,1
2021-01-03 18:32:00,0.0,0.0,0.0,0.0,18,6,0,1
2021-01-03 18:33:00,1.0,0.124,0.0,0.0,18,6,0,1
2021-01-03 18:34:00,1.0,0.078,0.0,0.0,18,6,0,1
2021-01-03 18:35:00,0.0,0.0,0.0,0.0,18,6,0,1
2021-01-03 18:36:00,1.0,0.093,0.0,0.0,18,6,0,1
2021-01-03 18:37:00,2.0,0.1105,0.021920310216782972,0.0,18,6,0,1
2021-01-03 18:38:00,0.0,0.0,0.0,0.0,18,6,0,1
2021-01-03 18:39:00,0.0,0.0,0.0,0.0,18,6,0,1
2021-01-03 18:40:00,0.0,0.0,0.0,0.0,18,6,0,1
2021-01-03 18:41:00,1.0,0.124,0.0,0.0,18,6,0,1
2021-01-03 18:42:00,0.0,0.0,0.0,0.0,18,6,0,1
2021-01-03 18:43:00,0.0,0.0,0.0,0.0,18,6,0,1
2021-01-03 18:44:00,0.0,0.0,0.0,0.0,18,6,0,1
2021-01-03 18:45:00,0.0,0.0,0.0,0.0,18,6,0,1
2021-01-03 18:46:00,0.0,0.0,0.0,0.0,18,6,0,1
2021-01-03 18:47:00,1.0,0.093,0.0,0.0,18,6,0,1
2021-01-03 18:48:00,0.0,0.0,0.0,0.0,18,6,0,1
2021-01-03 18:49:00,0.0,0.0,0.0,0.0,18,6,0,1
2021-01-03 18:50:00,1.0,0.157,0.0,0.0,18,6,0,1
2021-01-03 18:51:00,0.0,0.0,0.0,0.0,18,6,0,1
2021-01-03 18:52:00,1.0,0.124,0.0,0.0,18,6,0,1
2021-01-03 18:53:00,1.0,0.171,0.0,0.0,18,6,0,1
2021-01-03 18:54:00,0.0,0.0,0.0,0.0,18,6,0,1
2021-01-03 18:55:00,0.0,0.0,0.0,0.0,18,6,0,1
2021-01-03 18:56:00,0.0,0.0,0.0,0.0,18,6,0,1
2021-01-03 18:57:00,1.0,0.109,0.0,0.0,18,6,0,1
2021-01-03 18:58:00,1.0,0.093,0.0,0.0,18,6,0,1
2021-01-03 18:59:00,0.0,0.0,0.0,0.0,18,6,0,1
2021-01-03 19:00:00,0.0,0.0,0.0,0.0,19,6,0,1
2021-01-03 19:01:00,1.0,0.093,0.0,0.0,19,6,0,1
2021-01-03 19:02:00,0.0,0.0,0.0,0.0,19,6,0,1
2021-01-03 19:03:00,0.0,0.0,0.0,0.0,19,6,0,1
2021-01-03 19:04:00,0.0,0.0,0.0,0.0,19,6,0,1
2021-01-03 19:05:00,0.0,0.0,0.0,0.0,19,6,0,1
2021-01-03 19:06:00,0.0,0.0,0.0,0.0,19,6,0,1
2021-01-03 19:07:00,0.0,0.0,0.0,0.0,19,6,0,1
2021-01-03 19:08:00,0.0,0.0,0.0,0.0,19,6,0,1
2021-01-03 19:09:00,1.0,0.171,0.0,0.0,19,6,0,1
2021-01-03 19:10:00,0.0,0.0,0.0,0.0,19,6,0,1
2021-01-03 19:11:00,1.0,0.125,0.0,0.0,19,6,0,1
2021-01-03 19:12:00,1.0,0.141,0.0,0.0,19,6,0,1
2021-01-03 19:13:00,0.0,0.0,0.0,0.0,19,6,0,1
2021-01-03 19:14:00,0.0,0.0,0.0,0.0,19,6,0,1
2021-01-03 19:15:00,0.0,0.0,0.0,0.0,19,6,0,1
2021-01-03 19:16:00,0.0,0.0,0.0,0.0,19,6,0,1
2021-01-03 19:17:00,0.0,0.0,0.0,0.0,19,6,0,1
2021-01-03 19:18:00,1.0,0.125,0.0,0.0,19,6,0,1
2021-01-03 19:19:00,0.0,0.0,0.0,0.0,19,6,0,1
2021-01-03 19:20:00,1.0,0.093,0.0,0.0,19,6,0,1
2021-01-03 19:21:00,1.0,0.109,0.0,0.0,19,6,0,1
2021-01-03 19:22:00,0.0,0.0,0.0,0.0,19,6,0,1
2021-01-03 19:23:00,2.0,0.1575,0.024748737341529145,0.0,19,6,0,1
2021-01-03 19:24:00,2.0,0.101,0.011313708498984755,0.0,19,6,0,1
2021-01-03 19:25:00,0.0,0.0,0.0,0.0,19,6,0,1
2021-01-03 19:26:00,1.0,0.093,0.0,0.0,19,6,0,1
2021-01-03 19:27:00,1.0,0.125,0.0,0.0,19,6,0,1
2021-01-03 19:28:00,1.0,0.093,0.0,0.0,19,6,0,1
2021-01-03 19:29:00,1.0,0.093,0.0,0.0,19,6,0,1
2021-01-03 19:30:00,0.0,0.0,0.0,0.0,19,6,0,1
2021-01-03 19:31:00,0.0,0.0,0.0,0.0,19,6,0,1
2021-01-03 19:32:00,1.0,0.156,0.0,0.0,19,6,0,1
2021-01-03 19:33:00,2.0,0.109,0.0,0.0,19,6,0,1
2021-01-03 19:34:00,1.0,0.109,0.0,0.0,19,6,0,1
2021-01-03 19:35:00,1.0,0.109,0.0,0.0,19,6,0,1
2021-01-03 19:36:00,1.0,0.171,0.0,0.0,19,6,0,1
2021-01-03 19:37:00,0.0,0.0,0.0,0.0,19,6,0,1
2021-01-03 19:38:00,1.0,0.126,0.0,0.0,19,6,0,1
2021-01-03 19:39:00,1.0,0.14,0.0,0.0,19,6,0,1
2021-01-03 19:40:00,1.0,0.14,0.0,0.0,19,6,0,1
2021-01-03 19:41:00,1.0,0.093,0.0,0.0,19,6,0,1
2021-01-03 19:42:00,2.0,0.1325,0.03323401871576773,0.0,19,6,0,1
2021-01-03 19:43:00,1.0,0.109,0.0,0.0,19,6,0,1
2021-01-03 19:44:00,2.0,0.109,0.02262741699796952,0.0,19,6,0,1
2021-01-03 19:45:00,0.0,0.0,0.0,0.0,19,6,0,1
2021-01-03 19:46:00,0.0,0.0,0.0,0.0,19,6,0,1
2021-01-03 19:47:00,0.0,0.0,0.0,0.0,19,6,0,1
2021-01-03 19:48:00,0.0,0.0,0.0,0.0,19,6,0,1
2021-01-03 19:49:00,1.0,0.109,0.0,0.0,19,6,0,1
2021-01-03 19:50:00,0.0,0.0,0.0,0.0,19,6,0,1
2021-01-03 19:51:00,0.0,0.0,0.0,0.0,19,6,0,1
2021-01-03 19:52:00,1.0,0.125,0.0,0.0,19,6,0,1
2021-01-03 19:53:00,2.0,0.3765,0.31041987694089435,0.0,19,6,0,1
2021-01-03 19:54:00,1.0,0.124,0.0,0.0,19,6,0,1
2021-01-03 19:55:00,0.0,0.0,0.0,0.0,19,6,0,1
2021-01-03 19:56:00,1.0,0.109,0.0,0.0,19,6,0,1
2021-01-03 19:57:00,1.0,0.141,0.0,0.0,19,6,0,1
2021-01-03 19:58:00,2.0,0.1405,0.02192031021678296,0.0,19,6,0,1
2021-01-03 19:59:00,0.0,0.0,0.0,0.0,19,6,0,1
2021-01-03 20:00:00,0.0,0.0,0.0,0.0,20,6,0,1
2021-01-03 20:01:00,0.0,0.0,0.0,0.0,20,6,0,1
2021-01-03 20:02:00,0.0,0.0,0.0,0.0,20,6,0,1
2021-01-03 20:03:00,0.0,0.0,0.0,0.0,20,6,0,1
2021-01-03 20:04:00,1.0,0.125,0.0,0.0,20,6,0,1
2021-01-03 20:05:00,1.0,0.14,0.0,0.0,20,6,0,1
2021-01-03 20:06:00,1.0,0.158,0.0,0.0,20,6,0,1
2021-01-03 20:07:00,0.0,0.0,0.0,0.0,20,6,0,1
2021-01-03 20:08:00,0.0,0.0,0.0,0.0,20,6,0,1
2021-01-03 20:09:00,0.0,0.0,0.0,0.0,20,6,0,1
2021-01-03 20:10:00,0.0,0.0,0.0,0.0,20,6,0,1
2021-01-03 20:11:00,0.0,0.0,0.0,0.0,20,6,0,1
2021-01-03 20:12:00,1.0,0.093,0.0,0.0,20,6,0,1
2021-01-03 20:13:00,2.0,0.14800000000000002,0.0325269119345812,0.0,20,6,0,1
2021-01-03 20:14:00,1.0,0.109,0.0,0.0,20,6,0,1
2021-01-03 20:15:00,1.0,0.256,0.0,0.0,20,6,0,1
2021-01-03 20:16:00,0.0,0.0,0.0,0.0,20,6,0,1
2021-01-03 20:17:00,1.0,0.125,0.0,0.0,20,6,0,1
2021-01-03 20:18:00,1.0,0.404,0.0,0.0,20,6,0,1
2021-01-03 20:19:00,1.0,0.109,0.0,0.0,20,6,0,1
2021-01-03 20:20:00,0.0,0.0,0.0,0.0,20,6,0,1
2021-01-03 20:21:00,1.0,0.109,0.0,0.0,20,6,0,1
2021-01-03 20:22:00,1.0,0.124,0.0,0.0,20,6,0,1
2021-01-03 20:23:00,1.0,0.14,0.0,0.0,20,6,0,1
2021-01-03 20:24:00,1.0,0.157,0.0,0.0,20,6,0,1
2021-01-03 20:25:00,0.0,0.0,0.0,0.0,20,6,0,1
2021-01-03 20:26:00,1.0,0.122,0.0,0.0,20,6,0,1
2021-01-03 20:27:00,0.0,0.0,0.0,0.0,20,6,0,1
2021-01-03 20:28:00,0.0,0.0,0.0,0.0,20,6,0,1
2021-01-03 20:29:00,0.0,0.0,0.0,0.0,20,6,0,1
2021-01-03 20:30:00,0.0,0.0,0.0,0.0,20,6,0,1
2021-01-03 20:31:00,0.0,0.0,0.0,0.0,20,6,0,1
2021-01-03 20:32:00,0.0,0.0,0.0,0.0,20,6,0,1
2021-01-03 20:33:00,0.0,0.0,0.0,0.0,20,6,0,1
2021-01-03 20:34:00,1.0,0.109,0.0,0.0,20,6,0,1
2021-01-03 20:35:00,0.0,0.0,0.0,0.0,20,6,0,1
2021-01-03 20:36:00,1.0,0.171,0.0,0.0,20,6,0,1
2021-01-03 20:37:00,0.0,0.0,0.0,0.0,20,6,0,1
2021-01-03 20:38:00,0.0,0.0,0.0,0.0,20,6,0,1
2021-01-03 20:39:00,1.0,0.109,0.0,0.0,20,6,0,1
2021-01-03 20:40:00,1.0,0.14,0.0,0.0,20,6,0,1
2021-01-03 20:41:00,2.0,0.121,0.00565685424949238,0.0,20,6,0,1
2021-01-03 20:42:00,1.0,0.125,0.0,0.0,20,6,0,1
2021-01-03 20:43:00,2.0,0.133,0.0565685424949238,0.0,20,6,0,1
2021-01-03 20:44:00,1.0,0.126,0.0,0.0,20,6,0,1
2021-01-03 20:45:00,0.0,0.0,0.0,0.0,20,6,0,1
2021-01-03 20:46:00,0.0,0.0,0.0,0.0,20,6,0,1
2021-01-03 20:47:00,0.0,0.0,0.0,0.0,20,6,0,1
2021-01-03 20:48:00,1.0,0.109,0.0,0.0,20,6,0,1
2021-01-03 20:49:00,0.0,0.0,0.0,0.0,20,6,0,1
2021-01-03 20:50:00,2.0,0.1355,0.02899137802864845,0.0,20,6,0,1
2021-01-03 20:51:00,1.0,0.14,0.0,0.0,20,6,0,1
2021-01-03 20:52:00,0.0,0.0,0.0,0.0,20,6,0,1
2021-01-03 20:53:00,1.0,0.137,0.0,0.0,20,6,0,1
2021-01-03 20:54:00,1.0,0.171,0.0,0.0,20,6,0,1
2021-01-03 20:55:00,2.0,0.08549999999999999,0.010606601717798217,0.0,20,6,0,1
2021-01-03 20:56:00,0.0,0.0,0.0,0.0,20,6,0,1
2021-01-03 20:57:00,0.0,0.0,0.0,0.0,20,6,0,1
2021-01-03 20:58:00,1.0,0.171,0.0,0.0,20,6,0,1
2021-01-03 20:59:00,2.0,0.10400000000000001,0.05091168824543143,0.0,20,6,0,1
2021-01-03 21:00:00,1.0,0.093,0.0,0.0,21,6,0,1
2021-01-03 21:01:00,0.0,0.0,0.0,0.0,21,6,0,1
2021-01-03 21:02:00,0.0,0.0,0.0,0.0,21,6,0,1
2021-01-03 21:03:00,1.0,0.282,0.0,0.0,21,6,0,1
2021-01-03 21:04:00,2.0,0.094,0.0014142135623730963,0.0,21,6,0,1
2021-01-03 21:05:00,0.0,0.0,0.0,0.0,21,6,0,1
2021-01-03 21:06:00,0.0,0.0,0.0,0.0,21,6,0,1
2021-01-03 21:07:00,0.0,0.0,0.0,0.0,21,6,0,1
2021-01-03 21:08:00,1.0,0.093,0.0,0.0,21,6,0,1
2021-01-03 21:09:00,0.0,0.0,0.0,0.0,21,6,0,1
2021-01-03 21:10:00,1.0,0.078,0.0,0.0,21,6,0,1
2021-01-03 21:11:00,0.0,0.0,0.0,0.0,21,6,0,1
2021-01-03 21:12:00,1.0,0.124,0.0,0.0,21,6,0,1
2021-01-03 21:13:00,1.0,0.093,0.0,0.0,21,6,0,1
2021-01-03 21:14:00,1.0,0.093,0.0,0.0,21,6,0,1
2021-01-03 21:15:00,1.0,0.078,0.0,0.0,21,6,0,1
2021-01-03 21:16:00,2.0,0.08549999999999999,0.010606601717798208,0.0,21,6,0,1
2021-01-03 21:17:00,0.0,0.0,0.0,0.0,21,6,0,1
2021-01-03 21:18:00,1.0,0.109,0.0,0.0,21,6,0,1
2021-01-03 21:19:00,0.0,0.0,0.0,0.0,21,6,0,1
2021-01-03 21:20:00,0.0,0.0,0.0,0.0,21,6,0,1
2021-01-03 21:21:00,0.0,0.0,0.0,0.0,21,6,0,1
2021-01-03 21:22:00,0.0,0.0,0.0,0.0,21,6,0,1
2021-01-03 21:23:00,1.0,0.25,0.0,0.0,21,6,0,1
2021-01-03 21:24:00,1.0,0.078,0.0,0.0,21,6,0,1
2021-01-03 21:25:00,1.0,0.125,0.0,0.0,21,6,0,1
2021-01-03 21:26:00,1.0,0.078,0.0,0.0,21,6,0,1
2021-01-03 21:27:00,1.0,0.093,0.0,0.0,21,6,0,1
2021-01-03 21:28:00,2.0,0.101,0.011313708498984765,0.0,21,6,0,1
2021-01-03 21:29:00,0.0,0.0,0.0,0.0,21,6,0,1
2021-01-03 21:30:00,0.0,0.0,0.0,0.0,21,6,0,1
2021-01-03 21:31:00,0.0,0.0,0.0,0.0,21,6,0,1
2021-01-03 21:32:00,1.0,0.14,0.0,0.0,21,6,0,1
2021-01-03 21:33:00,1.0,0.093,0.0,0.0,21,6,0,1
2021-01-03 21:34:00,0.0,0.0,0.0,0.0,21,6,0,1
2021-01-03 21:35:00,0.0,0.0,0.0,0.0,21,6,0,1
2021-01-03 21:36:00,2.0,0.131,0.05374011537017762,0.0,21,6,0,1
2021-01-03 21:37:00,0.0,0.0,0.0,0.0,21,6,0,1
2021-01-03 21:38:00,0.0,0.0,0.0,0.0,21,6,0,1
2021-01-03 21:39:00,0.0,0.0,0.0,0.0,21,6,0,1
2021-01-03 21:40:00,1.0,0.088,0.0,0.0,21,6,0,1
2021-01-03 21:41:00,1.0,0.109,0.0,0.0,21,6,0,1
2021-01-03 21:42:00,0.0,0.0,0.0,0.0,21,6,0,1
2021-01-03 21:43:00,0.0,0.0,0.0,0.0,21,6,0,1
2021-01-03 21:44:00,2.0,0.093,0.0,0.0,21,6,0,1
2021-01-03 21:45:00,0.0,0.0,0.0,0.0,21,6,0,1
2021-01-03 21:46:00,3.0,0.17900000000000002,0.09439809320108114,0.0,21,6,0,1
2021-01-03 21:47:00,2.0,0.08549999999999999,0.010606601717798208,0.0,21,6,0,1
2021-01-03 21:48:00,0.0,0.0,0.0,0.0,21,6,0,1
2021-01-03 21:49:00,2.0,0.093,0.0,0.0,21,6,0,1
2021-01-03 21:50:00,2.0,0.101,0.011313708498984765,0.0,21,6,0,1
2021-01-03 21:51:00,0.0,0.0,0.0,0.0,21,6,0,1
2021-01-03 21:52:00,0.0,0.0,0.0,0.0,21,6,0,1
2021-01-03 21:53:00,1.0,0.093,0.0,0.0,21,6,0,1
2021-01-03 21:54:00,1.0,0.093,0.0,0.0,21,6,0,1
2021-01-03 21:55:00,0.0,0.0,0.0,0.0,21,6,0,1
2021-01-03 21:56:00,0.0,0.0,0.0,0.0,21,6,0,1
2021-01-03 21:57:00,0.0,0.0,0.0,0.0,21,6,0,1
2021-01-03 21:58:00,0.0,0.0,0.0,0.0,21,6,0,1
2021-01-03 21:59:00,0.0,0.0,0.0,0.0,21,6,0,1
2021-01-03 22:00:00,1.0,0.581,0.0,0.0,22,6,0,1
2021-01-03 22:01:00,0.0,0.0,0.0,0.0,22,6,0,1
2021-01-03 22:02:00,2.0,0.093,0.0,0.0,22,6,0,1
2021-01-03 22:03:00,0.0,0.0,0.0,0.0,22,6,0,1
2021-01-03 22:04:00,2.0,0.101,0.011313708498984755,0.0,22,6,0,1
2021-01-03 22:05:00,0.0,0.0,0.0,0.0,22,6,0,1
2021-01-03 22:06:00,2.0,0.696,0.7863027406794408,0.0,22,6,0,1
2021-01-03 22:07:00,1.0,0.218,0.0,0.0,22,6,0,1
2021-01-03 22:08:00,1.0,0.109,0.0,0.0,22,6,0,1
2021-01-03 22:09:00,0.0,0.0,0.0,0.0,22,6,0,1
2021-01-03 22:10:00,1.0,0.097,0.0,0.0,22,6,0,1
2021-01-03 22:11:00,0.0,0.0,0.0,0.0,22,6,0,1
2021-01-03 22:12:00,0.0,0.0,0.0,0.0,22,6,0,1
2021-01-03 22:13:00,2.0,0.238,0.2050609665440988,0.0,22,6,0,1
2021-01-03 22:14:00,1.0,0.128,0.0,0.0,22,6,0,1
2021-01-03 22:15:00,0.0,0.0,0.0,0.0,22,6,0,1
2021-01-03 22:16:00,0.0,0.0,0.0,0.0,22,6,0,1
2021-01-03 22:17:00,0.0,0.0,0.0,0.0,22,6,0,1
2021-01-03 22:18:00,0.0,0.0,0.0,0.0,22,6,0,1
2021-01-03 22:19:00,1.0,0.172,0.0,0.0,22,6,0,1
2021-01-03 22:20:00,0.0,0.0,0.0,0.0,22,6,0,1
2021-01-03 22:21:00,0.0,0.0,0.0,0.0,22,6,0,1
2021-01-03 22:22:00,0.0,0.0,0.0,0.0,22,6,0,1
2021-01-03 22:23:00,3.0,0.123,0.0345108678534748,0.0,22,6,0,1
2021-01-03 22:24:00,2.0,0.1885,0.10818733752154179,0.0,22,6,0,1
2021-01-03 22:25:00,1.0,0.131,0.0,0.0,22,6,0,1
2021-01-03 22:26:00,0.0,0.0,0.0,0.0,22,6,0,1
2021-01-03 22:27:00,1.0,0.109,0.0,0.0,22,6,0,1
2021-01-03 22:28:00,0.0,0.0,0.0,0.0,22,6,0,1
2021-01-03 22:29:00,0.0,0.0,0.0,0.0,22,6,0,1
2021-01-03 22:30:00,0.0,0.0,0.0,0.0,22,6,0,1
2021-01-03 22:31:00,2.0,0.1245,0.0007071067811865482,0.0,22,6,0,1
2021-01-03 22:32:00,0.0,0.0,0.0,0.0,22,6,0,1
2021-01-03 22:33:00,1.0,0.124,0.0,0.0,22,6,0,1
2021-01-03 22:34:00,0.0,0.0,0.0,0.0,22,6,0,1
2021-01-03 22:35:00,1.0,0.109,0.0,0.0,22,6,0,1
2021-01-03 22:36:00,1.0,0.109,0.0,0.0,22,6,0,1
2021-01-03 22:37:00,3.0,0.14033333333333334,0.05427092530382483,0.0,22,6,0,1
2021-01-03 22:38:00,2.0,0.1245,0.02192031021678298,0.0,22,6,0,1
2021-01-03 22:39:00,2.0,0.14,0.02262741699796953,0.0,22,6,0,1
2021-01-03 22:40:00,1.0,0.106,0.0,0.0,22,6,0,1
2021-01-03 22:41:00,1.0,0.109,0.0,0.0,22,6,0,1
2021-01-03 22:42:00,2.0,0.195,0.05515432893255071,0.0,22,6,0,1
2021-01-03 22:43:00,2.0,0.124,0.0,0.0,22,6,0,1
2021-01-03 22:44:00,0.0,0.0,0.0,0.0,22,6,0,1
2021-01-03 22:45:00,0.0,0.0,0.0,0.0,22,6,0,1
2021-01-03 22:46:00,1.0,0.109,0.0,0.0,22,6,0,1
2021-01-03 22:47:00,0.0,0.0,0.0,0.0,22,6,0,1
2021-01-03 22:48:00,2.0,0.1245,0.02192031021678298,0.0,22,6,0,1
2021-01-03 22:49:00,1.0,0.109,0.0,0.0,22,6,0,1
2021-01-03 22:50:00,0.0,0.0,0.0,0.0,22,6,0,1
2021-01-03 22:51:00,0.0,0.0,0.0,0.0,22,6,0,1
2021-01-03 22:52:00,3.0,0.131,0.023643180835073774,0.0,22,6,0,1
2021-01-03 22:53:00,0.0,0.0,0.0,0.0,22,6,0,1
2021-01-03 22:54:00,0.0,0.0,0.0,0.0,22,6,0,1
2021-01-03 22:55:00,1.0,0.109,0.0,0.0,22,6,0,1
2021-01-03 22:56:00,3.0,0.16466666666666666,0.0664253967495365,0.0,22,6,0,1
2021-01-03 22:57:00,2.0,0.124,0.0,0.0,22,6,0,1
2021-01-03 22:58:00,1.0,0.125,0.0,0.0,22,6,0,1
2021-01-03 22:59:00,0.0,0.0,0.0,0.0,22,6,0,1
2021-01-03 23:00:00,2.0,0.10300000000000001,0.014142135623730947,0.0,23,6,0,1
2021-01-03 23:01:00,1.0,0.093,0.0,0.0,23,6,0,1
2021-01-03 23:02:00,0.0,0.0,0.0,0.0,23,6,0,1
2021-01-03 23:03:00,1.0,0.543,0.0,0.0,23,6,0,1
2021-01-03 23:04:00,0.0,0.0,0.0,0.0,23,6,0,1
2021-01-03 23:05:00,1.0,0.109,0.0,0.0,23,6,0,1
2021-01-03 23:06:00,1.0,0.155,0.0,0.0,23,6,0,1
2021-01-03 23:07:00,0.0,0.0,0.0,0.0,23,6,0,1
2021-01-03 23:08:00,1.0,0.156,0.0,0.0,23,6,0,1
2021-01-03 23:09:00,0.0,0.0,0.0,0.0,23,6,0,1
2021-01-03 23:10:00,0.0,0.0,0.0,0.0,23,6,0,1
2021-01-03 23:11:00,0.0,0.0,0.0,0.0,23,6,0,1
2021-01-03 23:12:00,0.0,0.0,0.0,0.0,23,6,0,1
2021-01-03 23:13:00,0.0,0.0,0.0,0.0,23,6,0,1
2021-01-03 23:14:00,1.0,0.089,0.0,0.0,23,6,0,1
2021-01-03 23:15:00,2.0,0.1655,0.09687362902255703,0.0,23,6,0,1
2021-01-03 23:16:00,0.0,0.0,0.0,0.0,23,6,0,1
2021-01-03 23:17:00,0.0,0.0,0.0,0.0,23,6,0,1
2021-01-03 23:18:00,0.0,0.0,0.0,0.0,23,6,0,1
2021-01-03 23:19:00,1.0,0.093,0.0,0.0,23,6,0,1
2021-01-03 23:20:00,0.0,0.0,0.0,0.0,23,6,0,1
2021-01-03 23:21:00,1.0,0.125,0.0,0.0,23,6,0,1
2021-01-03 23:22:00,0.0,0.0,0.0,0.0,23,6,0,1
2021-01-03 23:23:00,1.0,0.125,0.0,0.0,23,6,0,1
2021-01-03 23:24:00,0.0,0.0,0.0,0.0,23,6,0,1
2021-01-03 23:25:00,0.0,0.0,0.0,0.0,23,6,0,1
2021-01-03 23:26:00,0.0,0.0,0.0,0.0,23,6,0,1
2021-01-03 23:27:00,1.0,0.125,0.0,0.0,23,6,0,1
2021-01-03 23:28:00,0.0,0.0,0.0,0.0,23,6,0,1
2021-01-03 23:29:00,0.0,0.0,0.0,0.0,23,6,0,1
2021-01-03 23:30:00,0.0,0.0,0.0,0.0,23,6,0,1
2021-01-03 23:31:00,0.0,0.0,0.0,0.0,23,6,0,1
2021-01-03 23:32:00,0.0,0.0,0.0,0.0,23,6,0,1
2021-01-03 23:33:00,1.0,0.109,0.0,0.0,23,6,0,1
2021-01-03 23:34:00,0.0,0.0,0.0,0.0,23,6,0,1
2021-01-03 23:35:00,0.0,0.0,0.0,0.0,23,6,0,1
2021-01-03 23:36:00,0.0,0.0,0.0,0.0,23,6,0,1
2021-01-03 23:37:00,0.0,0.0,0.0,0.0,23,6,0,1
2021-01-03 23:38:00,0.0,0.0,0.0,0.0,23,6,0,1
2021-01-03 23:39:00,0.0,0.0,0.0,0.0,23,6,0,1
2021-01-03 23:40:00,1.0,0.14,0.0,0.0,23,6,0,1
2021-01-03 23:41:00,0.0,0.0,0.0,0.0,23,6,0,1
2021-01-03 23:42:00,0.0,0.0,0.0,0.0,23,6,0,1
2021-01-03 23:43:00,0.0,0.0,0.0,0.0,23,6,0,1
2021-01-03 23:44:00,0.0,0.0,0.0,0.0,23,6,0,1
2021-01-03 23:45:00,0.0,0.0,0.0,0.0,23,6,0,1
2021-01-03 23:46:00,0.0,0.0,0.0,0.0,23,6,0,1
2021-01-03 23:47:00,0.0,0.0,0.0,0.0,23,6,0,1
2021-01-03 23:48:00,0.0,0.0,0.0,0.0,23,6,0,1
2021-01-03 23:49:00,0.0,0.0,0.0,0.0,23,6,0,1
2021-01-03 23:50:00,0.0,0.0,0.0,0.0,23,6,0,1
2021-01-03 23:51:00,0.0,0.0,0.0,0.0,23,6,0,1
2021-01-03 23:52:00,0.0,0.0,0.0,0.0,23,6,0,1
2021-01-03 23:53:00,1.0,0.14,0.0,1.0,23,6,0,1
2021-01-03 23:54:00,0.0,0.0,0.0,0.0,23,6,0,1
2021-01-03 23:55:00,1.0,0.156,0.0,0.0,23,6,0,1
2021-01-03 23:56:00,0.0,0.0,0.0,0.0,23,6,0,1
2021-01-03 23:57:00,0.0,0.0,0.0,0.0,23,6,0,1
2021-01-03 23:58:00,0.0,0.0,0.0,0.0,23,6,0,1
2021-01-03 23:59:00,0.0,0.0,0.0,0.0,23,6,0,1
2021-01-04 00:00:00,1.0,0.109,0.0,0.0,0,0,0,0
2021-01-04 00:01:00,0.0,0.0,0.0,0.0,0,0,0,0
2021-01-04 00:02:00,0.0,0.0,0.0,0.0,0,0,0,0
2021-01-04 00:03:00,0.0,0.0,0.0,0.0,0,0,0,0
2021-01-04 00:04:00,1.0,0.328,0.0,0.0,0,0,0,0
2021-01-04 00:05:00,0.0,0.0,0.0,0.0,0,0,0,0
2021-01-04 00:06:00,0.0,0.0,0.0,0.0,0,0,0,0
2021-01-04 00:07:00,0.0,0.0,0.0,0.0,0,0,0,0
2021-01-04 00:08:00,2.0,0.14800000000000002,0.011313708498984741,0.0,0,0,0,0
2021-01-04 00:09:00,2.0,0.14,0.04384062043356596,0.0,0,0,0,0
2021-01-04 00:10:00,0.0,0.0,0.0,0.0,0,0,0,0
2021-01-04 00:11:00,2.0,0.2105,0.12091525958289961,0.0,0,0,0,0
2021-01-04 00:12:00,0.0,0.0,0.0,0.0,0,0,0,0
2021-01-04 00:13:00,0.0,0.0,0.0,0.0,0,0,0,0
2021-01-04 00:14:00,1.0,0.14,0.0,0.0,0,0,0,0
2021-01-04 00:15:00,0.0,0.0,0.0,0.0,0,0,0,0
2021-01-04 00:16:00,3.0,0.10366666666666667,0.009237604307034008,0.0,0,0,0,0
2021-01-04 00:17:00,2.0,0.11699999999999999,0.011313708498984765,0.0,0,0,0,0
2021-01-04 00:18:00,0.0,0.0,0.0,0.0,0,0,0,0
2021-01-04 00:19:00,0.0,0.0,0.0,0.0,0,0,0,0
2021-01-04 00:20:00,0.0,0.0,0.0,0.0,0,0,0,0
2021-01-04 00:21:00,0.0,0.0,0.0,0.0,0,0,0,0
2021-01-04 00:22:00,2.0,0.1095,0.02333452377915607,0.0,0,0,0,0
2021-01-04 00:23:00,3.0,0.16633333333333333,0.017897858344878403,0.0,0,0,0,0
2021-01-04 00:24:00,1.0,0.203,0.0,0.0,0,0,0,0
2021-01-04 00:25:00,0.0,0.0,0.0,0.0,0,0,0,0
2021-01-04 00:26:00,0.0,0.0,0.0,0.0,0,0,0,0
2021-01-04 00:27:00,0.0,0.0,0.0,0.0,0,0,0,0
2021-01-04 00:28:00,1.0,0.124,0.0,0.0,0,0,0,0
2021-01-04 00:29:00,0.0,0.0,0.0,0.0,0,0,0,0
2021-01-04 00:30:00,1.0,0.132,0.0,0.0,0,0,0,0
2021-01-04 00:31:00,3.0,0.11399999999999999,0.008660254037844387,0.0,0,0,0,0
2021-01-04 00:32:00,0.0,0.0,0.0,0.0,0,0,0,0
2021-01-04 00:33:00,0.0,0.0,0.0,0.0,0,0,0,0
2021-01-04 00:34:00,0.0,0.0,0.0,0.0,0,0,0,0
2021-01-04 00:35:00,1.0,0.124,0.0,0.0,0,0,0,0
2021-01-04 00:36:00,2.0,0.11649999999999999,0.010606601717798217,0.0,0,0,0,0
2021-01-04 00:37:00,1.0,0.109,0.0,0.0,0,0,0,0
2021-01-04 00:38:00,0.0,0.0,0.0,0.0,0,0,0,0
2021-01-04 00:39:00,0.0,0.0,0.0,0.0,0,0,0,0
2021-01-04 00:40:00,2.0,0.11699999999999999,0.011313708498984765,0.0,0,0,0,0
2021-01-04 00:41:00,0.0,0.0,0.0,0.0,0,0,0,0
2021-01-04 00:42:00,1.0,0.109,0.0,0.0,0,0,0,0
2021-01-04 00:43:00,1.0,0.14,0.0,0.0,0,0,0,0
2021-01-04 00:44:00,2.0,0.1285,0.02050609665440987,0.0,0,0,0,0
2021-01-04 00:45:00,1.0,0.109,0.0,0.0,0,0,0,0
2021-01-04 00:46:00,3.0,0.13,0.023895606290697036,0.0,0,0,0,0
2021-01-04 00:47:00,0.0,0.0,0.0,0.0,0,0,0,0
2021-01-04 00:48:00,1.0,0.124,0.0,0.0,0,0,0,0
2021-01-04 00:49:00,0.0,0.0,0.0,0.0,0,0,0,0
2021-01-04 00:50:00,1.0,0.156,0.0,0.0,0,0,0,0
2021-01-04 00:51:00,0.0,0.0,0.0,0.0,0,0,0,0
2021-01-04 00:52:00,0.0,0.0,0.0,0.0,0,0,0,0
2021-01-04 00:53:00,0.0,0.0,0.0,0.0,0,0,0,0
2021-01-04 00:54:00,2.0,0.101,0.011313708498984755,0.0,0,0,0,0
2021-01-04 00:55:00,1.0,0.093,0.0,0.0,0,0,0,0
2021-01-04 00:56:00,0.0,0.0,0.0,0.0,0,0,0,0
2021-01-04 00:57:00,0.0,0.0,0.0,0.0,0,0,0,0
2021-01-04 00:58:00,1.0,0.109,0.0,0.0,0,0,0,0
2021-01-04 00:59:00,1.0,0.125,0.0,0.0,0,0,0,0
2021-01-04 01:00:00,1.0,0.14,0.0,0.0,1,0,0,0
2021-01-04 01:01:00,0.0,0.0,0.0,0.0,1,0,0,0
2021-01-04 01:02:00,1.0,0.12,0.0,0.0,1,0,0,0
2021-01-04 01:03:00,1.0,0.258,0.0,0.0,1,0,0,0
2021-01-04 01:04:00,0.0,0.0,0.0,0.0,1,0,0,0
2021-01-04 01:05:00,0.0,0.0,0.0,0.0,1,0,0,0
2021-01-04 01:06:00,1.0,0.187,0.0,0.0,1,0,0,0
2021-01-04 01:07:00,1.0,0.343,0.0,0.0,1,0,0,0
2021-01-04 01:08:00,1.0,0.109,0.0,0.0,1,0,0,0
2021-01-04 01:09:00,0.0,0.0,0.0,0.0,1,0,0,0
2021-01-04 01:10:00,2.0,0.1085,0.021920310216782972,0.0,1,0,0,0
2021-01-04 01:11:00,0.0,0.0,0.0,0.0,1,0,0,0
2021-01-04 01:12:00,0.0,0.0,0.0,0.0,1,0,0,0
2021-01-04 01:13:00,0.0,0.0,0.0,0.0,1,0,0,0
2021-01-04 01:14:00,0.0,0.0,0.0,0.0,1,0,0,0
2021-01-04 01:15:00,1.0,0.265,0.0,0.0,1,0,0,0
2021-01-04 01:16:00,0.0,0.0,0.0,0.0,1,0,0,0
2021-01-04 01:17:00,0.0,0.0,0.0,0.0,1,0,0,0
2021-01-04 01:18:00,1.0,0.14,0.0,0.0,1,0,0,0
2021-01-04 01:19:00,0.0,0.0,0.0,0.0,1,0,0,0
2021-01-04 01:20:00,0.0,0.0,0.0,0.0,1,0,0,0
2021-01-04 01:21:00,0.0,0.0,0.0,0.0,1,0,0,0
2021-01-04 01:22:00,0.0,0.0,0.0,0.0,1,0,0,0
2021-01-04 01:23:00,2.0,0.1115,0.026162950903902263,0.0,1,0,0,0
2021-01-04 01:24:00,3.0,0.12433333333333334,0.01550268793897799,0.0,1,0,0,0
2021-01-04 01:25:00,0.0,0.0,0.0,0.0,1,0,0,0
2021-01-04 01:26:00,1.0,0.111,0.0,0.0,1,0,0,0
2021-01-04 01:27:00,0.0,0.0,0.0,0.0,1,0,0,0
2021-01-04 01:28:00,0.0,0.0,0.0,0.0,1,0,0,0
2021-01-04 01:29:00,0.0,0.0,0.0,0.0,1,0,0,0
2021-01-04 01:30:00,1.0,0.109,0.0,0.0,1,0,0,0
2021-01-04 01:31:00,0.0,0.0,0.0,0.0,1,0,0,0
2021-01-04 01:32:00,2.0,0.1385,0.041719300090006316,0.0,1,0,0,0
2021-01-04 01:33:00,0.0,0.0,0.0,0.0,1,0,0,0
2021-01-04 01:34:00,1.0,0.14,0.0,0.0,1,0,0,0
2021-01-04 01:35:00,0.0,0.0,0.0,0.0,1,0,0,0
2021-01-04 01:36:00,1.0,0.095,0.0,0.0,1,0,0,0
2021-01-04 01:37:00,0.0,0.0,0.0,0.0,1,0,0,0
2021-01-04 01:38:00,1.0,0.146,0.0,0.0,1,0,0,0
2021-01-04 01:39:00,1.0,0.156,0.0,0.0,1,0,0,0
2021-01-04 01:40:00,2.0,0.1165,0.03323401871576774,0.0,1,0,0,0
2021-01-04 01:41:00,0.0,0.0,0.0,0.0,1,0,0,0
2021-01-04 01:42:00,1.0,0.167,0.0,0.0,1,0,0,0
2021-01-04 01:43:00,1.0,0.109,0.0,0.0,1,0,0,0
2021-01-04 01:44:00,1.0,0.093,0.0,0.0,1,0,0,0
2021-01-04 01:45:00,0.0,0.0,0.0,0.0,1,0,0,0
2021-01-04 01:46:00,1.0,0.093,0.0,0.0,1,0,0,0
2021-01-04 01:47:00,0.0,0.0,0.0,0.0,1,0,0,0
2021-01-04 01:48:00,0.0,0.0,0.0,0.0,1,0,0,0
2021-01-04 01:49:00,0.0,0.0,0.0,0.0,1,0,0,0
2021-01-04 01:50:00,0.0,0.0,0.0,0.0,1,0,0,0
2021-01-04 01:51:00,1.0,0.093,0.0,0.0,1,0,0,0
2021-01-04 01:52:00,1.0,0.093,0.0,0.0,1,0,0,0
2021-01-04 01:53:00,0.0,0.0,0.0,0.0,1,0,0,0
2021-01-04 01:54:00,0.0,0.0,0.0,0.0,1,0,0,0
2021-01-04 01:55:00,0.0,0.0,0.0,0.0,1,0,0,0
2021-01-04 01:56:00,1.0,0.109,0.0,0.0,1,0,0,0
2021-01-04 01:57:00,1.0,0.218,0.0,0.0,1,0,0,0
2021-01-04 01:58:00,0.0,0.0,0.0,0.0,1,0,0,0
2021-01-04 01:59:00,0.0,0.0,0.0,0.0,1,0,0,0
2021-01-04 02:00:00,0.0,0.0,0.0,0.0,2,0,0,0
2021-01-04 02:01:00,0.0,0.0,0.0,0.0,2,0,0,0
2021-01-04 02:02:00,1.0,0.171,0.0,0.0,2,0,0,0
2021-01-04 02:03:00,0.0,0.0,0.0,0.0,2,0,0,0
2021-01-04 02:04:00,0.0,0.0,0.0,0.0,2,0,0,0
2021-01-04 02:05:00,1.0,0.202,0.0,0.0,2,0,0,0
2021-01-04 02:06:00,0.0,0.0,0.0,0.0,2,0,0,0
2021-01-04 02:07:00,0.0,0.0,0.0,0.0,2,0,0,0
2021-01-04 02:08:00,0.0,0.0,0.0,0.0,2,0,0,0
2021-01-04 02:09:00,0.0,0.0,0.0,0.0,2,0,0,0
2021-01-04 02:10:00,0.0,0.0,0.0,0.0,2,0,0,0
2021-01-04 02:11:00,0.0,0.0,0.0,0.0,2,0,0,0
2021-01-04 02:12:00,0.0,0.0,0.0,0.0,2,0,0,0
2021-01-04 02:13:00,1.0,0.093,0.0,0.0,2,0,0,0
2021-01-04 02:14:00,0.0,0.0,0.0,0.0,2,0,0,0
2021-01-04 02:15:00,0.0,0.0,0.0,0.0,2,0,0,0
2021-01-04 02:16:00,1.0,0.156,0.0,0.0,2,0,0,0
2021-01-04 02:17:00,0.0,0.0,0.0,0.0,2,0,0,0
2021-01-04 02:18:00,1.0,0.156,0.0,0.0,2,0,0,0
2021-01-04 02:19:00,0.0,0.0,0.0,0.0,2,0,0,0
2021-01-04 02:20:00,0.0,0.0,0.0,0.0,2,0,0,0
2021-01-04 02:21:00,0.0,0.0,0.0,0.0,2,0,0,0
2021-01-04 02:22:00,0.0,0.0,0.0,0.0,2,0,0,0
2021-01-04 02:23:00,0.0,0.0,0.0,0.0,2,0,0,0
2021-01-04 02:24:00,1.0,0.093,0.0,0.0,2,0,0,0
2021-01-04 02:25:00,1.0,0.109,0.0,0.0,2,0,0,0
2021-01-04 02:26:00,0.0,0.0,0.0,0.0,2,0,0,0
2021-01-04 02:27:00,1.0,0.156,0.0,0.0,2,0,0,0
2021-01-04 02:28:00,1.0,0.093,0.0,0.0,2,0,0,0
2021-01-04 02:29:00,0.0,0.0,0.0,0.0,2,0,0,0
2021-01-04 02:30:00,1.0,0.109,0.0,0.0,2,0,0,0
2021-01-04 02:31:00,1.0,0.11,0.0,0.0,2,0,0,0
2021-01-04 02:32:00,1.0,0.156,0.0,0.0,2,0,0,0
2021-01-04 02:33:00,0.0,0.0,0.0,0.0,2,0,0,0
2021-01-04 02:34:00,1.0,0.14,0.0,0.0,2,0,0,0
2021-01-04 02:35:00,0.0,0.0,0.0,0.0,2,0,0,0
2021-01-04 02:36:00,0.0,0.0,0.0,0.0,2,0,0,0
2021-01-04 02:37:00,0.0,0.0,0.0,0.0,2,0,0,0
2021-01-04 02:38:00,1.0,0.122,0.0,0.0,2,0,0,0
2021-01-04 02:39:00,0.0,0.0,0.0,0.0,2,0,0,0
2021-01-04 02:40:00,1.0,0.078,0.0,0.0,2,0,0,0
2021-01-04 02:41:00,0.0,0.0,0.0,0.0,2,0,0,0
2021-01-04 02:42:00,0.0,0.0,0.0,0.0,2,0,0,0
2021-01-04 02:43:00,0.0,0.0,0.0,0.0,2,0,0,0
2021-01-04 02:44:00,0.0,0.0,0.0,0.0,2,0,0,0
2021-01-04 02:45:00,0.0,0.0,0.0,0.0,2,0,0,0
2021-01-04 02:46:00,1.0,0.093,0.0,0.0,2,0,0,0
2021-01-04 02:47:00,0.0,0.0,0.0,0.0,2,0,0,0
2021-01-04 02:48:00,1.0,0.078,0.0,0.0,2,0,0,0
2021-01-04 02:49:00,0.0,0.0,0.0,0.0,2,0,0,0
2021-01-04 02:50:00,1.0,0.125,0.0,0.0,2,0,0,0
2021-01-04 02:51:00,0.0,0.0,0.0,0.0,2,0,0,0
2021-01-04 02:52:00,0.0,0.0,0.0,0.0,2,0,0,0
2021-01-04 02:53:00,0.0,0.0,0.0,0.0,2,0,0,0
2021-01-04 02:54:00,0.0,0.0,0.0,0.0,2,0,0,0
2021-01-04 02:55:00,0.0,0.0,0.0,0.0,2,0,0,0
2021-01-04 02:56:00,1.0,0.094,0.0,0.0,2,0,0,0
2021-01-04 02:57:00,0.0,0.0,0.0,0.0,2,0,0,0
2021-01-04 02:58:00,0.0,0.0,0.0,0.0,2,0,0,0
2021-01-04 02:59:00,0.0,0.0,0.0,0.0,2,0,0,0
2021-01-04 03:00:00,3.0,0.17266666666666666,0.06451614784945962,0.0,3,0,0,0
2021-01-04 03:01:00,0.0,0.0,0.0,0.0,3,0,0,0
2021-01-04 03:02:00,1.0,0.109,0.0,0.0,3,0,0,0
2021-01-04 03:03:00,1.0,0.093,0.0,0.0,3,0,0,0
2021-01-04 03:04:00,1.0,0.078,0.0,0.0,3,0,0,0
2021-01-04 03:05:00,1.0,0.109,0.0,0.0,3,0,0,0
2021-01-04 03:06:00,1.0,0.171,0.0,0.0,3,0,0,0
2021-01-04 03:07:00,0.0,0.0,0.0,0.0,3,0,0,0
2021-01-04 03:08:00,1.0,0.093,0.0,0.0,3,0,0,0
2021-01-04 03:09:00,2.0,0.11649999999999999,0.010606601717798217,0.0,3,0,0,0
2021-01-04 03:10:00,0.0,0.0,0.0,0.0,3,0,0,0
2021-01-04 03:11:00,1.0,0.14,0.0,0.0,3,0,0,0
2021-01-04 03:12:00,2.0,0.101,0.011313708498984765,0.0,3,0,0,0
2021-01-04 03:13:00,1.0,0.078,0.0,0.0,3,0,0,0
2021-01-04 03:14:00,0.0,0.0,0.0,0.0,3,0,0,0
2021-01-04 03:15:00,2.0,0.148,0.09899494936611665,0.0,3,0,0,0
2021-01-04 03:16:00,1.0,0.109,0.0,0.0,3,0,0,0
2021-01-04 03:17:00,2.0,0.132,0.01131370849898477,0.0,3,0,0,0
2021-01-04 03:18:00,1.0,0.078,0.0,0.0,3,0,0,0
2021-01-04 03:19:00,0.0,0.0,0.0,0.0,3,0,0,0
2021-01-04 03:20:00,0.0,0.0,0.0,0.0,3,0,0,0
2021-01-04 03:21:00,1.0,0.421,0.0,0.0,3,0,0,0
2021-01-04 03:22:00,3.0,0.10733333333333334,0.013576941236277533,0.0,3,0,0,0
2021-01-04 03:23:00,3.0,0.4583333333333333,0.5800830400324881,0.0,3,0,0,0
2021-01-04 03:24:00,2.0,0.121,0.0056568542494923706,0.0,3,0,0,0
2021-01-04 03:25:00,2.0,0.08549999999999999,0.010606601717798208,0.0,3,0,0,0
2021-01-04 03:26:00,1.0,0.124,0.0,0.0,3,0,0,0
2021-01-04 03:27:00,0.0,0.0,0.0,0.0,3,0,0,0
2021-01-04 03:28:00,0.0,0.0,0.0,0.0,3,0,0,0
2021-01-04 03:29:00,1.0,0.118,0.0,0.0,3,0,0,0
2021-01-04 03:30:00,0.0,0.0,0.0,0.0,3,0,0,0
2021-01-04 03:31:00,0.0,0.0,0.0,0.0,3,0,0,0
2021-01-04 03:32:00,0.0,0.0,0.0,0.0,3,0,0,0
2021-01-04 03:33:00,0.0,0.0,0.0,0.0,3,0,0,0
2021-01-04 03:34:00,0.0,0.0,0.0,0.0,3,0,0,0
2021-01-04 03:35:00,1.0,0.093,0.0,0.0,3,0,0,0
2021-01-04 03:36:00,0.0,0.0,0.0,0.0,3,0,0,0
2021-01-04 03:37:00,0.0,0.0,0.0,0.0,3,0,0,0
2021-01-04 03:38:00,1.0,0.125,0.0,0.0,3,0,0,0
2021-01-04 03:39:00,1.0,0.093,0.0,0.0,3,0,0,0
2021-01-04 03:40:00,0.0,0.0,0.0,0.0,3,0,0,0
2021-01-04 03:41:00,1.0,0.125,0.0,0.0,3,0,0,0
2021-01-04 03:42:00,0.0,0.0,0.0,0.0,3,0,0,0
2021-01-04 03:43:00,1.0,0.071,0.0,0.0,3,0,0,0
2021-01-04 03:44:00,1.0,0.093,0.0,0.0,3,0,0,0
2021-01-04 03:45:00,1.0,0.093,0.0,0.0,3,0,0,0
2021-01-04 03:46:00,0.0,0.0,0.0,0.0,3,0,0,0
2021-01-04 03:47:00,0.0,0.0,0.0,0.0,3,0,0,0
2021-01-04 03:48:00,0.0,0.0,0.0,0.0,3,0,0,0
2021-01-04 03:49:00,0.0,0.0,0.0,0.0,3,0,0,0
2021-01-04 03:50:00,0.0,0.0,0.0,0.0,3,0,0,0
2021-01-04 03:51:00,1.0,0.078,0.0,0.0,3,0,0,0
2021-01-04 03:52:00,0.0,0.0,0.0,0.0,3,0,0,0
2021-01-04 03:53:00,0.0,0.0,0.0,0.0,3,0,0,0
2021-01-04 03:54:00,0.0,0.0,0.0,0.0,3,0,0,0
2021-01-04 03:55:00,1.0,0.093,0.0,0.0,3,0,0,0
2021-01-04 03:56:00,1.0,0.124,0.0,0.0,3,0,0,0
2021-01-04 03:57:00,1.0,0.106,0.0,0.0,3,0,0,0
2021-01-04 03:58:00,0.0,0.0,0.0,0.0,3,0,0,0
2021-01-04 03:59:00,2.0,0.107,0.025455844122715714,0.0,3,0,0,0
2021-01-04 04:00:00,0.0,0.0,0.0,0.0,4,0,0,0
2021-01-04 04:01:00,2.0,0.093,0.0,0.0,4,0,0,0
2021-01-04 04:02:00,0.0,0.0,0.0,0.0,4,0,0,0
2021-01-04 04:03:00,0.0,0.0,0.0,0.0,4,0,0,0
2021-01-04 04:04:00,0.0,0.0,0.0,0.0,4,0,0,0
2021-01-04 04:05:00,0.0,0.0,0.0,0.0,4,0,0,0
2021-01-04 04:06:00,0.0,0.0,0.0,0.0,4,0,0,0
2021-01-04 04:07:00,0.0,0.0,0.0,0.0,4,0,0,0
2021-01-04 04:08:00,1.0,0.093,0.0,0.0,4,0,0,0
2021-01-04 04:09:00,0.0,0.0,0.0,0.0,4,0,0,0
2021-01-04 04:10:00,0.0,0.0,0.0,0.0,4,0,0,0
2021-01-04 04:11:00,1.0,0.078,0.0,0.0,4,0,0,0
2021-01-04 04:12:00,0.0,0.0,0.0,0.0,4,0,0,0
2021-01-04 04:13:00,1.0,0.093,0.0,0.0,4,0,0,0
2021-01-04 04:14:00,0.0,0.0,0.0,0.0,4,0,0,0
2021-01-04 04:15:00,1.0,0.109,0.0,0.0,4,0,0,0
2021-01-04 04:16:00,1.0,0.093,0.0,0.0,4,0,0,0
2021-01-04 04:17:00,1.0,0.143,0.0,0.0,4,0,0,0
2021-01-04 04:18:00,0.0,0.0,0.0,0.0,4,0,0,0
2021-01-04 04:19:00,1.0,0.109,0.0,0.0,4,0,0,0
2021-01-04 04:20:00,2.0,0.093,0.0,0.0,4,0,0,0
2021-01-04 04:21:00,1.0,0.093,0.0,0.0,4,0,0,0
2021-01-04 04:22:00,1.0,0.093,0.0,0.0,4,0,0,0
2021-01-04 04:23:00,2.0,0.08549999999999999,0.010606601717798208,0.0,4,0,0,0
2021-01-04 04:24:00,0.0,0.0,0.0,0.0,4,0,0,0
2021-01-04 04:25:00,1.0,0.078,0.0,0.0,4,0,0,0
2021-01-04 04:26:00,0.0,0.0,0.0,0.0,4,0,0,0
2021-01-04 04:27:00,1.0,0.109,0.0,0.0,4,0,0,0
2021-01-04 04:28:00,0.0,0.0,0.0,0.0,4,0,0,0
2021-01-04 04:29:00,1.0,0.078,0.0,0.0,4,0,0,0
2021-01-04 04:30:00,0.0,0.0,0.0,0.0,4,0,0,0
2021-01-04 04:31:00,0.0,0.0,0.0,0.0,4,0,0,0
2021-01-04 04:32:00,0.0,0.0,0.0,0.0,4,0,0,0
2021-01-04 04:33:00,0.0,0.0,0.0,0.0,4,0,0,0
2021-01-04 04:34:00,0.0,0.0,0.0,0.0,4,0,0,0
2021-01-04 04:35:00,0.0,0.0,0.0,0.0,4,0,0,0
2021-01-04 04:36:00,2.0,0.101,0.011313708498984755,0.0,4,0,0,0
2021-01-04 04:37:00,1.0,0.093,0.0,0.0,4,0,0,0
2021-01-04 04:38:00,1.0,0.109,0.0,0.0,4,0,0,0
2021-01-04 04:39:00,2.0,0.109,0.0,0.0,4,0,0,0
2021-01-04 04:40:00,2.0,0.101,0.011313708498984765,0.0,4,0,0,0
2021-01-04 04:41:00,0.0,0.0,0.0,0.0,4,0,0,0
2021-01-04 04:42:00,0.0,0.0,0.0,0.0,4,0,0,0
2021-01-04 04:43:00,1.0,0.078,0.0,0.0,4,0,0,0
2021-01-04 04:44:00,2.0,0.08549999999999999,0.010606601717798208,0.0,4,0,0,0
2021-01-04 04:45:00,0.0,0.0,0.0,0.0,4,0,0,0
2021-01-04 04:46:00,4.0,0.15575,0.09440824469645999,0.0,4,0,0,0
2021-01-04 04:47:00,0.0,0.0,0.0,0.0,4,0,0,0
2021-01-04 04:48:00,2.0,0.1245,0.06576093065034892,0.0,4,0,0,0
2021-01-04 04:49:00,0.0,0.0,0.0,0.0,4,0,0,0
2021-01-04 04:50:00,0.0,0.0,0.0,0.0,4,0,0,0
2021-01-04 04:51:00,1.0,0.093,0.0,0.0,4,0,0,0
2021-01-04 04:52:00,0.0,0.0,0.0,0.0,4,0,0,0
2021-01-04 04:53:00,0.0,0.0,0.0,0.0,4,0,0,0
2021-01-04 04:54:00,0.0,0.0,0.0,0.0,4,0,0,0
2021-01-04 04:55:00,0.0,0.0,0.0,0.0,4,0,0,0
2021-01-04 04:56:00,0.0,0.0,0.0,0.0,4,0,0,0
2021-01-04 04:57:00,0.0,0.0,0.0,0.0,4,0,0,0
2021-01-04 04:58:00,2.0,0.1905,0.15909902576697318,0.0,4,0,0,0
2021-01-04 04:59:00,0.0,0.0,0.0,0.0,4,0,0,0
2021-01-04 05:00:00,2.0,0.08549999999999999,0.010606601717798208,0.0,5,0,0,0
2021-01-04 05:01:00,0.0,0.0,0.0,0.0,5,0,0,0
2021-01-04 05:02:00,0.0,0.0,0.0,0.0,5,0,0,0
2021-01-04 05:03:00,2.0,0.079,0.0014142135623730963,0.0,5,0,0,0
2021-01-04 05:04:00,1.0,0.093,0.0,0.0,5,0,0,0
2021-01-04 05:05:00,0.0,0.0,0.0,0.0,5,0,0,0
2021-01-04 05:06:00,0.0,0.0,0.0,0.0,5,0,0,0
2021-01-04 05:07:00,0.0,0.0,0.0,0.0,5,0,0,0
2021-01-04 05:08:00,0.0,0.0,0.0,0.0,5,0,0,0
2021-01-04 05:09:00,0.0,0.0,0.0,0.0,5,0,0,0
2021-01-04 05:10:00,0.0,0.0,0.0,0.0,5,0,0,0
2021-01-04 05:11:00,0.0,0.0,0.0,0.0,5,0,0,0
2021-01-04 05:12:00,1.0,0.093,0.0,0.0,5,0,0,0
2021-01-04 05:13:00,0.0,0.0,0.0,0.0,5,0,0,0
2021-01-04 05:14:00,0.0,0.0,0.0,0.0,5,0,0,0
2021-01-04 05:15:00,0.0,0.0,0.0,0.0,5,0,0,0
2021-01-04 05:16:00,0.0,0.0,0.0,0.0,5,0,0,0
2021-01-04 05:17:00,1.0,0.14,0.0,0.0,5,0,0,0
2021-01-04 05:18:00,0.0,0.0,0.0,0.0,5,0,0,0
2021-01-04 05:19:00,0.0,0.0,0.0,0.0,5,0,0,0
2021-01-04 05:20:00,1.0,0.156,0.0,0.0,5,0,0,0
2021-01-04 05:21:00,2.0,0.34199999999999997,0.3620386719675123,0.0,5,0,0,0
2021-01-04 05:22:00,1.0,0.108,0.0,0.0,5,0,0,0
2021-01-04 05:23:00,0.0,0.0,0.0,0.0,5,0,0,0
2021-01-04 05:24:00,1.0,0.078,0.0,0.0,5,0,0,0
2021-01-04 05:25:00,1.0,0.171,0.0,0.0,5,0,0,0
2021-01-04 05:26:00,0.0,0.0,0.0,0.0,5,0,0,0
2021-01-04 05:27:00,1.0,0.109,0.0,0.0,5,0,0,0
2021-01-04 05:28:00,0.0,0.0,0.0,0.0,5,0,0,0
2021-01-04 05:29:00,1.0,0.093,0.0,0.0,5,0,0,0
2021-01-04 05:30:00,0.0,0.0,0.0,0.0,5,0,0,0
2021-01-04 05:31:00,1.0,0.125,0.0,0.0,5,0,0,0
2021-01-04 05:32:00,0.0,0.0,0.0,0.0,5,0,0,0
2021-01-04 05:33:00,0.0,0.0,0.0,0.0,5,0,0,0
2021-01-04 05:34:00,1.0,0.343,0.0,0.0,5,0,0,0
2021-01-04 05:35:00,0.0,0.0,0.0,0.0,5,0,0,0
2021-01-04 05:36:00,1.0,0.1,0.0,0.0,5,0,0,0
2021-01-04 05:37:00,0.0,0.0,0.0,0.0,5,0,0,0
2021-01-04 05:38:00,0.0,0.0,0.0,0.0,5,0,0,0
2021-01-04 05:39:00,0.0,0.0,0.0,0.0,5,0,0,0
2021-01-04 05:40:00,0.0,0.0,0.0,0.0,5,0,0,0
2021-01-04 05:41:00,1.0,0.076,0.0,0.0,5,0,0,0
2021-01-04 05:42:00,0.0,0.0,0.0,0.0,5,0,0,0
2021-01-04 05:43:00,0.0,0.0,0.0,0.0,5,0,0,0
2021-01-04 05:44:00,1.0,0.109,0.0,0.0,5,0,0,0
2021-01-04 05:45:00,0.0,0.0,0.0,0.0,5,0,0,0
2021-01-04 05:46:00,0.0,0.0,0.0,0.0,5,0,0,0
2021-01-04 05:47:00,0.0,0.0,0.0,0.0,5,0,0,0
2021-01-04 05:48:00,0.0,0.0,0.0,0.0,5,0,0,0
2021-01-04 05:49:00,0.0,0.0,0.0,0.0,5,0,0,0
2021-01-04 05:50:00,3.0,0.10366666666666667,0.032347076117221686,0.0,5,0,0,0
2021-01-04 05:51:00,0.0,0.0,0.0,0.0,5,0,0,0
2021-01-04 05:52:00,1.0,0.093,0.0,0.0,5,0,0,0
2021-01-04 05:53:00,1.0,0.125,0.0,0.0,5,0,0,0
2021-01-04 05:54:00,1.0,0.093,0.0,0.0,5,0,0,0
2021-01-04 05:55:00,2.0,0.093,0.0,0.0,5,0,0,0
2021-01-04 05:56:00,1.0,0.126,0.0,0.0,5,0,0,0
2021-01-04 05:57:00,2.0,0.16549999999999998,0.03040559159102156,0.0,5,0,0,0
2021-01-04 05:58:00,1.0,0.093,0.0,0.0,5,0,0,0
2021-01-04 05:59:00,1.0,0.078,0.0,0.0,5,0,0,0
2021-01-04 06:00:00,1.0,0.093,0.0,0.0,6,0,0,0
2021-01-04 06:01:00,1.0,0.109,0.0,0.0,6,0,0,0
2021-01-04 06:02:00,0.0,0.0,0.0,0.0,6,0,0,0
2021-01-04 06:03:00,0.0,0.0,0.0,0.0,6,0,0,0
2021-01-04 06:04:00,1.0,0.078,0.0,0.0,6,0,0,0
2021-01-04 06:05:00,1.0,0.125,0.0,0.0,6,0,0,0
2021-01-04 06:06:00,0.0,0.0,0.0,0.0,6,0,0,0
2021-01-04 06:07:00,0.0,0.0,0.0,0.0,6,0,0,0
2021-01-04 06:08:00,0.0,0.0,0.0,0.0,6,0,0,0
2021-01-04 06:09:00,0.0,0.0,0.0,0.0,6,0,0,0
2021-01-04 06:10:00,0.0,0.0,0.0,0.0,6,0,0,0
2021-01-04 06:11:00,1.0,0.093,0.0,0.0,6,0,0,0
2021-01-04 06:12:00,0.0,0.0,0.0,0.0,6,0,0,0
2021-01-04 06:13:00,1.0,0.109,0.0,0.0,6,0,0,0
2021-01-04 06:14:00,0.0,0.0,0.0,0.0,6,0,0,0
2021-01-04 06:15:00,1.0,0.125,0.0,0.0,6,0,0,0
2021-01-04 06:16:00,1.0,0.093,0.0,0.0,6,0,0,0
2021-01-04 06:17:00,0.0,0.0,0.0,0.0,6,0,0,0
2021-01-04 06:18:00,0.0,0.0,0.0,0.0,6,0,0,0
2021-01-04 06:19:00,0.0,0.0,0.0,0.0,6,0,0,0
2021-01-04 06:20:00,0.0,0.0,0.0,0.0,6,0,0,0
2021-01-04 06:21:00,2.0,0.109,0.0,0.0,6,0,0,0
2021-01-04 06:22:00,0.0,0.0,0.0,0.0,6,0,0,0
2021-01-04 06:23:00,1.0,0.109,0.0,0.0,6,0,0,0
2021-01-04 06:24:00,0.0,0.0,0.0,0.0,6,0,0,0
2021-01-04 06:25:00,0.0,0.0,0.0,0.0,6,0,0,0
2021-01-04 06:26:00,0.0,0.0,0.0,0.0,6,0,0,0
2021-01-04 06:27:00,1.0,0.078,0.0,0.0,6,0,0,0
2021-01-04 06:28:00,0.0,0.0,0.0,0.0,6,0,0,0
2021-01-04 06:29:00,1.0,0.071,0.0,0.0,6,0,0,0
2021-01-04 06:30:00,0.0,0.0,0.0,0.0,6,0,0,0
2021-01-04 06:31:00,0.0,0.0,0.0,0.0,6,0,0,0
2021-01-04 06:32:00,1.0,0.127,0.0,0.0,6,0,0,0
2021-01-04 06:33:00,0.0,0.0,0.0,0.0,6,0,0,0
2021-01-04 06:34:00,0.0,0.0,0.0,0.0,6,0,0,0
2021-01-04 06:35:00,1.0,0.093,0.0,0.0,6,0,0,0
2021-01-04 06:36:00,0.0,0.0,0.0,0.0,6,0,0,0
2021-01-04 06:37:00,0.0,0.0,0.0,0.0,6,0,0,0
2021-01-04 06:38:00,1.0,0.093,0.0,0.0,6,0,0,0
2021-01-04 06:39:00,0.0,0.0,0.0,0.0,6,0,0,0
2021-01-04 06:40:00,0.0,0.0,0.0,0.0,6,0,0,0
2021-01-04 06:41:00,0.0,0.0,0.0,0.0,6,0,0,0
2021-01-04 06:42:00,0.0,0.0,0.0,0.0,6,0,0,0
2021-01-04 06:43:00,0.0,0.0,0.0,0.0,6,0,0,0
2021-01-04 06:44:00,0.0,0.0,0.0,0.0,6,0,0,0
2021-01-04 06:45:00,0.0,0.0,0.0,0.0,6,0,0,0
2021-01-04 06:46:00,0.0,0.0,0.0,0.0,6,0,0,0
2021-01-04 06:47:00,0.0,0.0,0.0,0.0,6,0,0,0
2021-01-04 06:48:00,0.0,0.0,0.0,0.0,6,0,0,0
2021-01-04 06:49:00,0.0,0.0,0.0,0.0,6,0,0,0
2021-01-04 06:50:00,1.0,0.171,0.0,1.0,6,0,0,0
2021-01-04 06:51:00,0.0,0.0,0.0,0.0,6,0,0,0
2021-01-04 06:52:00,0.0,0.0,0.0,0.0,6,0,0,0
2021-01-04 06:53:00,0.0,0.0,0.0,0.0,6,0,0,0
2021-01-04 06:54:00,1.0,0.123,0.0,0.0,6,0,0,0
2021-01-04 06:55:00,0.0,0.0,0.0,0.0,6,0,0,0
2021-01-04 06:56:00,1.0,0.109,0.0,0.0,6,0,0,0
2021-01-04 06:57:00,1.0,0.093,0.0,0.0,6,0,0,0
2021-01-04 06:58:00,0.0,0.0,0.0,0.0,6,0,0,0
2021-01-04 06:59:00,0.0,0.0,0.0,0.0,6,0,0,0
2021-01-04 07:00:00,0.0,0.0,0.0,0.0,7,0,0,0
2021-01-04 07:01:00,0.0,0.0,0.0,0.0,7,0,0,0
2021-01-04 07:02:00,0.0,0.0,0.0,0.0,7,0,0,0
2021-01-04 07:03:00,1.0,0.18,0.0,0.0,7,0,0,0
2021-01-04 07:04:00,0.0,0.0,0.0,0.0,7,0,0,0
2021-01-04 07:05:00,0.0,0.0,0.0,0.0,7,0,0,0
2021-01-04 07:06:00,0.0,0.0,0.0,0.0,7,0,0,0
2021-01-04 07:07:00,0.0,0.0,0.0,0.0,7,0,0,0
2021-01-04 07:08:00,1.0,0.125,0.0,0.0,7,0,0,0
2021-01-04 07:09:00,0.0,0.0,0.0,0.0,7,0,0,0
2021-01-04 07:10:00,0.0,0.0,0.0,0.0,7,0,0,0
2021-01-04 07:11:00,0.0,0.0,0.0,0.0,7,0,0,0
2021-01-04 07:12:00,1.0,0.109,0.0,0.0,7,0,0,0
2021-01-04 07:13:00,0.0,0.0,0.0,0.0,7,0,0,0
2021-01-04 07:14:00,0.0,0.0,0.0,0.0,7,0,0,0
2021-01-04 07:15:00,0.0,0.0,0.0,0.0,7,0,0,0
2021-01-04 07:16:00,0.0,0.0,0.0,0.0,7,0,0,0
2021-01-04 07:17:00,0.0,0.0,0.0,0.0,7,0,0,0
2021-01-04 07:18:00,0.0,0.0,0.0,0.0,7,0,0,0
2021-01-04 07:19:00,0.0,0.0,0.0,0.0,7,0,0,0
2021-01-04 07:20:00,1.0,0.106,0.0,0.0,7,0,0,0
2021-01-04 07:21:00,0.0,0.0,0.0,0.0,7,0,0,0
2021-01-04 07:22:00,0.0,0.0,0.0,0.0,7,0,0,0
2021-01-04 07:23:00,1.0,0.14,0.0,0.0,7,0,0,0
2021-01-04 07:24:00,1.0,0.109,0.0,0.0,7,0,0,0
2021-01-04 07:25:00,1.0,0.093,0.0,0.0,7,0,0,0
2021-01-04 07:26:00,1.0,0.109,0.0,0.0,7,0,0,0
2021-01-04 07:27:00,0.0,0.0,0.0,0.0,7,0,0,0
2021-01-04 07:28:00,0.0,0.0,0.0,0.0,7,0,0,0
2021-01-04 07:29:00,0.0,0.0,0.0,0.0,7,0,0,0
2021-01-04 07:30:00,0.0,0.0,0.0,0.0,7,0,0,0
2021-01-04 07:31:00,0.0,0.0,0.0,0.0,7,0,0,0
2021-01-04 07:32:00,0.0,0.0,0.0,0.0,7,0,0,0
2021-01-04 07:33:00,0.0,0.0,0.0,0.0,7,0,0,0
2021-01-04 07:34:00,0.0,0.0,0.0,0.0,7,0,0,0
2021-01-04 07:35:00,0.0,0.0,0.0,0.0,7,0,0,0
2021-01-04 07:36:00,0.0,0.0,0.0,0.0,7,0,0,0
2021-01-04 07:37:00,0.0,0.0,0.0,0.0,7,0,0,0
2021-01-04 07:38:00,0.0,0.0,0.0,0.0,7,0,0,0
2021-01-04 07:39:00,0.0,0.0,0.0,0.0,7,0,0,0
2021-01-04 07:40:00,0.0,0.0,0.0,0.0,7,0,0,0
2021-01-04 07:41:00,0.0,0.0,0.0,0.0,7,0,0,0
2021-01-04 07:42:00,0.0,0.0,0.0,0.0,7,0,0,0
2021-01-04 07:43:00,1.0,0.346,0.0,1.0,7,0,0,0
2021-01-04 07:44:00,0.0,0.0,0.0,0.0,7,0,0,0
2021-01-04 07:45:00,0.0,0.0,0.0,0.0,7,0,0,0
2021-01-04 07:46:00,0.0,0.0,0.0,0.0,7,0,0,0
2021-01-04 07:47:00,0.0,0.0,0.0,0.0,7,0,0,0
2021-01-04 07:48:00,0.0,0.0,0.0,0.0,7,0,0,0
2021-01-04 07:49:00,0.0,0.0,0.0,0.0,7,0,0,0
2021-01-04 07:50:00,0.0,0.0,0.0,0.0,7,0,0,0
2021-01-04 07:51:00,0.0,0.0,0.0,0.0,7,0,0,0
2021-01-04 07:52:00,0.0,0.0,0.0,0.0,7,0,0,0
2021-01-04 07:53:00,0.0,0.0,0.0,0.0,7,0,0,0
2021-01-04 07:54:00,0.0,0.0,0.0,0.0,7,0,0,0
2021-01-04 07:55:00,0.0,0.0,0.0,0.0,7,0,0,0
2021-01-04 07:56:00,0.0,0.0,0.0,0.0,7,0,0,0
2021-01-04 07:57:00,0.0,0.0,0.0,0.0,7,0,0,0
2021-01-04 07:58:00,0.0,0.0,0.0,0.0,7,0,0,0
2021-01-04 07:59:00,0.0,0.0,0.0,0.0,7,0,0,0
2021-01-04 08:00:00,0.0,0.0,0.0,0.0,8,0,0,0
2021-01-04 08:01:00,0.0,0.0,0.0,0.0,8,0,0,0
2021-01-04 08:02:00,1.0,0.098,0.0,1.0,8,0,0,0
2021-01-04 08:03:00,0.0,0.0,0.0,0.0,8,0,0,0
2021-01-04 08:04:00,0.0,0.0,0.0,0.0,8,0,0,0
2021-01-04 08:05:00,0.0,0.0,0.0,0.0,8,0,0,0
2021-01-04 08:06:00,0.0,0.0,0.0,0.0,8,0,0,0
2021-01-04 08:07:00,0.0,0.0,0.0,0.0,8,0,0,0
2021-01-04 08:08:00,1.0,0.078,0.0,0.0,8,0,0,0
2021-01-04 08:09:00,0.0,0.0,0.0,0.0,8,0,0,0
2021-01-04 08:10:00,0.0,0.0,0.0,0.0,8,0,0,0
2021-01-04 08:11:00,0.0,0.0,0.0,0.0,8,0,0,0
2021-01-04 08:12:00,0.0,0.0,0.0,0.0,8,0,0,0
2021-01-04 08:13:00,0.0,0.0,0.0,0.0,8,0,0,0
2021-01-04 08:14:00,0.0,0.0,0.0,0.0,8,0,0,0
2021-01-04 08:15:00,1.0,0.093,0.0,0.0,8,0,0,0
2021-01-04 08:16:00,1.0,0.171,0.0,0.0,8,0,0,0
2021-01-04 08:17:00,1.0,0.078,0.0,0.0,8,0,0,0
2021-01-04 08:18:00,0.0,0.0,0.0,0.0,8,0,0,0
2021-01-04 08:19:00,0.0,0.0,0.0,0.0,8,0,0,0
2021-01-04 08:20:00,0.0,0.0,0.0,0.0,8,0,0,0
2021-01-04 08:21:00,0.0,0.0,0.0,0.0,8,0,0,0
2021-01-04 08:22:00,0.0,0.0,0.0,0.0,8,0,0,0
2021-01-04 08:23:00,0.0,0.0,0.0,0.0,8,0,0,0
2021-01-04 08:24:00,0.0,0.0,0.0,0.0,8,0,0,0
2021-01-04 08:25:00,0.0,0.0,0.0,0.0,8,0,0,0
2021-01-04 08:26:00,0.0,0.0,0.0,0.0,8,0,0,0
2021-01-04 08:27:00,0.0,0.0,0.0,0.0,8,0,0,0
2021-01-04 08:28:00,1.0,0.092,0.0,1.0,8,0,0,0
2021-01-04 08:29:00,0.0,0.0,0.0,0.0,8,0,0,0
2021-01-04 08:30:00,0.0,0.0,0.0,0.0,8,0,0,0
2021-01-04 08:31:00,0.0,0.0,0.0,0.0,8,0,0,0
2021-01-04 08:32:00,0.0,0.0,0.0,0.0,8,0,0,0
2021-01-04 08:33:00,0.0,0.0,0.0,0.0,8,0,0,0
2021-01-04 08:34:00,0.0,0.0,0.0,0.0,8,0,0,0
2021-01-04 08:35:00,1.0,0.078,0.0,0.0,8,0,0,0
2021-01-04 08:36:00,0.0,0.0,0.0,0.0,8,0,0,0
2021-01-04 08:37:00,0.0,0.0,0.0,0.0,8,0,0,0
2021-01-04 08:38:00,0.0,0.0,0.0,0.0,8,0,0,0
2021-01-04 08:39:00,0.0,0.0,0.0,0.0,8,0,0,0
2021-01-04 08:40:00,0.0,0.0,0.0,0.0,8,0,0,0
2021-01-04 08:41:00,0.0,0.0,0.0,0.0,8,0,0,0
2021-01-04 08:42:00,0.0,0.0,0.0,0.0,8,0,0,0
2021-01-04 08:43:00,0.0,0.0,0.0,0.0,8,0,0,0
2021-01-04 08:44:00,0.0,0.0,0.0,0.0,8,0,0,0
2021-01-04 08:45:00,0.0,0.0,0.0,0.0,8,0,0,0
2021-01-04 08:46:00,0.0,0.0,0.0,0.0,8,0,0,0
2021-01-04 08:47:00,0.0,0.0,0.0,0.0,8,0,0,0
2021-01-04 08:48:00,0.0,0.0,0.0,0.0,8,0,0,0
2021-01-04 08:49:00,0.0,0.0,0.0,0.0,8,0,0,0
2021-01-04 08:50:00,0.0,0.0,0.0,0.0,8,0,0,0
2021-01-04 08:51:00,0.0,0.0,0.0,0.0,8,0,0,0
2021-01-04 08:52:00,0.0,0.0,0.0,0.0,8,0,0,0
2021-01-04 08:53:00,0.0,0.0,0.0,0.0,8,0,0,0
2021-01-04 08:54:00,0.0,0.0,0.0,0.0,8,0,0,0
2021-01-04 08:55:00,2.0,0.316,0.06081118318204306,1.0,8,0,0,0
2021-01-04 08:56:00,0.0,0.0,0.0,0.0,8,0,0,0
2021-01-04 08:57:00,0.0,0.0,0.0,0.0,8,0,0,0
2021-01-04 08:58:00,1.0,0.094,0.0,0.0,8,0,0,0
2021-01-04 08:59:00,1.0,0.093,0.0,0.0,8,0,0,0
2021-01-04 09:00:00,1.0,0.156,0.0,0.0,9,0,1,0
2021-01-04 09:01:00,0.0,0.0,0.0,0.0,9,0,1,0
2021-01-04 09:02:00,0.0,0.0,0.0,0.0,9,0,1,0
2021-01-04 09:03:00,1.0,0.14,0.0,0.0,9,0,1,0
2021-01-04 09:04:00,0.0,0.0,0.0,0.0,9,0,1,0
2021-01-04 09:05:00,0.0,0.0,0.0,0.0,9,0,1,0
2021-01-04 09:06:00,0.0,0.0,0.0,0.0,9,0,1,0
2021-01-04 09:07:00,0.0,0.0,0.0,0.0,9,0,1,0
2021-01-04 09:08:00,2.0,0.091,0.0,0.0,9,0,1,0
2021-01-04 09:09:00,0.0,0.0,0.0,0.0,9,0,1,0
2021-01-04 09:10:00,1.0,0.078,0.0,0.0,9,0,1,0
2021-01-04 09:11:00,0.0,0.0,0.0,0.0,9,0,1,0
2021-01-04 09:12:00,0.0,0.0,0.0,0.0,9,0,1,0
2021-01-04 09:13:00,0.0,0.0,0.0,0.0,9,0,1,0
2021-01-04 09:14:00,0.0,0.0,0.0,0.0,9,0,1,0
2021-01-04 09:15:00,0.0,0.0,0.0,0.0,9,0,1,0
2021-01-04 09:16:00,0.0,0.0,0.0,0.0,9,0,1,0
2021-01-04 09:17:00,1.0,0.093,0.0,0.0,9,0,1,0
2021-01-04 09:18:00,0.0,0.0,0.0,0.0,9,0,1,0
2021-01-04 09:19:00,0.0,0.0,0.0,0.0,9,0,1,0
2021-01-04 09:20:00,0.0,0.0,0.0,0.0,9,0,1,0
2021-01-04 09:21:00,0.0,0.0,0.0,0.0,9,0,1,0
2021-01-04 09:22:00,1.0,0.109,0.0,0.0,9,0,1,0
2021-01-04 09:23:00,0.0,0.0,0.0,0.0,9,0,1,0
2021-01-04 09:24:00,0.0,0.0,0.0,0.0,9,0,1,0
2021-01-04 09:25:00,0.0,0.0,0.0,0.0,9,0,1,0
2021-01-04 09:26:00,0.0,0.0,0.0,0.0,9,0,1,0
2021-01-04 09:27:00,0.0,0.0,0.0,0.0,9,0,1,0
2021-01-04 09:28:00,1.0,0.437,0.0,0.0,9,0,1,0
2021-01-04 09:29:00,0.0,0.0,0.0,0.0,9,0,1,0
2021-01-04 09:30:00,1.0,0.14,0.0,0.0,9,0,1,0
2021-01-04 09:31:00,1.0,0.171,0.0,0.0,9,0,1,0
2021-01-04 09:32:00,0.0,0.0,0.0,0.0,9,0,1,0
2021-01-04 09:33:00,0.0,0.0,0.0,0.0,9,0,1,0
2021-01-04 09:34:00,1.0,0.116,0.0,0.0,9,0,1,0
2021-01-04 09:35:00,1.0,0.124,0.0,0.0,9,0,1,0
2021-01-04 09:36:00,0.0,0.0,0.0,0.0,9,0,1,0
2021-01-04 09:37:00,0.0,0.0,0.0,0.0,9,0,1,0
2021-01-04 09:38:00,0.0,0.0,0.0,0.0,9,0,1,0
2021-01-04 09:39:00,0.0,0.0,0.0,0.0,9,0,1,0
2021-01-04 09:40:00,1.0,0.09,0.0,0.0,9,0,1,0
2021-01-04 09:41:00,0.0,0.0,0.0,0.0,9,0,1,0
2021-01-04 09:42:00,1.0,0.109,0.0,0.0,9,0,1,0
2021-01-04 09:43:00,0.0,0.0,0.0,0.0,9,0,1,0
2021-01-04 09:44:00,0.0,0.0,0.0,0.0,9,0,1,0
2021-01-04 09:45:00,0.0,0.0,0.0,0.0,9,0,1,0
2021-01-04 09:46:00,0.0,0.0,0.0,0.0,9,0,1,0
2021-01-04 09:47:00,0.0,0.0,0.0,0.0,9,0,1,0
2021-01-04 09:48:00,0.0,0.0,0.0,0.0,9,0,1,0
2021-01-04 09:49:00,0.0,0.0,0.0,0.0,9,0,1,0
2021-01-04 09:50:00,0.0,0.0,0.0,0.0,9,0,1,0
2021-01-04 09:51:00,0.0,0.0,0.0,0.0,9,0,1,0
2021-01-04 09:52:00,0.0,0.0,0.0,0.0,9,0,1,0
2021-01-04 09:53:00,0.0,0.0,0.0,0.0,9,0,1,0
2021-01-04 09:54:00,0.0,0.0,0.0,0.0,9,0,1,0
2021-01-04 09:55:00,0.0,0.0,0.0,0.0,9,0,1,0
2021-01-04 09:56:00,1.0,0.088,0.0,1.0,9,0,1,0
2021-01-04 09:57:00,0.0,0.0,0.0,0.0,9,0,1,0
2021-01-04 09:58:00,0.0,0.0,0.0,0.0,9,0,1,0
2021-01-04 09:59:00,0.0,0.0,0.0,0.0,9,0,1,0
2021-01-04 10:00:00,1.0,0.106,0.0,0.0,10,0,1,0
2021-01-04 10:01:00,0.0,0.0,0.0,0.0,10,0,1,0
2021-01-04 10:02:00,0.0,0.0,0.0,0.0,10,0,1,0
2021-01-04 10:03:00,1.0,0.078,0.0,0.0,10,0,1,0
2021-01-04 10:04:00,1.0,0.109,0.0,0.0,10,0,1,0
2021-01-04 10:05:00,1.0,0.33,0.0,0.0,10,0,1,0
2021-01-04 10:06:00,0.0,0.0,0.0,0.0,10,0,1,0
2021-01-04 10:07:00,1.0,0.097,0.0,0.0,10,0,1,0
2021-01-04 10:08:00,0.0,0.0,0.0,0.0,10,0,1,0
2021-01-04 10:09:00,0.0,0.0,0.0,0.0,10,0,1,0
2021-01-04 10:10:00,0.0,0.0,0.0,0.0,10,0,1,0
2021-01-04 10:11:00,1.0,0.096,0.0,0.0,10,0,1,0
2021-01-04 10:12:00,1.0,0.124,0.0,0.0,10,0,1,0
2021-01-04 10:13:00,0.0,0.0,0.0,0.0,10,0,1,0
2021-01-04 10:14:00,1.0,0.109,0.0,0.0,10,0,1,0
2021-01-04 10:15:00,0.0,0.0,0.0,0.0,10,0,1,0
2021-01-04 10:16:00,0.0,0.0,0.0,0.0,10,0,1,0
2021-01-04 10:17:00,0.0,0.0,0.0,0.0,10,0,1,0
2021-01-04 10:18:00,0.0,0.0,0.0,0.0,10,0,1,0
2021-01-04 10:19:00,0.0,0.0,0.0,0.0,10,0,1,0
2021-01-04 10:20:00,0.0,0.0,0.0,0.0,10,0,1,0
2021-01-04 10:21:00,0.0,0.0,0.0,0.0,10,0,1,0
2021-01-04 10:22:00,0.0,0.0,0.0,0.0,10,0,1,0
2021-01-04 10:23:00,0.0,0.0,0.0,0.0,10,0,1,0
2021-01-04 10:24:00,1.0,0.125,0.0,1.0,10,0,1,0
2021-01-04 10:25:00,0.0,0.0,0.0,0.0,10,0,1,0
2021-01-04 10:26:00,0.0,0.0,0.0,0.0,10,0,1,0
2021-01-04 10:27:00,0.0,0.0,0.0,0.0,10,0,1,0
2021-01-04 10:28:00,0.0,0.0,0.0,0.0,10,0,1,0
2021-01-04 10:29:00,0.0,0.0,0.0,0.0,10,0,1,0
2021-01-04 10:30:00,0.0,0.0,0.0,0.0,10,0,1,0
2021-01-04 10:31:00,0.0,0.0,0.0,0.0,10,0,1,0
2021-01-04 10:32:00,0.0,0.0,0.0,0.0,10,0,1,0
2021-01-04 10:33:00,0.0,0.0,0.0,0.0,10,0,1,0
2021-01-04 10:34:00,0.0,0.0,0.0,0.0,10,0,1,0
2021-01-04 10:35:00,0.0,0.0,0.0,0.0,10,0,1,0
2021-01-04 10:36:00,0.0,0.0,0.0,0.0,10,0,1,0
2021-01-04 10:37:00,0.0,0.0,0.0,0.0,10,0,1,0
2021-01-04 10:38:00,0.0,0.0,0.0,0.0,10,0,1,0
2021-01-04 10:39:00,0.0,0.0,0.0,0.0,10,0,1,0
2021-01-04 10:40:00,0.0,0.0,0.0,0.0,10,0,1,0
2021-01-04 10:41:00,0.0,0.0,0.0,0.0,10,0,1,0
2021-01-04 10:42:00,0.0,0.0,0.0,0.0,10,0,1,0
2021-01-04 10:43:00,0.0,0.0,0.0,0.0,10,0,1,0
2021-01-04 10:44:00,0.0,0.0,0.0,0.0,10,0,1,0
2021-01-04 10:45:00,1.0,0.093,0.0,1.0,10,0,1,0
2021-01-04 10:46:00,0.0,0.0,0.0,0.0,10,0,1,0
2021-01-04 10:47:00,0.0,0.0,0.0,0.0,10,0,1,0
2021-01-04 10:48:00,0.0,0.0,0.0,0.0,10,0,1,0
2021-01-04 10:49:00,1.0,0.111,0.0,0.0,10,0,1,0
2021-01-04 10:50:00,0.0,0.0,0.0,0.0,10,0,1,0
2021-01-04 10:51:00,0.0,0.0,0.0,0.0,10,0,1,0
2021-01-04 10:52:00,1.0,0.187,0.0,0.0,10,0,1,0
2021-01-04 10:53:00,0.0,0.0,0.0,0.0,10,0,1,0
2021-01-04 10:54:00,0.0,0.0,0.0,0.0,10,0,1,0
2021-01-04 10:55:00,0.0,0.0,0.0,0.0,10,0,1,0
2021-01-04 10:56:00,0.0,0.0,0.0,0.0,10,0,1,0
2021-01-04 10:57:00,0.0,0.0,0.0,0.0,10,0,1,0
2021-01-04 10:58:00,1.0,0.109,0.0,0.0,10,0,1,0
2021-01-04 10:59:00,0.0,0.0,0.0,0.0,10,0,1,0
2021-01-04 11:00:00,0.0,0.0,0.0,0.0,11,0,1,0
2021-01-04 11:01:00,0.0,0.0,0.0,0.0,11,0,1,0
2021-01-04 11:02:00,1.0,0.406,0.0,0.0,11,0,1,0
2021-01-04 11:03:00,0.0,0.0,0.0,0.0,11,0,1,0
2021-01-04 11:04:00,0.0,0.0,0.0,0.0,11,0,1,0
2021-01-04 11:05:00,0.0,0.0,0.0,0.0,11,0,1,0
2021-01-04 11:06:00,0.0,0.0,0.0,0.0,11,0,1,0
2021-01-04 11:07:00,0.0,0.0,0.0,0.0,11,0,1,0
2021-01-04 11:08:00,0.0,0.0,0.0,0.0,11,0,1,0
2021-01-04 11:09:00,0.0,0.0,0.0,0.0,11,0,1,0
2021-01-04 11:10:00,0.0,0.0,0.0,0.0,11,0,1,0
2021-01-04 11:11:00,1.0,0.093,0.0,0.0,11,0,1,0
2021-01-04 11:12:00,0.0,0.0,0.0,0.0,11,0,1,0
2021-01-04 11:13:00,0.0,0.0,0.0,0.0,11,0,1,0
2021-01-04 11:14:00,0.0,0.0,0.0,0.0,11,0,1,0
2021-01-04 11:15:00,0.0,0.0,0.0,0.0,11,0,1,0
2021-01-04 11:16:00,0.0,0.0,0.0,0.0,11,0,1,0
2021-01-04 11:17:00,0.0,0.0,0.0,0.0,11,0,1,0
2021-01-04 11:18:00,0.0,0.0,0.0,0.0,11,0,1,0
2021-01-04 11:19:00,0.0,0.0,0.0,0.0,11,0,1,0
2021-01-04 11:20:00,0.0,0.0,0.0,0.0,11,0,1,0
2021-01-04 11:21:00,0.0,0.0,0.0,0.0,11,0,1,0
2021-01-04 11:22:00,0.0,0.0,0.0,0.0,11,0,1,0
2021-01-04 11:23:00,0.0,0.0,0.0,0.0,11,0,1,0
2021-01-04 11:24:00,0.0,0.0,0.0,0.0,11,0,1,0
2021-01-04 11:25:00,0.0,0.0,0.0,0.0,11,0,1,0
2021-01-04 11:26:00,0.0,0.0,0.0,0.0,11,0,1,0
2021-01-04 11:27:00,0.0,0.0,0.0,0.0,11,0,1,0
2021-01-04 11:28:00,1.0,0.14,0.0,1.0,11,0,1,0
2021-01-04 11:29:00,0.0,0.0,0.0,0.0,11,0,1,0
2021-01-04 11:30:00,0.0,0.0,0.0,0.0,11,0,1,0
2021-01-04 11:31:00,0.0,0.0,0.0,0.0,11,0,1,0
2021-01-04 11:32:00,1.0,0.593,0.0,0.0,11,0,1,0
2021-01-04 11:33:00,1.0,0.249,0.0,0.0,11,0,1,0
2021-01-04 11:34:00,0.0,0.0,0.0,0.0,11,0,1,0
2021-01-04 11:35:00,0.0,0.0,0.0,0.0,11,0,1,0
2021-01-04 11:36:00,0.0,0.0,0.0,0.0,11,0,1,0
2021-01-04 11:37:00,0.0,0.0,0.0,0.0,11,0,1,0
2021-01-04 11:38:00,0.0,0.0,0.0,0.0,11,0,1,0
2021-01-04 11:39:00,0.0,0.0,0.0,0.0,11,0,1,0
2021-01-04 11:40:00,0.0,0.0,0.0,0.0,11,0,1,0
2021-01-04 11:41:00,0.0,0.0,0.0,0.0,11,0,1,0
2021-01-04 11:42:00,0.0,0.0,0.0,0.0,11,0,1,0
2021-01-04 11:43:00,0.0,0.0,0.0,0.0,11,0,1,0
2021-01-04 11:44:00,1.0,0.093,0.0,1.0,11,0,1,0
2021-01-04 11:45:00,0.0,0.0,0.0,0.0,11,0,1,0
2021-01-04 11:46:00,1.0,0.093,0.0,0.0,11,0,1,0
2021-01-04 11:47:00,0.0,0.0,0.0,0.0,11,0,1,0
2021-01-04 11:48:00,0.0,0.0,0.0,0.0,11,0,1,0
2021-01-04 11:49:00,0.0,0.0,0.0,0.0,11,0,1,0
2021-01-04 11:50:00,0.0,0.0,0.0,0.0,11,0,1,0
2021-01-04 11:51:00,0.0,0.0,0.0,0.0,11,0,1,0
2021-01-04 11:52:00,0.0,0.0,0.0,0.0,11,0,1,0
2021-01-04 11:53:00,0.0,0.0,0.0,0.0,11,0,1,0
2021-01-04 11:54:00,0.0,0.0,0.0,0.0,11,0,1,0
2021-01-04 11:55:00,0.0,0.0,0.0,0.0,11,0,1,0
2021-01-04 11:56:00,0.0,0.0,0.0,0.0,11,0,1,0
2021-01-04 11:57:00,0.0,0.0,0.0,0.0,11,0,1,0
2021-01-04 11:58:00,0.0,0.0,0.0,0.0,11,0,1,0
2021-01-04 11:59:00,0.0,0.0,0.0,0.0,11,0,1,0
2021-01-04 12:00:00,2.0,0.106,0.004242640687119289,1.0,12,0,1,0
2021-01-04 12:01:00,0.0,0.0,0.0,0.0,12,0,1,0
2021-01-04 12:02:00,0.0,0.0,0.0,0.0,12,0,1,0
2021-01-04 12:03:00,0.0,0.0,0.0,0.0,12,0,1,0
2021-01-04 12:04:00,0.0,0.0,0.0,0.0,12,0,1,0
2021-01-04 12:05:00,0.0,0.0,0.0,0.0,12,0,1,0
2021-01-04 12:06:00,0.0,0.0,0.0,0.0,12,0,1,0
2021-01-04 12:07:00,0.0,0.0,0.0,0.0,12,0,1,0
2021-01-04 12:08:00,0.0,0.0,0.0,0.0,12,0,1,0
2021-01-04 12:09:00,0.0,0.0,0.0,0.0,12,0,1,0
2021-01-04 12:10:00,0.0,0.0,0.0,0.0,12,0,1,0
2021-01-04 12:11:00,1.0,0.299,0.0,1.0,12,0,1,0
2021-01-04 12:12:00,0.0,0.0,0.0,0.0,12,0,1,0
2021-01-04 12:13:00,0.0,0.0,0.0,0.0,12,0,1,0
2021-01-04 12:14:00,2.0,0.17099999999999999,0.11030865786510143,0.0,12,0,1,0
2021-01-04 12:15:00,1.0,0.281,0.0,0.0,12,0,1,0
2021-01-04 12:16:00,0.0,0.0,0.0,0.0,12,0,1,0
2021-01-04 12:17:00,0.0,0.0,0.0,0.0,12,0,1,0
2021-01-04 12:18:00,0.0,0.0,0.0,0.0,12,0,1,0
2021-01-04 12:19:00,1.0,0.252,0.0,0.0,12,0,1,0
2021-01-04 12:20:00,0.0,0.0,0.0,0.0,12,0,1,0
2021-01-04 12:21:00,0.0,0.0,0.0,0.0,12,0,1,0
2021-01-04 12:22:00,1.0,0.596,0.0,0.0,12,0,1,0
2021-01-04 12:23:00,1.0,0.234,0.0,0.0,12,0,1,0
2021-01-04 12:24:00,0.0,0.0,0.0,0.0,12,0,1,0
2021-01-04 12:25:00,0.0,0.0,0.0,0.0,12,0,1,0
2021-01-04 12:26:00,1.0,0.171,0.0,0.0,12,0,1,0
2021-01-04 12:27:00,0.0,0.0,0.0,0.0,12,0,1,0
2021-01-04 12:28:00,0.0,0.0,0.0,0.0,12,0,1,0
2021-01-04 12:29:00,0.0,0.0,0.0,0.0,12,0,1,0
2021-01-04 12:30:00,0.0,0.0,0.0,0.0,12,0,1,0
2021-01-04 12:31:00,0.0,0.0,0.0,0.0,12,0,1,0
2021-01-04 12:32:00,0.0,0.0,0.0,0.0,12,0,1,0
2021-01-04 12:33:00,0.0,0.0,0.0,0.0,12,0,1,0
2021-01-04 12:34:00,0.0,0.0,0.0,0.0,12,0,1,0
2021-01-04 12:35:00,1.0,0.093,0.0,0.0,12,0,1,0
2021-01-04 12:36:00,0.0,0.0,0.0,0.0,12,0,1,0
2021-01-04 12:37:00,1.0,0.123,0.0,0.0,12,0,1,0
2021-01-04 12:38:00,1.0,0.103,0.0,0.0,12,0,1,0
2021-01-04 12:39:00,1.0,0.14,0.0,0.0,12,0,1,0
2021-01-04 12:40:00,0.0,0.0,0.0,0.0,12,0,1,0
2021-01-04 12:41:00,0.0,0.0,0.0,0.0,12,0,1,0
2021-01-04 12:42:00,0.0,0.0,0.0,0.0,12,0,1,0
2021-01-04 12:43:00,0.0,0.0,0.0,0.0,12,0,1,0
2021-01-04 12:44:00,0.0,0.0,0.0,0.0,12,0,1,0
2021-01-04 12:45:00,0.0,0.0,0.0,0.0,12,0,1,0
2021-01-04 12:46:00,1.0,0.093,0.0,0.0,12,0,1,0
2021-01-04 12:47:00,0.0,0.0,0.0,0.0,12,0,1,0
2021-01-04 12:48:00,0.0,0.0,0.0,0.0,12,0,1,0
2021-01-04 12:49:00,0.0,0.0,0.0,0.0,12,0,1,0
2021-01-04 12:50:00,0.0,0.0,0.0,0.0,12,0,1,0
2021-01-04 12:51:00,1.0,0.093,0.0,0.0,12,0,1,0
2021-01-04 12:52:00,0.0,0.0,0.0,0.0,12,0,1,0
2021-01-04 12:53:00,0.0,0.0,0.0,0.0,12,0,1,0
2021-01-04 12:54:00,0.0,0.0,0.0,0.0,12,0,1,0
2021-01-04 12:55:00,0.0,0.0,0.0,0.0,12,0,1,0
2021-01-04 12:56:00,0.0,0.0,0.0,0.0,12,0,1,0
2021-01-04 12:57:00,0.0,0.0,0.0,0.0,12,0,1,0
2021-01-04 12:58:00,0.0,0.0,0.0,0.0,12,0,1,0
2021-01-04 12:59:00,0.0,0.0,0.0,0.0,12,0,1,0
2021-01-04 13:00:00,0.0,0.0,0.0,0.0,13,0,1,0
2021-01-04 13:01:00,0.0,0.0,0.0,0.0,13,0,1,0
2021-01-04 13:02:00,2.0,0.101,0.011313708498984755,1.0,13,0,1,0
2021-01-04 13:03:00,0.0,0.0,0.0,0.0,13,0,1,0
2021-01-04 13:04:00,0.0,0.0,0.0,0.0,13,0,1,0
2021-01-04 13:05:00,1.0,0.113,0.0,0.0,13,0,1,0
2021-01-04 13:06:00,0.0,0.0,0.0,0.0,13,0,1,0
2021-01-04 13:07:00,0.0,0.0,0.0,0.0,13,0,1,0
2021-01-04 13:08:00,0.0,0.0,0.0,0.0,13,0,1,0
2021-01-04 13:09:00,1.0,0.093,0.0,0.0,13,0,1,0
2021-01-04 13:10:00,0.0,0.0,0.0,0.0,13,0,1,0
2021-01-04 13:11:00,0.0,0.0,0.0,0.0,13,0,1,0
2021-01-04 13:12:00,0.0,0.0,0.0,0.0,13,0,1,0
2021-01-04 13:13:00,0.0,0.0,0.0,0.0,13,0,1,0
2021-01-04 13:14:00,0.0,0.0,0.0,0.0,13,0,1,0
2021-01-04 13:15:00,1.0,0.078,0.0,0.0,13,0,1,0
2021-01-04 13:16:00,0.0,0.0,0.0,0.0,13,0,1,0
2021-01-04 13:17:00,1.0,0.218,0.0,0.0,13,0,1,0
2021-01-04 13:18:00,0.0,0.0,0.0,0.0,13,0,1,0
2021-01-04 13:19:00,1.0,0.251,0.0,0.0,13,0,1,0
2021-01-04 13:20:00,0.0,0.0,0.0,0.0,13,0,1,0
2021-01-04 13:21:00,1.0,0.093,0.0,0.0,13,0,1,0
2021-01-04 13:22:00,0.0,0.0,0.0,0.0,13,0,1,0
2021-01-04 13:23:00,0.0,0.0,0.0,0.0,13,0,1,0
2021-01-04 13:24:00,0.0,0.0,0.0,0.0,13,0,1,0
2021-01-04 13:25:00,1.0,0.093,0.0,0.0,13,0,1,0
2021-01-04 13:26:00,0.0,0.0,0.0,0.0,13,0,1,0
2021-01-04 13:27:00,0.0,0.0,0.0,0.0,13,0,1,0
2021-01-04 13:28:00,0.0,0.0,0.0,0.0,13,0,1,0
2021-01-04 13:29:00,0.0,0.0,0.0,0.0,13,0,1,0
2021-01-04 13:30:00,0.0,0.0,0.0,0.0,13,0,1,0
2021-01-04 13:31:00,0.0,0.0,0.0,0.0,13,0,1,0
2021-01-04 13:32:00,0.0,0.0,0.0,0.0,13,0,1,0
2021-01-04 13:33:00,0.0,0.0,0.0,0.0,13,0,1,0
2021-01-04 13:34:00,1.0,0.109,0.0,0.0,13,0,1,0
2021-01-04 13:35:00,0.0,0.0,0.0,0.0,13,0,1,0
2021-01-04 13:36:00,0.0,0.0,0.0,0.0,13,0,1,0
2021-01-04 13:37:00,0.0,0.0,0.0,0.0,13,0,1,0
2021-01-04 13:38:00,0.0,0.0,0.0,0.0,13,0,1,0
2021-01-04 13:39:00,1.0,0.093,0.0,0.0,13,0,1,0
2021-01-04 13:40:00,0.0,0.0,0.0,0.0,13,0,1,0
2021-01-04 13:41:00,0.0,0.0,0.0,0.0,13,0,1,0
2021-01-04 13:42:00,0.0,0.0,0.0,0.0,13,0,1,0
2021-01-04 13:43:00,1.0,0.093,0.0,0.0,13,0,1,0
2021-01-04 13:44:00,0.0,0.0,0.0,0.0,13,0,1,0
2021-01-04 13:45:00,0.0,0.0,0.0,0.0,13,0,1,0
2021-01-04 13:46:00,1.0,0.109,0.0,0.0,13,0,1,0
2021-01-04 13:47:00,0.0,0.0,0.0,0.0,13,0,1,0
2021-01-04 13:48:00,0.0,0.0,0.0,0.0,13,0,1,0
2021-01-04 13:49:00,1.0,0.296,0.0,0.0,13,0,1,0
2021-01-04 13:50:00,0.0,0.0,0.0,0.0,13,0,1,0
2021-01-04 13:51:00,2.0,0.093,0.0,0.0,13,0,1,0
2021-01-04 13:52:00,0.0,0.0,0.0,0.0,13,0,1,0
2021-01-04 13:53:00,0.0,0.0,0.0,0.0,13,0,1,0
2021-01-04 13:54:00,0.0,0.0,0.0,0.0,13,0,1,0
2021-01-04 13:55:00,0.0,0.0,0.0,0.0,13,0,1,0
2021-01-04 13:56:00,0.0,0.0,0.0,0.0,13,0,1,0
2021-01-04 13:57:00,0.0,0.0,0.0,0.0,13,0,1,0
2021-01-04 13:58:00,0.0,0.0,0.0,0.0,13,0,1,0
2021-01-04 13:59:00,0.0,0.0,0.0,0.0,13,0,1,0
2021-01-04 14:00:00,0.0,0.0,0.0,0.0,14,0,1,0
2021-01-04 14:01:00,0.0,0.0,0.0,0.0,14,0,1,0
2021-01-04 14:02:00,0.0,0.0,0.0,0.0,14,0,1,0
2021-01-04 14:03:00,0.0,0.0,0.0,0.0,14,0,1,0
2021-01-04 14:04:00,1.0,0.093,0.0,1.0,14,0,1,0
2021-01-04 14:05:00,0.0,0.0,0.0,0.0,14,0,1,0
2021-01-04 14:06:00,0.0,0.0,0.0,0.0,14,0,1,0
2021-01-04 14:07:00,1.0,0.109,0.0,0.0,14,0,1,0
2021-01-04 14:08:00,0.0,0.0,0.0,0.0,14,0,1,0
2021-01-04 14:09:00,0.0,0.0,0.0,0.0,14,0,1,0
2021-01-04 14:10:00,1.0,0.453,0.0,0.0,14,0,1,0
2021-01-04 14:11:00,0.0,0.0,0.0,0.0,14,0,1,0
2021-01-04 14:12:00,1.0,0.093,0.0,0.0,14,0,1,0
2021-01-04 14:13:00,0.0,0.0,0.0,0.0,14,0,1,0
2021-01-04 14:14:00,0.0,0.0,0.0,0.0,14,0,1,0
2021-01-04 14:15:00,0.0,0.0,0.0,0.0,14,0,1,0
2021-01-04 14:16:00,1.0,0.096,0.0,0.0,14,0,1,0
2021-01-04 14:17:00,0.0,0.0,0.0,0.0,14,0,1,0
2021-01-04 14:18:00,2.0,0.1235,0.020506096654409882,0.0,14,0,1,0
2021-01-04 14:19:00,0.0,0.0,0.0,0.0,14,0,1,0
2021-01-04 14:20:00,0.0,0.0,0.0,0.0,14,0,1,0
2021-01-04 14:21:00,0.0,0.0,0.0,0.0,14,0,1,0
2021-01-04 14:22:00,0.0,0.0,0.0,0.0,14,0,1,0
2021-01-04 14:23:00,1.0,0.093,0.0,0.0,14,0,1,0
2021-01-04 14:24:00,1.0,0.109,0.0,0.0,14,0,1,0
2021-01-04 14:25:00,1.0,0.424,0.0,0.0,14,0,1,0
2021-01-04 14:26:00,2.0,0.156,0.11030865786510143,0.0,14,0,1,0
2021-01-04 14:27:00,0.0,0.0,0.0,0.0,14,0,1,0
2021-01-04 14:28:00,1.0,0.078,0.0,0.0,14,0,1,0
2021-01-04 14:29:00,0.0,0.0,0.0,0.0,14,0,1,0
2021-01-04 14:30:00,2.0,0.11699999999999999,0.011313708498984765,0.0,14,0,1,0
2021-01-04 14:31:00,0.0,0.0,0.0,0.0,14,0,1,0
2021-01-04 14:32:00,1.0,0.093,0.0,0.0,14,0,1,0
2021-01-04 14:33:00,0.0,0.0,0.0,0.0,14,0,1,0
2021-01-04 14:34:00,2.0,0.101,0.03252691193458119,0.0,14,0,1,0
2021-01-04 14:35:00,0.0,0.0,0.0,0.0,14,0,1,0
2021-01-04 14:36:00,1.0,0.125,0.0,0.0,14,0,1,0
2021-01-04 14:37:00,1.0,0.078,0.0,0.0,14,0,1,0
2021-01-04 14:38:00,1.0,0.117,0.0,0.0,14,0,1,0
2021-01-04 14:39:00,0.0,0.0,0.0,0.0,14,0,1,0
2021-01-04 14:40:00,0.0,0.0,0.0,0.0,14,0,1,0
2021-01-04 14:41:00,0.0,0.0,0.0,0.0,14,0,1,0
2021-01-04 14:42:00,0.0,0.0,0.0,0.0,14,0,1,0
2021-01-04 14:43:00,0.0,0.0,0.0,0.0,14,0,1,0
2021-01-04 14:44:00,0.0,0.0,0.0,0.0,14,0,1,0
2021-01-04 14:45:00,0.0,0.0,0.0,0.0,14,0,1,0
2021-01-04 14:46:00,0.0,0.0,0.0,0.0,14,0,1,0
2021-01-04 14:47:00,0.0,0.0,0.0,0.0,14,0,1,0
2021-01-04 14:48:00,0.0,0.0,0.0,0.0,14,0,1,0
2021-01-04 14:49:00,1.0,0.093,0.0,1.0,14,0,1,0
2021-01-04 14:50:00,0.0,0.0,0.0,0.0,14,0,1,0
2021-01-04 14:51:00,0.0,0.0,0.0,0.0,14,0,1,0
2021-01-04 14:52:00,1.0,0.093,0.0,0.0,14,0,1,0
2021-01-04 14:53:00,0.0,0.0,0.0,0.0,14,0,1,0
2021-01-04 14:54:00,1.0,0.093,0.0,0.0,14,0,1,0
2021-01-04 14:55:00,1.0,0.078,0.0,0.0,14,0,1,0
2021-01-04 14:56:00,0.0,0.0,0.0,0.0,14,0,1,0
2021-01-04 14:57:00,0.0,0.0,0.0,0.0,14,0,1,0
2021-01-04 14:58:00,0.0,0.0,0.0,0.0,14,0,1,0
2021-01-04 14:59:00,1.0,0.124,0.0,0.0,14,0,1,0
2021-01-04 15:00:00,1.0,0.312,0.0,0.0,15,0,1,0
2021-01-04 15:01:00,1.0,0.124,0.0,0.0,15,0,1,0
2021-01-04 15:02:00,0.0,0.0,0.0,0.0,15,0,1,0
2021-01-04 15:03:00,1.0,0.125,0.0,0.0,15,0,1,0
2021-01-04 15:04:00,1.0,0.094,0.0,0.0,15,0,1,0
2021-01-04 15:05:00,1.0,0.124,0.0,0.0,15,0,1,0
2021-01-04 15:06:00,1.0,0.296,0.0,0.0,15,0,1,0
2021-01-04 15:07:00,1.0,0.109,0.0,0.0,15,0,1,0
2021-01-04 15:08:00,1.0,0.296,0.0,0.0,15,0,1,0
2021-01-04 15:09:00,3.0,0.10366666666666667,0.009237604307034014,0.0,15,0,1,0
2021-01-04 15:10:00,2.0,0.1245,0.044547727214752496,0.0,15,0,1,0
2021-01-04 15:11:00,0.0,0.0,0.0,0.0,15,0,1,0
2021-01-04 15:12:00,3.0,0.119,0.04503332099679082,0.0,15,0,1,0
2021-01-04 15:13:00,1.0,0.081,0.0,0.0,15,0,1,0
2021-01-04 15:14:00,0.0,0.0,0.0,0.0,15,0,1,0
2021-01-04 15:15:00,0.0,0.0,0.0,0.0,15,0,1,0
2021-01-04 15:16:00,1.0,0.093,0.0,0.0,15,0,1,0
2021-01-04 15:17:00,2.0,0.10250000000000001,0.01343502884254441,0.0,15,0,1,0
2021-01-04 15:18:00,2.0,0.101,0.011313708498984755,0.0,15,0,1,0
2021-01-04 15:19:00,1.0,0.093,0.0,0.0,15,0,1,0
2021-01-04 15:20:00,0.0,0.0,0.0,0.0,15,0,1,0
2021-01-04 15:21:00,0.0,0.0,0.0,0.0,15,0,1,0
2021-01-04 15:22:00,0.0,0.0,0.0,0.0,15,0,1,0
2021-01-04 15:23:00,2.0,0.08549999999999999,0.010606601717798217,0.0,15,0,1,0
2021-01-04 15:24:00,0.0,0.0,0.0,0.0,15,0,1,0
2021-01-04 15:25:00,2.0,0.101,0.011313708498984765,0.0,15,0,1,0
2021-01-04 15:26:00,1.0,0.093,0.0,0.0,15,0,1,0
2021-01-04 15:27:00,0.0,0.0,0.0,0.0,15,0,1,0
2021-01-04 15:28:00,0.0,0.0,0.0,0.0,15,0,1,0
2021-01-04 15:29:00,0.0,0.0,0.0,0.0,15,0,1,0
2021-01-04 15:30:00,0.0,0.0,0.0,0.0,15,0,1,0
2021-01-04 15:31:00,0.0,0.0,0.0,0.0,15,0,1,0
2021-01-04 15:32:00,0.0,0.0,0.0,0.0,15,0,1,0
2021-01-04 15:33:00,0.0,0.0,0.0,0.0,15,0,1,0
2021-01-04 15:34:00,0.0,0.0,0.0,0.0,15,0,1,0
2021-01-04 15:35:00,1.0,0.109,0.0,0.0,15,0,1,0
2021-01-04 15:36:00,0.0,0.0,0.0,0.0,15,0,1,0
2021-01-04 15:37:00,0.0,0.0,0.0,0.0,15,0,1,0
2021-01-04 15:38:00,1.0,0.093,0.0,0.0,15,0,1,0
2021-01-04 15:39:00,0.0,0.0,0.0,0.0,15,0,1,0
2021-01-04 15:40:00,0.0,0.0,0.0,0.0,15,0,1,0
2021-01-04 15:41:00,0.0,0.0,0.0,0.0,15,0,1,0
2021-01-04 15:42:00,0.0,0.0,0.0,0.0,15,0,1,0
2021-01-04 15:43:00,0.0,0.0,0.0,0.0,15,0,1,0
2021-01-04 15:44:00,0.0,0.0,0.0,0.0,15,0,1,0
2021-01-04 15:45:00,0.0,0.0,0.0,0.0,15,0,1,0
2021-01-04 15:46:00,0.0,0.0,0.0,0.0,15,0,1,0
2021-01-04 15:47:00,0.0,0.0,0.0,0.0,15,0,1,0
2021-01-04 15:48:00,0.0,0.0,0.0,0.0,15,0,1,0
2021-01-04 15:49:00,0.0,0.0,0.0,0.0,15,0,1,0
2021-01-04 15:50:00,0.0,0.0,0.0,0.0,15,0,1,0
2021-01-04 15:51:00,1.0,0.125,0.0,1.0,15,0,1,0
2021-01-04 15:52:00,0.0,0.0,0.0,0.0,15,0,1,0
2021-01-04 15:53:00,1.0,0.078,0.0,0.0,15,0,1,0
2021-01-04 15:54:00,1.0,0.107,0.0,0.0,15,0,1,0
2021-01-04 15:55:00,1.0,0.125,0.0,0.0,15,0,1,0
2021-01-04 15:56:00,1.0,0.078,0.0,0.0,15,0,1,0
2021-01-04 15:57:00,0.0,0.0,0.0,0.0,15,0,1,0
2021-01-04 15:58:00,1.0,0.141,0.0,0.0,15,0,1,0
2021-01-04 15:59:00,0.0,0.0,0.0,0.0,15,0,1,0
2021-01-04 16:00:00,1.0,0.078,0.0,0.0,16,0,1,0
2021-01-04 16:01:00,0.0,0.0,0.0,0.0,16,0,1,0
2021-01-04 16:02:00,0.0,0.0,0.0,0.0,16,0,1,0
2021-01-04 16:03:00,1.0,0.188,0.0,0.0,16,0,1,0
2021-01-04 16:04:00,1.0,0.171,0.0,0.0,16,0,1,0
2021-01-04 16:05:00,0.0,0.0,0.0,0.0,16,0,1,0
2021-01-04 16:06:00,2.0,0.20249999999999999,0.13222896808188436,0.0,16,0,1,0
2021-01-04 16:07:00,1.0,0.124,0.0,0.0,16,0,1,0
2021-01-04 16:08:00,0.0,0.0,0.0,0.0,16,0,1,0
2021-01-04 16:09:00,0.0,0.0,0.0,0.0,16,0,1,0
2021-01-04 16:10:00,0.0,0.0,0.0,0.0,16,0,1,0
2021-01-04 16:11:00,1.0,0.109,0.0,0.0,16,0,1,0
2021-01-04 16:12:00,0.0,0.0,0.0,0.0,16,0,1,0
2021-01-04 16:13:00,0.0,0.0,0.0,0.0,16,0,1,0
2021-01-04 16:14:00,1.0,0.33,0.0,0.0,16,0,1,0
2021-01-04 16:15:00,2.0,0.0815,0.004949747468305837,0.0,16,0,1,0
2021-01-04 16:16:00,1.0,0.109,0.0,0.0,16,0,1,0
2021-01-04 16:17:00,0.0,0.0,0.0,0.0,16,0,1,0
2021-01-04 16:18:00,0.0,0.0,0.0,0.0,16,0,1,0
2021-01-04 16:19:00,0.0,0.0,0.0,0.0,16,0,1,0
2021-01-04 16:20:00,0.0,0.0,0.0,0.0,16,0,1,0
2021-01-04 16:21:00,1.0,0.093,0.0,0.0,16,0,1,0
2021-01-04 16:22:00,0.0,0.0,0.0,0.0,16,0,1,0
2021-01-04 16:23:00,0.0,0.0,0.0,0.0,16,0,1,0
2021-01-04 16:24:00,0.0,0.0,0.0,0.0,16,0,1,0
2021-01-04 16:25:00,1.0,0.125,0.0,0.0,16,0,1,0
2021-01-04 16:26:00,0.0,0.0,0.0,0.0,16,0,1,0
2021-01-04 16:27:00,0.0,0.0,0.0,0.0,16,0,1,0
2021-01-04 16:28:00,1.0,0.078,0.0,0.0,16,0,1,0
2021-01-04 16:29:00,1.0,0.093,0.0,0.0,16,0,1,0
2021-01-04 16:30:00,0.0,0.0,0.0,0.0,16,0,1,0
2021-01-04 16:31:00,1.0,0.109,0.0,0.0,16,0,1,0
2021-01-04 16:32:00,0.0,0.0,0.0,0.0,16,0,1,0
2021-01-04 16:33:00,1.0,0.294,0.0,0.0,16,0,1,0
2021-01-04 16:34:00,0.0,0.0,0.0,0.0,16,0,1,0
2021-01-04 16:35:00,1.0,0.073,0.0,0.0,16,0,1,0
2021-01-04 16:36:00,0.0,0.0,0.0,0.0,16,0,1,0
2021-01-04 16:37:00,1.0,0.093,0.0,0.0,16,0,1,0
2021-01-04 16:38:00,0.0,0.0,0.0,0.0,16,0,1,0
2021-01-04 16:39:00,1.0,0.221,0.0,0.0,16,0,1,0
2021-01-04 16:40:00,0.0,0.0,0.0,0.0,16,0,1,0
2021-01-04 16:41:00,0.0,0.0,0.0,0.0,16,0,1,0
2021-01-04 16:42:00,0.0,0.0,0.0,0.0,16,0,1,0
2021-01-04 16:43:00,0.0,0.0,0.0,0.0,16,0,1,0
2021-01-04 16:44:00,0.0,0.0,0.0,0.0,16,0,1,0
2021-01-04 16:45:00,2.0,0.187,0.11030865786510143,0.0,16,0,1,0
2021-01-04 16:46:00,1.0,0.249,0.0,0.0,16,0,1,0
2021-01-04 16:47:00,0.0,0.0,0.0,0.0,16,0,1,0
2021-01-04 16:48:00,0.0,0.0,0.0,0.0,16,0,1,0
2021-01-04 16:49:00,1.0,0.09,0.0,0.0,16,0,1,0
2021-01-04 16:50:00,0.0,0.0,0.0,0.0,16,0,1,0
2021-01-04 16:51:00,1.0,0.256,0.0,0.0,16,0,1,0
2021-01-04 16:52:00,3.0,0.13,0.07744029958619736,0.0,16,0,1,0
2021-01-04 16:53:00,2.0,0.078,0.0,0.0,16,0,1,0
2021-01-04 16:54:00,2.0,0.08549999999999999,0.010606601717798208,0.0,16,0,1,0
2021-01-04 16:55:00,2.0,0.109,0.02262741699796952,0.0,16,0,1,0
2021-01-04 16:56:00,0.0,0.0,0.0,0.0,16,0,1,0
2021-01-04 16:57:00,1.0,0.093,0.0,0.0,16,0,1,0
2021-01-04 16:58:00,1.0,0.156,0.0,0.0,16,0,1,0
2021-01-04 16:59:00,2.0,0.117,0.032526911934581196,0.0,16,0,1,0
2021-01-04 17:00:00,0.0,0.0,0.0,0.0,17,0,1,0
2021-01-04 17:01:00,2.0,0.101,0.011313708498984765,0.0,17,0,1,0
2021-01-04 17:02:00,1.0,0.104,0.0,0.0,17,0,1,0
2021-01-04 17:03:00,0.0,0.0,0.0,0.0,17,0,1,0
2021-01-04 17:04:00,3.0,0.09266666666666667,0.014502873278538069,0.0,17,0,1,0
2021-01-04 17:05:00,2.0,0.08499999999999999,0.00989949493661166,0.0,17,0,1,0
2021-01-04 17:06:00,5.0,0.0908,0.01976613265158362,0.0,17,0,1,0
2021-01-04 17:07:00,3.0,0.09333333333333334,0.015502687938977987,0.0,17,0,1,0
2021-01-04 17:08:00,3.0,0.119,0.018193405398660257,0.0,17,0,1,0
2021-01-04 17:09:00,0.0,0.0,0.0,0.0,17,0,1,0
2021-01-04 17:10:00,4.0,0.0895,0.01479864858694874,0.0,17,0,1,0
2021-01-04 17:11:00,3.0,0.08800000000000001,0.00866025403784439,0.0,17,0,1,0
2021-01-04 17:12:00,1.0,0.093,0.0,0.0,17,0,1,0
2021-01-04 17:13:00,3.0,0.08800000000000001,0.008717797887081345,0.0,17,0,1,0
2021-01-04 17:14:00,1.0,0.093,0.0,0.0,17,0,1,0
2021-01-04 17:15:00,2.0,0.0935,0.021920310216782972,0.0,17,0,1,0
2021-01-04 17:16:00,0.0,0.0,0.0,0.0,17,0,1,0
2021-01-04 17:17:00,0.0,0.0,0.0,0.0,17,0,1,0
2021-01-04 17:18:00,3.0,0.17,0.0800749648766704,0.0,17,0,1,0
2021-01-04 17:19:00,1.0,0.089,0.0,0.0,17,0,1,0
2021-01-04 17:20:00,1.0,0.078,0.0,0.0,17,0,1,0
2021-01-04 17:21:00,1.0,0.093,0.0,0.0,17,0,1,0
2021-01-04 17:22:00,1.0,0.093,0.0,0.0,17,0,1,0
2021-01-04 17:23:00,1.0,0.093,0.0,0.0,17,0,1,0
2021-01-04 17:24:00,2.0,0.1245,0.06576093065034894,0.0,17,0,1,0
2021-01-04 17:25:00,0.0,0.0,0.0,0.0,17,0,1,0
2021-01-04 17:26:00,1.0,0.078,0.0,0.0,17,0,1,0
2021-01-04 17:27:00,0.0,0.0,0.0,0.0,17,0,1,0
2021-01-04 17:28:00,1.0,0.078,0.0,0.0,17,0,1,0
2021-01-04 17:29:00,0.0,0.0,0.0,0.0,17,0,1,0
2021-01-04 17:30:00,0.0,0.0,0.0,0.0,17,0,1,0
2021-01-04 17:31:00,0.0,0.0,0.0,0.0,17,0,1,0
2021-01-04 17:32:00,1.0,0.093,0.0,0.0,17,0,1,0
2021-01-04 17:33:00,4.0,0.18425,0.09163832895319149,0.0,17,0,1,0
2021-01-04 17:34:00,0.0,0.0,0.0,0.0,17,0,1,0
2021-01-04 17:35:00,0.0,0.0,0.0,0.0,17,0,1,0
2021-01-04 17:36:00,0.0,0.0,0.0,0.0,17,0,1,0
2021-01-04 17:37:00,2.0,0.109,0.0,0.0,17,0,1,0
2021-01-04 17:38:00,2.0,0.08549999999999999,0.010606601717798217,0.0,17,0,1,0
2021-01-04 17:39:00,2.0,0.1865,0.06858935777509509,0.0,17,0,1,0
2021-01-04 17:40:00,1.0,0.093,0.0,0.0,17,0,1,0
2021-01-04 17:41:00,0.0,0.0,0.0,0.0,17,0,1,0
2021-01-04 17:42:00,2.0,0.21000000000000002,0.07778174593052023,0.0,17,0,1,0
2021-01-04 17:43:00,1.0,0.078,0.0,0.0,17,0,1,0
2021-01-04 17:44:00,3.0,0.09266666666666667,0.02715388247255507,0.0,17,0,1,0
2021-01-04 17:45:00,0.0,0.0,0.0,0.0,17,0,1,0
2021-01-04 17:46:00,0.0,0.0,0.0,0.0,17,0,1,0
2021-01-04 17:47:00,1.0,0.093,0.0,0.0,17,0,1,0
2021-01-04 17:48:00,0.0,0.0,0.0,0.0,17,0,1,0
2021-01-04 17:49:00,0.0,0.0,0.0,0.0,17,0,1,0
2021-01-04 17:50:00,0.0,0.0,0.0,0.0,17,0,1,0
2021-01-04 17:51:00,1.0,0.09,0.0,0.0,17,0,1,0
2021-01-04 17:52:00,0.0,0.0,0.0,0.0,17,0,1,0
2021-01-04 17:53:00,1.0,0.093,0.0,0.0,17,0,1,0
2021-01-04 17:54:00,3.0,0.15766666666666668,0.09308777220093589,0.0,17,0,1,0
2021-01-04 17:55:00,1.0,0.093,0.0,0.0,17,0,1,0
2021-01-04 17:56:00,0.0,0.0,0.0,0.0,17,0,1,0
2021-01-04 17:57:00,0.0,0.0,0.0,0.0,17,0,1,0
2021-01-04 17:58:00,0.0,0.0,0.0,0.0,17,0,1,0
2021-01-04 17:59:00,0.0,0.0,0.0,0.0,17,0,1,0
2021-01-04 18:00:00,0.0,0.0,0.0,0.0,18,0,0,0
2021-01-04 18:01:00,0.0,0.0,0.0,0.0,18,0,0,0
2021-01-04 18:02:00,0.0,0.0,0.0,0.0,18,0,0,0
2021-01-04 18:03:00,1.0,0.109,0.0,0.0,18,0,0,0
2021-01-04 18:04:00,0.0,0.0,0.0,0.0,18,0,0,0
2021-01-04 18:05:00,0.0,0.0,0.0,0.0,18,0,0,0
2021-01-04 18:06:00,1.0,0.078,0.0,0.0,18,0,0,0
2021-01-04 18:07:00,1.0,0.14,0.0,0.0,18,0,0,0
2021-01-04 18:08:00,1.0,0.093,0.0,0.0,18,0,0,0
2021-01-04 18:09:00,0.0,0.0,0.0,0.0,18,0,0,0
2021-01-04 18:10:00,1.0,0.109,0.0,0.0,18,0,0,0
2021-01-04 18:11:00,1.0,0.093,0.0,0.0,18,0,0,0
2021-01-04 18:12:00,1.0,0.156,0.0,0.0,18,0,0,0
2021-01-04 18:13:00,0.0,0.0,0.0,0.0,18,0,0,0
2021-01-04 18:14:00,2.0,0.14,0.06646803743153545,0.0,18,0,0,0
2021-01-04 18:15:00,0.0,0.0,0.0,0.0,18,0,0,0
2021-01-04 18:16:00,0.0,0.0,0.0,0.0,18,0,0,0
2021-01-04 18:17:00,0.0,0.0,0.0,0.0,18,0,0,0
2021-01-04 18:18:00,0.0,0.0,0.0,0.0,18,0,0,0
2021-01-04 18:19:00,0.0,0.0,0.0,0.0,18,0,0,0
2021-01-04 18:20:00,0.0,0.0,0.0,0.0,18,0,0,0
2021-01-04 18:21:00,0.0,0.0,0.0,0.0,18,0,0,0
2021-01-04 18:22:00,1.0,0.109,0.0,0.0,18,0,0,0
2021-01-04 18:23:00,1.0,0.093,0.0,0.0,18,0,0,0
2021-01-04 18:24:00,2.0,0.1325,0.03323401871576773,0.0,18,0,0,0
2021-01-04 18:25:00,0.0,0.0,0.0,0.0,18,0,0,0
2021-01-04 18:26:00,1.0,0.093,0.0,0.0,18,0,0,0
2021-01-04 18:27:00,0.0,0.0,0.0,0.0,18,0,0,0
2021-01-04 18:28:00,1.0,0.093,0.0,0.0,18,0,0,0
2021-01-04 18:29:00,2.0,0.1165,0.03323401871576774,0.0,18,0,0,0
2021-01-04 18:30:00,2.0,0.1015,0.012020815280171303,0.0,18,0,0,0
2021-01-04 18:31:00,1.0,0.078,0.0,0.0,18,0,0,0
2021-01-04 18:32:00,0.0,0.0,0.0,0.0,18,0,0,0
2021-01-04 18:33:00,0.0,0.0,0.0,0.0,18,0,0,0
2021-01-04 18:34:00,2.0,0.08549999999999999,0.010606601717798208,0.0,18,0,0,0
2021-01-04 18:35:00,1.0,0.109,0.0,0.0,18,0,0,0
2021-01-04 18:36:00,0.0,0.0,0.0,0.0,18,0,0,0
2021-01-04 18:37:00,1.0,0.125,0.0,0.0,18,0,0,0
2021-01-04 18:38:00,0.0,0.0,0.0,0.0,18,0,0,0
2021-01-04 18:39:00,1.0,0.078,0.0,0.0,18,0,0,0
2021-01-04 18:40:00,0.0,0.0,0.0,0.0,18,0,0,0
2021-01-04 18:41:00,2.0,0.08549999999999999,0.010606601717798208,0.0,18,0,0,0
2021-01-04 18:42:00,0.0,0.0,0.0,0.0,18,0,0,0
2021-01-04 18:43:00,0.0,0.0,0.0,0.0,18,0,0,0
2021-01-04 18:44:00,1.0,0.093,0.0,0.0,18,0,0,0
2021-01-04 18:45:00,0.0,0.0,0.0,0.0,18,0,0,0
2021-01-04 18:46:00,1.0,0.078,0.0,0.0,18,0,0,0
2021-01-04 18:47:00,1.0,0.187,0.0,0.0,18,0,0,0
2021-01-04 18:48:00,1.0,0.092,0.0,0.0,18,0,0,0
2021-01-04 18:49:00,1.0,0.078,0.0,0.0,18,0,0,0
2021-01-04 18:50:00,0.0,0.0,0.0,0.0,18,0,0,0
2021-01-04 18:51:00,0.0,0.0,0.0,0.0,18,0,0,0
2021-01-04 18:52:00,0.0,0.0,0.0,0.0,18,0,0,0
2021-01-04 18:53:00,0.0,0.0,0.0,0.0,18,0,0,0
2021-01-04 18:54:00,0.0,0.0,0.0,0.0,18,0,0,0
2021-01-04 18:55:00,0.0,0.0,0.0,0.0,18,0,0,0
2021-01-04 18:56:00,1.0,0.109,0.0,0.0,18,0,0,0
2021-01-04 18:57:00,0.0,0.0,0.0,0.0,18,0,0,0
2021-01-04 18:58:00,1.0,0.078,0.0,0.0,18,0,0,0
2021-01-04 18:59:00,0.0,0.0,0.0,0.0,18,0,0,0
2021-01-04 19:00:00,0.0,0.0,0.0,0.0,19,0,0,0
2021-01-04 19:01:00,1.0,0.109,0.0,0.0,19,0,0,0
2021-01-04 19:02:00,1.0,0.093,0.0,0.0,19,0,0,0
2021-01-04 19:03:00,0.0,0.0,0.0,0.0,19,0,0,0
2021-01-04 19:04:00,1.0,0.078,0.0,0.0,19,0,0,0
2021-01-04 19:05:00,0.0,0.0,0.0,0.0,19,0,0,0
2021-01-04 19:06:00,0.0,0.0,0.0,0.0,19,0,0,0
2021-01-04 19:07:00,0.0,0.0,0.0,0.0,19,0,0,0
2021-01-04 19:08:00,1.0,0.078,0.0,0.0,19,0,0,0
2021-01-04 19:09:00,1.0,0.333,0.0,0.0,19,0,0,0
2021-01-04 19:10:00,0.0,0.0,0.0,0.0,19,0,0,0
2021-01-04 19:11:00,0.0,0.0,0.0,0.0,19,0,0,0
2021-01-04 19:12:00,0.0,0.0,0.0,0.0,19,0,0,0
2021-01-04 19:13:00,0.0,0.0,0.0,0.0,19,0,0,0
2021-01-04 19:14:00,0.0,0.0,0.0,0.0,19,0,0,0
2021-01-04 19:15:00,3.0,0.109,0.03100000000000001,0.0,19,0,0,0
2021-01-04 19:16:00,1.0,0.109,0.0,0.0,19,0,0,0
2021-01-04 19:17:00,0.0,0.0,0.0,0.0,19,0,0,0
2021-01-04 19:18:00,0.0,0.0,0.0,0.0,19,0,0,0
2021-01-04 19:19:00,2.0,0.109,0.0,0.0,19,0,0,0
2021-01-04 19:20:00,1.0,0.093,0.0,0.0,19,0,0,0
2021-01-04 19:21:00,1.0,0.124,0.0,0.0,19,0,0,0
2021-01-04 19:22:00,0.0,0.0,0.0,0.0,19,0,0,0
2021-01-04 19:23:00,0.0,0.0,0.0,0.0,19,0,0,0
2021-01-04 19:24:00,2.0,0.1325,0.033234018715767734,0.0,19,0,0,0
2021-01-04 19:25:00,0.0,0.0,0.0,0.0,19,0,0,0
2021-01-04 19:26:00,0.0,0.0,0.0,0.0,19,0,0,0
2021-01-04 19:27:00,0.0,0.0,0.0,0.0,19,0,0,0
2021-01-04 19:28:00,0.0,0.0,0.0,0.0,19,0,0,0
2021-01-04 19:29:00,1.0,0.139,0.0,0.0,19,0,0,0
2021-01-04 19:30:00,0.0,0.0,0.0,0.0,19,0,0,0
2021-01-04 19:31:00,0.0,0.0,0.0,0.0,19,0,0,0
2021-01-04 19:32:00,0.0,0.0,0.0,0.0,19,0,0,0
2021-01-04 19:33:00,2.0,0.125,0.06646803743153547,0.0,19,0,0,0
2021-01-04 19:34:00,1.0,0.078,0.0,0.0,19,0,0,0
2021-01-04 19:35:00,0.0,0.0,0.0,0.0,19,0,0,0
2021-01-04 19:36:00,0.0,0.0,0.0,0.0,19,0,0,0
2021-01-04 19:37:00,0.0,0.0,0.0,0.0,19,0,0,0
2021-01-04 19:38:00,0.0,0.0,0.0,0.0,19,0,0,0
2021-01-04 19:39:00,0.0,0.0,0.0,0.0,19,0,0,0
2021-01-04 19:40:00,0.0,0.0,0.0,0.0,19,0,0,0
2021-01-04 19:41:00,0.0,0.0,0.0,0.0,19,0,0,0
2021-01-04 19:42:00,0.0,0.0,0.0,0.0,19,0,0,0
2021-01-04 19:43:00,0.0,0.0,0.0,0.0,19,0,0,0
2021-01-04 19:44:00,0.0,0.0,0.0,0.0,19,0,0,0
2021-01-04 19:45:00,1.0,0.093,0.0,1.0,19,0,0,0
2021-01-04 19:46:00,0.0,0.0,0.0,0.0,19,0,0,0
2021-01-04 19:47:00,0.0,0.0,0.0,0.0,19,0,0,0
2021-01-04 19:48:00,1.0,0.171,0.0,0.0,19,0,0,0
2021-01-04 19:49:00,1.0,0.14,0.0,0.0,19,0,0,0
2021-01-04 19:50:00,0.0,0.0,0.0,0.0,19,0,0,0
2021-01-04 19:51:00,0.0,0.0,0.0,0.0,19,0,0,0
2021-01-04 19:52:00,0.0,0.0,0.0,0.0,19,0,0,0
2021-01-04 19:53:00,0.0,0.0,0.0,0.0,19,0,0,0
2021-01-04 19:54:00,0.0,0.0,0.0,0.0,19,0,0,0
2021-01-04 19:55:00,0.0,0.0,0.0,0.0,19,0,0,0
2021-01-04 19:56:00,2.0,0.1885,0.09121677477306463,0.0,19,0,0,0
2021-01-04 19:57:00,1.0,0.203,0.0,0.0,19,0,0,0
2021-01-04 19:58:00,0.0,0.0,0.0,0.0,19,0,0,0
2021-01-04 19:59:00,0.0,0.0,0.0,0.0,19,0,0,0
2021-01-04 20:00:00,1.0,0.093,0.0,0.0,20,0,0,0
2021-01-04 20:01:00,0.0,0.0,0.0,0.0,20,0,0,0
2021-01-04 20:02:00,1.0,0.093,0.0,0.0,20,0,0,0
2021-01-04 20:03:00,0.0,0.0,0.0,0.0,20,0,0,0
2021-01-04 20:04:00,1.0,0.078,0.0,0.0,20,0,0,0
2021-01-04 20:05:00,0.0,0.0,0.0,0.0,20,0,0,0
2021-01-04 20:06:00,1.0,0.109,0.0,0.0,20,0,0,0
2021-01-04 20:07:00,0.0,0.0,0.0,0.0,20,0,0,0
2021-01-04 20:08:00,0.0,0.0,0.0,0.0,20,0,0,0
2021-01-04 20:09:00,0.0,0.0,0.0,0.0,20,0,0,0
2021-01-04 20:10:00,0.0,0.0,0.0,0.0,20,0,0,0
2021-01-04 20:11:00,1.0,0.14,0.0,0.0,20,0,0,0
2021-01-04 20:12:00,1.0,0.125,0.0,0.0,20,0,0,0
2021-01-04 20:13:00,1.0,0.187,0.0,0.0,20,0,0,0
2021-01-04 20:14:00,0.0,0.0,0.0,0.0,20,0,0,0
2021-01-04 20:15:00,0.0,0.0,0.0,0.0,20,0,0,0
2021-01-04 20:16:00,2.0,0.1635,0.12091525958289963,0.0,20,0,0,0
2021-01-04 20:17:00,0.0,0.0,0.0,0.0,20,0,0,0
2021-01-04 20:18:00,0.0,0.0,0.0,0.0,20,0,0,0
2021-01-04 20:19:00,0.0,0.0,0.0,0.0,20,0,0,0
2021-01-04 20:20:00,0.0,0.0,0.0,0.0,20,0,0,0
2021-01-04 20:21:00,0.0,0.0,0.0,0.0,20,0,0,0
2021-01-04 20:22:00,0.0,0.0,0.0,0.0,20,0,0,0
2021-01-04 20:23:00,2.0,0.14,0.06646803743153547,0.0,20,0,0,0
2021-01-04 20:24:00,0.0,0.0,0.0,0.0,20,0,0,0
2021-01-04 20:25:00,0.0,0.0,0.0,0.0,20,0,0,0
2021-01-04 20:26:00,1.0,0.077,0.0,0.0,20,0,0,0
2021-01-04 20:27:00,1.0,0.127,0.0,0.0,20,0,0,0
2021-01-04 20:28:00,2.0,0.101,0.011313708498984755,0.0,20,0,0,0
2021-01-04 20:29:00,1.0,0.156,0.0,0.0,20,0,0,0
2021-01-04 20:30:00,0.0,0.0,0.0,0.0,20,0,0,0
2021-01-04 20:31:00,0.0,0.0,0.0,0.0,20,0,0,0
2021-01-04 20:32:00,0.0,0.0,0.0,0.0,20,0,0,0
2021-01-04 20:33:00,0.0,0.0,0.0,0.0,20,0,0,0
2021-01-04 20:34:00,1.0,0.109,0.0,0.0,20,0,0,0
2021-01-04 20:35:00,1.0,0.328,0.0,0.0,20,0,0,0
2021-01-04 20:36:00,2.0,0.0935,0.021920310216782972,0.0,20,0,0,0
2021-01-04 20:37:00,1.0,0.093,0.0,0.0,20,0,0,0
2021-01-04 20:38:00,0.0,0.0,0.0,0.0,20,0,0,0
2021-01-04 20:39:00,1.0,0.109,0.0,0.0,20,0,0,0
2021-01-04 20:40:00,0.0,0.0,0.0,0.0,20,0,0,0
2021-01-04 20:41:00,0.0,0.0,0.0,0.0,20,0,0,0
2021-01-04 20:42:00,1.0,0.093,0.0,0.0,20,0,0,0
2021-01-04 20:43:00,0.0,0.0,0.0,0.0,20,0,0,0
2021-01-04 20:44:00,1.0,0.093,0.0,0.0,20,0,0,0
2021-01-04 20:45:00,1.0,0.109,0.0,0.0,20,0,0,0
2021-01-04 20:46:00,0.0,0.0,0.0,0.0,20,0,0,0
2021-01-04 20:47:00,0.0,0.0,0.0,0.0,20,0,0,0
2021-01-04 20:48:00,1.0,0.109,0.0,0.0,20,0,0,0
2021-01-04 20:49:00,0.0,0.0,0.0,0.0,20,0,0,0
2021-01-04 20:50:00,1.0,0.124,0.0,0.0,20,0,0,0
2021-01-04 20:51:00,0.0,0.0,0.0,0.0,20,0,0,0
2021-01-04 20:52:00,0.0,0.0,0.0,0.0,20,0,0,0
2021-01-04 20:53:00,0.0,0.0,0.0,0.0,20,0,0,0
2021-01-04 20:54:00,2.0,0.1565,0.067175144212722,0.0,20,0,0,0
2021-01-04 20:55:00,0.0,0.0,0.0,0.0,20,0,0,0
2021-01-04 20:56:00,0.0,0.0,0.0,0.0,20,0,0,0
2021-01-04 20:57:00,0.0,0.0,0.0,0.0,20,0,0,0
2021-01-04 20:58:00,0.0,0.0,0.0,0.0,20,0,0,0
2021-01-04 20:59:00,0.0,0.0,0.0,0.0,20,0,0,0
2021-01-04 21:00:00,0.0,0.0,0.0,0.0,21,0,0,0
2021-01-04 21:01:00,0.0,0.0,0.0,0.0,21,0,0,0
2021-01-04 21:02:00,1.0,0.096,0.0,0.0,21,0,0,0
2021-01-04 21:03:00,0.0,0.0,0.0,0.0,21,0,0,0
2021-01-04 21:04:00,0.0,0.0,0.0,0.0,21,0,0,0
2021-01-04 21:05:00,0.0,0.0,0.0,0.0,21,0,0,0
2021-01-04 21:06:00,0.0,0.0,0.0,0.0,21,0,0,0
2021-01-04 21:07:00,0.0,0.0,0.0,0.0,21,0,0,0
2021-01-04 21:08:00,1.0,0.203,0.0,0.0,21,0,0,0
2021-01-04 21:09:00,2.0,0.162,0.09758073580374356,0.0,21,0,0,0
2021-01-04 21:10:00,0.0,0.0,0.0,0.0,21,0,0,0
2021-01-04 21:11:00,2.0,0.15550000000000003,0.021920310216782982,0.0,21,0,0,0
2021-01-04 21:12:00,0.0,0.0,0.0,0.0,21,0,0,0
2021-01-04 21:13:00,1.0,0.093,0.0,0.0,21,0,0,0
2021-01-04 21:14:00,1.0,0.109,0.0,0.0,21,0,0,0
2021-01-04 21:15:00,1.0,0.125,0.0,0.0,21,0,0,0
2021-01-04 21:16:00,0.0,0.0,0.0,0.0,21,0,0,0
2021-01-04 21:17:00,0.0,0.0,0.0,0.0,21,0,0,0
2021-01-04 21:18:00,1.0,0.14,0.0,0.0,21,0,0,0
2021-01-04 21:19:00,1.0,0.109,0.0,0.0,21,0,0,0
2021-01-04 21:20:00,0.0,0.0,0.0,0.0,21,0,0,0
2021-01-04 21:21:00,0.0,0.0,0.0,0.0,21,0,0,0
2021-01-04 21:22:00,1.0,0.124,0.0,0.0,21,0,0,0
2021-01-04 21:23:00,1.0,0.109,0.0,0.0,21,0,0,0
2021-01-04 21:24:00,0.0,0.0,0.0,0.0,21,0,0,0
2021-01-04 21:25:00,0.0,0.0,0.0,0.0,21,0,0,0
2021-01-04 21:26:00,0.0,0.0,0.0,0.0,21,0,0,0
2021-01-04 21:27:00,0.0,0.0,0.0,0.0,21,0,0,0
2021-01-04 21:28:00,1.0,0.109,0.0,0.0,21,0,0,0
2021-01-04 21:29:00,1.0,0.078,0.0,0.0,21,0,0,0
2021-01-04 21:30:00,1.0,0.093,0.0,0.0,21,0,0,0
2021-01-04 21:31:00,1.0,0.093,0.0,0.0,21,0,0,0
2021-01-04 21:32:00,1.0,0.078,0.0,0.0,21,0,0,0
2021-01-04 21:33:00,1.0,0.093,0.0,0.0,21,0,0,0
2021-01-04 21:34:00,0.0,0.0,0.0,0.0,21,0,0,0
2021-01-04 21:35:00,0.0,0.0,0.0,0.0,21,0,0,0
2021-01-04 21:36:00,0.0,0.0,0.0,0.0,21,0,0,0
2021-01-04 21:37:00,1.0,0.109,0.0,0.0,21,0,0,0
2021-01-04 21:38:00,1.0,0.131,0.0,0.0,21,0,0,0
2021-01-04 21:39:00,2.0,0.1955,0.07848885271170676,0.0,21,0,0,0
2021-01-04 21:40:00,1.0,0.109,0.0,0.0,21,0,0,0
2021-01-04 21:41:00,0.0,0.0,0.0,0.0,21,0,0,0
2021-01-04 21:42:00,0.0,0.0,0.0,0.0,21,0,0,0
2021-01-04 21:43:00,0.0,0.0,0.0,0.0,21,0,0,0
2021-01-04 21:44:00,0.0,0.0,0.0,0.0,21,0,0,0
2021-01-04 21:45:00,0.0,0.0,0.0,0.0,21,0,0,0
2021-01-04 21:46:00,0.0,0.0,0.0,0.0,21,0,0,0
2021-01-04 21:47:00,1.0,0.09,0.0,0.0,21,0,0,0
2021-01-04 21:48:00,0.0,0.0,0.0,0.0,21,0,0,0
2021-01-04 21:49:00,0.0,0.0,0.0,0.0,21,0,0,0
2021-01-04 21:50:00,0.0,0.0,0.0,0.0,21,0,0,0
2021-01-04 21:51:00,0.0,0.0,0.0,0.0,21,0,0,0
2021-01-04 21:52:00,0.0,0.0,0.0,0.0,21,0,0,0
2021-01-04 21:53:00,0.0,0.0,0.0,0.0,21,0,0,0
2021-01-04 21:54:00,1.0,0.109,0.0,0.0,21,0,0,0
2021-01-04 21:55:00,0.0,0.0,0.0,0.0,21,0,0,0
2021-01-04 21:56:00,0.0,0.0,0.0,0.0,21,0,0,0
2021-01-04 21:57:00,0.0,0.0,0.0,0.0,21,0,0,0
2021-01-04 21:58:00,0.0,0.0,0.0,0.0,21,0,0,0
2021-01-04 21:59:00,0.0,0.0,0.0,0.0,21,0,0,0
2021-01-04 22:00:00,1.0,0.078,0.0,0.0,22,0,0,0
2021-01-04 22:01:00,0.0,0.0,0.0,0.0,22,0,0,0
2021-01-04 22:02:00,0.0,0.0,0.0,0.0,22,0,0,0
2021-01-04 22:03:00,1.0,0.078,0.0,0.0,22,0,0,0
2021-01-04 22:04:00,0.0,0.0,0.0,0.0,22,0,0,0
2021-01-04 22:05:00,0.0,0.0,0.0,0.0,22,0,0,0
2021-01-04 22:06:00,1.0,0.093,0.0,0.0,22,0,0,0
2021-01-04 22:07:00,1.0,0.296,0.0,0.0,22,0,0,0
2021-01-04 22:08:00,0.0,0.0,0.0,0.0,22,0,0,0
2021-01-04 22:09:00,0.0,0.0,0.0,0.0,22,0,0,0
2021-01-04 22:10:00,0.0,0.0,0.0,0.0,22,0,0,0
2021-01-04 22:11:00,1.0,0.156,0.0,0.0,22,0,0,0
2021-01-04 22:12:00,1.0,0.187,0.0,0.0,22,0,0,0
2021-01-04 22:13:00,1.0,0.076,0.0,0.0,22,0,0,0
2021-01-04 22:14:00,2.0,0.257,0.16546298679765212,0.0,22,0,0,0
2021-01-04 22:15:00,0.0,0.0,0.0,0.0,22,0,0,0
2021-01-04 22:16:00,0.0,0.0,0.0,0.0,22,0,0,0
2021-01-04 22:17:00,1.0,0.093,0.0,0.0,22,0,0,0
2021-01-04 22:18:00,0.0,0.0,0.0,0.0,22,0,0,0
2021-01-04 22:19:00,1.0,0.109,0.0,0.0,22,0,0,0
2021-01-04 22:20:00,1.0,0.14,0.0,0.0,22,0,0,0
2021-01-04 22:21:00,0.0,0.0,0.0,0.0,22,0,0,0
2021-01-04 22:22:00,0.0,0.0,0.0,0.0,22,0,0,0
2021-01-04 22:23:00,0.0,0.0,0.0,0.0,22,0,0,0
2021-01-04 22:24:00,0.0,0.0,0.0,0.0,22,0,0,0
2021-01-04 22:25:00,0.0,0.0,0.0,0.0,22,0,0,0
2021-01-04 22:26:00,0.0,0.0,0.0,0.0,22,0,0,0
2021-01-04 22:27:00,1.0,0.156,0.0,0.0,22,0,0,0
2021-01-04 22:28:00,2.0,0.2185,0.15485638507985391,0.0,22,0,0,0
2021-01-04 22:29:00,1.0,0.093,0.0,0.0,22,0,0,0
2021-01-04 22:30:00,0.0,0.0,0.0,0.0,22,0,0,0
2021-01-04 22:31:00,1.0,0.078,0.0,0.0,22,0,0,0
2021-01-04 22:32:00,2.0,0.1885,0.09121677477306463,0.0,22,0,0,0
2021-01-04 22:33:00,0.0,0.0,0.0,0.0,22,0,0,0
2021-01-04 22:34:00,0.0,0.0,0.0,0.0,22,0,0,0
2021-01-04 22:35:00,0.0,0.0,0.0,0.0,22,0,0,0
2021-01-04 22:36:00,0.0,0.0,0.0,0.0,22,0,0,0
2021-01-04 22:37:00,0.0,0.0,0.0,0.0,22,0,0,0
2021-01-04 22:38:00,1.0,0.125,0.0,0.0,22,0,0,0
2021-01-04 22:39:00,0.0,0.0,0.0,0.0,22,0,0,0
2021-01-04 22:40:00,0.0,0.0,0.0,0.0,22,0,0,0
2021-01-04 22:41:00,0.0,0.0,0.0,0.0,22,0,0,0
2021-01-04 22:42:00,1.0,0.109,0.0,0.0,22,0,0,0
2021-01-04 22:43:00,0.0,0.0,0.0,0.0,22,0,0,0
2021-01-04 22:44:00,1.0,0.093,0.0,0.0,22,0,0,0
2021-01-04 22:45:00,0.0,0.0,0.0,0.0,22,0,0,0
2021-01-04 22:46:00,0.0,0.0,0.0,0.0,22,0,0,0
2021-01-04 22:47:00,0.0,0.0,0.0,0.0,22,0,0,0
2021-01-04 22:48:00,0.0,0.0,0.0,0.0,22,0,0,0
2021-01-04 22:49:00,0.0,0.0,0.0,0.0,22,0,0,0
2021-01-04 22:50:00,0.0,0.0,0.0,0.0,22,0,0,0
2021-01-04 22:51:00,0.0,0.0,0.0,0.0,22,0,0,0
2021-01-04 22:52:00,0.0,0.0,0.0,0.0,22,0,0,0
2021-01-04 22:53:00,0.0,0.0,0.0,0.0,22,0,0,0
2021-01-04 22:54:00,0.0,0.0,0.0,0.0,22,0,0,0
2021-01-04 22:55:00,1.0,0.125,0.0,1.0,22,0,0,0
2021-01-04 22:56:00,1.0,0.078,0.0,0.0,22,0,0,0
2021-01-04 22:57:00,0.0,0.0,0.0,0.0,22,0,0,0
2021-01-04 22:58:00,0.0,0.0,0.0,0.0,22,0,0,0
2021-01-04 22:59:00,0.0,0.0,0.0,0.0,22,0,0,0
2021-01-04 23:00:00,1.0,0.109,0.0,0.0,23,0,0,0
2021-01-04 23:01:00,1.0,0.093,0.0,0.0,23,0,0,0
2021-01-04 23:02:00,1.0,0.109,0.0,0.0,23,0,0,0
2021-01-04 23:03:00,0.0,0.0,0.0,0.0,23,0,0,0
2021-01-04 23:04:00,0.0,0.0,0.0,0.0,23,0,0,0
2021-01-04 23:05:00,1.0,0.109,0.0,0.0,23,0,0,0
2021-01-04 23:06:00,1.0,0.124,0.0,0.0,23,0,0,0
2021-01-04 23:07:00,2.0,0.149,0.03535533905932737,0.0,23,0,0,0
2021-01-04 23:08:00,0.0,0.0,0.0,0.0,23,0,0,0
2021-01-04 23:09:00,1.0,0.129,0.0,0.0,23,0,0,0
2021-01-04 23:10:00,0.0,0.0,0.0,0.0,23,0,0,0
2021-01-04 23:11:00,1.0,0.109,0.0,0.0,23,0,0,0
2021-01-04 23:12:00,0.0,0.0,0.0,0.0,23,0,0,0
2021-01-04 23:13:00,0.0,0.0,0.0,0.0,23,0,0,0
2021-01-04 23:14:00,1.0,0.125,0.0,0.0,23,0,0,0
2021-01-04 23:15:00,0.0,0.0,0.0,0.0,23,0,0,0
2021-01-04 23:16:00,1.0,0.332,0.0,0.0,23,0,0,0
2021-01-04 23:17:00,0.0,0.0,0.0,0.0,23,0,0,0
2021-01-04 23:18:00,1.0,0.093,0.0,0.0,23,0,0,0
2021-01-04 23:19:00,1.0,0.109,0.0,0.0,23,0,0,0
2021-01-04 23:20:00,1.0,0.109,0.0,0.0,23,0,0,0
2021-01-04 23:21:00,1.0,0.187,0.0,0.0,23,0,0,0
2021-01-04 23:22:00,0.0,0.0,0.0,0.0,23,0,0,0
2021-01-04 23:23:00,1.0,0.093,0.0,0.0,23,0,0,0
2021-01-04 23:24:00,1.0,0.124,0.0,0.0,23,0,0,0
2021-01-04 23:25:00,0.0,0.0,0.0,0.0,23,0,0,0
2021-01-04 23:26:00,1.0,0.296,0.0,0.0,23,0,0,0
2021-01-04 23:27:00,0.0,0.0,0.0,0.0,23,0,0,0
2021-01-04 23:28:00,2.0,0.132,0.01131370849898477,0.0,23,0,0,0
2021-01-04 23:29:00,0.0,0.0,0.0,0.0,23,0,0,0
2021-01-04 23:30:00,0.0,0.0,0.0,0.0,23,0,0,0
2021-01-04 23:31:00,0.0,0.0,0.0,0.0,23,0,0,0
2021-01-04 23:32:00,0.0,0.0,0.0,0.0,23,0,0,0
2021-01-04 23:33:00,1.0,0.109,0.0,0.0,23,0,0,0
2021-01-04 23:34:00,0.0,0.0,0.0,0.0,23,0,0,0
2021-01-04 23:35:00,0.0,0.0,0.0,0.0,23,0,0,0
2021-01-04 23:36:00,0.0,0.0,0.0,0.0,23,0,0,0
2021-01-04 23:37:00,0.0,0.0,0.0,0.0,23,0,0,0
2021-01-04 23:38:00,0.0,0.0,0.0,0.0,23,0,0,0
2021-01-04 23:39:00,1.0,0.109,0.0,0.0,23,0,0,0
2021-01-04 23:40:00,0.0,0.0,0.0,0.0,23,0,0,0
2021-01-04 23:41:00,0.0,0.0,0.0,0.0,23,0,0,0
2021-01-04 23:42:00,0.0,0.0,0.0,0.0,23,0,0,0
2021-01-04 23:43:00,0.0,0.0,0.0,0.0,23,0,0,0
2021-01-04 23:44:00,0.0,0.0,0.0,0.0,23,0,0,0
2021-01-04 23:45:00,0.0,0.0,0.0,0.0,23,0,0,0
2021-01-04 23:46:00,1.0,0.171,0.0,0.0,23,0,0,0
2021-01-04 23:47:00,0.0,0.0,0.0,0.0,23,0,0,0
2021-01-04 23:48:00,1.0,0.093,0.0,0.0,23,0,0,0
2021-01-04 23:49:00,2.0,0.11699999999999999,0.05515432893255071,0.0,23,0,0,0
2021-01-04 23:50:00,1.0,0.124,0.0,0.0,23,0,0,0
2021-01-04 23:51:00,0.0,0.0,0.0,0.0,23,0,0,0
2021-01-04 23:52:00,0.0,0.0,0.0,0.0,23,0,0,0
2021-01-04 23:53:00,0.0,0.0,0.0,0.0,23,0,0,0
2021-01-04 23:54:00,1.0,0.109,0.0,0.0,23,0,0,0
2021-01-04 23:55:00,0.0,0.0,0.0,0.0,23,0,0,0
2021-01-04 23:56:00,0.0,0.0,0.0,0.0,23,0,0,0
2021-01-04 23:57:00,0.0,0.0,0.0,0.0,23,0,0,0
2021-01-04 23:58:00,0.0,0.0,0.0,0.0,23,0,0,0
2021-01-04 23:59:00,1.0,0.281,0.0,0.0,23,0,0,0
2021-01-05 00:00:00,0.0,0.0,0.0,0.0,0,1,0,0
2021-01-05 00:01:00,1.0,0.109,0.0,0.0,0,1,0,0
2021-01-05 00:02:00,0.0,0.0,0.0,0.0,0,1,0,0
2021-01-05 00:03:00,1.0,0.124,0.0,0.0,0,1,0,0
2021-01-05 00:04:00,1.0,0.108,0.0,0.0,0,1,0,0
2021-01-05 00:05:00,0.0,0.0,0.0,0.0,0,1,0,0
2021-01-05 00:06:00,0.0,0.0,0.0,0.0,0,1,0,0
2021-01-05 00:07:00,0.0,0.0,0.0,0.0,0,1,0,0
2021-01-05 00:08:00,0.0,0.0,0.0,0.0,0,1,0,0
2021-01-05 00:09:00,0.0,0.0,0.0,0.0,0,1,0,0
2021-01-05 00:10:00,0.0,0.0,0.0,0.0,0,1,0,0
2021-01-05 00:11:00,0.0,0.0,0.0,0.0,0,1,0,0
2021-01-05 00:12:00,0.0,0.0,0.0,0.0,0,1,0,0
2021-01-05 00:13:00,0.0,0.0,0.0,0.0,0,1,0,0
2021-01-05 00:14:00,1.0,0.125,0.0,0.0,0,1,0,0
2021-01-05 00:15:00,0.0,0.0,0.0,0.0,0,1,0,0
2021-01-05 00:16:00,0.0,0.0,0.0,0.0,0,1,0,0
2021-01-05 00:17:00,0.0,0.0,0.0,0.0,0,1,0,0
2021-01-05 00:18:00,0.0,0.0,0.0,0.0,0,1,0,0
2021-01-05 00:19:00,1.0,0.173,0.0,0.0,0,1,0,0
2021-01-05 00:20:00,1.0,0.109,0.0,0.0,0,1,0,0
2021-01-05 00:21:00,1.0,0.203,0.0,0.0,0,1,0,0
2021-01-05 00:22:00,1.0,0.156,0.0,0.0,0,1,0,0
2021-01-05 00:23:00,0.0,0.0,0.0,0.0,0,1,0,0
2021-01-05 00:24:00,1.0,0.109,0.0,0.0,0,1,0,0
2021-01-05 00:25:00,1.0,0.421,0.0,0.0,0,1,0,0
2021-01-05 00:26:00,1.0,0.109,0.0,0.0,0,1,0,0
2021-01-05 00:27:00,1.0,0.119,0.0,0.0,0,1,0,0
2021-01-05 00:28:00,0.0,0.0,0.0,0.0,0,1,0,0
2021-01-05 00:29:00,0.0,0.0,0.0,0.0,0,1,0,0
2021-01-05 00:30:00,0.0,0.0,0.0,0.0,0,1,0,0
2021-01-05 00:31:00,0.0,0.0,0.0,0.0,0,1,0,0
2021-01-05 00:32:00,0.0,0.0,0.0,0.0,0,1,0,0
2021-01-05 00:33:00,0.0,0.0,0.0,0.0,0,1,0,0
2021-01-05 00:34:00,1.0,0.296,0.0,0.0,0,1,0,0
2021-01-05 00:35:00,0.0,0.0,0.0,0.0,0,1,0,0
2021-01-05 00:36:00,0.0,0.0,0.0,0.0,0,1,0,0
2021-01-05 00:37:00,0.0,0.0,0.0,0.0,0,1,0,0
2021-01-05 00:38:00,2.0,0.156,0.0,0.0,0,1,0,0
2021-01-05 00:39:00,0.0,0.0,0.0,0.0,0,1,0,0
2021-01-05 00:40:00,1.0,0.171,0.0,0.0,0,1,0,0
2021-01-05 00:41:00,0.0,0.0,0.0,0.0,0,1,0,0
2021-01-05 00:42:00,0.0,0.0,0.0,0.0,0,1,0,0
2021-01-05 00:43:00,0.0,0.0,0.0,0.0,0,1,0,0
2021-01-05 00:44:00,0.0,0.0,0.0,0.0,0,1,0,0
2021-01-05 00:45:00,0.0,0.0,0.0,0.0,0,1,0,0
2021-01-05 00:46:00,0.0,0.0,0.0,0.0,0,1,0,0
2021-01-05 00:47:00,2.0,0.7829999999999999,0.8867119036079305,0.0,0,1,0,0
2021-01-05 00:48:00,0.0,0.0,0.0,0.0,0,1,0,0
2021-01-05 00:49:00,1.0,0.109,0.0,0.0,0,1,0,0
2021-01-05 00:50:00,0.0,0.0,0.0,0.0,0,1,0,0
2021-01-05 00:51:00,0.0,0.0,0.0,0.0,0,1,0,0
2021-01-05 00:52:00,0.0,0.0,0.0,0.0,0,1,0,0
2021-01-05 00:53:00,0.0,0.0,0.0,0.0,0,1,0,0
2021-01-05 00:54:00,1.0,0.093,0.0,0.0,0,1,0,0
2021-01-05 00:55:00,1.0,0.125,0.0,0.0,0,1,0,0
2021-01-05 00:56:00,0.0,0.0,0.0,0.0,0,1,0,0
2021-01-05 00:57:00,0.0,0.0,0.0,0.0,0,1,0,0
2021-01-05 00:58:00,0.0,0.0,0.0,0.0,0,1,0,0
2021-01-05 00:59:00,1.0,0.191,0.0,0.0,0,1,0,0
2021-01-05 01:00:00,0.0,0.0,0.0,0.0,1,1,0,0
2021-01-05 01:01:00,1.0,0.125,0.0,0.0,1,1,0,0
2021-01-05 01:02:00,0.0,0.0,0.0,0.0,1,1,0,0
2021-01-05 01:03:00,0.0,0.0,0.0,0.0,1,1,0,0
2021-01-05 01:04:00,1.0,0.109,0.0,0.0,1,1,0,0
2021-01-05 01:05:00,1.0,0.234,0.0,0.0,1,1,0,0
2021-01-05 01:06:00,0.0,0.0,0.0,0.0,1,1,0,0
2021-01-05 01:07:00,0.0,0.0,0.0,0.0,1,1,0,0
2021-01-05 01:08:00,0.0,0.0,0.0,0.0,1,1,0,0
2021-01-05 01:09:00,0.0,0.0,0.0,0.0,1,1,0,0
2021-01-05 01:10:00,0.0,0.0,0.0,0.0,1,1,0,0
2021-01-05 01:11:00,1.0,0.109,0.0,0.0,1,1,0,0
2021-01-05 01:12:00,0.0,0.0,0.0,0.0,1,1,0,0
2021-01-05 01:13:00,0.0,0.0,0.0,0.0,1,1,0,0
2021-01-05 01:14:00,1.0,0.25,0.0,0.0,1,1,0,0
2021-01-05 01:15:00,3.0,0.11933333333333333,0.008962886439832502,0.0,1,1,0,0
2021-01-05 01:16:00,1.0,0.125,0.0,0.0,1,1,0,0
2021-01-05 01:17:00,0.0,0.0,0.0,0.0,1,1,0,0
2021-01-05 01:18:00,0.0,0.0,0.0,0.0,1,1,0,0
2021-01-05 01:19:00,2.0,0.101,0.011313708498984765,0.0,1,1,0,0
2021-01-05 01:20:00,0.0,0.0,0.0,0.0,1,1,0,0
2021-01-05 01:21:00,0.0,0.0,0.0,0.0,1,1,0,0
2021-01-05 01:22:00,0.0,0.0,0.0,0.0,1,1,0,0
2021-01-05 01:23:00,0.0,0.0,0.0,0.0,1,1,0,0
2021-01-05 01:24:00,0.0,0.0,0.0,0.0,1,1,0,0
2021-01-05 01:25:00,1.0,0.086,0.0,0.0,1,1,0,0
2021-01-05 01:26:00,3.0,0.10866666666666668,0.01550268793897798,0.0,1,1,0,0
2021-01-05 01:27:00,0.0,0.0,0.0,0.0,1,1,0,0
2021-01-05 01:28:00,0.0,0.0,0.0,0.0,1,1,0,0
2021-01-05 01:29:00,0.0,0.0,0.0,0.0,1,1,0,0
2021-01-05 01:30:00,3.0,0.15566666666666668,0.06825198409814424,0.0,1,1,0,0
2021-01-05 01:31:00,0.0,0.0,0.0,0.0,1,1,0,0
2021-01-05 01:32:00,1.0,0.093,0.0,0.0,1,1,0,0
2021-01-05 01:33:00,0.0,0.0,0.0,0.0,1,1,0,0
2021-01-05 01:34:00,0.0,0.0,0.0,0.0,1,1,0,0
2021-01-05 01:35:00,0.0,0.0,0.0,0.0,1,1,0,0
2021-01-05 01:36:00,3.0,0.11933333333333333,0.008962886439832502,0.0,1,1,0,0
2021-01-05 01:37:00,0.0,0.0,0.0,0.0,1,1,0,0
2021-01-05 01:38:00,0.0,0.0,0.0,0.0,1,1,0,0
2021-01-05 01:39:00,0.0,0.0,0.0,0.0,1,1,0,0
2021-01-05 01:40:00,2.0,0.1245,0.02192031021678298,0.0,1,1,0,0
2021-01-05 01:41:00,1.0,0.265,0.0,0.0,1,1,0,0
2021-01-05 01:42:00,1.0,0.093,0.0,0.0,1,1,0,0
2021-01-05 01:43:00,2.0,0.101,0.011313708498984765,0.0,1,1,0,0
2021-01-05 01:44:00,0.0,0.0,0.0,0.0,1,1,0,0
2021-01-05 01:45:00,0.0,0.0,0.0,0.0,1,1,0,0
2021-01-05 01:46:00,0.0,0.0,0.0,0.0,1,1,0,0
2021-01-05 01:47:00,0.0,0.0,0.0,0.0,1,1,0,0
2021-01-05 01:48:00,2.0,0.12,0.015556349186104044,0.0,1,1,0,0
2021-01-05 01:49:00,2.0,0.14800000000000002,0.0325269119345812,0.0,1,1,0,0
2021-01-05 01:50:00,0.0,0.0,0.0,0.0,1,1,0,0
2021-01-05 01:51:00,0.0,0.0,0.0,0.0,1,1,0,0
2021-01-05 01:52:00,1.0,0.101,0.0,0.0,1,1,0,0
2021-01-05 01:53:00,0.0,0.0,0.0,0.0,1,1,0,0
2021-01-05 01:54:00,1.0,0.124,0.0,0.0,1,1,0,0
2021-01-05 01:55:00,0.0,0.0,0.0,0.0,1,1,0,0
2021-01-05 01:56:00,0.0,0.0,0.0,0.0,1,1,0,0
2021-01-05 01:57:00,1.0,0.265,0.0,0.0,1,1,0,0
2021-01-05 01:58:00,0.0,0.0,0.0,0.0,1,1,0,0
2021-01-05 01:59:00,0.0,0.0,0.0,0.0,1,1,0,0
2021-01-05 02:00:00,0.0,0.0,0.0,0.0,2,1,0,0
2021-01-05 02:01:00,1.0,0.171,0.0,0.0,2,1,0,0
2021-01-05 02:02:00,5.0,0.13740000000000002,0.033178306165324356,0.0,2,1,0,0
2021-01-05 02:03:00,4.0,0.152,0.05741660619251773,0.0,2,1,0,0
2021-01-05 02:04:00,5.0,0.1274,0.03386443562205046,0.0,2,1,0,0
2021-01-05 02:05:00,1.0,0.109,0.0,0.0,2,1,0,0
2021-01-05 02:06:00,2.0,0.101,0.011313708498984755,0.0,2,1,0,0
2021-01-05 02:07:00,1.0,0.158,0.0,0.0,2,1,0,0
2021-01-05 02:08:00,0.0,0.0,0.0,0.0,2,1,0,0
2021-01-05 02:09:00,3.0,0.10666666666666667,0.016502525059315414,0.0,2,1,0,0
2021-01-05 02:10:00,2.0,0.109,0.02262741699796952,0.0,2,1,0,0
2021-01-05 02:11:00,0.0,0.0,0.0,0.0,2,1,0,0
2021-01-05 02:12:00,1.0,0.109,0.0,0.0,2,1,0,0
2021-01-05 02:13:00,0.0,0.0,0.0,0.0,2,1,0,0
2021-01-05 02:14:00,0.0,0.0,0.0,0.0,2,1,0,0
2021-01-05 02:15:00,0.0,0.0,0.0,0.0,2,1,0,0
2021-01-05 02:16:00,0.0,0.0,0.0,0.0,2,1,0,0
2021-01-05 02:17:00,2.0,0.109,0.0,0.0,2,1,0,0
2021-01-05 02:18:00,1.0,0.124,0.0,0.0,2,1,0,0
2021-01-05 02:19:00,2.0,0.1245,0.0007071067811865482,0.0,2,1,0,0
2021-01-05 02:20:00,1.0,0.109,0.0,0.0,2,1,0,0
2021-01-05 02:21:00,2.0,0.1335,0.03181980515339463,0.0,2,1,0,0
2021-01-05 02:22:00,1.0,0.093,0.0,0.0,2,1,0,0
2021-01-05 02:23:00,1.0,0.106,0.0,0.0,2,1,0,0
2021-01-05 02:24:00,1.0,0.125,0.0,0.0,2,1,0,0
2021-01-05 02:25:00,0.0,0.0,0.0,0.0,2,1,0,0
2021-01-05 02:26:00,1.0,0.109,0.0,0.0,2,1,0,0
2021-01-05 02:27:00,0.0,0.0,0.0,0.0,2,1,0,0
2021-01-05 02:28:00,1.0,0.093,0.0,0.0,2,1,0,0
2021-01-05 02:29:00,2.0,0.1245,0.044547727214752496,0.0,2,1,0,0
2021-01-05 02:30:00,1.0,0.112,0.0,0.0,2,1,0,0
2021-01-05 02:31:00,1.0,0.109,0.0,0.0,2,1,0,0
2021-01-05 02:32:00,1.0,0.241,0.0,0.0,2,1,0,0
2021-01-05 02:33:00,2.0,0.1325,0.03323401871576773,0.0,2,1,0,0
2021-01-05 02:34:00,0.0,0.0,0.0,0.0,2,1,0,0
2021-01-05 02:35:00,0.0,0.0,0.0,0.0,2,1,0,0
2021-01-05 02:36:00,0.0,0.0,0.0,0.0,2,1,0,0
2021-01-05 02:37:00,1.0,0.109,0.0,0.0,2,1,0,0
2021-01-05 02:38:00,1.0,0.109,0.0,0.0,2,1,0,0
2021-01-05 02:39:00,1.0,0.093,0.0,0.0,2,1,0,0
2021-01-05 02:40:00,0.0,0.0,0.0,0.0,2,1,0,0
2021-01-05 02:41:00,0.0,0.0,0.0,0.0,2,1,0,0
2021-01-05 02:42:00,0.0,0.0,0.0,0.0,2,1,0,0
2021-01-05 02:43:00,0.0,0.0,0.0,0.0,2,1,0,0
2021-01-05 02:44:00,0.0,0.0,0.0,0.0,2,1,0,0
2021-01-05 02:45:00,0.0,0.0,0.0,0.0,2,1,0,0
2021-01-05 02:46:00,1.0,0.109,0.0,0.0,2,1,0,0
2021-01-05 02:47:00,0.0,0.0,0.0,0.0,2,1,0,0
2021-01-05 02:48:00,0.0,0.0,0.0,0.0,2,1,0,0
2021-01-05 02:49:00,0.0,0.0,0.0,0.0,2,1,0,0
2021-01-05 02:50:00,1.0,0.158,0.0,0.0,2,1,0,0
2021-01-05 02:51:00,1.0,0.14,0.0,0.0,2,1,0,0
2021-01-05 02:52:00,1.0,0.109,0.0,0.0,2,1,0,0
2021-01-05 02:53:00,0.0,0.0,0.0,0.0,2,1,0,0
2021-01-05 02:54:00,2.0,0.11699999999999999,0.011313708498984755,0.0,2,1,0,0
2021-01-05 02:55:00,0.0,0.0,0.0,0.0,2,1,0,0
2021-01-05 02:56:00,1.0,0.124,0.0,0.0,2,1,0,0
2021-01-05 02:57:00,1.0,0.125,0.0,0.0,2,1,0,0
2021-01-05 02:58:00,0.0,0.0,0.0,0.0,2,1,0,0
2021-01-05 02:59:00,2.0,0.1325,0.03323401871576773,0.0,2,1,0,0
2021-01-05 03:00:00,1.0,0.11,0.0,0.0,3,1,0,0
2021-01-05 03:01:00,1.0,0.125,0.0,0.0,3,1,0,0
2021-01-05 03:02:00,0.0,0.0,0.0,0.0,3,1,0,0
2021-01-05 03:03:00,0.0,0.0,0.0,0.0,3,1,0,0
2021-01-05 03:04:00,1.0,0.109,0.0,0.0,3,1,0,0
2021-01-05 03:05:00,1.0,0.109,0.0,0.0,3,1,0,0
2021-01-05 03:06:00,2.0,0.14750000000000002,0.033234018715767734,0.0,3,1,0,0
2021-01-05 03:07:00,0.0,0.0,0.0,0.0,3,1,0,0
2021-01-05 03:08:00,3.0,0.11933333333333333,0.01789785834487841,0.0,3,1,0,0
2021-01-05 03:09:00,3.0,0.11933333333333333,0.032746501085357704,0.0,3,1,0,0
2021-01-05 03:10:00,0.0,0.0,0.0,0.0,3,1,0,0
2021-01-05 03:11:00,0.0,0.0,0.0,0.0,3,1,0,0
2021-01-05 03:12:00,3.0,0.12966666666666668,0.008082903768654769,0.0,3,1,0,0
2021-01-05 03:13:00,0.0,0.0,0.0,0.0,3,1,0,0
2021-01-05 03:14:00,1.0,0.171,0.0,0.0,3,1,0,0
2021-01-05 03:15:00,0.0,0.0,0.0,0.0,3,1,0,0
2021-01-05 03:16:00,0.0,0.0,0.0,0.0,3,1,0,0
2021-01-05 03:17:00,1.0,0.156,0.0,0.0,3,1,0,0
2021-01-05 03:18:00,1.0,0.125,0.0,0.0,3,1,0,0
2021-01-05 03:19:00,0.0,0.0,0.0,0.0,3,1,0,0
2021-01-05 03:20:00,1.0,0.089,0.0,0.0,3,1,0,0
2021-01-05 03:21:00,1.0,0.109,0.0,0.0,3,1,0,0
2021-01-05 03:22:00,2.0,0.312,0.15414927829866734,0.0,3,1,0,0
2021-01-05 03:23:00,0.0,0.0,0.0,0.0,3,1,0,0
2021-01-05 03:24:00,0.0,0.0,0.0,0.0,3,1,0,0
2021-01-05 03:25:00,1.0,0.093,0.0,0.0,3,1,0,0
2021-01-05 03:26:00,0.0,0.0,0.0,0.0,3,1,0,0
2021-01-05 03:27:00,0.0,0.0,0.0,0.0,3,1,0,0
2021-01-05 03:28:00,2.0,0.0935,0.021920310216782972,0.0,3,1,0,0
2021-01-05 03:29:00,2.0,0.0935,0.021920310216782972,0.0,3,1,0,0
2021-01-05 03:30:00,2.0,0.1325,0.010606601717798222,0.0,3,1,0,0
2021-01-05 03:31:00,0.0,0.0,0.0,0.0,3,1,0,0
2021-01-05 03:32:00,1.0,0.14,0.0,0.0,3,1,0,0
2021-01-05 03:33:00,2.0,0.08549999999999999,0.010606601717798208,0.0,3,1,0,0
2021-01-05 03:34:00,1.0,0.125,0.0,0.0,3,1,0,0
2021-01-05 03:35:00,0.0,0.0,0.0,0.0,3,1,0,0
2021-01-05 03:36:00,1.0,0.161,0.0,0.0,3,1,0,0
2021-01-05 03:37:00,0.0,0.0,0.0,0.0,3,1,0,0
2021-01-05 03:38:00,0.0,0.0,0.0,0.0,3,1,0,0
2021-01-05 03:39:00,1.0,0.109,0.0,0.0,3,1,0,0
2021-01-05 03:40:00,0.0,0.0,0.0,0.0,3,1,0,0
2021-01-05 03:41:00,0.0,0.0,0.0,0.0,3,1,0,0
2021-01-05 03:42:00,2.0,0.1165,0.03323401871576774,0.0,3,1,0,0
2021-01-05 03:43:00,2.0,0.0935,0.021920310216782972,0.0,3,1,0,0
2021-01-05 03:44:00,1.0,0.156,0.0,0.0,3,1,0,0
2021-01-05 03:45:00,0.0,0.0,0.0,0.0,3,1,0,0
2021-01-05 03:46:00,1.0,0.082,0.0,0.0,3,1,0,0
2021-01-05 03:47:00,0.0,0.0,0.0,0.0,3,1,0,0
2021-01-05 03:48:00,0.0,0.0,0.0,0.0,3,1,0,0
2021-01-05 03:49:00,2.0,0.1245,0.044547727214752496,0.0,3,1,0,0
2021-01-05 03:50:00,0.0,0.0,0.0,0.0,3,1,0,0
2021-01-05 03:51:00,1.0,0.109,0.0,0.0,3,1,0,0
2021-01-05 03:52:00,2.0,0.21900000000000003,0.06788225099390856,0.0,3,1,0,0
2021-01-05 03:53:00,0.0,0.0,0.0,0.0,3,1,0,0
2021-01-05 03:54:00,0.0,0.0,0.0,0.0,3,1,0,0
2021-01-05 03:55:00,1.0,0.125,0.0,0.0,3,1,0,0
2021-01-05 03:56:00,1.0,0.14,0.0,0.0,3,1,0,0
2021-01-05 03:57:00,0.0,0.0,0.0,0.0,3,1,0,0
2021-01-05 03:58:00,1.0,0.109,0.0,0.0,3,1,0,0
2021-01-05 03:59:00,0.0,0.0,0.0,0.0,3,1,0,0
2021-01-05 04:00:00,1.0,0.14,0.0,0.0,4,1,0,0
2021-01-05 04:01:00,0.0,0.0,0.0,0.0,4,1,0,0
2021-01-05 04:02:00,0.0,0.0,0.0,0.0,4,1,0,0
2021-01-05 04:03:00,1.0,0.109,0.0,0.0,4,1,0,0
2021-01-05 04:04:00,0.0,0.0,0.0,0.0,4,1,0,0
2021-01-05 04:05:00,0.0,0.0,0.0,0.0,4,1,0,0
2021-01-05 04:06:00,2.0,0.11750000000000001,0.03181980515339465,0.0,4,1,0,0
2021-01-05 04:07:00,2.0,0.094,0.02262741699796952,0.0,4,1,0,0
2021-01-05 04:08:00,0.0,0.0,0.0,0.0,4,1,0,0
2021-01-05 04:09:00,0.0,0.0,0.0,0.0,4,1,0,0
2021-01-05 04:10:00,0.0,0.0,0.0,0.0,4,1,0,0
2021-01-05 04:11:00,2.0,0.08549999999999999,0.010606601717798217,0.0,4,1,0,0
2021-01-05 04:12:00,2.0,0.1775,0.10677312395916869,0.0,4,1,0,0
2021-01-05 04:13:00,1.0,0.093,0.0,0.0,4,1,0,0
2021-01-05 04:14:00,1.0,0.249,0.0,0.0,4,1,0,0
2021-01-05 04:15:00,1.0,0.078,0.0,0.0,4,1,0,0
2021-01-05 04:16:00,2.0,0.14,0.02262741699796953,0.0,4,1,0,0
2021-01-05 04:17:00,1.0,0.125,0.0,0.0,4,1,0,0
2021-01-05 04:18:00,1.0,0.093,0.0,0.0,4,1,0,0
2021-01-05 04:19:00,0.0,0.0,0.0,0.0,4,1,0,0
2021-01-05 04:20:00,0.0,0.0,0.0,0.0,4,1,0,0
2021-01-05 04:21:00,1.0,0.125,0.0,0.0,4,1,0,0
2021-01-05 04:22:00,0.0,0.0,0.0,0.0,4,1,0,0
2021-01-05 04:23:00,1.0,0.109,0.0,0.0,4,1,0,0
2021-01-05 04:24:00,0.0,0.0,0.0,0.0,4,1,0,0
2021-01-05 04:25:00,1.0,0.093,0.0,0.0,4,1,0,0
2021-01-05 04:26:00,1.0,0.093,0.0,0.0,4,1,0,0
2021-01-05 04:27:00,0.0,0.0,0.0,0.0,4,1,0,0
2021-01-05 04:28:00,0.0,0.0,0.0,0.0,4,1,0,0
2021-01-05 04:29:00,0.0,0.0,0.0,0.0,4,1,0,0
2021-01-05 04:30:00,1.0,0.093,0.0,0.0,4,1,0,0
2021-01-05 04:31:00,0.0,0.0,0.0,0.0,4,1,0,0
2021-01-05 04:32:00,1.0,0.125,0.0,0.0,4,1,0,0
2021-01-05 04:33:00,0.0,0.0,0.0,0.0,4,1,0,0
2021-01-05 04:34:00,0.0,0.0,0.0,0.0,4,1,0,0
2021-01-05 04:35:00,2.0,0.1,0.009899494936611668,0.0,4,1,0,0
2021-01-05 04:36:00,0.0,0.0,0.0,0.0,4,1,0,0
2021-01-05 04:37:00,2.0,0.08499999999999999,0.00989949493661166,0.0,4,1,0,0
2021-01-05 04:38:00,1.0,0.078,0.0,0.0,4,1,0,0
2021-01-05 04:39:00,0.0,0.0,0.0,0.0,4,1,0,0
2021-01-05 04:40:00,0.0,0.0,0.0,0.0,4,1,0,0
2021-01-05 04:41:00,0.0,0.0,0.0,0.0,4,1,0,0
2021-01-05 04:42:00,0.0,0.0,0.0,0.0,4,1,0,0
2021-01-05 04:43:00,0.0,0.0,0.0,0.0,4,1,0,0
2021-01-05 04:44:00,0.0,0.0,0.0,0.0,4,1,0,0
2021-01-05 04:45:00,2.0,0.15550000000000003,0.021920310216782982,0.0,4,1,0,0
2021-01-05 04:46:00,0.0,0.0,0.0,0.0,4,1,0,0
2021-01-05 04:47:00,0.0,0.0,0.0,0.0,4,1,0,0
2021-01-05 04:48:00,0.0,0.0,0.0,0.0,4,1,0,0
2021-01-05 04:49:00,0.0,0.0,0.0,0.0,4,1,0,0
2021-01-05 04:50:00,0.0,0.0,0.0,0.0,4,1,0,0
2021-01-05 04:51:00,0.0,0.0,0.0,0.0,4,1,0,0
2021-01-05 04:52:00,2.0,0.1475,0.0997020561473032,0.0,4,1,0,0
2021-01-05 04:53:00,1.0,0.093,0.0,0.0,4,1,0,0
2021-01-05 04:54:00,1.0,0.109,0.0,0.0,4,1,0,0
2021-01-05 04:55:00,0.0,0.0,0.0,0.0,4,1,0,0
2021-01-05 04:56:00,0.0,0.0,0.0,0.0,4,1,0,0
2021-01-05 04:57:00,0.0,0.0,0.0,0.0,4,1,0,0
2021-01-05 04:58:00,1.0,0.124,0.0,0.0,4,1,0,0
2021-01-05 04:59:00,2.0,0.101,0.03252691193458118,0.0,4,1,0,0
2021-01-05 05:00:00,0.0,0.0,0.0,0.0,5,1,0,0
2021-01-05 05:01:00,1.0,0.125,0.0,0.0,5,1,0,0
2021-01-05 05:02:00,1.0,0.139,0.0,0.0,5,1,0,0
2021-01-05 05:03:00,1.0,0.605,0.0,0.0,5,1,0,0
2021-01-05 05:04:00,0.0,0.0,0.0,0.0,5,1,0,0
2021-01-05 05:05:00,0.0,0.0,0.0,0.0,5,1,0,0
2021-01-05 05:06:00,1.0,0.109,0.0,0.0,5,1,0,0
2021-01-05 05:07:00,1.0,0.161,0.0,0.0,5,1,0,0
2021-01-05 05:08:00,1.0,0.109,0.0,0.0,5,1,0,0
2021-01-05 05:09:00,1.0,0.078,0.0,0.0,5,1,0,0
2021-01-05 05:10:00,3.0,0.13233333333333333,0.020984120980716187,0.0,5,1,0,0
2021-01-05 05:11:00,0.0,0.0,0.0,0.0,5,1,0,0
2021-01-05 05:12:00,1.0,0.078,0.0,0.0,5,1,0,0
2021-01-05 05:13:00,1.0,0.142,0.0,0.0,5,1,0,0
2021-01-05 05:14:00,0.0,0.0,0.0,0.0,5,1,0,0
2021-01-05 05:15:00,2.0,0.1245,0.044547727214752496,0.0,5,1,0,0
2021-01-05 05:16:00,0.0,0.0,0.0,0.0,5,1,0,0
2021-01-05 05:17:00,0.0,0.0,0.0,0.0,5,1,0,0
2021-01-05 05:18:00,0.0,0.0,0.0,0.0,5,1,0,0
2021-01-05 05:19:00,0.0,0.0,0.0,0.0,5,1,0,0
2021-01-05 05:20:00,0.0,0.0,0.0,0.0,5,1,0,0
2021-01-05 05:21:00,0.0,0.0,0.0,0.0,5,1,0,0
2021-01-05 05:22:00,0.0,0.0,0.0,0.0,5,1,0,0
2021-01-05 05:23:00,1.0,0.078,0.0,0.0,5,1,0,0
2021-01-05 05:24:00,1.0,0.312,0.0,0.0,5,1,0,0
2021-01-05 05:25:00,1.0,0.175,0.0,0.0,5,1,0,0
2021-01-05 05:26:00,0.0,0.0,0.0,0.0,5,1,0,0
2021-01-05 05:27:00,1.0,0.062,0.0,0.0,5,1,0,0
2021-01-05 05:28:00,0.0,0.0,0.0,0.0,5,1,0,0
2021-01-05 05:29:00,1.0,0.093,0.0,0.0,5,1,0,0
2021-01-05 05:30:00,0.0,0.0,0.0,0.0,5,1,0,0
2021-01-05 05:31:00,1.0,0.109,0.0,0.0,5,1,0,0
2021-01-05 05:32:00,0.0,0.0,0.0,0.0,5,1,0,0
2021-01-05 05:33:00,0.0,0.0,0.0,0.0,5,1,0,0
2021-01-05 05:34:00,0.0,0.0,0.0,0.0,5,1,0,0
2021-01-05 05:35:00,0.0,0.0,0.0,0.0,5,1,0,0
2021-01-05 05:36:00,0.0,0.0,0.0,0.0,5,1,0,0
2021-01-05 05:37:00,0.0,0.0,0.0,0.0,5,1,0,0
2021-01-05 05:38:00,1.0,0.093,0.0,0.0,5,1,0,0
2021-01-05 05:39:00,1.0,0.093,0.0,0.0,5,1,0,0
2021-01-05 05:40:00,2.0,0.109,0.0,0.0,5,1,0,0
2021-01-05 05:41:00,0.0,0.0,0.0,0.0,5,1,0,0
2021-01-05 05:42:00,0.0,0.0,0.0,0.0,5,1,0,0
2021-01-05 05:43:00,1.0,0.093,0.0,0.0,5,1,0,0
2021-01-05 05:44:00,1.0,0.093,0.0,0.0,5,1,0,0
2021-01-05 05:45:00,0.0,0.0,0.0,0.0,5,1,0,0
2021-01-05 05:46:00,0.0,0.0,0.0,0.0,5,1,0,0
2021-01-05 05:47:00,0.0,0.0,0.0,0.0,5,1,0,0
2021-01-05 05:48:00,2.0,0.0935,0.021920310216782972,0.0,5,1,0,0
2021-01-05 05:49:00,1.0,0.094,0.0,0.0,5,1,0,0
2021-01-05 05:50:00,0.0,0.0,0.0,0.0,5,1,0,0
2021-01-05 05:51:00,0.0,0.0,0.0,0.0,5,1,0,0
2021-01-05 05:52:00,0.0,0.0,0.0,0.0,5,1,0,0
2021-01-05 05:53:00,0.0,0.0,0.0,0.0,5,1,0,0
2021-01-05 05:54:00,0.0,0.0,0.0,0.0,5,1,0,0
2021-01-05 05:55:00,0.0,0.0,0.0,0.0,5,1,0,0
2021-01-05 05:56:00,0.0,0.0,0.0,0.0,5,1,0,0
2021-01-05 05:57:00,1.0,0.1,0.0,0.0,5,1,0,0
2021-01-05 05:58:00,0.0,0.0,0.0,0.0,5,1,0,0
2021-01-05 05:59:00,0.0,0.0,0.0,0.0,5,1,0,0
2021-01-05 06:00:00,1.0,0.219,0.0,0.0,6,1,0,0
2021-01-05 06:01:00,1.0,0.093,0.0,0.0,6,1,0,0
2021-01-05 06:02:00,1.0,0.124,0.0,0.0,6,1,0,0
2021-01-05 06:03:00,0.0,0.0,0.0,0.0,6,1,0,0
2021-01-05 06:04:00,1.0,0.078,0.0,0.0,6,1,0,0
2021-01-05 06:05:00,0.0,0.0,0.0,0.0,6,1,0,0
2021-01-05 06:06:00,0.0,0.0,0.0,0.0,6,1,0,0
2021-01-05 06:07:00,0.0,0.0,0.0,0.0,6,1,0,0
2021-01-05 06:08:00,1.0,0.093,0.0,0.0,6,1,0,0
2021-01-05 06:09:00,0.0,0.0,0.0,0.0,6,1,0,0
2021-01-05 06:10:00,0.0,0.0,0.0,0.0,6,1,0,0
2021-01-05 06:11:00,0.0,0.0,0.0,0.0,6,1,0,0
2021-01-05 06:12:00,1.0,0.082,0.0,0.0,6,1,0,0
2021-01-05 06:13:00,0.0,0.0,0.0,0.0,6,1,0,0
2021-01-05 06:14:00,0.0,0.0,0.0,0.0,6,1,0,0
2021-01-05 06:15:00,0.0,0.0,0.0,0.0,6,1,0,0
2021-01-05 06:16:00,0.0,0.0,0.0,0.0,6,1,0,0
2021-01-05 06:17:00,0.0,0.0,0.0,0.0,6,1,0,0
2021-01-05 06:18:00,0.0,0.0,0.0,0.0,6,1,0,0
2021-01-05 06:19:00,0.0,0.0,0.0,0.0,6,1,0,0
2021-01-05 06:20:00,1.0,0.078,0.0,0.0,6,1,0,0
2021-01-05 06:21:00,0.0,0.0,0.0,0.0,6,1,0,0
2021-01-05 06:22:00,0.0,0.0,0.0,0.0,6,1,0,0
2021-01-05 06:23:00,0.0,0.0,0.0,0.0,6,1,0,0
2021-01-05 06:24:00,1.0,0.124,0.0,0.0,6,1,0,0
2021-01-05 06:25:00,0.0,0.0,0.0,0.0,6,1,0,0
2021-01-05 06:26:00,0.0,0.0,0.0,0.0,6,1,0,0
2021-01-05 06:27:00,0.0,0.0,0.0,0.0,6,1,0,0
2021-01-05 06:28:00,1.0,0.109,0.0,0.0,6,1,0,0
2021-01-05 06:29:00,0.0,0.0,0.0,0.0,6,1,0,0
2021-01-05 06:30:00,1.0,0.109,0.0,0.0,6,1,0,0
2021-01-05 06:31:00,1.0,0.218,0.0,0.0,6,1,0,0
2021-01-05 06:32:00,0.0,0.0,0.0,0.0,6,1,0,0
2021-01-05 06:33:00,0.0,0.0,0.0,0.0,6,1,0,0
2021-01-05 06:34:00,0.0,0.0,0.0,0.0,6,1,0,0
2021-01-05 06:35:00,1.0,0.122,0.0,0.0,6,1,0,0
2021-01-05 06:36:00,0.0,0.0,0.0,0.0,6,1,0,0
2021-01-05 06:37:00,0.0,0.0,0.0,0.0,6,1,0,0
2021-01-05 06:38:00,0.0,0.0,0.0,0.0,6,1,0,0
2021-01-05 06:39:00,0.0,0.0,0.0,0.0,6,1,0,0
2021-01-05 06:40:00,0.0,0.0,0.0,0.0,6,1,0,0
2021-01-05 06:41:00,0.0,0.0,0.0,0.0,6,1,0,0
2021-01-05 06:42:00,0.0,0.0,0.0,0.0,6,1,0,0
2021-01-05 06:43:00,0.0,0.0,0.0,0.0,6,1,0,0
2021-01-05 06:44:00,0.0,0.0,0.0,0.0,6,1,0,0
2021-01-05 06:45:00,0.0,0.0,0.0,0.0,6,1,0,0
2021-01-05 06:46:00,0.0,0.0,0.0,0.0,6,1,0,0
2021-01-05 06:47:00,0.0,0.0,0.0,0.0,6,1,0,0
2021-01-05 06:48:00,0.0,0.0,0.0,0.0,6,1,0,0
2021-01-05 06:49:00,0.0,0.0,0.0,0.0,6,1,0,0
2021-01-05 06:50:00,1.0,0.062,0.0,1.0,6,1,0,0
2021-01-05 06:51:00,0.0,0.0,0.0,0.0,6,1,0,0
2021-01-05 06:52:00,0.0,0.0,0.0,0.0,6,1,0,0
2021-01-05 06:53:00,0.0,0.0,0.0,0.0,6,1,0,0
2021-01-05 06:54:00,0.0,0.0,0.0,0.0,6,1,0,0
2021-01-05 06:55:00,0.0,0.0,0.0,0.0,6,1,0,0
2021-01-05 06:56:00,0.0,0.0,0.0,0.0,6,1,0,0
2021-01-05 06:57:00,0.0,0.0,0.0,0.0,6,1,0,0
2021-01-05 06:58:00,1.0,0.096,0.0,0.0,6,1,0,0
2021-01-05 06:59:00,0.0,0.0,0.0,0.0,6,1,0,0
2021-01-05 07:00:00,0.0,0.0,0.0,0.0,7,1,0,0
2021-01-05 07:01:00,0.0,0.0,0.0,0.0,7,1,0,0
2021-01-05 07:02:00,0.0,0.0,0.0,0.0,7,1,0,0
2021-01-05 07:03:00,0.0,0.0,0.0,0.0,7,1,0,0
2021-01-05 07:04:00,0.0,0.0,0.0,0.0,7,1,0,0
2021-01-05 07:05:00,1.0,0.093,0.0,0.0,7,1,0,0
2021-01-05 07:06:00,0.0,0.0,0.0,0.0,7,1,0,0
2021-01-05 07:07:00,0.0,0.0,0.0,0.0,7,1,0,0
2021-01-05 07:08:00,0.0,0.0,0.0,0.0,7,1,0,0
2021-01-05 07:09:00,0.0,0.0,0.0,0.0,7,1,0,0
2021-01-05 07:10:00,0.0,0.0,0.0,0.0,7,1,0,0
2021-01-05 07:11:00,0.0,0.0,0.0,0.0,7,1,0,0
2021-01-05 07:12:00,1.0,0.109,0.0,0.0,7,1,0,0
2021-01-05 07:13:00,1.0,0.093,0.0,0.0,7,1,0,0
2021-01-05 07:14:00,0.0,0.0,0.0,0.0,7,1,0,0
2021-01-05 07:15:00,1.0,0.132,0.0,0.0,7,1,0,0
2021-01-05 07:16:00,1.0,0.265,0.0,0.0,7,1,0,0
2021-01-05 07:17:00,0.0,0.0,0.0,0.0,7,1,0,0
2021-01-05 07:18:00,0.0,0.0,0.0,0.0,7,1,0,0
2021-01-05 07:19:00,0.0,0.0,0.0,0.0,7,1,0,0
2021-01-05 07:20:00,1.0,0.062,0.0,0.0,7,1,0,0
2021-01-05 07:21:00,0.0,0.0,0.0,0.0,7,1,0,0
2021-01-05 07:22:00,0.0,0.0,0.0,0.0,7,1,0,0
2021-01-05 07:23:00,0.0,0.0,0.0,0.0,7,1,0,0
2021-01-05 07:24:00,1.0,0.062,0.0,0.0,7,1,0,0
2021-01-05 07:25:00,0.0,0.0,0.0,0.0,7,1,0,0
2021-01-05 07:26:00,0.0,0.0,0.0,0.0,7,1,0,0
2021-01-05 07:27:00,0.0,0.0,0.0,0.0,7,1,0,0
2021-01-05 07:28:00,0.0,0.0,0.0,0.0,7,1,0,0
2021-01-05 07:29:00,0.0,0.0,0.0,0.0,7,1,0,0
2021-01-05 07:30:00,3.0,0.239,0.13489254983133797,0.0,7,1,0,0
2021-01-05 07:31:00,1.0,0.109,0.0,0.0,7,1,0,0
2021-01-05 07:32:00,0.0,0.0,0.0,0.0,7,1,0,0
2021-01-05 07:33:00,0.0,0.0,0.0,0.0,7,1,0,0
2021-01-05 07:34:00,0.0,0.0,0.0,0.0,7,1,0,0
2021-01-05 07:35:00,1.0,0.124,0.0,0.0,7,1,0,0
2021-01-05 07:36:00,0.0,0.0,0.0,0.0,7,1,0,0
2021-01-05 07:37:00,0.0,0.0,0.0,0.0,7,1,0,0
2021-01-05 07:38:00,0.0,0.0,0.0,0.0,7,1,0,0
2021-01-05 07:39:00,0.0,0.0,0.0,0.0,7,1,0,0
2021-01-05 07:40:00,0.0,0.0,0.0,0.0,7,1,0,0
2021-01-05 07:41:00,0.0,0.0,0.0,0.0,7,1,0,0
2021-01-05 07:42:00,0.0,0.0,0.0,0.0,7,1,0,0
2021-01-05 07:43:00,0.0,0.0,0.0,0.0,7,1,0,0
2021-01-05 07:44:00,0.0,0.0,0.0,0.0,7,1,0,0
2021-01-05 07:45:00,1.0,0.221,0.0,1.0,7,1,0,0
2021-01-05 07:46:00,0.0,0.0,0.0,0.0,7,1,0,0
2021-01-05 07:47:00,0.0,0.0,0.0,0.0,7,1,0,0
2021-01-05 07:48:00,0.0,0.0,0.0,0.0,7,1,0,0
2021-01-05 07:49:00,1.0,0.109,0.0,0.0,7,1,0,0
2021-01-05 07:50:00,0.0,0.0,0.0,0.0,7,1,0,0
2021-01-05 07:51:00,0.0,0.0,0.0,0.0,7,1,0,0
2021-01-05 07:52:00,0.0,0.0,0.0,0.0,7,1,0,0
2021-01-05 07:53:00,0.0,0.0,0.0,0.0,7,1,0,0
2021-01-05 07:54:00,2.0,0.109,0.0,0.0,7,1,0,0
2021-01-05 07:55:00,0.0,0.0,0.0,0.0,7,1,0,0
2021-01-05 07:56:00,1.0,0.093,0.0,0.0,7,1,0,0
2021-01-05 07:57:00,0.0,0.0,0.0,0.0,7,1,0,0
2021-01-05 07:58:00,1.0,0.296,0.0,0.0,7,1,0,0
2021-01-05 07:59:00,0.0,0.0,0.0,0.0,7,1,0,0
2021-01-05 08:00:00,1.0,0.093,0.0,0.0,8,1,0,0
2021-01-05 08:01:00,0.0,0.0,0.0,0.0,8,1,0,0
2021-01-05 08:02:00,1.0,0.078,0.0,0.0,8,1,0,0
2021-01-05 08:03:00,0.0,0.0,0.0,0.0,8,1,0,0
2021-01-05 08:04:00,0.0,0.0,0.0,0.0,8,1,0,0
2021-01-05 08:05:00,0.0,0.0,0.0,0.0,8,1,0,0
2021-01-05 08:06:00,0.0,0.0,0.0,0.0,8,1,0,0
2021-01-05 08:07:00,0.0,0.0,0.0,0.0,8,1,0,0
2021-01-05 08:08:00,1.0,0.078,0.0,0.0,8,1,0,0
2021-01-05 08:09:00,2.0,0.10900000000000001,0.04384062043356595,0.0,8,1,0,0
2021-01-05 08:10:00,0.0,0.0,0.0,0.0,8,1,0,0
2021-01-05 08:11:00,0.0,0.0,0.0,0.0,8,1,0,0
2021-01-05 08:12:00,0.0,0.0,0.0,0.0,8,1,0,0
2021-01-05 08:13:00,1.0,0.265,0.0,0.0,8,1,0,0
2021-01-05 08:14:00,0.0,0.0,0.0,0.0,8,1,0,0
2021-01-05 08:15:00,0.0,0.0,0.0,0.0,8,1,0,0
2021-01-05 08:16:00,2.0,0.148,0.055154328932550706,0.0,8,1,0,0
2021-01-05 08:17:00,0.0,0.0,0.0,0.0,8,1,0,0
2021-01-05 08:18:00,0.0,0.0,0.0,0.0,8,1,0,0
2021-01-05 08:19:00,0.0,0.0,0.0,0.0,8,1,0,0
2021-01-05 08:20:00,0.0,0.0,0.0,0.0,8,1,0,0
2021-01-05 08:21:00,0.0,0.0,0.0,0.0,8,1,0,0
2021-01-05 08:22:00,0.0,0.0,0.0,0.0,8,1,0,0
2021-01-05 08:23:00,0.0,0.0,0.0,0.0,8,1,0,0
2021-01-05 08:24:00,0.0,0.0,0.0,0.0,8,1,0,0
2021-01-05 08:25:00,0.0,0.0,0.0,0.0,8,1,0,0
2021-01-05 08:26:00,1.0,0.109,0.0,1.0,8,1,0,0
2021-01-05 08:27:00,0.0,0.0,0.0,0.0,8,1,0,0
2021-01-05 08:28:00,0.0,0.0,0.0,0.0,8,1,0,0
2021-01-05 08:29:00,0.0,0.0,0.0,0.0,8,1,0,0
2021-01-05 08:30:00,0.0,0.0,0.0,0.0,8,1,0,0
2021-01-05 08:31:00,0.0,0.0,0.0,0.0,8,1,0,0
2021-01-05 08:32:00,0.0,0.0,0.0,0.0,8,1,0,0
2021-01-05 08:33:00,0.0,0.0,0.0,0.0,8,1,0,0
2021-01-05 08:34:00,0.0,0.0,0.0,0.0,8,1,0,0
2021-01-05 08:35:00,0.0,0.0,0.0,0.0,8,1,0,0
2021-01-05 08:36:00,1.0,0.125,0.0,0.0,8,1,0,0
2021-01-05 08:37:00,0.0,0.0,0.0,0.0,8,1,0,0
2021-01-05 08:38:00,1.0,0.093,0.0,0.0,8,1,0,0
2021-01-05 08:39:00,0.0,0.0,0.0,0.0,8,1,0,0
2021-01-05 08:40:00,0.0,0.0,0.0,0.0,8,1,0,0
2021-01-05 08:41:00,0.0,0.0,0.0,0.0,8,1,0,0
2021-01-05 08:42:00,0.0,0.0,0.0,0.0,8,1,0,0
2021-01-05 08:43:00,0.0,0.0,0.0,0.0,8,1,0,0
2021-01-05 08:44:00,0.0,0.0,0.0,0.0,8,1,0,0
2021-01-05 08:45:00,0.0,0.0,0.0,0.0,8,1,0,0
2021-01-05 08:46:00,1.0,0.125,0.0,0.0,8,1,0,0
2021-01-05 08:47:00,0.0,0.0,0.0,0.0,8,1,0,0
2021-01-05 08:48:00,0.0,0.0,0.0,0.0,8,1,0,0
2021-01-05 08:49:00,0.0,0.0,0.0,0.0,8,1,0,0
2021-01-05 08:50:00,0.0,0.0,0.0,0.0,8,1,0,0
2021-01-05 08:51:00,0.0,0.0,0.0,0.0,8,1,0,0
2021-01-05 08:52:00,0.0,0.0,0.0,0.0,8,1,0,0
2021-01-05 08:53:00,0.0,0.0,0.0,0.0,8,1,0,0
2021-01-05 08:54:00,1.0,0.111,0.0,0.0,8,1,0,0
2021-01-05 08:55:00,1.0,0.11,0.0,0.0,8,1,0,0
2021-01-05 08:56:00,1.0,0.093,0.0,0.0,8,1,0,0
2021-01-05 08:57:00,0.0,0.0,0.0,0.0,8,1,0,0
2021-01-05 08:58:00,0.0,0.0,0.0,0.0,8,1,0,0
2021-01-05 08:59:00,0.0,0.0,0.0,0.0,8,1,0,0
2021-01-05 09:00:00,0.0,0.0,0.0,0.0,9,1,1,0
2021-01-05 09:01:00,0.0,0.0,0.0,0.0,9,1,1,0
2021-01-05 09:02:00,0.0,0.0,0.0,0.0,9,1,1,0
2021-01-05 09:03:00,0.0,0.0,0.0,0.0,9,1,1,0
2021-01-05 09:04:00,0.0,0.0,0.0,0.0,9,1,1,0
2021-01-05 09:05:00,0.0,0.0,0.0,0.0,9,1,1,0
2021-01-05 09:06:00,0.0,0.0,0.0,0.0,9,1,1,0
2021-01-05 09:07:00,1.0,0.189,0.0,1.0,9,1,1,0
2021-01-05 09:08:00,0.0,0.0,0.0,0.0,9,1,1,0
2021-01-05 09:09:00,0.0,0.0,0.0,0.0,9,1,1,0
2021-01-05 09:10:00,0.0,0.0,0.0,0.0,9,1,1,0
2021-01-05 09:11:00,1.0,0.219,0.0,0.0,9,1,1,0
2021-01-05 09:12:00,0.0,0.0,0.0,0.0,9,1,1,0
2021-01-05 09:13:00,0.0,0.0,0.0,0.0,9,1,1,0
2021-01-05 09:14:00,0.0,0.0,0.0,0.0,9,1,1,0
2021-01-05 09:15:00,0.0,0.0,0.0,0.0,9,1,1,0
2021-01-05 09:16:00,0.0,0.0,0.0,0.0,9,1,1,0
2021-01-05 09:17:00,0.0,0.0,0.0,0.0,9,1,1,0
2021-01-05 09:18:00,0.0,0.0,0.0,0.0,9,1,1,0
2021-01-05 09:19:00,0.0,0.0,0.0,0.0,9,1,1,0
2021-01-05 09:20:00,0.0,0.0,0.0,0.0,9,1,1,0
2021-01-05 09:21:00,0.0,0.0,0.0,0.0,9,1,1,0
2021-01-05 09:22:00,0.0,0.0,0.0,0.0,9,1,1,0
2021-01-05 09:23:00,0.0,0.0,0.0,0.0,9,1,1,0
2021-01-05 09:24:00,0.0,0.0,0.0,0.0,9,1,1,0
2021-01-05 09:25:00,0.0,0.0,0.0,0.0,9,1,1,0
2021-01-05 09:26:00,0.0,0.0,0.0,0.0,9,1,1,0
2021-01-05 09:27:00,0.0,0.0,0.0,0.0,9,1,1,0
2021-01-05 09:28:00,0.0,0.0,0.0,0.0,9,1,1,0
2021-01-05 09:29:00,0.0,0.0,0.0,0.0,9,1,1,0
2021-01-05 09:30:00,0.0,0.0,0.0,0.0,9,1,1,0
2021-01-05 09:31:00,0.0,0.0,0.0,0.0,9,1,1,0
2021-01-05 09:32:00,0.0,0.0,0.0,0.0,9,1,1,0
2021-01-05 09:33:00,0.0,0.0,0.0,0.0,9,1,1,0
2021-01-05 09:34:00,0.0,0.0,0.0,0.0,9,1,1,0
2021-01-05 09:35:00,1.0,0.281,0.0,1.0,9,1,1,0
2021-01-05 09:36:00,0.0,0.0,0.0,0.0,9,1,1,0
2021-01-05 09:37:00,0.0,0.0,0.0,0.0,9,1,1,0
2021-01-05 09:38:00,0.0,0.0,0.0,0.0,9,1,1,0
2021-01-05 09:39:00,0.0,0.0,0.0,0.0,9,1,1,0
2021-01-05 09:40:00,0.0,0.0,0.0,0.0,9,1,1,0
2021-01-05 09:41:00,0.0,0.0,0.0,0.0,9,1,1,0
2021-01-05 09:42:00,0.0,0.0,0.0,0.0,9,1,1,0
2021-01-05 09:43:00,0.0,0.0,0.0,0.0,9,1,1,0
2021-01-05 09:44:00,0.0,0.0,0.0,0.0,9,1,1,0
2021-01-05 09:45:00,0.0,0.0,0.0,0.0,9,1,1,0
2021-01-05 09:46:00,0.0,0.0,0.0,0.0,9,1,1,0
2021-01-05 09:47:00,0.0,0.0,0.0,0.0,9,1,1,0
2021-01-05 09:48:00,0.0,0.0,0.0,0.0,9,1,1,0
2021-01-05 09:49:00,0.0,0.0,0.0,0.0,9,1,1,0
2021-01-05 09:50:00,0.0,0.0,0.0,0.0,9,1,1,0
2021-01-05 09:51:00,0.0,0.0,0.0,0.0,9,1,1,0
2021-01-05 09:52:00,0.0,0.0,0.0,0.0,9,1,1,0
2021-01-05 09:53:00,0.0,0.0,0.0,0.0,9,1,1,0
2021-01-05 09:54:00,0.0,0.0,0.0,0.0,9,1,1,0
2021-01-05 09:55:00,0.0,0.0,0.0,0.0,9,1,1,0
2021-01-05 09:56:00,0.0,0.0,0.0,0.0,9,1,1,0
2021-01-05 09:57:00,0.0,0.0,0.0,0.0,9,1,1,0
2021-01-05 09:58:00,0.0,0.0,0.0,0.0,9,1,1,0
2021-01-05 09:59:00,0.0,0.0,0.0,0.0,9,1,1,0
2021-01-05 10:00:00,1.0,0.124,0.0,1.0,10,1,1,0
2021-01-05 10:01:00,0.0,0.0,0.0,0.0,10,1,1,0
2021-01-05 10:02:00,0.0,0.0,0.0,0.0,10,1,1,0
2021-01-05 10:03:00,0.0,0.0,0.0,0.0,10,1,1,0
2021-01-05 10:04:00,0.0,0.0,0.0,0.0,10,1,1,0
2021-01-05 10:05:00,0.0,0.0,0.0,0.0,10,1,1,0
2021-01-05 10:06:00,0.0,0.0,0.0,0.0,10,1,1,0
2021-01-05 10:07:00,0.0,0.0,0.0,0.0,10,1,1,0
2021-01-05 10:08:00,0.0,0.0,0.0,0.0,10,1,1,0
2021-01-05 10:09:00,0.0,0.0,0.0,0.0,10,1,1,0
2021-01-05 10:10:00,0.0,0.0,0.0,0.0,10,1,1,0
2021-01-05 10:11:00,0.0,0.0,0.0,0.0,10,1,1,0
2021-01-05 10:12:00,0.0,0.0,0.0,0.0,10,1,1,0
2021-01-05 10:13:00,0.0,0.0,0.0,0.0,10,1,1,0
2021-01-05 10:14:00,0.0,0.0,0.0,0.0,10,1,1,0
2021-01-05 10:15:00,0.0,0.0,0.0,0.0,10,1,1,0
2021-01-05 10:16:00,0.0,0.0,0.0,0.0,10,1,1,0
2021-01-05 10:17:00,0.0,0.0,0.0,0.0,10,1,1,0
2021-01-05 10:18:00,0.0,0.0,0.0,0.0,10,1,1,0
2021-01-05 10:19:00,0.0,0.0,0.0,0.0,10,1,1,0
2021-01-05 10:20:00,0.0,0.0,0.0,0.0,10,1,1,0
2021-01-05 10:21:00,0.0,0.0,0.0,0.0,10,1,1,0
2021-01-05 10:22:00,0.0,0.0,0.0,0.0,10,1,1,0
2021-01-05 10:23:00,0.0,0.0,0.0,0.0,10,1,1,0
2021-01-05 10:24:00,0.0,0.0,0.0,0.0,10,1,1,0
2021-01-05 10:25:00,0.0,0.0,0.0,0.0,10,1,1,0
2021-01-05 10:26:00,0.0,0.0,0.0,0.0,10,1,1,0
2021-01-05 10:27:00,0.0,0.0,0.0,0.0,10,1,1,0
2021-01-05 10:28:00,0.0,0.0,0.0,0.0,10,1,1,0
2021-01-05 10:29:00,0.0,0.0,0.0,0.0,10,1,1,0
2021-01-05 10:30:00,2.0,0.247,0.09192388155425119,1.0,10,1,1,0
2021-01-05 10:31:00,1.0,0.312,0.0,0.0,10,1,1,0
2021-01-05 10:32:00,0.0,0.0,0.0,0.0,10,1,1,0
2021-01-05 10:33:00,0.0,0.0,0.0,0.0,10,1,1,0
2021-01-05 10:34:00,0.0,0.0,0.0,0.0,10,1,1,0
2021-01-05 10:35:00,0.0,0.0,0.0,0.0,10,1,1,0
2021-01-05 10:36:00,0.0,0.0,0.0,0.0,10,1,1,0
2021-01-05 10:37:00,0.0,0.0,0.0,0.0,10,1,1,0
2021-01-05 10:38:00,0.0,0.0,0.0,0.0,10,1,1,0
2021-01-05 10:39:00,0.0,0.0,0.0,0.0,10,1,1,0
2021-01-05 10:40:00,0.0,0.0,0.0,0.0,10,1,1,0
2021-01-05 10:41:00,0.0,0.0,0.0,0.0,10,1,1,0
2021-01-05 10:42:00,0.0,0.0,0.0,0.0,10,1,1,0
2021-01-05 10:43:00,0.0,0.0,0.0,0.0,10,1,1,0
2021-01-05 10:44:00,0.0,0.0,0.0,0.0,10,1,1,0
2021-01-05 10:45:00,0.0,0.0,0.0,0.0,10,1,1,0
2021-01-05 10:46:00,0.0,0.0,0.0,0.0,10,1,1,0
2021-01-05 10:47:00,0.0,0.0,0.0,0.0,10,1,1,0
2021-01-05 10:48:00,0.0,0.0,0.0,0.0,10,1,1,0
2021-01-05 10:49:00,0.0,0.0,0.0,0.0,10,1,1,0
2021-01-05 10:50:00,0.0,0.0,0.0,0.0,10,1,1,0
2021-01-05 10:51:00,0.0,0.0,0.0,0.0,10,1,1,0
2021-01-05 10:52:00,0.0,0.0,0.0,0.0,10,1,1,0
2021-01-05 10:53:00,0.0,0.0,0.0,0.0,10,1,1,0
2021-01-05 10:54:00,0.0,0.0,0.0,0.0,10,1,1,0
2021-01-05 10:55:00,0.0,0.0,0.0,0.0,10,1,1,0
2021-01-05 10:56:00,0.0,0.0,0.0,0.0,10,1,1,0
2021-01-05 10:57:00,0.0,0.0,0.0,0.0,10,1,1,0
2021-01-05 10:58:00,0.0,0.0,0.0,0.0,10,1,1,0
2021-01-05 10:59:00,0.0,0.0,0.0,0.0,10,1,1,0
2021-01-05 11:00:00,0.0,0.0,0.0,0.0,11,1,1,0
2021-01-05 11:01:00,0.0,0.0,0.0,0.0,11,1,1,0
2021-01-05 11:02:00,0.0,0.0,0.0,0.0,11,1,1,0
2021-01-05 11:03:00,0.0,0.0,0.0,0.0,11,1,1,0
2021-01-05 11:04:00,0.0,0.0,0.0,0.0,11,1,1,0
2021-01-05 11:05:00,0.0,0.0,0.0,0.0,11,1,1,0
2021-01-05 11:06:00,0.0,0.0,0.0,0.0,11,1,1,0
2021-01-05 11:07:00,0.0,0.0,0.0,0.0,11,1,1,0
2021-01-05 11:08:00,1.0,0.281,0.0,1.0,11,1,1,0
2021-01-05 11:09:00,0.0,0.0,0.0,0.0,11,1,1,0
2021-01-05 11:10:00,0.0,0.0,0.0,0.0,11,1,1,0
2021-01-05 11:11:00,0.0,0.0,0.0,0.0,11,1,1,0
2021-01-05 11:12:00,0.0,0.0,0.0,0.0,11,1,1,0
2021-01-05 11:13:00,0.0,0.0,0.0,0.0,11,1,1,0
2021-01-05 11:14:00,0.0,0.0,0.0,0.0,11,1,1,0
2021-01-05 11:15:00,2.0,0.306,0.2517300141024109,0.0,11,1,1,0
2021-01-05 11:16:00,1.0,0.14,0.0,0.0,11,1,1,0
2021-01-05 11:17:00,0.0,0.0,0.0,0.0,11,1,1,0
2021-01-05 11:18:00,0.0,0.0,0.0,0.0,11,1,1,0
2021-01-05 11:19:00,0.0,0.0,0.0,0.0,11,1,1,0
2021-01-05 11:20:00,0.0,0.0,0.0,0.0,11,1,1,0
2021-01-05 11:21:00,0.0,0.0,0.0,0.0,11,1,1,0
2021-01-05 11:22:00,0.0,0.0,0.0,0.0,11,1,1,0
2021-01-05 11:23:00,0.0,0.0,0.0,0.0,11,1,1,0
2021-01-05 11:24:00,0.0,0.0,0.0,0.0,11,1,1,0
2021-01-05 11:25:00,0.0,0.0,0.0,0.0,11,1,1,0
2021-01-05 11:26:00,0.0,0.0,0.0,0.0,11,1,1,0
2021-01-05 11:27:00,0.0,0.0,0.0,0.0,11,1,1,0
2021-01-05 11:28:00,0.0,0.0,0.0,0.0,11,1,1,0
2021-01-05 11:29:00,0.0,0.0,0.0,0.0,11,1,1,0
2021-01-05 11:30:00,0.0,0.0,0.0,0.0,11,1,1,0
2021-01-05 11:31:00,0.0,0.0,0.0,0.0,11,1,1,0
2021-01-05 11:32:00,0.0,0.0,0.0,0.0,11,1,1,0
2021-01-05 11:33:00,1.0,0.093,0.0,1.0,11,1,1,0
2021-01-05 11:34:00,0.0,0.0,0.0,0.0,11,1,1,0
2021-01-05 11:35:00,0.0,0.0,0.0,0.0,11,1,1,0
2021-01-05 11:36:00,1.0,0.109,0.0,0.0,11,1,1,0
2021-01-05 11:37:00,0.0,0.0,0.0,0.0,11,1,1,0
2021-01-05 11:38:00,0.0,0.0,0.0,0.0,11,1,1,0
2021-01-05 11:39:00,0.0,0.0,0.0,0.0,11,1,1,0
2021-01-05 11:40:00,0.0,0.0,0.0,0.0,11,1,1,0
2021-01-05 11:41:00,0.0,0.0,0.0,0.0,11,1,1,0
2021-01-05 11:42:00,0.0,0.0,0.0,0.0,11,1,1,0
2021-01-05 11:43:00,0.0,0.0,0.0,0.0,11,1,1,0
2021-01-05 11:44:00,0.0,0.0,0.0,0.0,11,1,1,0
2021-01-05 11:45:00,0.0,0.0,0.0,0.0,11,1,1,0
2021-01-05 11:46:00,0.0,0.0,0.0,0.0,11,1,1,0
2021-01-05 11:47:00,0.0,0.0,0.0,0.0,11,1,1,0
2021-01-05 11:48:00,0.0,0.0,0.0,0.0,11,1,1,0
2021-01-05 11:49:00,0.0,0.0,0.0,0.0,11,1,1,0
2021-01-05 11:50:00,0.0,0.0,0.0,0.0,11,1,1,0
2021-01-05 11:51:00,0.0,0.0,0.0,0.0,11,1,1,0
2021-01-05 11:52:00,0.0,0.0,0.0,0.0,11,1,1,0
2021-01-05 11:53:00,0.0,0.0,0.0,0.0,11,1,1,0
2021-01-05 11:54:00,0.0,0.0,0.0,0.0,11,1,1,0
2021-01-05 11:55:00,1.0,0.359,0.0,1.0,11,1,1,0
2021-01-05 11:56:00,0.0,0.0,0.0,0.0,11,1,1,0
2021-01-05 11:57:00,0.0,0.0,0.0,0.0,11,1,1,0
2021-01-05 11:58:00,0.0,0.0,0.0,0.0,11,1,1,0
2021-01-05 11:59:00,0.0,0.0,0.0,0.0,11,1,1,0
2021-01-05 12:00:00,0.0,0.0,0.0,0.0,12,1,1,0
2021-01-05 12:01:00,0.0,0.0,0.0,0.0,12,1,1,0
2021-01-05 12:02:00,0.0,0.0,0.0,0.0,12,1,1,0
2021-01-05 12:03:00,0.0,0.0,0.0,0.0,12,1,1,0
2021-01-05 12:04:00,0.0,0.0,0.0,0.0,12,1,1,0
2021-01-05 12:05:00,1.0,0.297,0.0,0.0,12,1,1,0
2021-01-05 12:06:00,0.0,0.0,0.0,0.0,12,1,1,0
2021-01-05 12:07:00,0.0,0.0,0.0,0.0,12,1,1,0
2021-01-05 12:08:00,0.0,0.0,0.0,0.0,12,1,1,0
2021-01-05 12:09:00,0.0,0.0,0.0,0.0,12,1,1,0
2021-01-05 12:10:00,0.0,0.0,0.0,0.0,12,1,1,0
2021-01-05 12:11:00,0.0,0.0,0.0,0.0,12,1,1,0
2021-01-05 12:12:00,0.0,0.0,0.0,0.0,12,1,1,0
2021-01-05 12:13:00,0.0,0.0,0.0,0.0,12,1,1,0
2021-01-05 12:14:00,0.0,0.0,0.0,0.0,12,1,1,0
2021-01-05 12:15:00,0.0,0.0,0.0,0.0,12,1,1,0
2021-01-05 12:16:00,0.0,0.0,0.0,0.0,12,1,1,0
2021-01-05 12:17:00,0.0,0.0,0.0,0.0,12,1,1,0
2021-01-05 12:18:00,0.0,0.0,0.0,0.0,12,1,1,0
2021-01-05 12:19:00,0.0,0.0,0.0,0.0,12,1,1,0
2021-01-05 12:20:00,0.0,0.0,0.0,0.0,12,1,1,0
2021-01-05 12:21:00,0.0,0.0,0.0,0.0,12,1,1,0
2021-01-05 12:22:00,0.0,0.0,0.0,0.0,12,1,1,0
2021-01-05 12:23:00,0.0,0.0,0.0,0.0,12,1,1,0
2021-01-05 12:24:00,0.0,0.0,0.0,0.0,12,1,1,0
2021-01-05 12:25:00,0.0,0.0,0.0,0.0,12,1,1,0
2021-01-05 12:26:00,0.0,0.0,0.0,0.0,12,1,1,0
2021-01-05 12:27:00,0.0,0.0,0.0,0.0,12,1,1,0
2021-01-05 12:28:00,1.0,0.236,0.0,1.0,12,1,1,0
2021-01-05 12:29:00,1.0,0.484,0.0,0.0,12,1,1,0
2021-01-05 12:30:00,0.0,0.0,0.0,0.0,12,1,1,0
2021-01-05 12:31:00,0.0,0.0,0.0,0.0,12,1,1,0
2021-01-05 12:32:00,0.0,0.0,0.0,0.0,12,1,1,0
2021-01-05 12:33:00,1.0,0.125,0.0,0.0,12,1,1,0
2021-01-05 12:34:00,0.0,0.0,0.0,0.0,12,1,1,0
2021-01-05 12:35:00,1.0,0.397,0.0,0.0,12,1,1,0
2021-01-05 12:36:00,0.0,0.0,0.0,0.0,12,1,1,0
2021-01-05 12:37:00,0.0,0.0,0.0,0.0,12,1,1,0
2021-01-05 12:38:00,1.0,0.109,0.0,0.0,12,1,1,0
2021-01-05 12:39:00,1.0,0.066,0.0,0.0,12,1,1,0
2021-01-05 12:40:00,0.0,0.0,0.0,0.0,12,1,1,0
2021-01-05 12:41:00,0.0,0.0,0.0,0.0,12,1,1,0
2021-01-05 12:42:00,2.0,0.1875,0.08838834764831845,0.0,12,1,1,0
2021-01-05 12:43:00,0.0,0.0,0.0,0.0,12,1,1,0
2021-01-05 12:44:00,0.0,0.0,0.0,0.0,12,1,1,0
2021-01-05 12:45:00,0.0,0.0,0.0,0.0,12,1,1,0
2021-01-05 12:46:00,0.0,0.0,0.0,0.0,12,1,1,0
2021-01-05 12:47:00,0.0,0.0,0.0,0.0,12,1,1,0
2021-01-05 12:48:00,1.0,0.078,0.0,0.0,12,1,1,0
2021-01-05 12:49:00,0.0,0.0,0.0,0.0,12,1,1,0
2021-01-05 12:50:00,0.0,0.0,0.0,0.0,12,1,1,0
2021-01-05 12:51:00,0.0,0.0,0.0,0.0,12,1,1,0
2021-01-05 12:52:00,1.0,0.093,0.0,0.0,12,1,1,0
2021-01-05 12:53:00,1.0,0.093,0.0,0.0,12,1,1,0
2021-01-05 12:54:00,1.0,0.078,0.0,0.0,12,1,1,0
2021-01-05 12:55:00,0.0,0.0,0.0,0.0,12,1,1,0
2021-01-05 12:56:00,0.0,0.0,0.0,0.0,12,1,1,0
2021-01-05 12:57:00,0.0,0.0,0.0,0.0,12,1,1,0
2021-01-05 12:58:00,0.0,0.0,0.0,0.0,12,1,1,0
2021-01-05 12:59:00,0.0,0.0,0.0,0.0,12,1,1,0
2021-01-05 13:00:00,1.0,0.142,0.0,0.0,13,1,1,0
2021-01-05 13:01:00,0.0,0.0,0.0,0.0,13,1,1,0
2021-01-05 13:02:00,0.0,0.0,0.0,0.0,13,1,1,0
2021-01-05 13:03:00,0.0,0.0,0.0,0.0,13,1,1,0
2021-01-05 13:04:00,0.0,0.0,0.0,0.0,13,1,1,0
2021-01-05 13:05:00,0.0,0.0,0.0,0.0,13,1,1,0
2021-01-05 13:06:00,0.0,0.0,0.0,0.0,13,1,1,0
2021-01-05 13:07:00,0.0,0.0,0.0,0.0,13,1,1,0
2021-01-05 13:08:00,0.0,0.0,0.0,0.0,13,1,1,0
2021-01-05 13:09:00,0.0,0.0,0.0,0.0,13,1,1,0
2021-01-05 13:10:00,0.0,0.0,0.0,0.0,13,1,1,0
2021-01-05 13:11:00,0.0,0.0,0.0,0.0,13,1,1,0
2021-01-05 13:12:00,0.0,0.0,0.0,0.0,13,1,1,0
2021-01-05 13:13:00,0.0,0.0,0.0,0.0,13,1,1,0
2021-01-05 13:14:00,0.0,0.0,0.0,0.0,13,1,1,0
2021-01-05 13:15:00,0.0,0.0,0.0,0.0,13,1,1,0
2021-01-05 13:16:00,1.0,0.093,0.0,1.0,13,1,1,0
2021-01-05 13:17:00,2.0,0.10900000000000001,0.04384062043356595,0.0,13,1,1,0
2021-01-05 13:18:00,1.0,0.093,0.0,0.0,13,1,1,0
2021-01-05 13:19:00,1.0,0.078,0.0,0.0,13,1,1,0
2021-01-05 13:20:00,0.0,0.0,0.0,0.0,13,1,1,0
2021-01-05 13:21:00,0.0,0.0,0.0,0.0,13,1,1,0
2021-01-05 13:22:00,0.0,0.0,0.0,0.0,13,1,1,0
2021-01-05 13:23:00,0.0,0.0,0.0,0.0,13,1,1,0
2021-01-05 13:24:00,0.0,0.0,0.0,0.0,13,1,1,0
2021-01-05 13:25:00,0.0,0.0,0.0,0.0,13,1,1,0
2021-01-05 13:26:00,0.0,0.0,0.0,0.0,13,1,1,0
2021-01-05 13:27:00,0.0,0.0,0.0,0.0,13,1,1,0
2021-01-05 13:28:00,0.0,0.0,0.0,0.0,13,1,1,0
2021-01-05 13:29:00,0.0,0.0,0.0,0.0,13,1,1,0
2021-01-05 13:30:00,0.0,0.0,0.0,0.0,13,1,1,0
2021-01-05 13:31:00,0.0,0.0,0.0,0.0,13,1,1,0
2021-01-05 13:32:00,0.0,0.0,0.0,0.0,13,1,1,0
2021-01-05 13:33:00,0.0,0.0,0.0,0.0,13,1,1,0
2021-01-05 13:34:00,1.0,0.266,0.0,1.0,13,1,1,0
2021-01-05 13:35:00,1.0,0.157,0.0,0.0,13,1,1,0
2021-01-05 13:36:00,0.0,0.0,0.0,0.0,13,1,1,0
2021-01-05 13:37:00,0.0,0.0,0.0,0.0,13,1,1,0
2021-01-05 13:38:00,0.0,0.0,0.0,0.0,13,1,1,0
2021-01-05 13:39:00,0.0,0.0,0.0,0.0,13,1,1,0
2021-01-05 13:40:00,0.0,0.0,0.0,0.0,13,1,1,0
2021-01-05 13:41:00,0.0,0.0,0.0,0.0,13,1,1,0
2021-01-05 13:42:00,0.0,0.0,0.0,0.0,13,1,1,0
2021-01-05 13:43:00,0.0,0.0,0.0,0.0,13,1,1,0
2021-01-05 13:44:00,0.0,0.0,0.0,0.0,13,1,1,0
2021-01-05 13:45:00,0.0,0.0,0.0,0.0,13,1,1,0
2021-01-05 13:46:00,1.0,0.101,0.0,1.0,13,1,1,0
2021-01-05 13:47:00,0.0,0.0,0.0,0.0,13,1,1,0
2021-01-05 13:48:00,0.0,0.0,0.0,0.0,13,1,1,0
2021-01-05 13:49:00,0.0,0.0,0.0,0.0,13,1,1,0
2021-01-05 13:50:00,0.0,0.0,0.0,0.0,13,1,1,0
2021-01-05 13:51:00,0.0,0.0,0.0,0.0,13,1,1,0
2021-01-05 13:52:00,0.0,0.0,0.0,0.0,13,1,1,0
2021-01-05 13:53:00,0.0,0.0,0.0,0.0,13,1,1,0
2021-01-05 13:54:00,1.0,0.453,0.0,0.0,13,1,1,0
2021-01-05 13:55:00,0.0,0.0,0.0,0.0,13,1,1,0
2021-01-05 13:56:00,0.0,0.0,0.0,0.0,13,1,1,0
2021-01-05 13:57:00,0.0,0.0,0.0,0.0,13,1,1,0
2021-01-05 13:58:00,0.0,0.0,0.0,0.0,13,1,1,0
2021-01-05 13:59:00,0.0,0.0,0.0,0.0,13,1,1,0
2021-01-05 14:00:00,0.0,0.0,0.0,0.0,14,1,1,0
2021-01-05 14:01:00,0.0,0.0,0.0,0.0,14,1,1,0
2021-01-05 14:02:00,0.0,0.0,0.0,0.0,14,1,1,0
2021-01-05 14:03:00,0.0,0.0,0.0,0.0,14,1,1,0
2021-01-05 14:04:00,0.0,0.0,0.0,0.0,14,1,1,0
2021-01-05 14:05:00,0.0,0.0,0.0,0.0,14,1,1,0
2021-01-05 14:06:00,0.0,0.0,0.0,0.0,14,1,1,0
2021-01-05 14:07:00,0.0,0.0,0.0,0.0,14,1,1,0
2021-01-05 14:08:00,0.0,0.0,0.0,0.0,14,1,1,0
2021-01-05 14:09:00,1.0,0.109,0.0,1.0,14,1,1,0
2021-01-05 14:10:00,0.0,0.0,0.0,0.0,14,1,1,0
2021-01-05 14:11:00,0.0,0.0,0.0,0.0,14,1,1,0
2021-01-05 14:12:00,0.0,0.0,0.0,0.0,14,1,1,0
2021-01-05 14:13:00,0.0,0.0,0.0,0.0,14,1,1,0
2021-01-05 14:14:00,0.0,0.0,0.0,0.0,14,1,1,0
2021-01-05 14:15:00,0.0,0.0,0.0,0.0,14,1,1,0
2021-01-05 14:16:00,0.0,0.0,0.0,0.0,14,1,1,0
2021-01-05 14:17:00,0.0,0.0,0.0,0.0,14,1,1,0
2021-01-05 14:18:00,0.0,0.0,0.0,0.0,14,1,1,0
2021-01-05 14:19:00,1.0,0.14,0.0,0.0,14,1,1,0
2021-01-05 14:20:00,1.0,0.328,0.0,0.0,14,1,1,0
2021-01-05 14:21:00,0.0,0.0,0.0,0.0,14,1,1,0
2021-01-05 14:22:00,1.0,0.265,0.0,0.0,14,1,1,0
2021-01-05 14:23:00,0.0,0.0,0.0,0.0,14,1,1,0
2021-01-05 14:24:00,0.0,0.0,0.0,0.0,14,1,1,0
2021-01-05 14:25:00,0.0,0.0,0.0,0.0,14,1,1,0
2021-01-05 14:26:00,1.0,0.125,0.0,0.0,14,1,1,0
2021-01-05 14:27:00,0.0,0.0,0.0,0.0,14,1,1,0
2021-01-05 14:28:00,0.0,0.0,0.0,0.0,14,1,1,0
2021-01-05 14:29:00,0.0,0.0,0.0,0.0,14,1,1,0
2021-01-05 14:30:00,1.0,0.078,0.0,0.0,14,1,1,0
2021-01-05 14:31:00,0.0,0.0,0.0,0.0,14,1,1,0
2021-01-05 14:32:00,0.0,0.0,0.0,0.0,14,1,1,0
2021-01-05 14:33:00,0.0,0.0,0.0,0.0,14,1,1,0
2021-01-05 14:34:00,0.0,0.0,0.0,0.0,14,1,1,0
2021-01-05 14:35:00,0.0,0.0,0.0,0.0,14,1,1,0
2021-01-05 14:36:00,0.0,0.0,0.0,0.0,14,1,1,0
2021-01-05 14:37:00,0.0,0.0,0.0,0.0,14,1,1,0
2021-01-05 14:38:00,0.0,0.0,0.0,0.0,14,1,1,0
2021-01-05 14:39:00,1.0,0.314,0.0,0.0,14,1,1,0
2021-01-05 14:40:00,0.0,0.0,0.0,0.0,14,1,1,0
2021-01-05 14:41:00,2.0,0.101,0.011313708498984755,0.0,14,1,1,0
2021-01-05 14:42:00,1.0,0.203,0.0,0.0,14,1,1,0
2021-01-05 14:43:00,2.0,0.2505,0.06434671708797583,0.0,14,1,1,0
2021-01-05 14:44:00,0.0,0.0,0.0,0.0,14,1,1,0
2021-01-05 14:45:00,1.0,0.088,0.0,0.0,14,1,1,0
2021-01-05 14:46:00,0.0,0.0,0.0,0.0,14,1,1,0
2021-01-05 14:47:00,1.0,0.124,0.0,0.0,14,1,1,0
2021-01-05 14:48:00,0.0,0.0,0.0,0.0,14,1,1,0
2021-01-05 14:49:00,0.0,0.0,0.0,0.0,14,1,1,0
2021-01-05 14:50:00,0.0,0.0,0.0,0.0,14,1,1,0
2021-01-05 14:51:00,1.0,0.119,0.0,0.0,14,1,1,0
2021-01-05 14:52:00,0.0,0.0,0.0,0.0,14,1,1,0
2021-01-05 14:53:00,0.0,0.0,0.0,0.0,14,1,1,0
2021-01-05 14:54:00,1.0,0.125,0.0,0.0,14,1,1,0
2021-01-05 14:55:00,0.0,0.0,0.0,0.0,14,1,1,0
2021-01-05 14:56:00,1.0,0.125,0.0,0.0,14,1,1,0
2021-01-05 14:57:00,0.0,0.0,0.0,0.0,14,1,1,0
2021-01-05 14:58:00,2.0,0.0935,0.021920310216782972,0.0,14,1,1,0
2021-01-05 14:59:00,0.0,0.0,0.0,0.0,14,1,1,0
2021-01-05 15:00:00,1.0,0.14,0.0,0.0,15,1,1,0
2021-01-05 15:01:00,1.0,0.125,0.0,0.0,15,1,1,0
2021-01-05 15:02:00,1.0,0.171,0.0,0.0,15,1,1,0
2021-01-05 15:03:00,0.0,0.0,0.0,0.0,15,1,1,0
2021-01-05 15:04:00,1.0,0.093,0.0,0.0,15,1,1,0
2021-01-05 15:05:00,1.0,0.093,0.0,0.0,15,1,1,0
2021-01-05 15:06:00,2.0,0.123,0.042426406871192854,0.0,15,1,1,0
2021-01-05 15:07:00,1.0,0.109,0.0,0.0,15,1,1,0
2021-01-05 15:08:00,2.0,0.1015,0.033234018715767734,0.0,15,1,1,0
2021-01-05 15:09:00,2.0,0.077,0.0014142135623730963,0.0,15,1,1,0
2021-01-05 15:10:00,2.0,0.14150000000000001,0.06434671708797583,0.0,15,1,1,0
2021-01-05 15:11:00,1.0,0.109,0.0,0.0,15,1,1,0
2021-01-05 15:12:00,2.0,0.10400000000000001,0.03676955262170047,0.0,15,1,1,0
2021-01-05 15:13:00,2.0,0.11699999999999999,0.03394112549695427,0.0,15,1,1,0
2021-01-05 15:14:00,0.0,0.0,0.0,0.0,15,1,1,0
2021-01-05 15:15:00,2.0,0.0935,0.021920310216782972,0.0,15,1,1,0
2021-01-05 15:16:00,0.0,0.0,0.0,0.0,15,1,1,0
2021-01-05 15:17:00,1.0,0.124,0.0,0.0,15,1,1,0
2021-01-05 15:18:00,1.0,0.109,0.0,0.0,15,1,1,0
2021-01-05 15:19:00,1.0,0.124,0.0,0.0,15,1,1,0
2021-01-05 15:20:00,0.0,0.0,0.0,0.0,15,1,1,0
2021-01-05 15:21:00,1.0,0.125,0.0,0.0,15,1,1,0
2021-01-05 15:22:00,0.0,0.0,0.0,0.0,15,1,1,0
2021-01-05 15:23:00,1.0,0.125,0.0,0.0,15,1,1,0
2021-01-05 15:24:00,1.0,0.124,0.0,0.0,15,1,1,0
2021-01-05 15:25:00,1.0,0.14,0.0,0.0,15,1,1,0
2021-01-05 15:26:00,1.0,0.093,0.0,0.0,15,1,1,0
2021-01-05 15:27:00,0.0,0.0,0.0,0.0,15,1,1,0
2021-01-05 15:28:00,0.0,0.0,0.0,0.0,15,1,1,0
2021-01-05 15:29:00,0.0,0.0,0.0,0.0,15,1,1,0
2021-01-05 15:30:00,1.0,0.133,0.0,0.0,15,1,1,0
2021-01-05 15:31:00,0.0,0.0,0.0,0.0,15,1,1,0
2021-01-05 15:32:00,2.0,0.11699999999999999,0.011313708498984765,0.0,15,1,1,0
2021-01-05 15:33:00,0.0,0.0,0.0,0.0,15,1,1,0
2021-01-05 15:34:00,2.0,0.08549999999999999,0.010606601717798208,0.0,15,1,1,0
2021-01-05 15:35:00,0.0,0.0,0.0,0.0,15,1,1,0
2021-01-05 15:36:00,1.0,0.124,0.0,0.0,15,1,1,0
2021-01-05 15:37:00,0.0,0.0,0.0,0.0,15,1,1,0
2021-01-05 15:38:00,2.0,0.11649999999999999,0.010606601717798208,0.0,15,1,1,0
2021-01-05 15:39:00,0.0,0.0,0.0,0.0,15,1,1,0
2021-01-05 15:40:00,0.0,0.0,0.0,0.0,15,1,1,0
2021-01-05 15:41:00,1.0,0.062,0.0,0.0,15,1,1,0
2021-01-05 15:42:00,0.0,0.0,0.0,0.0,15,1,1,0
2021-01-05 15:43:00,1.0,1.045,0.0,0.0,15,1,1,0
2021-01-05 15:44:00,0.0,0.0,0.0,0.0,15,1,1,0
2021-01-05 15:45:00,1.0,0.109,0.0,0.0,15,1,1,0
2021-01-05 15:46:00,1.0,0.093,0.0,0.0,15,1,1,0
2021-01-05 15:47:00,2.0,0.095,0.024041630560342617,0.0,15,1,1,0
2021-01-05 15:48:00,1.0,0.078,0.0,0.0,15,1,1,0
2021-01-05 15:49:00,1.0,0.078,0.0,0.0,15,1,1,0
2021-01-05 15:50:00,1.0,0.12,0.0,0.0,15,1,1,0
2021-01-05 15:51:00,0.0,0.0,0.0,0.0,15,1,1,0
2021-01-05 15:52:00,0.0,0.0,0.0,0.0,15,1,1,0
2021-01-05 15:53:00,1.0,0.078,0.0,0.0,15,1,1,0
2021-01-05 15:54:00,2.0,0.148,0.05515432893255071,0.0,15,1,1,0
2021-01-05 15:55:00,0.0,0.0,0.0,0.0,15,1,1,0
2021-01-05 15:56:00,0.0,0.0,0.0,0.0,15,1,1,0
2021-01-05 15:57:00,0.0,0.0,0.0,0.0,15,1,1,0
2021-01-05 15:58:00,0.0,0.0,0.0,0.0,15,1,1,0
2021-01-05 15:59:00,1.0,0.218,0.0,0.0,15,1,1,0
2021-01-05 16:00:00,0.0,0.0,0.0,0.0,16,1,1,0
2021-01-05 16:01:00,0.0,0.0,0.0,0.0,16,1,1,0
2021-01-05 16:02:00,0.0,0.0,0.0,0.0,16,1,1,0
2021-01-05 16:03:00,2.0,0.1245,0.021920310216782986,0.0,16,1,1,0
2021-01-05 16:04:00,0.0,0.0,0.0,0.0,16,1,1,0
2021-01-05 16:05:00,0.0,0.0,0.0,0.0,16,1,1,0
2021-01-05 16:06:00,1.0,0.093,0.0,0.0,16,1,1,0
2021-01-05 16:07:00,2.0,0.21949999999999997,0.08980256121069151,0.0,16,1,1,0
2021-01-05 16:08:00,0.0,0.0,0.0,0.0,16,1,1,0
2021-01-05 16:09:00,1.0,0.079,0.0,0.0,16,1,1,0
2021-01-05 16:10:00,0.0,0.0,0.0,0.0,16,1,1,0
2021-01-05 16:11:00,1.0,0.124,0.0,0.0,16,1,1,0
2021-01-05 16:12:00,1.0,0.093,0.0,0.0,16,1,1,0
2021-01-05 16:13:00,0.0,0.0,0.0,0.0,16,1,1,0
2021-01-05 16:14:00,0.0,0.0,0.0,0.0,16,1,1,0
2021-01-05 16:15:00,1.0,0.093,0.0,0.0,16,1,1,0
2021-01-05 16:16:00,1.0,0.093,0.0,0.0,16,1,1,0
2021-01-05 16:17:00,1.0,0.093,0.0,0.0,16,1,1,0
2021-01-05 16:18:00,0.0,0.0,0.0,0.0,16,1,1,0
2021-01-05 16:19:00,1.0,0.207,0.0,0.0,16,1,1,0
2021-01-05 16:20:00,2.0,0.14800000000000002,0.07778174593052024,0.0,16,1,1,0
2021-01-05 16:21:00,0.0,0.0,0.0,0.0,16,1,1,0
2021-01-05 16:22:00,0.0,0.0,0.0,0.0,16,1,1,0
2021-01-05 16:23:00,0.0,0.0,0.0,0.0,16,1,1,0
2021-01-05 16:24:00,1.0,0.124,0.0,0.0,16,1,1,0
2021-01-05 16:25:00,1.0,0.109,0.0,0.0,16,1,1,0
2021-01-05 16:26:00,1.0,0.082,0.0,0.0,16,1,1,0
2021-01-05 16:27:00,0.0,0.0,0.0,0.0,16,1,1,0
2021-01-05 16:28:00,1.0,0.124,0.0,0.0,16,1,1,0
2021-01-05 16:29:00,0.0,0.0,0.0,0.0,16,1,1,0
2021-01-05 16:30:00,0.0,0.0,0.0,0.0,16,1,1,0
2021-01-05 16:31:00,0.0,0.0,0.0,0.0,16,1,1,0
2021-01-05 16:32:00,0.0,0.0,0.0,0.0,16,1,1,0
2021-01-05 16:33:00,1.0,0.101,0.0,0.0,16,1,1,0
2021-01-05 16:34:00,0.0,0.0,0.0,0.0,16,1,1,0
2021-01-05 16:35:00,1.0,0.171,0.0,0.0,16,1,1,0
2021-01-05 16:36:00,0.0,0.0,0.0,0.0,16,1,1,0
2021-01-05 16:37:00,0.0,0.0,0.0,0.0,16,1,1,0
2021-01-05 16:38:00,1.0,0.093,0.0,0.0,16,1,1,0
2021-01-05 16:39:00,0.0,0.0,0.0,0.0,16,1,1,0
2021-01-05 16:40:00,0.0,0.0,0.0,0.0,16,1,1,0
2021-01-05 16:41:00,0.0,0.0,0.0,0.0,16,1,1,0
2021-01-05 16:42:00,2.0,0.265,0.11030865786510143,0.0,16,1,1,0
2021-01-05 16:43:00,0.0,0.0,0.0,0.0,16,1,1,0
2021-01-05 16:44:00,0.0,0.0,0.0,0.0,16,1,1,0
2021-01-05 16:45:00,0.0,0.0,0.0,0.0,16,1,1,0
2021-01-05 16:46:00,0.0,0.0,0.0,0.0,16,1,1,0
2021-01-05 16:47:00,0.0,0.0,0.0,0.0,16,1,1,0
2021-01-05 16:48:00,0.0,0.0,0.0,0.0,16,1,1,0
2021-01-05 16:49:00,1.0,0.078,0.0,0.0,16,1,1,0
2021-01-05 16:50:00,0.0,0.0,0.0,0.0,16,1,1,0
2021-01-05 16:51:00,0.0,0.0,0.0,0.0,16,1,1,0
2021-01-05 16:52:00,0.0,0.0,0.0,0.0,16,1,1,0
2021-01-05 16:53:00,0.0,0.0,0.0,0.0,16,1,1,0
2021-01-05 16:54:00,0.0,0.0,0.0,0.0,16,1,1,0
2021-01-05 16:55:00,1.0,0.093,0.0,0.0,16,1,1,0
2021-01-05 16:56:00,0.0,0.0,0.0,0.0,16,1,1,0
2021-01-05 16:57:00,0.0,0.0,0.0,0.0,16,1,1,0
2021-01-05 16:58:00,0.0,0.0,0.0,0.0,16,1,1,0
2021-01-05 16:59:00,1.0,0.093,0.0,0.0,16,1,1,0
2021-01-05 17:00:00,1.0,0.093,0.0,0.0,17,1,1,0
2021-01-05 17:01:00,0.0,0.0,0.0,0.0,17,1,1,0
2021-01-05 17:02:00,0.0,0.0,0.0,0.0,17,1,1,0
2021-01-05 17:03:00,1.0,0.305,0.0,0.0,17,1,1,0
2021-01-05 17:04:00,1.0,0.078,0.0,0.0,17,1,1,0
2021-01-05 17:05:00,2.0,0.11699999999999999,0.05515432893255071,0.0,17,1,1,0
2021-01-05 17:06:00,1.0,0.109,0.0,0.0,17,1,1,0
2021-01-05 17:07:00,1.0,0.203,0.0,0.0,17,1,1,0
2021-01-05 17:08:00,0.0,0.0,0.0,0.0,17,1,1,0
2021-01-05 17:09:00,1.0,0.125,0.0,0.0,17,1,1,0
2021-01-05 17:10:00,0.0,0.0,0.0,0.0,17,1,1,0
2021-01-05 17:11:00,1.0,0.078,0.0,0.0,17,1,1,0
2021-01-05 17:12:00,0.0,0.0,0.0,0.0,17,1,1,0
2021-01-05 17:13:00,0.0,0.0,0.0,0.0,17,1,1,0
2021-01-05 17:14:00,1.0,0.109,0.0,0.0,17,1,1,0
2021-01-05 17:15:00,0.0,0.0,0.0,0.0,17,1,1,0
2021-01-05 17:16:00,0.0,0.0,0.0,0.0,17,1,1,0
2021-01-05 17:17:00,0.0,0.0,0.0,0.0,17,1,1,0
2021-01-05 17:18:00,0.0,0.0,0.0,0.0,17,1,1,0
2021-01-05 17:19:00,0.0,0.0,0.0,0.0,17,1,1,0
2021-01-05 17:20:00,1.0,0.19,0.0,0.0,17,1,1,0
2021-01-05 17:21:00,1.0,0.109,0.0,0.0,17,1,1,0
2021-01-05 17:22:00,1.0,0.078,0.0,0.0,17,1,1,0
2021-01-05 17:23:00,0.0,0.0,0.0,0.0,17,1,1,0
2021-01-05 17:24:00,1.0,0.218,0.0,0.0,17,1,1,0
2021-01-05 17:25:00,0.0,0.0,0.0,0.0,17,1,1,0
2021-01-05 17:26:00,1.0,0.078,0.0,0.0,17,1,1,0
2021-01-05 17:27:00,0.0,0.0,0.0,0.0,17,1,1,0
2021-01-05 17:28:00,1.0,0.109,0.0,0.0,17,1,1,0
2021-01-05 17:29:00,0.0,0.0,0.0,0.0,17,1,1,0
2021-01-05 17:30:00,0.0,0.0,0.0,0.0,17,1,1,0
2021-01-05 17:31:00,1.0,0.5,0.0,0.0,17,1,1,0
2021-01-05 17:32:00,1.0,0.109,0.0,0.0,17,1,1,0
2021-01-05 17:33:00,1.0,0.093,0.0,0.0,17,1,1,0
2021-01-05 17:34:00,1.0,0.078,0.0,0.0,17,1,1,0
2021-01-05 17:35:00,1.0,0.093,0.0,0.0,17,1,1,0
2021-01-05 17:36:00,1.0,0.093,0.0,0.0,17,1,1,0
2021-01-05 17:37:00,1.0,0.093,0.0,0.0,17,1,1,0
2021-01-05 17:38:00,0.0,0.0,0.0,0.0,17,1,1,0
2021-01-05 17:39:00,1.0,0.495,0.0,0.0,17,1,1,0
2021-01-05 17:40:00,1.0,0.109,0.0,0.0,17,1,1,0
2021-01-05 17:41:00,0.0,0.0,0.0,0.0,17,1,1,0
2021-01-05 17:42:00,0.0,0.0,0.0,0.0,17,1,1,0
2021-01-05 17:43:00,0.0,0.0,0.0,0.0,17,1,1,0
2021-01-05 17:44:00,1.0,0.109,0.0,0.0,17,1,1,0
2021-01-05 17:45:00,2.0,0.1255,0.08980256121069154,0.0,17,1,1,0
2021-01-05 17:46:00,1.0,0.093,0.0,0.0,17,1,1,0
2021-01-05 17:47:00,0.0,0.0,0.0,0.0,17,1,1,0
2021-01-05 17:48:00,0.0,0.0,0.0,0.0,17,1,1,0
2021-01-05 17:49:00,1.0,0.078,0.0,0.0,17,1,1,0
2021-01-05 17:50:00,0.0,0.0,0.0,0.0,17,1,1,0
2021-01-05 17:51:00,1.0,0.093,0.0,0.0,17,1,1,0
2021-01-05 17:52:00,1.0,0.078,0.0,0.0,17,1,1,0
2021-01-05 17:53:00,0.0,0.0,0.0,0.0,17,1,1,0
2021-01-05 17:54:00,0.0,0.0,0.0,0.0,17,1,1,0
2021-01-05 17:55:00,1.0,0.093,0.0,0.0,17,1,1,0
2021-01-05 17:56:00,1.0,0.093,0.0,0.0,17,1,1,0
2021-01-05 17:57:00,0.0,0.0,0.0,0.0,17,1,1,0
2021-01-05 17:58:00,0.0,0.0,0.0,0.0,17,1,1,0
2021-01-05 17:59:00,1.0,0.093,0.0,0.0,17,1,1,0
2021-01-05 18:00:00,0.0,0.0,0.0,0.0,18,1,0,0
2021-01-05 18:01:00,1.0,0.093,0.0,0.0,18,1,0,0
2021-01-05 18:02:00,0.0,0.0,0.0,0.0,18,1,0,0
2021-01-05 18:03:00,0.0,0.0,0.0,0.0,18,1,0,0
2021-01-05 18:04:00,1.0,0.124,0.0,0.0,18,1,0,0
2021-01-05 18:05:00,0.0,0.0,0.0,0.0,18,1,0,0
2021-01-05 18:06:00,0.0,0.0,0.0,0.0,18,1,0,0
2021-01-05 18:07:00,1.0,0.128,0.0,0.0,18,1,0,0
2021-01-05 18:08:00,1.0,0.093,0.0,0.0,18,1,0,0
2021-01-05 18:09:00,0.0,0.0,0.0,0.0,18,1,0,0
2021-01-05 18:10:00,0.0,0.0,0.0,0.0,18,1,0,0
2021-01-05 18:11:00,0.0,0.0,0.0,0.0,18,1,0,0
2021-01-05 18:12:00,1.0,0.078,0.0,0.0,18,1,0,0
2021-01-05 18:13:00,1.0,0.078,0.0,0.0,18,1,0,0
2021-01-05 18:14:00,0.0,0.0,0.0,0.0,18,1,0,0
2021-01-05 18:15:00,1.0,0.093,0.0,0.0,18,1,0,0
2021-01-05 18:16:00,0.0,0.0,0.0,0.0,18,1,0,0
2021-01-05 18:17:00,0.0,0.0,0.0,0.0,18,1,0,0
2021-01-05 18:18:00,1.0,0.14,0.0,0.0,18,1,0,0
2021-01-05 18:19:00,0.0,0.0,0.0,0.0,18,1,0,0
2021-01-05 18:20:00,1.0,0.109,0.0,0.0,18,1,0,0
2021-01-05 18:21:00,0.0,0.0,0.0,0.0,18,1,0,0
2021-01-05 18:22:00,0.0,0.0,0.0,0.0,18,1,0,0
2021-01-05 18:23:00,1.0,0.109,0.0,0.0,18,1,0,0
2021-01-05 18:24:00,0.0,0.0,0.0,0.0,18,1,0,0
2021-01-05 18:25:00,0.0,0.0,0.0,0.0,18,1,0,0
2021-01-05 18:26:00,0.0,0.0,0.0,0.0,18,1,0,0
2021-01-05 18:27:00,0.0,0.0,0.0,0.0,18,1,0,0
2021-01-05 18:28:00,1.0,0.097,0.0,0.0,18,1,0,0
2021-01-05 18:29:00,1.0,0.078,0.0,0.0,18,1,0,0
2021-01-05 18:30:00,1.0,0.078,0.0,0.0,18,1,0,0
2021-01-05 18:31:00,0.0,0.0,0.0,0.0,18,1,0,0
2021-01-05 18:32:00,1.0,0.14,0.0,0.0,18,1,0,0
2021-01-05 18:33:00,0.0,0.0,0.0,0.0,18,1,0,0
2021-01-05 18:34:00,0.0,0.0,0.0,0.0,18,1,0,0
2021-01-05 18:35:00,0.0,0.0,0.0,0.0,18,1,0,0
2021-01-05 18:36:00,1.0,0.078,0.0,0.0,18,1,0,0
2021-01-05 18:37:00,0.0,0.0,0.0,0.0,18,1,0,0
2021-01-05 18:38:00,1.0,0.078,0.0,0.0,18,1,0,0
2021-01-05 18:39:00,0.0,0.0,0.0,0.0,18,1,0,0
2021-01-05 18:40:00,1.0,0.125,0.0,0.0,18,1,0,0
2021-01-05 18:41:00,0.0,0.0,0.0,0.0,18,1,0,0
2021-01-05 18:42:00,2.0,0.08549999999999999,0.010606601717798217,0.0,18,1,0,0
2021-01-05 18:43:00,0.0,0.0,0.0,0.0,18,1,0,0
2021-01-05 18:44:00,1.0,0.148,0.0,0.0,18,1,0,0
2021-01-05 18:45:00,3.0,0.14033333333333334,0.08258530942808978,0.0,18,1,0,0
2021-01-05 18:46:00,0.0,0.0,0.0,0.0,18,1,0,0
2021-01-05 18:47:00,0.0,0.0,0.0,0.0,18,1,0,0
2021-01-05 18:48:00,0.0,0.0,0.0,0.0,18,1,0,0
2021-01-05 18:49:00,1.0,0.093,0.0,0.0,18,1,0,0
2021-01-05 18:50:00,0.0,0.0,0.0,0.0,18,1,0,0
2021-01-05 18:51:00,0.0,0.0,0.0,0.0,18,1,0,0
2021-01-05 18:52:00,1.0,0.109,0.0,0.0,18,1,0,0
2021-01-05 18:53:00,1.0,0.093,0.0,0.0,18,1,0,0
2021-01-05 18:54:00,0.0,0.0,0.0,0.0,18,1,0,0
2021-01-05 18:55:00,1.0,0.078,0.0,0.0,18,1,0,0
2021-01-05 18:56:00,1.0,0.109,0.0,0.0,18,1,0,0
2021-01-05 18:57:00,0.0,0.0,0.0,0.0,18,1,0,0
2021-01-05 18:58:00,1.0,0.078,0.0,0.0,18,1,0,0
2021-01-05 18:59:00,0.0,0.0,0.0,0.0,18,1,0,0
2021-01-05 19:00:00,1.0,0.093,0.0,0.0,19,1,0,0
2021-01-05 19:01:00,0.0,0.0,0.0,0.0,19,1,0,0
2021-01-05 19:02:00,3.0,0.16333333333333333,0.10826048832946085,0.0,19,1,0,0
2021-01-05 19:03:00,0.0,0.0,0.0,0.0,19,1,0,0
2021-01-05 19:04:00,0.0,0.0,0.0,0.0,19,1,0,0
2021-01-05 19:05:00,2.0,0.08549999999999999,0.010606601717798217,0.0,19,1,0,0
2021-01-05 19:06:00,2.0,0.08549999999999999,0.010606601717798217,0.0,19,1,0,0
2021-01-05 19:07:00,0.0,0.0,0.0,0.0,19,1,0,0
2021-01-05 19:08:00,0.0,0.0,0.0,0.0,19,1,0,0
2021-01-05 19:09:00,1.0,0.078,0.0,0.0,19,1,0,0
2021-01-05 19:10:00,2.0,0.1015,0.033234018715767734,0.0,19,1,0,0
2021-01-05 19:11:00,2.0,0.093,0.0,0.0,19,1,0,0
2021-01-05 19:12:00,1.0,0.093,0.0,0.0,19,1,0,0
2021-01-05 19:13:00,2.0,0.07,0.011313708498984765,0.0,19,1,0,0
2021-01-05 19:14:00,1.0,0.093,0.0,0.0,19,1,0,0
2021-01-05 19:15:00,1.0,0.109,0.0,0.0,19,1,0,0
2021-01-05 19:16:00,0.0,0.0,0.0,0.0,19,1,0,0
2021-01-05 19:17:00,0.0,0.0,0.0,0.0,19,1,0,0
2021-01-05 19:18:00,1.0,0.093,0.0,0.0,19,1,0,0
2021-01-05 19:19:00,0.0,0.0,0.0,0.0,19,1,0,0
2021-01-05 19:20:00,0.0,0.0,0.0,0.0,19,1,0,0
2021-01-05 19:21:00,0.0,0.0,0.0,0.0,19,1,0,0
2021-01-05 19:22:00,0.0,0.0,0.0,0.0,19,1,0,0
2021-01-05 19:23:00,0.0,0.0,0.0,0.0,19,1,0,0
2021-01-05 19:24:00,0.0,0.0,0.0,0.0,19,1,0,0
2021-01-05 19:25:00,0.0,0.0,0.0,0.0,19,1,0,0
2021-01-05 19:26:00,0.0,0.0,0.0,0.0,19,1,0,0
2021-01-05 19:27:00,0.0,0.0,0.0,0.0,19,1,0,0
2021-01-05 19:28:00,1.0,0.14,0.0,1.0,19,1,0,0
2021-01-05 19:29:00,0.0,0.0,0.0,0.0,19,1,0,0
2021-01-05 19:30:00,0.0,0.0,0.0,0.0,19,1,0,0
2021-01-05 19:31:00,0.0,0.0,0.0,0.0,19,1,0,0
2021-01-05 19:32:00,0.0,0.0,0.0,0.0,19,1,0,0
2021-01-05 19:33:00,0.0,0.0,0.0,0.0,19,1,0,0
2021-01-05 19:34:00,0.0,0.0,0.0,0.0,19,1,0,0
2021-01-05 19:35:00,0.0,0.0,0.0,0.0,19,1,0,0
2021-01-05 19:36:00,0.0,0.0,0.0,0.0,19,1,0,0
2021-01-05 19:37:00,1.0,0.14,0.0,0.0,19,1,0,0
2021-01-05 19:38:00,0.0,0.0,0.0,0.0,19,1,0,0
2021-01-05 19:39:00,0.0,0.0,0.0,0.0,19,1,0,0
2021-01-05 19:40:00,0.0,0.0,0.0,0.0,19,1,0,0
2021-01-05 19:41:00,0.0,0.0,0.0,0.0,19,1,0,0
2021-01-05 19:42:00,0.0,0.0,0.0,0.0,19,1,0,0
2021-01-05 19:43:00,0.0,0.0,0.0,0.0,19,1,0,0
2021-01-05 19:44:00,1.0,0.14,0.0,0.0,19,1,0,0
2021-01-05 19:45:00,0.0,0.0,0.0,0.0,19,1,0,0
2021-01-05 19:46:00,0.0,0.0,0.0,0.0,19,1,0,0
2021-01-05 19:47:00,1.0,0.139,0.0,0.0,19,1,0,0
2021-01-05 19:48:00,1.0,0.141,0.0,0.0,19,1,0,0
2021-01-05 19:49:00,1.0,0.343,0.0,0.0,19,1,0,0
2021-01-05 19:50:00,1.0,0.331,0.0,0.0,19,1,0,0
2021-01-05 19:51:00,2.0,0.14250000000000002,0.0035355339059327112,0.0,19,1,0,0
2021-01-05 19:52:00,1.0,0.156,0.0,0.0,19,1,0,0
2021-01-05 19:53:00,1.0,0.128,0.0,0.0,19,1,0,0
2021-01-05 19:54:00,0.0,0.0,0.0,0.0,19,1,0,0
2021-01-05 19:55:00,0.0,0.0,0.0,0.0,19,1,0,0
2021-01-05 19:56:00,0.0,0.0,0.0,0.0,19,1,0,0
2021-01-05 19:57:00,1.0,0.14,0.0,0.0,19,1,0,0
2021-01-05 19:58:00,0.0,0.0,0.0,0.0,19,1,0,0
2021-01-05 19:59:00,0.0,0.0,0.0,0.0,19,1,0,0
2021-01-05 20:00:00,0.0,0.0,0.0,0.0,20,1,0,0
2021-01-05 20:01:00,0.0,0.0,0.0,0.0,20,1,0,0
2021-01-05 20:02:00,0.0,0.0,0.0,0.0,20,1,0,0
2021-01-05 20:03:00,0.0,0.0,0.0,0.0,20,1,0,0
2021-01-05 20:04:00,0.0,0.0,0.0,0.0,20,1,0,0
2021-01-05 20:05:00,1.0,0.125,0.0,0.0,20,1,0,0
2021-01-05 20:06:00,0.0,0.0,0.0,0.0,20,1,0,0
2021-01-05 20:07:00,1.0,0.359,0.0,0.0,20,1,0,0
2021-01-05 20:08:00,0.0,0.0,0.0,0.0,20,1,0,0
2021-01-05 20:09:00,0.0,0.0,0.0,0.0,20,1,0,0
2021-01-05 20:10:00,0.0,0.0,0.0,0.0,20,1,0,0
2021-01-05 20:11:00,1.0,0.156,0.0,0.0,20,1,0,0
2021-01-05 20:12:00,1.0,0.171,0.0,0.0,20,1,0,0
2021-01-05 20:13:00,1.0,0.119,0.0,0.0,20,1,0,0
2021-01-05 20:14:00,0.0,0.0,0.0,0.0,20,1,0,0
2021-01-05 20:15:00,0.0,0.0,0.0,0.0,20,1,0,0
2021-01-05 20:16:00,0.0,0.0,0.0,0.0,20,1,0,0
2021-01-05 20:17:00,1.0,0.125,0.0,0.0,20,1,0,0
2021-01-05 20:18:00,0.0,0.0,0.0,0.0,20,1,0,0
2021-01-05 20:19:00,0.0,0.0,0.0,0.0,20,1,0,0
2021-01-05 20:20:00,0.0,0.0,0.0,0.0,20,1,0,0
2021-01-05 20:21:00,0.0,0.0,0.0,0.0,20,1,0,0
2021-01-05 20:22:00,1.0,0.171,0.0,0.0,20,1,0,0
2021-01-05 20:23:00,1.0,0.124,0.0,0.0,20,1,0,0
2021-01-05 20:24:00,0.0,0.0,0.0,0.0,20,1,0,0
2021-01-05 20:25:00,0.0,0.0,0.0,0.0,20,1,0,0
2021-01-05 20:26:00,0.0,0.0,0.0,0.0,20,1,0,0
2021-01-05 20:27:00,0.0,0.0,0.0,0.0,20,1,0,0
2021-01-05 20:28:00,0.0,0.0,0.0,0.0,20,1,0,0
2021-01-05 20:29:00,0.0,0.0,0.0,0.0,20,1,0,0
2021-01-05 20:30:00,1.0,0.171,0.0,0.0,20,1,0,0
2021-01-05 20:31:00,1.0,0.125,0.0,0.0,20,1,0,0
2021-01-05 20:32:00,1.0,0.124,0.0,0.0,20,1,0,0
2021-01-05 20:33:00,0.0,0.0,0.0,0.0,20,1,0,0
2021-01-05 20:34:00,0.0,0.0,0.0,0.0,20,1,0,0
2021-01-05 20:35:00,0.0,0.0,0.0,0.0,20,1,0,0
2021-01-05 20:36:00,0.0,0.0,0.0,0.0,20,1,0,0
2021-01-05 20:37:00,0.0,0.0,0.0,0.0,20,1,0,0
2021-01-05 20:38:00,1.0,0.171,0.0,0.0,20,1,0,0
2021-01-05 20:39:00,0.0,0.0,0.0,0.0,20,1,0,0
2021-01-05 20:40:00,0.0,0.0,0.0,0.0,20,1,0,0
2021-01-05 20:41:00,0.0,0.0,0.0,0.0,20,1,0,0
2021-01-05 20:42:00,0.0,0.0,0.0,0.0,20,1,0,0
2021-01-05 20:43:00,0.0,0.0,0.0,0.0,20,1,0,0
2021-01-05 20:44:00,1.0,0.109,0.0,0.0,20,1,0,0
2021-01-05 20:45:00,1.0,0.14,0.0,0.0,20,1,0,0
2021-01-05 20:46:00,0.0,0.0,0.0,0.0,20,1,0,0
2021-01-05 20:47:00,0.0,0.0,0.0,0.0,20,1,0,0
2021-01-05 20:48:00,0.0,0.0,0.0,0.0,20,1,0,0
2021-01-05 20:49:00,1.0,0.203,0.0,0.0,20,1,0,0
2021-01-05 20:50:00,0.0,0.0,0.0,0.0,20,1,0,0
2021-01-05 20:51:00,2.0,0.2195,0.13505739520663057,0.0,20,1,0,0
2021-01-05 20:52:00,0.0,0.0,0.0,0.0,20,1,0,0
2021-01-05 20:53:00,0.0,0.0,0.0,0.0,20,1,0,0
2021-01-05 20:54:00,0.0,0.0,0.0,0.0,20,1,0,0
2021-01-05 20:55:00,0.0,0.0,0.0,0.0,20,1,0,0
2021-01-05 20:56:00,1.0,0.14,0.0,0.0,20,1,0,0
2021-01-05 20:57:00,0.0,0.0,0.0,0.0,20,1,0,0
2021-01-05 20:58:00,1.0,0.603,0.0,0.0,20,1,0,0
2021-01-05 20:59:00,1.0,0.14,0.0,0.0,20,1,0,0
2021-01-05 21:00:00,0.0,0.0,0.0,0.0,21,1,0,0
2021-01-05 21:01:00,0.0,0.0,0.0,0.0,21,1,0,0
2021-01-05 21:02:00,0.0,0.0,0.0,0.0,21,1,0,0
2021-01-05 21:03:00,0.0,0.0,0.0,0.0,21,1,0,0
2021-01-05 21:04:00,1.0,0.125,0.0,0.0,21,1,0,0
2021-01-05 21:05:00,0.0,0.0,0.0,0.0,21,1,0,0
2021-01-05 21:06:00,0.0,0.0,0.0,0.0,21,1,0,0
2021-01-05 21:07:00,1.0,0.298,0.0,0.0,21,1,0,0
2021-01-05 21:08:00,0.0,0.0,0.0,0.0,21,1,0,0
2021-01-05 21:09:00,0.0,0.0,0.0,0.0,21,1,0,0
2021-01-05 21:10:00,1.0,0.109,0.0,0.0,21,1,0,0
2021-01-05 21:11:00,0.0,0.0,0.0,0.0,21,1,0,0
2021-01-05 21:12:00,0.0,0.0,0.0,0.0,21,1,0,0
2021-01-05 21:13:00,1.0,0.156,0.0,0.0,21,1,0,0
2021-01-05 21:14:00,0.0,0.0,0.0,0.0,21,1,0,0
2021-01-05 21:15:00,0.0,0.0,0.0,0.0,21,1,0,0
2021-01-05 21:16:00,0.0,0.0,0.0,0.0,21,1,0,0
2021-01-05 21:17:00,1.0,0.171,0.0,0.0,21,1,0,0
2021-01-05 21:18:00,0.0,0.0,0.0,0.0,21,1,0,0
2021-01-05 21:19:00,0.0,0.0,0.0,0.0,21,1,0,0
2021-01-05 21:20:00,1.0,0.376,0.0,0.0,21,1,0,0
2021-01-05 21:21:00,1.0,0.375,0.0,0.0,21,1,0,0
2021-01-05 21:22:00,0.0,0.0,0.0,0.0,21,1,0,0
2021-01-05 21:23:00,0.0,0.0,0.0,0.0,21,1,0,0
2021-01-05 21:24:00,1.0,0.156,0.0,0.0,21,1,0,0
2021-01-05 21:25:00,0.0,0.0,0.0,0.0,21,1,0,0
2021-01-05 21:26:00,0.0,0.0,0.0,0.0,21,1,0,0
2021-01-05 21:27:00,0.0,0.0,0.0,0.0,21,1,0,0
2021-01-05 21:28:00,0.0,0.0,0.0,0.0,21,1,0,0
2021-01-05 21:29:00,0.0,0.0,0.0,0.0,21,1,0,0
2021-01-05 21:30:00,0.0,0.0,0.0,0.0,21,1,0,0
2021-01-05 21:31:00,0.0,0.0,0.0,0.0,21,1,0,0
2021-01-05 21:32:00,0.0,0.0,0.0,0.0,21,1,0,0
2021-01-05 21:33:00,1.0,0.125,0.0,0.0,21,1,0,0
2021-01-05 21:34:00,0.0,0.0,0.0,0.0,21,1,0,0
2021-01-05 21:35:00,0.0,0.0,0.0,0.0,21,1,0,0
2021-01-05 21:36:00,0.0,0.0,0.0,0.0,21,1,0,0
2021-01-05 21:37:00,0.0,0.0,0.0,0.0,21,1,0,0
2021-01-05 21:38:00,1.0,0.109,0.0,0.0,21,1,0,0
2021-01-05 21:39:00,1.0,0.171,0.0,0.0,21,1,0,0
2021-01-05 21:40:00,1.0,0.171,0.0,0.0,21,1,0,0
2021-01-05 21:41:00,0.0,0.0,0.0,0.0,21,1,0,0
2021-01-05 21:42:00,0.0,0.0,0.0,0.0,21,1,0,0
2021-01-05 21:43:00,0.0,0.0,0.0,0.0,21,1,0,0
2021-01-05 21:44:00,0.0,0.0,0.0,0.0,21,1,0,0
2021-01-05 21:45:00,0.0,0.0,0.0,0.0,21,1,0,0
2021-01-05 21:46:00,0.0,0.0,0.0,0.0,21,1,0,0
2021-01-05 21:47:00,0.0,0.0,0.0,0.0,21,1,0,0
2021-01-05 21:48:00,0.0,0.0,0.0,0.0,21,1,0,0
2021-01-05 21:49:00,0.0,0.0,0.0,0.0,21,1,0,0
2021-01-05 21:50:00,0.0,0.0,0.0,0.0,21,1,0,0
2021-01-05 21:51:00,0.0,0.0,0.0,0.0,21,1,0,0
2021-01-05 21:52:00,1.0,0.124,0.0,1.0,21,1,0,0
2021-01-05 21:53:00,1.0,0.109,0.0,0.0,21,1,0,0
2021-01-05 21:54:00,1.0,0.14,0.0,0.0,21,1,0,0
2021-01-05 21:55:00,0.0,0.0,0.0,0.0,21,1,0,0
2021-01-05 21:56:00,1.0,0.396,0.0,0.0,21,1,0,0
2021-01-05 21:57:00,0.0,0.0,0.0,0.0,21,1,0,0
2021-01-05 21:58:00,0.0,0.0,0.0,0.0,21,1,0,0
2021-01-05 21:59:00,1.0,0.171,0.0,0.0,21,1,0,0
2021-01-05 22:00:00,1.0,0.14,0.0,0.0,22,1,0,0
2021-01-05 22:01:00,0.0,0.0,0.0,0.0,22,1,0,0
2021-01-05 22:02:00,1.0,0.217,0.0,0.0,22,1,0,0
2021-01-05 22:03:00,2.0,0.15500000000000003,0.021213203435596416,0.0,22,1,0,0
2021-01-05 22:04:00,1.0,0.14,0.0,0.0,22,1,0,0
2021-01-05 22:05:00,1.0,0.109,0.0,0.0,22,1,0,0
2021-01-05 22:06:00,1.0,0.171,0.0,0.0,22,1,0,0
2021-01-05 22:07:00,0.0,0.0,0.0,0.0,22,1,0,0
2021-01-05 22:08:00,0.0,0.0,0.0,0.0,22,1,0,0
2021-01-05 22:09:00,2.0,0.1635,0.010606601717798222,0.0,22,1,0,0
2021-01-05 22:10:00,1.0,0.143,0.0,0.0,22,1,0,0
2021-01-05 22:11:00,1.0,0.14,0.0,0.0,22,1,0,0
2021-01-05 22:12:00,3.0,0.166,0.05943063183241451,0.0,22,1,0,0
2021-01-05 22:13:00,0.0,0.0,0.0,0.0,22,1,0,0
2021-01-05 22:14:00,1.0,0.249,0.0,0.0,22,1,0,0
2021-01-05 22:15:00,0.0,0.0,0.0,0.0,22,1,0,0
2021-01-05 22:16:00,0.0,0.0,0.0,0.0,22,1,0,0
2021-01-05 22:17:00,0.0,0.0,0.0,0.0,22,1,0,0
2021-01-05 22:18:00,1.0,0.39,0.0,0.0,22,1,0,0
2021-01-05 22:19:00,0.0,0.0,0.0,0.0,22,1,0,0
2021-01-05 22:20:00,1.0,0.11,0.0,0.0,22,1,0,0
2021-01-05 22:21:00,1.0,0.171,0.0,0.0,22,1,0,0
2021-01-05 22:22:00,0.0,0.0,0.0,0.0,22,1,0,0
2021-01-05 22:23:00,1.0,0.124,0.0,0.0,22,1,0,0
2021-01-05 22:24:00,0.0,0.0,0.0,0.0,22,1,0,0
2021-01-05 22:25:00,0.0,0.0,0.0,0.0,22,1,0,0
2021-01-05 22:26:00,0.0,0.0,0.0,0.0,22,1,0,0
2021-01-05 22:27:00,1.0,0.156,0.0,0.0,22,1,0,0
2021-01-05 22:28:00,0.0,0.0,0.0,0.0,22,1,0,0
2021-01-05 22:29:00,0.0,0.0,0.0,0.0,22,1,0,0
2021-01-05 22:30:00,0.0,0.0,0.0,0.0,22,1,0,0
2021-01-05 22:31:00,0.0,0.0,0.0,0.0,22,1,0,0
2021-01-05 22:32:00,1.0,0.156,0.0,0.0,22,1,0,0
2021-01-05 22:33:00,2.0,0.132,0.01131370849898477,0.0,22,1,0,0
2021-01-05 22:34:00,2.0,0.16499999999999998,0.012727922061357857,0.0,22,1,0,0
2021-01-05 22:35:00,0.0,0.0,0.0,0.0,22,1,0,0
2021-01-05 22:36:00,1.0,0.413,0.0,0.0,22,1,0,0
2021-01-05 22:37:00,3.0,0.171,0.032,0.0,22,1,0,0
2021-01-05 22:38:00,1.0,0.125,0.0,0.0,22,1,0,0
2021-01-05 22:39:00,1.0,0.128,0.0,0.0,22,1,0,0
2021-01-05 22:40:00,1.0,0.156,0.0,0.0,22,1,0,0
2021-01-05 22:41:00,1.0,0.124,0.0,0.0,22,1,0,0
2021-01-05 22:42:00,0.0,0.0,0.0,0.0,22,1,0,0
2021-01-05 22:43:00,1.0,0.109,0.0,0.0,22,1,0,0
2021-01-05 22:44:00,1.0,0.203,0.0,0.0,22,1,0,0
2021-01-05 22:45:00,0.0,0.0,0.0,0.0,22,1,0,0
2021-01-05 22:46:00,0.0,0.0,0.0,0.0,22,1,0,0
2021-01-05 22:47:00,0.0,0.0,0.0,0.0,22,1,0,0
2021-01-05 22:48:00,0.0,0.0,0.0,0.0,22,1,0,0
2021-01-05 22:49:00,0.0,0.0,0.0,0.0,22,1,0,0
2021-01-05 22:50:00,0.0,0.0,0.0,0.0,22,1,0,0
2021-01-05 22:51:00,0.0,0.0,0.0,0.0,22,1,0,0
2021-01-05 22:52:00,0.0,0.0,0.0,0.0,22,1,0,0
2021-01-05 22:53:00,0.0,0.0,0.0,0.0,22,1,0,0
2021-01-05 22:54:00,0.0,0.0,0.0,0.0,22,1,0,0
2021-01-05 22:55:00,1.0,0.109,0.0,1.0,22,1,0,0
2021-01-05 22:56:00,0.0,0.0,0.0,0.0,22,1,0,0
2021-01-05 22:57:00,0.0,0.0,0.0,0.0,22,1,0,0
2021-01-05 22:58:00,0.0,0.0,0.0,0.0,22,1,0,0
2021-01-05 22:59:00,0.0,0.0,0.0,0.0,22,1,0,0
2021-01-05 23:00:00,1.0,0.109,0.0,0.0,23,1,0,0
2021-01-05 23:01:00,1.0,0.281,0.0,0.0,23,1,0,0
2021-01-05 23:02:00,0.0,0.0,0.0,0.0,23,1,0,0
2021-01-05 23:03:00,0.0,0.0,0.0,0.0,23,1,0,0
2021-01-05 23:04:00,0.0,0.0,0.0,0.0,23,1,0,0
2021-01-05 23:05:00,0.0,0.0,0.0,0.0,23,1,0,0
2021-01-05 23:06:00,0.0,0.0,0.0,0.0,23,1,0,0
2021-01-05 23:07:00,0.0,0.0,0.0,0.0,23,1,0,0
2021-01-05 23:08:00,0.0,0.0,0.0,0.0,23,1,0,0
2021-01-05 23:09:00,2.0,0.11649999999999999,0.010606601717798208,0.0,23,1,0,0
2021-01-05 23:10:00,0.0,0.0,0.0,0.0,23,1,0,0
2021-01-05 23:11:00,0.0,0.0,0.0,0.0,23,1,0,0
2021-01-05 23:12:00,1.0,0.125,0.0,0.0,23,1,0,0
2021-01-05 23:13:00,0.0,0.0,0.0,0.0,23,1,0,0
2021-01-05 23:14:00,0.0,0.0,0.0,0.0,23,1,0,0
2021-01-05 23:15:00,0.0,0.0,0.0,0.0,23,1,0,0
2021-01-05 23:16:00,0.0,0.0,0.0,0.0,23,1,0,0
2021-01-05 23:17:00,1.0,0.109,0.0,0.0,23,1,0,0
2021-01-05 23:18:00,0.0,0.0,0.0,0.0,23,1,0,0
2021-01-05 23:19:00,0.0,0.0,0.0,0.0,23,1,0,0
2021-01-05 23:20:00,1.0,0.125,0.0,0.0,23,1,0,0
2021-01-05 23:21:00,1.0,0.14,0.0,0.0,23,1,0,0
2021-01-05 23:22:00,0.0,0.0,0.0,0.0,23,1,0,0
2021-01-05 23:23:00,1.0,0.125,0.0,0.0,23,1,0,0
2021-01-05 23:24:00,0.0,0.0,0.0,0.0,23,1,0,0
2021-01-05 23:25:00,0.0,0.0,0.0,0.0,23,1,0,0
2021-01-05 23:26:00,0.0,0.0,0.0,0.0,23,1,0,0
2021-01-05 23:27:00,0.0,0.0,0.0,0.0,23,1,0,0
2021-01-05 23:28:00,1.0,0.14,0.0,0.0,23,1,0,0
2021-01-05 23:29:00,0.0,0.0,0.0,0.0,23,1,0,0
2021-01-05 23:30:00,0.0,0.0,0.0,0.0,23,1,0,0
2021-01-05 23:31:00,3.0,0.139,0.016093476939431074,0.0,23,1,0,0
2021-01-05 23:32:00,1.0,0.109,0.0,0.0,23,1,0,0
2021-01-05 23:33:00,2.0,0.14800000000000002,0.01131370849898476,0.0,23,1,0,0
2021-01-05 23:34:00,0.0,0.0,0.0,0.0,23,1,0,0
2021-01-05 23:35:00,0.0,0.0,0.0,0.0,23,1,0,0
2021-01-05 23:36:00,0.0,0.0,0.0,0.0,23,1,0,0
2021-01-05 23:37:00,2.0,0.132,0.01131370849898477,0.0,23,1,0,0
2021-01-05 23:38:00,0.0,0.0,0.0,0.0,23,1,0,0
2021-01-05 23:39:00,2.0,0.14,0.02262741699796953,0.0,23,1,0,0
2021-01-05 23:40:00,0.0,0.0,0.0,0.0,23,1,0,0
2021-01-05 23:41:00,1.0,0.156,0.0,0.0,23,1,0,0
2021-01-05 23:42:00,2.0,0.14,0.04384062043356595,0.0,23,1,0,0
2021-01-05 23:43:00,1.0,0.218,0.0,0.0,23,1,0,0
2021-01-05 23:44:00,0.0,0.0,0.0,0.0,23,1,0,0
2021-01-05 23:45:00,1.0,0.171,0.0,0.0,23,1,0,0
2021-01-05 23:46:00,0.0,0.0,0.0,0.0,23,1,0,0
2021-01-05 23:47:00,0.0,0.0,0.0,0.0,23,1,0,0
2021-01-05 23:48:00,0.0,0.0,0.0,0.0,23,1,0,0
2021-01-05 23:49:00,0.0,0.0,0.0,0.0,23,1,0,0
2021-01-05 23:50:00,3.0,0.12233333333333334,0.012220201853215578,0.0,23,1,0,0
2021-01-05 23:51:00,1.0,0.109,0.0,0.0,23,1,0,0
2021-01-05 23:52:00,0.0,0.0,0.0,0.0,23,1,0,0
2021-01-05 23:53:00,0.0,0.0,0.0,0.0,23,1,0,0
2021-01-05 23:54:00,1.0,0.142,0.0,0.0,23,1,0,0
2021-01-05 23:55:00,1.0,0.234,0.0,0.0,23,1,0,0
2021-01-05 23:56:00,1.0,0.109,0.0,0.0,23,1,0,0
2021-01-05 23:57:00,3.0,0.16233333333333333,0.019502136635080092,0.0,23,1,0,0
2021-01-05 23:58:00,0.0,0.0,0.0,0.0,23,1,0,0
2021-01-05 23:59:00,0.0,0.0,0.0,0.0,23,1,0,0
2021-01-06 00:00:00,1.0,0.127,0.0,0.0,0,2,0,0
2021-01-06 00:01:00,2.0,0.1245,0.021920310216782986,0.0,0,2,0,0
2021-01-06 00:02:00,0.0,0.0,0.0,0.0,0,2,0,0
2021-01-06 00:03:00,1.0,0.187,0.0,0.0,0,2,0,0
2021-01-06 00:04:00,1.0,0.14,0.0,0.0,0,2,0,0
2021-01-06 00:05:00,0.0,0.0,0.0,0.0,0,2,0,0
2021-01-06 00:06:00,1.0,0.124,0.0,0.0,0,2,0,0
2021-01-06 00:07:00,1.0,0.109,0.0,0.0,0,2,0,0
2021-01-06 00:08:00,0.0,0.0,0.0,0.0,0,2,0,0
2021-01-06 00:09:00,1.0,0.361,0.0,0.0,0,2,0,0
2021-01-06 00:10:00,0.0,0.0,0.0,0.0,0,2,0,0
2021-01-06 00:11:00,0.0,0.0,0.0,0.0,0,2,0,0
2021-01-06 00:12:00,0.0,0.0,0.0,0.0,0,2,0,0
2021-01-06 00:13:00,0.0,0.0,0.0,0.0,0,2,0,0
2021-01-06 00:14:00,1.0,0.124,0.0,0.0,0,2,0,0
2021-01-06 00:15:00,0.0,0.0,0.0,0.0,0,2,0,0
2021-01-06 00:16:00,0.0,0.0,0.0,0.0,0,2,0,0
2021-01-06 00:17:00,0.0,0.0,0.0,0.0,0,2,0,0
2021-01-06 00:18:00,2.0,0.132,0.01131370849898477,0.0,0,2,0,0
2021-01-06 00:19:00,0.0,0.0,0.0,0.0,0,2,0,0
2021-01-06 00:20:00,0.0,0.0,0.0,0.0,0,2,0,0
2021-01-06 00:21:00,0.0,0.0,0.0,0.0,0,2,0,0
2021-01-06 00:22:00,0.0,0.0,0.0,0.0,0,2,0,0
2021-01-06 00:23:00,0.0,0.0,0.0,0.0,0,2,0,0
2021-01-06 00:24:00,0.0,0.0,0.0,0.0,0,2,0,0
2021-01-06 00:25:00,0.0,0.0,0.0,0.0,0,2,0,0
2021-01-06 00:26:00,0.0,0.0,0.0,0.0,0,2,0,0
2021-01-06 00:27:00,1.0,0.125,0.0,0.0,0,2,0,0
2021-01-06 00:28:00,1.0,0.14,0.0,0.0,0,2,0,0
2021-01-06 00:29:00,1.0,0.156,0.0,0.0,0,2,0,0
2021-01-06 00:30:00,2.0,0.1805,0.07707463914933367,0.0,0,2,0,0
2021-01-06 00:31:00,2.0,0.1245,0.02192031021678298,0.0,0,2,0,0
2021-01-06 00:32:00,1.0,0.14,0.0,0.0,0,2,0,0
2021-01-06 00:33:00,2.0,0.125,0.0,0.0,0,2,0,0
2021-01-06 00:34:00,1.0,0.171,0.0,0.0,0,2,0,0
2021-01-06 00:35:00,1.0,0.156,0.0,0.0,0,2,0,0
2021-01-06 00:36:00,0.0,0.0,0.0,0.0,0,2,0,0
2021-01-06 00:37:00,0.0,0.0,0.0,0.0,0,2,0,0
2021-01-06 00:38:00,1.0,0.124,0.0,0.0,0,2,0,0
2021-01-06 00:39:00,1.0,0.109,0.0,0.0,0,2,0,0
2021-01-06 00:40:00,0.0,0.0,0.0,0.0,0,2,0,0
2021-01-06 00:41:00,1.0,0.156,0.0,0.0,0,2,0,0
2021-01-06 00:42:00,3.0,0.1396666666666667,0.02713546265191242,0.0,0,2,0,0
2021-01-06 00:43:00,0.0,0.0,0.0,0.0,0,2,0,0
2021-01-06 00:44:00,1.0,0.14,0.0,0.0,0,2,0,0
2021-01-06 00:45:00,0.0,0.0,0.0,0.0,0,2,0,0
2021-01-06 00:46:00,0.0,0.0,0.0,0.0,0,2,0,0
2021-01-06 00:47:00,1.0,0.127,0.0,0.0,0,2,0,0
2021-01-06 00:48:00,1.0,0.14,0.0,0.0,0,2,0,0
2021-01-06 00:49:00,0.0,0.0,0.0,0.0,0,2,0,0
2021-01-06 00:50:00,2.0,0.1655,0.00777817459305203,0.0,0,2,0,0
2021-01-06 00:51:00,1.0,0.312,0.0,0.0,0,2,0,0
2021-01-06 00:52:00,2.0,0.14,0.0,0.0,0,2,0,0
2021-01-06 00:53:00,1.0,0.124,0.0,0.0,0,2,0,0
2021-01-06 00:54:00,0.0,0.0,0.0,0.0,0,2,0,0
2021-01-06 00:55:00,2.0,0.407,0.42143564158718233,0.0,0,2,0,0
2021-01-06 00:56:00,0.0,0.0,0.0,0.0,0,2,0,0
2021-01-06 00:57:00,0.0,0.0,0.0,0.0,0,2,0,0
2021-01-06 00:58:00,3.0,0.12533333333333332,0.017039170558842746,0.0,0,2,0,0
2021-01-06 00:59:00,2.0,0.195,0.09899494936611666,0.0,0,2,0,0
2021-01-06 01:00:00,2.0,0.1195,0.007778174593052015,0.0,1,2,0,0
2021-01-06 01:01:00,0.0,0.0,0.0,0.0,1,2,0,0
2021-01-06 01:02:00,1.0,0.209,0.0,0.0,1,2,0,0
2021-01-06 01:03:00,0.0,0.0,0.0,0.0,1,2,0,0
2021-01-06 01:04:00,1.0,0.171,0.0,0.0,1,2,0,0
2021-01-06 01:05:00,0.0,0.0,0.0,0.0,1,2,0,0
2021-01-06 01:06:00,1.0,0.14,0.0,0.0,1,2,0,0
2021-01-06 01:07:00,1.0,0.171,0.0,0.0,1,2,0,0
2021-01-06 01:08:00,1.0,0.109,0.0,0.0,1,2,0,0
2021-01-06 01:09:00,1.0,0.139,0.0,0.0,1,2,0,0
2021-01-06 01:10:00,0.0,0.0,0.0,0.0,1,2,0,0
2021-01-06 01:11:00,0.0,0.0,0.0,0.0,1,2,0,0
2021-01-06 01:12:00,1.0,0.109,0.0,0.0,1,2,0,0
2021-01-06 01:13:00,0.0,0.0,0.0,0.0,1,2,0,0
2021-01-06 01:14:00,0.0,0.0,0.0,0.0,1,2,0,0
2021-01-06 01:15:00,1.0,0.14,0.0,0.0,1,2,0,0
2021-01-06 01:16:00,1.0,0.187,0.0,0.0,1,2,0,0
2021-01-06 01:17:00,0.0,0.0,0.0,0.0,1,2,0,0
2021-01-06 01:18:00,1.0,0.109,0.0,0.0,1,2,0,0
2021-01-06 01:19:00,0.0,0.0,0.0,0.0,1,2,0,0
2021-01-06 01:20:00,0.0,0.0,0.0,0.0,1,2,0,0
2021-01-06 01:21:00,2.0,0.132,0.05515432893255071,0.0,1,2,0,0
2021-01-06 01:22:00,0.0,0.0,0.0,0.0,1,2,0,0
2021-01-06 01:23:00,0.0,0.0,0.0,0.0,1,2,0,0
2021-01-06 01:24:00,1.0,0.178,0.0,0.0,1,2,0,0
2021-01-06 01:25:00,1.0,0.125,0.0,0.0,1,2,0,0
2021-01-06 01:26:00,0.0,0.0,0.0,0.0,1,2,0,0
2021-01-06 01:27:00,0.0,0.0,0.0,0.0,1,2,0,0
2021-01-06 01:28:00,0.0,0.0,0.0,0.0,1,2,0,0
2021-01-06 01:29:00,0.0,0.0,0.0,0.0,1,2,0,0
2021-01-06 01:30:00,0.0,0.0,0.0,0.0,1,2,0,0
2021-01-06 01:31:00,1.0,0.109,0.0,0.0,1,2,0,0
2021-01-06 01:32:00,0.0,0.0,0.0,0.0,1,2,0,0
2021-01-06 01:33:00,0.0,0.0,0.0,0.0,1,2,0,0
2021-01-06 01:34:00,0.0,0.0,0.0,0.0,1,2,0,0
2021-01-06 01:35:00,1.0,0.218,0.0,0.0,1,2,0,0
2021-01-06 01:36:00,2.0,0.15550000000000003,0.021920310216782982,0.0,1,2,0,0
2021-01-06 01:37:00,0.0,0.0,0.0,0.0,1,2,0,0
2021-01-06 01:38:00,0.0,0.0,0.0,0.0,1,2,0,0
2021-01-06 01:39:00,0.0,0.0,0.0,0.0,1,2,0,0
2021-01-06 01:40:00,0.0,0.0,0.0,0.0,1,2,0,0
2021-01-06 01:41:00,1.0,0.142,0.0,0.0,1,2,0,0
2021-01-06 01:42:00,2.0,0.1325,0.033234018715767734,0.0,1,2,0,0
2021-01-06 01:43:00,1.0,0.36,0.0,0.0,1,2,0,0
2021-01-06 01:44:00,1.0,0.156,0.0,0.0,1,2,0,0
2021-01-06 01:45:00,0.0,0.0,0.0,0.0,1,2,0,0
2021-01-06 01:46:00,0.0,0.0,0.0,0.0,1,2,0,0
2021-01-06 01:47:00,2.0,0.132,0.01131370849898477,0.0,1,2,0,0
2021-01-06 01:48:00,3.0,0.14533333333333334,0.032347076117221686,0.0,1,2,0,0
2021-01-06 01:49:00,1.0,0.138,0.0,0.0,1,2,0,0
2021-01-06 01:50:00,1.0,0.101,0.0,0.0,1,2,0,0
2021-01-06 01:51:00,1.0,0.1,0.0,0.0,1,2,0,0
2021-01-06 01:52:00,1.0,0.156,0.0,0.0,1,2,0,0
2021-01-06 01:53:00,1.0,0.146,0.0,0.0,1,2,0,0
2021-01-06 01:54:00,0.0,0.0,0.0,0.0,1,2,0,0
2021-01-06 01:55:00,4.0,0.1245,0.02215851980616034,0.0,1,2,0,0
2021-01-06 01:56:00,0.0,0.0,0.0,0.0,1,2,0,0
2021-01-06 01:57:00,0.0,0.0,0.0,0.0,1,2,0,0
2021-01-06 01:58:00,1.0,0.124,0.0,0.0,1,2,0,0
2021-01-06 01:59:00,2.0,0.1715,0.08838834764831845,0.0,1,2,0,0
2021-01-06 02:00:00,1.0,0.142,0.0,0.0,2,2,0,0
2021-01-06 02:01:00,2.0,0.1245,0.02192031021678298,0.0,2,2,0,0
2021-01-06 02:02:00,1.0,0.14,0.0,0.0,2,2,0,0
2021-01-06 02:03:00,1.0,0.109,0.0,0.0,2,2,0,0
2021-01-06 02:04:00,1.0,0.14,0.0,0.0,2,2,0,0
2021-01-06 02:05:00,0.0,0.0,0.0,0.0,2,2,0,0
2021-01-06 02:06:00,2.0,0.219,0.11172287142747449,0.0,2,2,0,0
2021-01-06 02:07:00,1.0,0.125,0.0,0.0,2,2,0,0
2021-01-06 02:08:00,0.0,0.0,0.0,0.0,2,2,0,0
2021-01-06 02:09:00,2.0,0.1245,0.02192031021678298,0.0,2,2,0,0
2021-01-06 02:10:00,0.0,0.0,0.0,0.0,2,2,0,0
2021-01-06 02:11:00,0.0,0.0,0.0,0.0,2,2,0,0
2021-01-06 02:12:00,1.0,0.109,0.0,0.0,2,2,0,0
2021-01-06 02:13:00,0.0,0.0,0.0,0.0,2,2,0,0
2021-01-06 02:14:00,1.0,0.109,0.0,0.0,2,2,0,0
2021-01-06 02:15:00,1.0,0.093,0.0,0.0,2,2,0,0
2021-01-06 02:16:00,0.0,0.0,0.0,0.0,2,2,0,0
2021-01-06 02:17:00,0.0,0.0,0.0,0.0,2,2,0,0
2021-01-06 02:18:00,0.0,0.0,0.0,0.0,2,2,0,0
2021-01-06 02:19:00,0.0,0.0,0.0,0.0,2,2,0,0
2021-01-06 02:20:00,0.0,0.0,0.0,0.0,2,2,0,0
2021-01-06 02:21:00,2.0,0.1825,0.06010407640085652,0.0,2,2,0,0
2021-01-06 02:22:00,3.0,0.12966666666666668,0.017897858344878403,0.0,2,2,0,0
2021-01-06 02:23:00,0.0,0.0,0.0,0.0,2,2,0,0
2021-01-06 02:24:00,0.0,0.0,0.0,0.0,2,2,0,0
2021-01-06 02:25:00,0.0,0.0,0.0,0.0,2,2,0,0
2021-01-06 02:26:00,1.0,0.14,0.0,0.0,2,2,0,0
2021-01-06 02:27:00,2.0,0.156,0.0,0.0,2,2,0,0
2021-01-06 02:28:00,1.0,0.203,0.0,0.0,2,2,0,0
2021-01-06 02:29:00,1.0,0.109,0.0,0.0,2,2,0,0
2021-01-06 02:30:00,0.0,0.0,0.0,0.0,2,2,0,0
2021-01-06 02:31:00,0.0,0.0,0.0,0.0,2,2,0,0
2021-01-06 02:32:00,1.0,0.14,0.0,0.0,2,2,0,0
2021-01-06 02:33:00,1.0,0.156,0.0,0.0,2,2,0,0
2021-01-06 02:34:00,0.0,0.0,0.0,0.0,2,2,0,0
2021-01-06 02:35:00,0.0,0.0,0.0,0.0,2,2,0,0
2021-01-06 02:36:00,0.0,0.0,0.0,0.0,2,2,0,0
2021-01-06 02:37:00,1.0,0.187,0.0,0.0,2,2,0,0
2021-01-06 02:38:00,0.0,0.0,0.0,0.0,2,2,0,0
2021-01-06 02:39:00,0.0,0.0,0.0,0.0,2,2,0,0
2021-01-06 02:40:00,1.0,0.126,0.0,0.0,2,2,0,0
2021-01-06 02:41:00,0.0,0.0,0.0,0.0,2,2,0,0
2021-01-06 02:42:00,0.0,0.0,0.0,0.0,2,2,0,0
2021-01-06 02:43:00,1.0,0.156,0.0,0.0,2,2,0,0
2021-01-06 02:44:00,1.0,0.14,0.0,0.0,2,2,0,0
2021-01-06 02:45:00,0.0,0.0,0.0,0.0,2,2,0,0
2021-01-06 02:46:00,2.0,0.131,0.031112698372208095,0.0,2,2,0,0
2021-01-06 02:47:00,1.0,0.125,0.0,0.0,2,2,0,0
2021-01-06 02:48:00,0.0,0.0,0.0,0.0,2,2,0,0
2021-01-06 02:49:00,3.0,0.11399999999999999,0.008660254037844387,0.0,2,2,0,0
2021-01-06 02:50:00,0.0,0.0,0.0,0.0,2,2,0,0
2021-01-06 02:51:00,2.0,0.1105,0.0021213203435596446,0.0,2,2,0,0
2021-01-06 02:52:00,0.0,0.0,0.0,0.0,2,2,0,0
2021-01-06 02:53:00,1.0,0.14,0.0,0.0,2,2,0,0
2021-01-06 02:54:00,0.0,0.0,0.0,0.0,2,2,0,0
2021-01-06 02:55:00,0.0,0.0,0.0,0.0,2,2,0,0
2021-01-06 02:56:00,0.0,0.0,0.0,0.0,2,2,0,0
2021-01-06 02:57:00,1.0,0.109,0.0,0.0,2,2,0,0
2021-01-06 02:58:00,1.0,0.171,0.0,0.0,2,2,0,0
2021-01-06 02:59:00,2.0,0.1225,0.019091883092036785,0.0,2,2,0,0
2021-01-06 03:00:00,1.0,0.194,0.0,0.0,3,2,0,0
2021-01-06 03:01:00,1.0,0.187,0.0,0.0,3,2,0,0
2021-01-06 03:02:00,1.0,0.131,0.0,0.0,3,2,0,0
2021-01-06 03:03:00,2.0,0.1325,0.033234018715767734,0.0,3,2,0,0
2021-01-06 03:04:00,2.0,0.22,0.13293607486307094,0.0,3,2,0,0
2021-01-06 03:05:00,1.0,0.109,0.0,0.0,3,2,0,0
2021-01-06 03:06:00,0.0,0.0,0.0,0.0,3,2,0,0
2021-01-06 03:07:00,0.0,0.0,0.0,0.0,3,2,0,0
2021-01-06 03:08:00,2.0,0.156,0.06646803743153547,0.0,3,2,0,0
2021-01-06 03:09:00,0.0,0.0,0.0,0.0,3,2,0,0
2021-01-06 03:10:00,1.0,0.109,0.0,0.0,3,2,0,0
2021-01-06 03:11:00,0.0,0.0,0.0,0.0,3,2,0,0
2021-01-06 03:12:00,1.0,0.125,0.0,0.0,3,2,0,0
2021-01-06 03:13:00,0.0,0.0,0.0,0.0,3,2,0,0
2021-01-06 03:14:00,0.0,0.0,0.0,0.0,3,2,0,0
2021-01-06 03:15:00,0.0,0.0,0.0,0.0,3,2,0,0
2021-01-06 03:16:00,0.0,0.0,0.0,0.0,3,2,0,0
2021-01-06 03:17:00,0.0,0.0,0.0,0.0,3,2,0,0
2021-01-06 03:18:00,0.0,0.0,0.0,0.0,3,2,0,0
2021-01-06 03:19:00,1.0,0.125,0.0,0.0,3,2,0,0
2021-01-06 03:20:00,2.0,0.179,0.011313708498984741,0.0,3,2,0,0
2021-01-06 03:21:00,0.0,0.0,0.0,0.0,3,2,0,0
2021-01-06 03:22:00,1.0,0.131,0.0,0.0,3,2,0,0
2021-01-06 03:23:00,3.0,0.16166666666666665,0.04801388688008225,0.0,3,2,0,0
2021-01-06 03:24:00,1.0,0.203,0.0,0.0,3,2,0,0
2021-01-06 03:25:00,0.0,0.0,0.0,0.0,3,2,0,0
2021-01-06 03:26:00,1.0,0.156,0.0,0.0,3,2,0,0
2021-01-06 03:27:00,1.0,0.124,0.0,0.0,3,2,0,0
2021-01-06 03:28:00,0.0,0.0,0.0,0.0,3,2,0,0
2021-01-06 03:29:00,1.0,0.13,0.0,0.0,3,2,0,0
2021-01-06 03:30:00,0.0,0.0,0.0,0.0,3,2,0,0
2021-01-06 03:31:00,1.0,0.14,0.0,0.0,3,2,0,0
2021-01-06 03:32:00,1.0,0.14,0.0,0.0,3,2,0,0
2021-01-06 03:33:00,1.0,0.109,0.0,0.0,3,2,0,0
2021-01-06 03:34:00,1.0,0.143,0.0,0.0,3,2,0,0
2021-01-06 03:35:00,0.0,0.0,0.0,0.0,3,2,0,0
2021-01-06 03:36:00,0.0,0.0,0.0,0.0,3,2,0,0
2021-01-06 03:37:00,0.0,0.0,0.0,0.0,3,2,0,0
2021-01-06 03:38:00,1.0,0.122,0.0,0.0,3,2,0,0
2021-01-06 03:39:00,0.0,0.0,0.0,0.0,3,2,0,0
2021-01-06 03:40:00,1.0,0.14,0.0,0.0,3,2,0,0
2021-01-06 03:41:00,1.0,0.109,0.0,0.0,3,2,0,0
2021-01-06 03:42:00,2.0,0.1635,0.010606601717798222,0.0,3,2,0,0
2021-01-06 03:43:00,0.0,0.0,0.0,0.0,3,2,0,0
2021-01-06 03:44:00,1.0,0.171,0.0,0.0,3,2,0,0
2021-01-06 03:45:00,1.0,0.156,0.0,0.0,3,2,0,0
2021-01-06 03:46:00,2.0,0.1245,0.044547727214752496,0.0,3,2,0,0
2021-01-06 03:47:00,2.0,0.14,0.0,0.0,3,2,0,0
2021-01-06 03:48:00,0.0,0.0,0.0,0.0,3,2,0,0
2021-01-06 03:49:00,0.0,0.0,0.0,0.0,3,2,0,0
2021-01-06 03:50:00,0.0,0.0,0.0,0.0,3,2,0,0
2021-01-06 03:51:00,2.0,0.181,0.03111269837220809,0.0,3,2,0,0
2021-01-06 03:52:00,0.0,0.0,0.0,0.0,3,2,0,0
2021-01-06 03:53:00,0.0,0.0,0.0,0.0,3,2,0,0
2021-01-06 03:54:00,1.0,0.156,0.0,0.0,3,2,0,0
2021-01-06 03:55:00,2.0,0.11699999999999999,0.011313708498984755,0.0,3,2,0,0
2021-01-06 03:56:00,0.0,0.0,0.0,0.0,3,2,0,0
2021-01-06 03:57:00,0.0,0.0,0.0,0.0,3,2,0,0
2021-01-06 03:58:00,2.0,0.109,0.0,0.0,3,2,0,0
2021-01-06 03:59:00,1.0,0.109,0.0,0.0,3,2,0,0
2021-01-06 04:00:00,1.0,0.156,0.0,0.0,4,2,0,0
2021-01-06 04:01:00,0.0,0.0,0.0,0.0,4,2,0,0
2021-01-06 04:02:00,1.0,0.157,0.0,0.0,4,2,0,0
2021-01-06 04:03:00,1.0,0.14,0.0,0.0,4,2,0,0
2021-01-06 04:04:00,1.0,0.109,0.0,0.0,4,2,0,0
2021-01-06 04:05:00,0.0,0.0,0.0,0.0,4,2,0,0
2021-01-06 04:06:00,1.0,0.109,0.0,0.0,4,2,0,0
2021-01-06 04:07:00,0.0,0.0,0.0,0.0,4,2,0,0
2021-01-06 04:08:00,1.0,0.14,0.0,0.0,4,2,0,0
2021-01-06 04:09:00,0.0,0.0,0.0,0.0,4,2,0,0
2021-01-06 04:10:00,2.0,0.14100000000000001,0.002828427124746163,0.0,4,2,0,0
2021-01-06 04:11:00,0.0,0.0,0.0,0.0,4,2,0,0
2021-01-06 04:12:00,1.0,0.125,0.0,0.0,4,2,0,0
2021-01-06 04:13:00,0.0,0.0,0.0,0.0,4,2,0,0
2021-01-06 04:14:00,2.0,0.1755,0.038890872965260136,0.0,4,2,0,0
2021-01-06 04:15:00,1.0,0.187,0.0,0.0,4,2,0,0
2021-01-06 04:16:00,2.0,0.1245,0.021920310216782986,0.0,4,2,0,0
2021-01-06 04:17:00,2.0,0.156,0.0226274169979695,0.0,4,2,0,0
2021-01-06 04:18:00,1.0,0.137,0.0,0.0,4,2,0,0
2021-01-06 04:19:00,0.0,0.0,0.0,0.0,4,2,0,0
2021-01-06 04:20:00,1.0,0.14,0.0,0.0,4,2,0,0
2021-01-06 04:21:00,0.0,0.0,0.0,0.0,4,2,0,0
2021-01-06 04:22:00,0.0,0.0,0.0,0.0,4,2,0,0
2021-01-06 04:23:00,0.0,0.0,0.0,0.0,4,2,0,0
2021-01-06 04:24:00,0.0,0.0,0.0,0.0,4,2,0,0
2021-01-06 04:25:00,0.0,0.0,0.0,0.0,4,2,0,0
2021-01-06 04:26:00,2.0,0.11699999999999999,0.011313708498984755,0.0,4,2,0,0
2021-01-06 04:27:00,1.0,0.108,0.0,0.0,4,2,0,0
2021-01-06 04:28:00,0.0,0.0,0.0,0.0,4,2,0,0
2021-01-06 04:29:00,0.0,0.0,0.0,0.0,4,2,0,0
2021-01-06 04:30:00,0.0,0.0,0.0,0.0,4,2,0,0
2021-01-06 04:31:00,1.0,0.158,0.0,0.0,4,2,0,0
2021-01-06 04:32:00,0.0,0.0,0.0,0.0,4,2,0,0
2021-01-06 04:33:00,1.0,0.109,0.0,0.0,4,2,0,0
2021-01-06 04:34:00,1.0,0.171,0.0,0.0,4,2,0,0
2021-01-06 04:35:00,0.0,0.0,0.0,0.0,4,2,0,0
2021-01-06 04:36:00,0.0,0.0,0.0,0.0,4,2,0,0
2021-01-06 04:37:00,1.0,0.187,0.0,0.0,4,2,0,0
2021-01-06 04:38:00,1.0,0.189,0.0,0.0,4,2,0,0
2021-01-06 04:39:00,1.0,0.109,0.0,0.0,4,2,0,0
2021-01-06 04:40:00,0.0,0.0,0.0,0.0,4,2,0,0
2021-01-06 04:41:00,0.0,0.0,0.0,0.0,4,2,0,0
2021-01-06 04:42:00,0.0,0.0,0.0,0.0,4,2,0,0
2021-01-06 04:43:00,0.0,0.0,0.0,0.0,4,2,0,0
2021-01-06 04:44:00,0.0,0.0,0.0,0.0,4,2,0,0
2021-01-06 04:45:00,0.0,0.0,0.0,0.0,4,2,0,0
2021-01-06 04:46:00,1.0,0.97,0.0,0.0,4,2,0,0
2021-01-06 04:47:00,1.0,0.124,0.0,0.0,4,2,0,0
2021-01-06 04:48:00,1.0,0.453,0.0,0.0,4,2,0,0
2021-01-06 04:49:00,1.0,0.124,0.0,0.0,4,2,0,0
2021-01-06 04:50:00,1.0,0.124,0.0,0.0,4,2,0,0
2021-01-06 04:51:00,0.0,0.0,0.0,0.0,4,2,0,0
2021-01-06 04:52:00,0.0,0.0,0.0,0.0,4,2,0,0
2021-01-06 04:53:00,0.0,0.0,0.0,0.0,4,2,0,0
2021-01-06 04:54:00,1.0,0.125,0.0,0.0,4,2,0,0
2021-01-06 04:55:00,1.0,0.125,0.0,0.0,4,2,0,0
2021-01-06 04:56:00,0.0,0.0,0.0,0.0,4,2,0,0
2021-01-06 04:57:00,1.0,0.109,0.0,0.0,4,2,0,0
2021-01-06 04:58:00,1.0,0.267,0.0,0.0,4,2,0,0
2021-01-06 04:59:00,1.0,0.156,0.0,0.0,4,2,0,0
2021-01-06 05:00:00,1.0,0.156,0.0,0.0,5,2,0,0
2021-01-06 05:01:00,0.0,0.0,0.0,0.0,5,2,0,0
2021-01-06 05:02:00,0.0,0.0,0.0,0.0,5,2,0,0
2021-01-06 05:03:00,1.0,0.254,0.0,0.0,5,2,0,0
2021-01-06 05:04:00,1.0,0.324,0.0,0.0,5,2,0,0
2021-01-06 05:05:00,1.0,0.187,0.0,0.0,5,2,0,0
2021-01-06 05:06:00,1.0,0.141,0.0,0.0,5,2,0,0
2021-01-06 05:07:00,2.0,0.14,0.0,0.0,5,2,0,0
2021-01-06 05:08:00,0.0,0.0,0.0,0.0,5,2,0,0
2021-01-06 05:09:00,2.0,0.11649999999999999,0.010606601717798208,0.0,5,2,0,0
2021-01-06 05:10:00,1.0,0.109,0.0,0.0,5,2,0,0
2021-01-06 05:11:00,1.0,0.156,0.0,0.0,5,2,0,0
2021-01-06 05:12:00,1.0,0.406,0.0,0.0,5,2,0,0
2021-01-06 05:13:00,2.0,0.11649999999999999,0.010606601717798208,0.0,5,2,0,0
2021-01-06 05:14:00,0.0,0.0,0.0,0.0,5,2,0,0
2021-01-06 05:15:00,1.0,0.109,0.0,0.0,5,2,0,0
2021-01-06 05:16:00,1.0,0.109,0.0,0.0,5,2,0,0
2021-01-06 05:17:00,0.0,0.0,0.0,0.0,5,2,0,0
2021-01-06 05:18:00,2.0,0.14,0.02262741699796951,0.0,5,2,0,0
2021-01-06 05:19:00,1.0,0.124,0.0,0.0,5,2,0,0
2021-01-06 05:20:00,0.0,0.0,0.0,0.0,5,2,0,0
2021-01-06 05:21:00,0.0,0.0,0.0,0.0,5,2,0,0
2021-01-06 05:22:00,0.0,0.0,0.0,0.0,5,2,0,0
2021-01-06 05:23:00,0.0,0.0,0.0,0.0,5,2,0,0
2021-01-06 05:24:00,0.0,0.0,0.0,0.0,5,2,0,0
2021-01-06 05:25:00,1.0,0.156,0.0,0.0,5,2,0,0
2021-01-06 05:26:00,1.0,0.109,0.0,0.0,5,2,0,0
2021-01-06 05:27:00,1.0,0.109,0.0,0.0,5,2,0,0
2021-01-06 05:28:00,0.0,0.0,0.0,0.0,5,2,0,0
2021-01-06 05:29:00,0.0,0.0,0.0,0.0,5,2,0,0
2021-01-06 05:30:00,0.0,0.0,0.0,0.0,5,2,0,0
2021-01-06 05:31:00,0.0,0.0,0.0,0.0,5,2,0,0
2021-01-06 05:32:00,0.0,0.0,0.0,0.0,5,2,0,0
2021-01-06 05:33:00,0.0,0.0,0.0,0.0,5,2,0,0
2021-01-06 05:34:00,0.0,0.0,0.0,0.0,5,2,0,0
2021-01-06 05:35:00,2.0,0.15000000000000002,0.014142135623730954,0.0,5,2,0,0
2021-01-06 05:36:00,0.0,0.0,0.0,0.0,5,2,0,0
2021-01-06 05:37:00,2.0,0.148,0.05515432893255071,0.0,5,2,0,0
2021-01-06 05:38:00,1.0,0.156,0.0,0.0,5,2,0,0
2021-01-06 05:39:00,0.0,0.0,0.0,0.0,5,2,0,0
2021-01-06 05:40:00,1.0,0.093,0.0,0.0,5,2,0,0
2021-01-06 05:41:00,0.0,0.0,0.0,0.0,5,2,0,0
2021-01-06 05:42:00,0.0,0.0,0.0,0.0,5,2,0,0
2021-01-06 05:43:00,2.0,0.187,0.06646803743153545,0.0,5,2,0,0
2021-01-06 05:44:00,1.0,0.109,0.0,0.0,5,2,0,0
2021-01-06 05:45:00,0.0,0.0,0.0,0.0,5,2,0,0
2021-01-06 05:46:00,0.0,0.0,0.0,0.0,5,2,0,0
2021-01-06 05:47:00,0.0,0.0,0.0,0.0,5,2,0,0
2021-01-06 05:48:00,1.0,0.109,0.0,0.0,5,2,0,0
2021-01-06 05:49:00,1.0,0.171,0.0,0.0,5,2,0,0
2021-01-06 05:50:00,1.0,0.156,0.0,0.0,5,2,0,0
2021-01-06 05:51:00,0.0,0.0,0.0,0.0,5,2,0,0
2021-01-06 05:52:00,2.0,0.179,0.014142135623730933,0.0,5,2,0,0
2021-01-06 05:53:00,0.0,0.0,0.0,0.0,5,2,0,0
2021-01-06 05:54:00,0.0,0.0,0.0,0.0,5,2,0,0
2021-01-06 05:55:00,0.0,0.0,0.0,0.0,5,2,0,0
2021-01-06 05:56:00,0.0,0.0,0.0,0.0,5,2,0,0
2021-01-06 05:57:00,0.0,0.0,0.0,0.0,5,2,0,0
2021-01-06 05:58:00,1.0,0.296,0.0,0.0,5,2,0,0
2021-01-06 05:59:00,0.0,0.0,0.0,0.0,5,2,0,0
2021-01-06 06:00:00,2.0,0.08549999999999999,0.010606601717798217,0.0,6,2,0,0
2021-01-06 06:01:00,1.0,0.124,0.0,0.0,6,2,0,0
2021-01-06 06:02:00,2.0,0.1245,0.021920310216782986,0.0,6,2,0,0
2021-01-06 06:03:00,0.0,0.0,0.0,0.0,6,2,0,0
2021-01-06 06:04:00,1.0,0.125,0.0,0.0,6,2,0,0
2021-01-06 06:05:00,0.0,0.0,0.0,0.0,6,2,0,0
2021-01-06 06:06:00,1.0,0.14,0.0,0.0,6,2,0,0
2021-01-06 06:07:00,0.0,0.0,0.0,0.0,6,2,0,0
2021-01-06 06:08:00,1.0,0.125,0.0,0.0,6,2,0,0
2021-01-06 06:09:00,2.0,0.1325,0.033234018715767734,0.0,6,2,0,0
2021-01-06 06:10:00,1.0,0.171,0.0,0.0,6,2,0,0
2021-01-06 06:11:00,0.0,0.0,0.0,0.0,6,2,0,0
2021-01-06 06:12:00,1.0,0.125,0.0,0.0,6,2,0,0
2021-01-06 06:13:00,1.0,0.125,0.0,0.0,6,2,0,0
2021-01-06 06:14:00,0.0,0.0,0.0,0.0,6,2,0,0
2021-01-06 06:15:00,0.0,0.0,0.0,0.0,6,2,0,0
2021-01-06 06:16:00,0.0,0.0,0.0,0.0,6,2,0,0
2021-01-06 06:17:00,0.0,0.0,0.0,0.0,6,2,0,0
2021-01-06 06:18:00,0.0,0.0,0.0,0.0,6,2,0,0
2021-01-06 06:19:00,0.0,0.0,0.0,0.0,6,2,0,0
2021-01-06 06:20:00,0.0,0.0,0.0,0.0,6,2,0,0
2021-01-06 06:21:00,1.0,0.14,0.0,0.0,6,2,0,0
2021-01-06 06:22:00,0.0,0.0,0.0,0.0,6,2,0,0
2021-01-06 06:23:00,1.0,0.109,0.0,0.0,6,2,0,0
2021-01-06 06:24:00,1.0,0.109,0.0,0.0,6,2,0,0
2021-01-06 06:25:00,0.0,0.0,0.0,0.0,6,2,0,0
2021-01-06 06:26:00,1.0,0.093,0.0,0.0,6,2,0,0
2021-01-06 06:27:00,1.0,0.234,0.0,0.0,6,2,0,0
2021-01-06 06:28:00,0.0,0.0,0.0,0.0,6,2,0,0
2021-01-06 06:29:00,0.0,0.0,0.0,0.0,6,2,0,0
2021-01-06 06:30:00,2.0,0.11699999999999999,0.055154328932550706,0.0,6,2,0,0
2021-01-06 06:31:00,2.0,0.101,0.011313708498984765,0.0,6,2,0,0
2021-01-06 06:32:00,0.0,0.0,0.0,0.0,6,2,0,0
2021-01-06 06:33:00,0.0,0.0,0.0,0.0,6,2,0,0
2021-01-06 06:34:00,1.0,0.109,0.0,0.0,6,2,0,0
2021-01-06 06:35:00,1.0,0.189,0.0,0.0,6,2,0,0
2021-01-06 06:36:00,0.0,0.0,0.0,0.0,6,2,0,0
2021-01-06 06:37:00,0.0,0.0,0.0,0.0,6,2,0,0
2021-01-06 06:38:00,0.0,0.0,0.0,0.0,6,2,0,0
2021-01-06 06:39:00,0.0,0.0,0.0,0.0,6,2,0,0
2021-01-06 06:40:00,0.0,0.0,0.0,0.0,6,2,0,0
2021-01-06 06:41:00,0.0,0.0,0.0,0.0,6,2,0,0
2021-01-06 06:42:00,1.0,0.156,0.0,0.0,6,2,0,0
2021-01-06 06:43:00,0.0,0.0,0.0,0.0,6,2,0,0
2021-01-06 06:44:00,0.0,0.0,0.0,0.0,6,2,0,0
2021-01-06 06:45:00,1.0,0.156,0.0,0.0,6,2,0,0
2021-01-06 06:46:00,0.0,0.0,0.0,0.0,6,2,0,0
2021-01-06 06:47:00,0.0,0.0,0.0,0.0,6,2,0,0
2021-01-06 06:48:00,1.0,0.093,0.0,0.0,6,2,0,0
2021-01-06 06:49:00,0.0,0.0,0.0,0.0,6,2,0,0
2021-01-06 06:50:00,0.0,0.0,0.0,0.0,6,2,0,0
2021-01-06 06:51:00,2.0,0.1165,0.03323401871576774,0.0,6,2,0,0
2021-01-06 06:52:00,1.0,1.218,0.0,0.0,6,2,0,0
2021-01-06 06:53:00,0.0,0.0,0.0,0.0,6,2,0,0
2021-01-06 06:54:00,0.0,0.0,0.0,0.0,6,2,0,0
2021-01-06 06:55:00,1.0,0.109,0.0,0.0,6,2,0,0
2021-01-06 06:56:00,1.0,0.124,0.0,0.0,6,2,0,0
2021-01-06 06:57:00,0.0,0.0,0.0,0.0,6,2,0,0
2021-01-06 06:58:00,1.0,0.39,0.0,0.0,6,2,0,0
2021-01-06 06:59:00,0.0,0.0,0.0,0.0,6,2,0,0
2021-01-06 07:00:00,1.0,0.156,0.0,0.0,7,2,0,0
2021-01-06 07:01:00,0.0,0.0,0.0,0.0,7,2,0,0
2021-01-06 07:02:00,1.0,0.109,0.0,0.0,7,2,0,0
2021-01-06 07:03:00,0.0,0.0,0.0,0.0,7,2,0,0
2021-01-06 07:04:00,0.0,0.0,0.0,0.0,7,2,0,0
2021-01-06 07:05:00,0.0,0.0,0.0,0.0,7,2,0,0
2021-01-06 07:06:00,0.0,0.0,0.0,0.0,7,2,0,0
2021-01-06 07:07:00,0.0,0.0,0.0,0.0,7,2,0,0
2021-01-06 07:08:00,0.0,0.0,0.0,0.0,7,2,0,0
2021-01-06 07:09:00,1.0,0.297,0.0,0.0,7,2,0,0
2021-01-06 07:10:00,0.0,0.0,0.0,0.0,7,2,0,0
2021-01-06 07:11:00,1.0,0.096,0.0,0.0,7,2,0,0
2021-01-06 07:12:00,1.0,0.093,0.0,0.0,7,2,0,0
2021-01-06 07:13:00,0.0,0.0,0.0,0.0,7,2,0,0
2021-01-06 07:14:00,0.0,0.0,0.0,0.0,7,2,0,0
2021-01-06 07:15:00,0.0,0.0,0.0,0.0,7,2,0,0
2021-01-06 07:16:00,0.0,0.0,0.0,0.0,7,2,0,0
2021-01-06 07:17:00,0.0,0.0,0.0,0.0,7,2,0,0
2021-01-06 07:18:00,1.0,0.093,0.0,0.0,7,2,0,0
2021-01-06 07:19:00,0.0,0.0,0.0,0.0,7,2,0,0
2021-01-06 07:20:00,0.0,0.0,0.0,0.0,7,2,0,0
2021-01-06 07:21:00,0.0,0.0,0.0,0.0,7,2,0,0
2021-01-06 07:22:00,2.0,0.2945,0.17889801564019653,0.0,7,2,0,0
2021-01-06 07:23:00,0.0,0.0,0.0,0.0,7,2,0,0
2021-01-06 07:24:00,0.0,0.0,0.0,0.0,7,2,0,0
2021-01-06 07:25:00,0.0,0.0,0.0,0.0,7,2,0,0
2021-01-06 07:26:00,0.0,0.0,0.0,0.0,7,2,0,0
2021-01-06 07:27:00,0.0,0.0,0.0,0.0,7,2,0,0
2021-01-06 07:28:00,0.0,0.0,0.0,0.0,7,2,0,0
2021-01-06 07:29:00,0.0,0.0,0.0,0.0,7,2,0,0
2021-01-06 07:30:00,1.0,0.109,0.0,0.0,7,2,0,0
2021-01-06 07:31:00,0.0,0.0,0.0,0.0,7,2,0,0
2021-01-06 07:32:00,0.0,0.0,0.0,0.0,7,2,0,0
2021-01-06 07:33:00,0.0,0.0,0.0,0.0,7,2,0,0
2021-01-06 07:34:00,0.0,0.0,0.0,0.0,7,2,0,0
2021-01-06 07:35:00,0.0,0.0,0.0,0.0,7,2,0,0
2021-01-06 07:36:00,0.0,0.0,0.0,0.0,7,2,0,0
2021-01-06 07:37:00,1.0,0.268,0.0,0.0,7,2,0,0
2021-01-06 07:38:00,0.0,0.0,0.0,0.0,7,2,0,0
2021-01-06 07:39:00,0.0,0.0,0.0,0.0,7,2,0,0
2021-01-06 07:40:00,2.0,0.2455,0.11667261889578036,0.0,7,2,0,0
2021-01-06 07:41:00,1.0,0.218,0.0,0.0,7,2,0,0
2021-01-06 07:42:00,0.0,0.0,0.0,0.0,7,2,0,0
2021-01-06 07:43:00,1.0,0.187,0.0,0.0,7,2,0,0
2021-01-06 07:44:00,0.0,0.0,0.0,0.0,7,2,0,0
2021-01-06 07:45:00,0.0,0.0,0.0,0.0,7,2,0,0
2021-01-06 07:46:00,1.0,0.224,0.0,0.0,7,2,0,0
2021-01-06 07:47:00,2.0,0.136,0.03818376618407358,0.0,7,2,0,0
2021-01-06 07:48:00,1.0,0.124,0.0,0.0,7,2,0,0
2021-01-06 07:49:00,0.0,0.0,0.0,0.0,7,2,0,0
2021-01-06 07:50:00,0.0,0.0,0.0,0.0,7,2,0,0
2021-01-06 07:51:00,1.0,0.142,0.0,0.0,7,2,0,0
2021-01-06 07:52:00,2.0,0.1175,0.012020815280171303,0.0,7,2,0,0
2021-01-06 07:53:00,0.0,0.0,0.0,0.0,7,2,0,0
2021-01-06 07:54:00,0.0,0.0,0.0,0.0,7,2,0,0
2021-01-06 07:55:00,0.0,0.0,0.0,0.0,7,2,0,0
2021-01-06 07:56:00,0.0,0.0,0.0,0.0,7,2,0,0
2021-01-06 07:57:00,0.0,0.0,0.0,0.0,7,2,0,0
2021-01-06 07:58:00,0.0,0.0,0.0,0.0,7,2,0,0
2021-01-06 07:59:00,0.0,0.0,0.0,0.0,7,2,0,0
2021-01-06 08:00:00,1.0,0.109,0.0,0.0,8,2,0,0
2021-01-06 08:01:00,0.0,0.0,0.0,0.0,8,2,0,0
2021-01-06 08:02:00,0.0,0.0,0.0,0.0,8,2,0,0
2021-01-06 08:03:00,0.0,0.0,0.0,0.0,8,2,0,0
2021-01-06 08:04:00,0.0,0.0,0.0,0.0,8,2,0,0
2021-01-06 08:05:00,0.0,0.0,0.0,0.0,8,2,0,0
2021-01-06 08:06:00,1.0,0.187,0.0,0.0,8,2,0,0
2021-01-06 08:07:00,0.0,0.0,0.0,0.0,8,2,0,0
2021-01-06 08:08:00,0.0,0.0,0.0,0.0,8,2,0,0
2021-01-06 08:09:00,0.0,0.0,0.0,0.0,8,2,0,0
2021-01-06 08:10:00,0.0,0.0,0.0,0.0,8,2,0,0
2021-01-06 08:11:00,0.0,0.0,0.0,0.0,8,2,0,0
2021-01-06 08:12:00,0.0,0.0,0.0,0.0,8,2,0,0
2021-01-06 08:13:00,2.0,0.1325,0.010606601717798222,0.0,8,2,0,0
2021-01-06 08:14:00,0.0,0.0,0.0,0.0,8,2,0,0
2021-01-06 08:15:00,0.0,0.0,0.0,0.0,8,2,0,0
2021-01-06 08:16:00,0.0,0.0,0.0,0.0,8,2,0,0
2021-01-06 08:17:00,1.0,0.156,0.0,0.0,8,2,0,0
2021-01-06 08:18:00,1.0,0.265,0.0,0.0,8,2,0,0
2021-01-06 08:19:00,0.0,0.0,0.0,0.0,8,2,0,0
2021-01-06 08:20:00,1.0,0.103,0.0,0.0,8,2,0,0
2021-01-06 08:21:00,0.0,0.0,0.0,0.0,8,2,0,0
2021-01-06 08:22:00,0.0,0.0,0.0,0.0,8,2,0,0
2021-01-06 08:23:00,0.0,0.0,0.0,0.0,8,2,0,0
2021-01-06 08:24:00,1.0,0.109,0.0,0.0,8,2,0,0
2021-01-06 08:25:00,0.0,0.0,0.0,0.0,8,2,0,0
2021-01-06 08:26:00,0.0,0.0,0.0,0.0,8,2,0,0
2021-01-06 08:27:00,1.0,0.109,0.0,0.0,8,2,0,0
2021-01-06 08:28:00,0.0,0.0,0.0,0.0,8,2,0,0
2021-01-06 08:29:00,0.0,0.0,0.0,0.0,8,2,0,0
2021-01-06 08:30:00,1.0,0.189,0.0,0.0,8,2,0,0
2021-01-06 08:31:00,0.0,0.0,0.0,0.0,8,2,0,0
2021-01-06 08:32:00,0.0,0.0,0.0,0.0,8,2,0,0
2021-01-06 08:33:00,0.0,0.0,0.0,0.0,8,2,0,0
2021-01-06 08:34:00,0.0,0.0,0.0,0.0,8,2,0,0
2021-01-06 08:35:00,0.0,0.0,0.0,0.0,8,2,0,0
2021-01-06 08:36:00,1.0,0.109,0.0,0.0,8,2,0,0
2021-01-06 08:37:00,1.0,0.099,0.0,0.0,8,2,0,0
2021-01-06 08:38:00,1.0,0.109,0.0,0.0,8,2,0,0
2021-01-06 08:39:00,0.0,0.0,0.0,0.0,8,2,0,0
2021-01-06 08:40:00,1.0,0.109,0.0,0.0,8,2,0,0
2021-01-06 08:41:00,0.0,0.0,0.0,0.0,8,2,0,0
2021-01-06 08:42:00,0.0,0.0,0.0,0.0,8,2,0,0
2021-01-06 08:43:00,0.0,0.0,0.0,0.0,8,2,0,0
2021-01-06 08:44:00,0.0,0.0,0.0,0.0,8,2,0,0
2021-01-06 08:45:00,0.0,0.0,0.0,0.0,8,2,0,0
2021-01-06 08:46:00,0.0,0.0,0.0,0.0,8,2,0,0
2021-01-06 08:47:00,2.0,0.162,0.07919595949289333,0.0,8,2,0,0
2021-01-06 08:48:00,0.0,0.0,0.0,0.0,8,2,0,0
2021-01-06 08:49:00,1.0,0.176,0.0,0.0,8,2,0,0
2021-01-06 08:50:00,2.0,0.4275,0.4730544366138003,0.0,8,2,0,0
2021-01-06 08:51:00,0.0,0.0,0.0,0.0,8,2,0,0
2021-01-06 08:52:00,1.0,0.237,0.0,0.0,8,2,0,0
2021-01-06 08:53:00,0.0,0.0,0.0,0.0,8,2,0,0
2021-01-06 08:54:00,1.0,0.14,0.0,0.0,8,2,0,0
2021-01-06 08:55:00,0.0,0.0,0.0,0.0,8,2,0,0
2021-01-06 08:56:00,0.0,0.0,0.0,0.0,8,2,0,0
2021-01-06 08:57:00,0.0,0.0,0.0,0.0,8,2,0,0
2021-01-06 08:58:00,1.0,0.156,0.0,0.0,8,2,0,0
2021-01-06 08:59:00,0.0,0.0,0.0,0.0,8,2,0,0
2021-01-06 09:00:00,1.0,0.251,0.0,0.0,9,2,1,0
2021-01-06 09:01:00,0.0,0.0,0.0,0.0,9,2,1,0
2021-01-06 09:02:00,1.0,0.25,0.0,0.0,9,2,1,0
2021-01-06 09:03:00,0.0,0.0,0.0,0.0,9,2,1,0
2021-01-06 09:04:00,0.0,0.0,0.0,0.0,9,2,1,0
2021-01-06 09:05:00,0.0,0.0,0.0,0.0,9,2,1,0
2021-01-06 09:06:00,0.0,0.0,0.0,0.0,9,2,1,0
2021-01-06 09:07:00,0.0,0.0,0.0,0.0,9,2,1,0
2021-01-06 09:08:00,1.0,0.125,0.0,0.0,9,2,1,0
2021-01-06 09:09:00,0.0,0.0,0.0,0.0,9,2,1,0
2021-01-06 09:10:00,0.0,0.0,0.0,0.0,9,2,1,0
2021-01-06 09:11:00,0.0,0.0,0.0,0.0,9,2,1,0
2021-01-06 09:12:00,0.0,0.0,0.0,0.0,9,2,1,0
2021-01-06 09:13:00,1.0,0.093,0.0,0.0,9,2,1,0
2021-01-06 09:14:00,0.0,0.0,0.0,0.0,9,2,1,0
2021-01-06 09:15:00,0.0,0.0,0.0,0.0,9,2,1,0
2021-01-06 09:16:00,0.0,0.0,0.0,0.0,9,2,1,0
2021-01-06 09:17:00,0.0,0.0,0.0,0.0,9,2,1,0
2021-01-06 09:18:00,1.0,0.229,0.0,0.0,9,2,1,0
2021-01-06 09:19:00,0.0,0.0,0.0,0.0,9,2,1,0
2021-01-06 09:20:00,0.0,0.0,0.0,0.0,9,2,1,0
2021-01-06 09:21:00,0.0,0.0,0.0,0.0,9,2,1,0
2021-01-06 09:22:00,0.0,0.0,0.0,0.0,9,2,1,0
2021-01-06 09:23:00,0.0,0.0,0.0,0.0,9,2,1,0
2021-01-06 09:24:00,1.0,0.171,0.0,0.0,9,2,1,0
2021-01-06 09:25:00,1.0,0.109,0.0,0.0,9,2,1,0
2021-01-06 09:26:00,0.0,0.0,0.0,0.0,9,2,1,0
2021-01-06 09:27:00,1.0,0.14,0.0,0.0,9,2,1,0
2021-01-06 09:28:00,2.0,0.1255,0.0007071067811865482,0.0,9,2,1,0
2021-01-06 09:29:00,0.0,0.0,0.0,0.0,9,2,1,0
2021-01-06 09:30:00,0.0,0.0,0.0,0.0,9,2,1,0
2021-01-06 09:31:00,0.0,0.0,0.0,0.0,9,2,1,0
2021-01-06 09:32:00,0.0,0.0,0.0,0.0,9,2,1,0
2021-01-06 09:33:00,0.0,0.0,0.0,0.0,9,2,1,0
2021-01-06 09:34:00,0.0,0.0,0.0,0.0,9,2,1,0
2021-01-06 09:35:00,0.0,0.0,0.0,0.0,9,2,1,0
2021-01-06 09:36:00,0.0,0.0,0.0,0.0,9,2,1,0
2021-01-06 09:37:00,0.0,0.0,0.0,0.0,9,2,1,0
2021-01-06 09:38:00,1.0,0.1,0.0,1.0,9,2,1,0
2021-01-06 09:39:00,0.0,0.0,0.0,0.0,9,2,1,0
2021-01-06 09:40:00,0.0,0.0,0.0,0.0,9,2,1,0
2021-01-06 09:41:00,0.0,0.0,0.0,0.0,9,2,1,0
2021-01-06 09:42:00,0.0,0.0,0.0,0.0,9,2,1,0
2021-01-06 09:43:00,0.0,0.0,0.0,0.0,9,2,1,0
2021-01-06 09:44:00,1.0,0.078,0.0,0.0,9,2,1,0
2021-01-06 09:45:00,0.0,0.0,0.0,0.0,9,2,1,0
2021-01-06 09:46:00,0.0,0.0,0.0,0.0,9,2,1,0
2021-01-06 09:47:00,0.0,0.0,0.0,0.0,9,2,1,0
2021-01-06 09:48:00,0.0,0.0,0.0,0.0,9,2,1,0
2021-01-06 09:49:00,0.0,0.0,0.0,0.0,9,2,1,0
2021-01-06 09:50:00,0.0,0.0,0.0,0.0,9,2,1,0
2021-01-06 09:51:00,0.0,0.0,0.0,0.0,9,2,1,0
2021-01-06 09:52:00,0.0,0.0,0.0,0.0,9,2,1,0
2021-01-06 09:53:00,1.0,0.093,0.0,0.0,9,2,1,0
2021-01-06 09:54:00,1.0,0.171,0.0,0.0,9,2,1,0
2021-01-06 09:55:00,1.0,0.109,0.0,0.0,9,2,1,0
2021-01-06 09:56:00,0.0,0.0,0.0,0.0,9,2,1,0
2021-01-06 09:57:00,0.0,0.0,0.0,0.0,9,2,1,0
2021-01-06 09:58:00,0.0,0.0,0.0,0.0,9,2,1,0
2021-01-06 09:59:00,0.0,0.0,0.0,0.0,9,2,1,0
2021-01-06 10:00:00,0.0,0.0,0.0,0.0,10,2,1,0
2021-01-06 10:01:00,1.0,0.27,0.0,0.0,10,2,1,0
2021-01-06 10:02:00,0.0,0.0,0.0,0.0,10,2,1,0
2021-01-06 10:03:00,0.0,0.0,0.0,0.0,10,2,1,0
2021-01-06 10:04:00,0.0,0.0,0.0,0.0,10,2,1,0
2021-01-06 10:05:00,0.0,0.0,0.0,0.0,10,2,1,0
2021-01-06 10:06:00,0.0,0.0,0.0,0.0,10,2,1,0
2021-01-06 10:07:00,0.0,0.0,0.0,0.0,10,2,1,0
2021-01-06 10:08:00,0.0,0.0,0.0,0.0,10,2,1,0
2021-01-06 10:09:00,0.0,0.0,0.0,0.0,10,2,1,0
2021-01-06 10:10:00,0.0,0.0,0.0,0.0,10,2,1,0
2021-01-06 10:11:00,0.0,0.0,0.0,0.0,10,2,1,0
2021-01-06 10:12:00,0.0,0.0,0.0,0.0,10,2,1,0
2021-01-06 10:13:00,0.0,0.0,0.0,0.0,10,2,1,0
2021-01-06 10:14:00,0.0,0.0,0.0,0.0,10,2,1,0
2021-01-06 10:15:00,0.0,0.0,0.0,0.0,10,2,1,0
2021-01-06 10:16:00,0.0,0.0,0.0,0.0,10,2,1,0
2021-01-06 10:17:00,0.0,0.0,0.0,0.0,10,2,1,0
2021-01-06 10:18:00,0.0,0.0,0.0,0.0,10,2,1,0
2021-01-06 10:19:00,2.0,0.22500000000000003,0.07919595949289333,1.0,10,2,1,0
2021-01-06 10:20:00,0.0,0.0,0.0,0.0,10,2,1,0
2021-01-06 10:21:00,0.0,0.0,0.0,0.0,10,2,1,0
2021-01-06 10:22:00,0.0,0.0,0.0,0.0,10,2,1,0
2021-01-06 10:23:00,0.0,0.0,0.0,0.0,10,2,1,0
2021-01-06 10:24:00,0.0,0.0,0.0,0.0,10,2,1,0
2021-01-06 10:25:00,1.0,0.109,0.0,0.0,10,2,1,0
2021-01-06 10:26:00,0.0,0.0,0.0,0.0,10,2,1,0
2021-01-06 10:27:00,0.0,0.0,0.0,0.0,10,2,1,0
2021-01-06 10:28:00,0.0,0.0,0.0,0.0,10,2,1,0
2021-01-06 10:29:00,0.0,0.0,0.0,0.0,10,2,1,0
2021-01-06 10:30:00,1.0,0.329,0.0,0.0,10,2,1,0
2021-01-06 10:31:00,1.0,0.124,0.0,0.0,10,2,1,0
2021-01-06 10:32:00,1.0,0.174,0.0,0.0,10,2,1,0
2021-01-06 10:33:00,0.0,0.0,0.0,0.0,10,2,1,0
2021-01-06 10:34:00,0.0,0.0,0.0,0.0,10,2,1,0
2021-01-06 10:35:00,0.0,0.0,0.0,0.0,10,2,1,0
2021-01-06 10:36:00,0.0,0.0,0.0,0.0,10,2,1,0
2021-01-06 10:37:00,0.0,0.0,0.0,0.0,10,2,1,0
2021-01-06 10:38:00,0.0,0.0,0.0,0.0,10,2,1,0
2021-01-06 10:39:00,0.0,0.0,0.0,0.0,10,2,1,0
2021-01-06 10:40:00,1.0,0.109,0.0,0.0,10,2,1,0
2021-01-06 10:41:00,0.0,0.0,0.0,0.0,10,2,1,0
2021-01-06 10:42:00,1.0,0.069,0.0,0.0,10,2,1,0
2021-01-06 10:43:00,0.0,0.0,0.0,0.0,10,2,1,0
2021-01-06 10:44:00,0.0,0.0,0.0,0.0,10,2,1,0
2021-01-06 10:45:00,0.0,0.0,0.0,0.0,10,2,1,0
2021-01-06 10:46:00,1.0,0.124,0.0,0.0,10,2,1,0
2021-01-06 10:47:00,0.0,0.0,0.0,0.0,10,2,1,0
2021-01-06 10:48:00,1.0,0.25,0.0,0.0,10,2,1,0
2021-01-06 10:49:00,0.0,0.0,0.0,0.0,10,2,1,0
2021-01-06 10:50:00,1.0,0.093,0.0,0.0,10,2,1,0
2021-01-06 10:51:00,0.0,0.0,0.0,0.0,10,2,1,0
2021-01-06 10:52:00,0.0,0.0,0.0,0.0,10,2,1,0
2021-01-06 10:53:00,0.0,0.0,0.0,0.0,10,2,1,0
2021-01-06 10:54:00,1.0,0.132,0.0,0.0,10,2,1,0
2021-01-06 10:55:00,0.0,0.0,0.0,0.0,10,2,1,0
2021-01-06 10:56:00,1.0,0.109,0.0,0.0,10,2,1,0
2021-01-06 10:57:00,0.0,0.0,0.0,0.0,10,2,1,0
2021-01-06 10:58:00,0.0,0.0,0.0,0.0,10,2,1,0
2021-01-06 10:59:00,0.0,0.0,0.0,0.0,10,2,1,0
2021-01-06 11:00:00,0.0,0.0,0.0,0.0,11,2,1,0
2021-01-06 11:01:00,0.0,0.0,0.0,0.0,11,2,1,0
2021-01-06 11:02:00,0.0,0.0,0.0,0.0,11,2,1,0
2021-01-06 11:03:00,0.0,0.0,0.0,0.0,11,2,1,0
2021-01-06 11:04:00,0.0,0.0,0.0,0.0,11,2,1,0
2021-01-06 11:05:00,0.0,0.0,0.0,0.0,11,2,1,0
2021-01-06 11:06:00,1.0,0.124,0.0,1.0,11,2,1,0
2021-01-06 11:07:00,0.0,0.0,0.0,0.0,11,2,1,0
2021-01-06 11:08:00,0.0,0.0,0.0,0.0,11,2,1,0
2021-01-06 11:09:00,0.0,0.0,0.0,0.0,11,2,1,0
2021-01-06 11:10:00,0.0,0.0,0.0,0.0,11,2,1,0
2021-01-06 11:11:00,1.0,0.078,0.0,0.0,11,2,1,0
2021-01-06 11:12:00,0.0,0.0,0.0,0.0,11,2,1,0
2021-01-06 11:13:00,0.0,0.0,0.0,0.0,11,2,1,0
2021-01-06 11:14:00,0.0,0.0,0.0,0.0,11,2,1,0
2021-01-06 11:15:00,0.0,0.0,0.0,0.0,11,2,1,0
2021-01-06 11:16:00,0.0,0.0,0.0,0.0,11,2,1,0
2021-01-06 11:17:00,0.0,0.0,0.0,0.0,11,2,1,0
2021-01-06 11:18:00,0.0,0.0,0.0,0.0,11,2,1,0
2021-01-06 11:19:00,0.0,0.0,0.0,0.0,11,2,1,0
2021-01-06 11:20:00,0.0,0.0,0.0,0.0,11,2,1,0
2021-01-06 11:21:00,0.0,0.0,0.0,0.0,11,2,1,0
2021-01-06 11:22:00,0.0,0.0,0.0,0.0,11,2,1,0
2021-01-06 11:23:00,0.0,0.0,0.0,0.0,11,2,1,0
2021-01-06 11:24:00,1.0,0.109,0.0,1.0,11,2,1,0
2021-01-06 11:25:00,0.0,0.0,0.0,0.0,11,2,1,0
2021-01-06 11:26:00,0.0,0.0,0.0,0.0,11,2,1,0
2021-01-06 11:27:00,0.0,0.0,0.0,0.0,11,2,1,0
2021-01-06 11:28:00,0.0,0.0,0.0,0.0,11,2,1,0
2021-01-06 11:29:00,1.0,0.265,0.0,0.0,11,2,1,0
2021-01-06 11:30:00,0.0,0.0,0.0,0.0,11,2,1,0
2021-01-06 11:31:00,1.0,0.125,0.0,0.0,11,2,1,0
2021-01-06 11:32:00,0.0,0.0,0.0,0.0,11,2,1,0
2021-01-06 11:33:00,0.0,0.0,0.0,0.0,11,2,1,0
2021-01-06 11:34:00,0.0,0.0,0.0,0.0,11,2,1,0
2021-01-06 11:35:00,0.0,0.0,0.0,0.0,11,2,1,0
2021-01-06 11:36:00,0.0,0.0,0.0,0.0,11,2,1,0
2021-01-06 11:37:00,1.0,0.14,0.0,0.0,11,2,1,0
2021-01-06 11:38:00,0.0,0.0,0.0,0.0,11,2,1,0
2021-01-06 11:39:00,0.0,0.0,0.0,0.0,11,2,1,0
2021-01-06 11:40:00,1.0,0.382,0.0,0.0,11,2,1,0
2021-01-06 11:41:00,0.0,0.0,0.0,0.0,11,2,1,0
2021-01-06 11:42:00,0.0,0.0,0.0,0.0,11,2,1,0
2021-01-06 11:43:00,0.0,0.0,0.0,0.0,11,2,1,0
2021-01-06 11:44:00,1.0,0.234,0.0,0.0,11,2,1,0
2021-01-06 11:45:00,0.0,0.0,0.0,0.0,11,2,1,0
2021-01-06 11:46:00,1.0,0.109,0.0,0.0,11,2,1,0
2021-01-06 11:47:00,0.0,0.0,0.0,0.0,11,2,1,0
2021-01-06 11:48:00,0.0,0.0,0.0,0.0,11,2,1,0
2021-01-06 11:49:00,0.0,0.0,0.0,0.0,11,2,1,0
2021-01-06 11:50:00,0.0,0.0,0.0,0.0,11,2,1,0
2021-01-06 11:51:00,0.0,0.0,0.0,0.0,11,2,1,0
2021-01-06 11:52:00,0.0,0.0,0.0,0.0,11,2,1,0
2021-01-06 11:53:00,0.0,0.0,0.0,0.0,11,2,1,0
2021-01-06 11:54:00,0.0,0.0,0.0,0.0,11,2,1,0
2021-01-06 11:55:00,0.0,0.0,0.0,0.0,11,2,1,0
2021-01-06 11:56:00,0.0,0.0,0.0,0.0,11,2,1,0
2021-01-06 11:57:00,1.0,0.125,0.0,1.0,11,2,1,0
2021-01-06 11:58:00,0.0,0.0,0.0,0.0,11,2,1,0
2021-01-06 11:59:00,0.0,0.0,0.0,0.0,11,2,1,0
2021-01-06 12:00:00,0.0,0.0,0.0,0.0,12,2,1,0
2021-01-06 12:01:00,0.0,0.0,0.0,0.0,12,2,1,0
2021-01-06 12:02:00,2.0,0.352,0.16829141392239827,0.0,12,2,1,0
2021-01-06 12:03:00,0.0,0.0,0.0,0.0,12,2,1,0
2021-01-06 12:04:00,0.0,0.0,0.0,0.0,12,2,1,0
2021-01-06 12:05:00,0.0,0.0,0.0,0.0,12,2,1,0
2021-01-06 12:06:00,0.0,0.0,0.0,0.0,12,2,1,0
2021-01-06 12:07:00,0.0,0.0,0.0,0.0,12,2,1,0
2021-01-06 12:08:00,0.0,0.0,0.0,0.0,12,2,1,0
2021-01-06 12:09:00,0.0,0.0,0.0,0.0,12,2,1,0
2021-01-06 12:10:00,0.0,0.0,0.0,0.0,12,2,1,0
2021-01-06 12:11:00,0.0,0.0,0.0,0.0,12,2,1,0
2021-01-06 12:12:00,0.0,0.0,0.0,0.0,12,2,1,0
2021-01-06 12:13:00,0.0,0.0,0.0,0.0,12,2,1,0
2021-01-06 12:14:00,0.0,0.0,0.0,0.0,12,2,1,0
2021-01-06 12:15:00,0.0,0.0,0.0,0.0,12,2,1,0
2021-01-06 12:16:00,0.0,0.0,0.0,0.0,12,2,1,0
2021-01-06 12:17:00,0.0,0.0,0.0,0.0,12,2,1,0
2021-01-06 12:18:00,0.0,0.0,0.0,0.0,12,2,1,0
2021-01-06 12:19:00,0.0,0.0,0.0,0.0,12,2,1,0
2021-01-06 12:20:00,1.0,0.546,0.0,1.0,12,2,1,0
2021-01-06 12:21:00,0.0,0.0,0.0,0.0,12,2,1,0
2021-01-06 12:22:00,0.0,0.0,0.0,0.0,12,2,1,0
2021-01-06 12:23:00,0.0,0.0,0.0,0.0,12,2,1,0
2021-01-06 12:24:00,0.0,0.0,0.0,0.0,12,2,1,0
2021-01-06 12:25:00,1.0,0.109,0.0,0.0,12,2,1,0
2021-01-06 12:26:00,0.0,0.0,0.0,0.0,12,2,1,0
2021-01-06 12:27:00,0.0,0.0,0.0,0.0,12,2,1,0
2021-01-06 12:28:00,0.0,0.0,0.0,0.0,12,2,1,0
2021-01-06 12:29:00,0.0,0.0,0.0,0.0,12,2,1,0
2021-01-06 12:30:00,0.0,0.0,0.0,0.0,12,2,1,0
2021-01-06 12:31:00,0.0,0.0,0.0,0.0,12,2,1,0
2021-01-06 12:32:00,0.0,0.0,0.0,0.0,12,2,1,0
2021-01-06 12:33:00,0.0,0.0,0.0,0.0,12,2,1,0
2021-01-06 12:34:00,0.0,0.0,0.0,0.0,12,2,1,0
2021-01-06 12:35:00,0.0,0.0,0.0,0.0,12,2,1,0
2021-01-06 12:36:00,0.0,0.0,0.0,0.0,12,2,1,0
2021-01-06 12:37:00,0.0,0.0,0.0,0.0,12,2,1,0
2021-01-06 12:38:00,0.0,0.0,0.0,0.0,12,2,1,0
2021-01-06 12:39:00,1.0,0.953,0.0,1.0,12,2,1,0
2021-01-06 12:40:00,1.0,0.316,0.0,0.0,12,2,1,0
2021-01-06 12:41:00,0.0,0.0,0.0,0.0,12,2,1,0
2021-01-06 12:42:00,0.0,0.0,0.0,0.0,12,2,1,0
2021-01-06 12:43:00,0.0,0.0,0.0,0.0,12,2,1,0
2021-01-06 12:44:00,0.0,0.0,0.0,0.0,12,2,1,0
2021-01-06 12:45:00,1.0,0.171,0.0,0.0,12,2,1,0
2021-01-06 12:46:00,0.0,0.0,0.0,0.0,12,2,1,0
2021-01-06 12:47:00,0.0,0.0,0.0,0.0,12,2,1,0
2021-01-06 12:48:00,0.0,0.0,0.0,0.0,12,2,1,0
2021-01-06 12:49:00,0.0,0.0,0.0,0.0,12,2,1,0
2021-01-06 12:50:00,0.0,0.0,0.0,0.0,12,2,1,0
2021-01-06 12:51:00,0.0,0.0,0.0,0.0,12,2,1,0
2021-01-06 12:52:00,1.0,0.125,0.0,0.0,12,2,1,0
2021-01-06 12:53:00,0.0,0.0,0.0,0.0,12,2,1,0
2021-01-06 12:54:00,0.0,0.0,0.0,0.0,12,2,1,0
2021-01-06 12:55:00,0.0,0.0,0.0,0.0,12,2,1,0
2021-01-06 12:56:00,1.0,0.434,0.0,0.0,12,2,1,0
2021-01-06 12:57:00,1.0,0.126,0.0,0.0,12,2,1,0
2021-01-06 12:58:00,0.0,0.0,0.0,0.0,12,2,1,0
2021-01-06 12:59:00,0.0,0.0,0.0,0.0,12,2,1,0
2021-01-06 13:00:00,0.0,0.0,0.0,0.0,13,2,1,0
2021-01-06 13:01:00,0.0,0.0,0.0,0.0,13,2,1,0
2021-01-06 13:02:00,0.0,0.0,0.0,0.0,13,2,1,0
2021-01-06 13:03:00,1.0,0.078,0.0,0.0,13,2,1,0
2021-01-06 13:04:00,0.0,0.0,0.0,0.0,13,2,1,0
2021-01-06 13:05:00,1.0,0.185,0.0,0.0,13,2,1,0
2021-01-06 13:06:00,0.0,0.0,0.0,0.0,13,2,1,0
2021-01-06 13:07:00,0.0,0.0,0.0,0.0,13,2,1,0
2021-01-06 13:08:00,0.0,0.0,0.0,0.0,13,2,1,0
2021-01-06 13:09:00,0.0,0.0,0.0,0.0,13,2,1,0
2021-01-06 13:10:00,0.0,0.0,0.0,0.0,13,2,1,0
2021-01-06 13:11:00,0.0,0.0,0.0,0.0,13,2,1,0
2021-01-06 13:12:00,1.0,0.109,0.0,0.0,13,2,1,0
2021-01-06 13:13:00,1.0,0.093,0.0,0.0,13,2,1,0
2021-01-06 13:14:00,1.0,0.14,0.0,0.0,13,2,1,0
2021-01-06 13:15:00,0.0,0.0,0.0,0.0,13,2,1,0
2021-01-06 13:16:00,0.0,0.0,0.0,0.0,13,2,1,0
2021-01-06 13:17:00,1.0,0.109,0.0,0.0,13,2,1,0
2021-01-06 13:18:00,0.0,0.0,0.0,0.0,13,2,1,0
2021-01-06 13:19:00,1.0,0.27,0.0,0.0,13,2,1,0
2021-01-06 13:20:00,1.0,0.14,0.0,0.0,13,2,1,0
2021-01-06 13:21:00,0.0,0.0,0.0,0.0,13,2,1,0
2021-01-06 13:22:00,1.0,0.109,0.0,0.0,13,2,1,0
2021-01-06 13:23:00,0.0,0.0,0.0,0.0,13,2,1,0
2021-01-06 13:24:00,0.0,0.0,0.0,0.0,13,2,1,0
2021-01-06 13:25:00,0.0,0.0,0.0,0.0,13,2,1,0
2021-01-06 13:26:00,0.0,0.0,0.0,0.0,13,2,1,0
2021-01-06 13:27:00,1.0,0.078,0.0,0.0,13,2,1,0
2021-01-06 13:28:00,1.0,0.328,0.0,0.0,13,2,1,0
2021-01-06 13:29:00,0.0,0.0,0.0,0.0,13,2,1,0
2021-01-06 13:30:00,0.0,0.0,0.0,0.0,13,2,1,0
2021-01-06 13:31:00,0.0,0.0,0.0,0.0,13,2,1,0
2021-01-06 13:32:00,0.0,0.0,0.0,0.0,13,2,1,0
2021-01-06 13:33:00,0.0,0.0,0.0,0.0,13,2,1,0
2021-01-06 13:34:00,1.0,0.125,0.0,0.0,13,2,1,0
2021-01-06 13:35:00,1.0,0.303,0.0,0.0,13,2,1,0
2021-01-06 13:36:00,1.0,0.093,0.0,0.0,13,2,1,0
2021-01-06 13:37:00,0.0,0.0,0.0,0.0,13,2,1,0
2021-01-06 13:38:00,2.0,0.1635,0.03323401871576773,0.0,13,2,1,0
2021-01-06 13:39:00,2.0,0.141,0.04525483399593903,0.0,13,2,1,0
2021-01-06 13:40:00,1.0,0.124,0.0,0.0,13,2,1,0
2021-01-06 13:41:00,1.0,0.093,0.0,0.0,13,2,1,0
2021-01-06 13:42:00,0.0,0.0,0.0,0.0,13,2,1,0
2021-01-06 13:43:00,0.0,0.0,0.0,0.0,13,2,1,0
2021-01-06 13:44:00,0.0,0.0,0.0,0.0,13,2,1,0
2021-01-06 13:45:00,0.0,0.0,0.0,0.0,13,2,1,0
2021-01-06 13:46:00,0.0,0.0,0.0,0.0,13,2,1,0
2021-01-06 13:47:00,0.0,0.0,0.0,0.0,13,2,1,0
2021-01-06 13:48:00,0.0,0.0,0.0,0.0,13,2,1,0
2021-01-06 13:49:00,1.0,0.109,0.0,0.0,13,2,1,0
2021-01-06 13:50:00,0.0,0.0,0.0,0.0,13,2,1,0
2021-01-06 13:51:00,0.0,0.0,0.0,0.0,13,2,1,0
2021-01-06 13:52:00,0.0,0.0,0.0,0.0,13,2,1,0
2021-01-06 13:53:00,0.0,0.0,0.0,0.0,13,2,1,0
2021-01-06 13:54:00,0.0,0.0,0.0,0.0,13,2,1,0
2021-01-06 13:55:00,0.0,0.0,0.0,0.0,13,2,1,0
2021-01-06 13:56:00,1.0,0.109,0.0,0.0,13,2,1,0
2021-01-06 13:57:00,0.0,0.0,0.0,0.0,13,2,1,0
2021-01-06 13:58:00,0.0,0.0,0.0,0.0,13,2,1,0
2021-01-06 13:59:00,0.0,0.0,0.0,0.0,13,2,1,0
2021-01-06 14:00:00,2.0,0.1165,0.03323401871576774,0.0,14,2,1,0
2021-01-06 14:01:00,1.0,0.063,0.0,0.0,14,2,1,0
2021-01-06 14:02:00,0.0,0.0,0.0,0.0,14,2,1,0
2021-01-06 14:03:00,0.0,0.0,0.0,0.0,14,2,1,0
2021-01-06 14:04:00,1.0,0.124,0.0,0.0,14,2,1,0
2021-01-06 14:05:00,0.0,0.0,0.0,0.0,14,2,1,0
2021-01-06 14:06:00,1.0,0.234,0.0,0.0,14,2,1,0
2021-01-06 14:07:00,0.0,0.0,0.0,0.0,14,2,1,0
2021-01-06 14:08:00,0.0,0.0,0.0,0.0,14,2,1,0
2021-01-06 14:09:00,1.0,0.109,0.0,0.0,14,2,1,0
2021-01-06 14:10:00,0.0,0.0,0.0,0.0,14,2,1,0
2021-01-06 14:11:00,2.0,0.179,0.055154328932550706,0.0,14,2,1,0
2021-01-06 14:12:00,1.0,0.078,0.0,0.0,14,2,1,0
2021-01-06 14:13:00,0.0,0.0,0.0,0.0,14,2,1,0
2021-01-06 14:14:00,1.0,0.28,0.0,0.0,14,2,1,0
2021-01-06 14:15:00,1.0,0.173,0.0,0.0,14,2,1,0
2021-01-06 14:16:00,0.0,0.0,0.0,0.0,14,2,1,0
2021-01-06 14:17:00,1.0,0.109,0.0,0.0,14,2,1,0
2021-01-06 14:18:00,0.0,0.0,0.0,0.0,14,2,1,0
2021-01-06 14:19:00,1.0,0.078,0.0,0.0,14,2,1,0
2021-01-06 14:20:00,0.0,0.0,0.0,0.0,14,2,1,0
2021-01-06 14:21:00,2.0,0.101,0.03252691193458119,0.0,14,2,1,0
2021-01-06 14:22:00,0.0,0.0,0.0,0.0,14,2,1,0
2021-01-06 14:23:00,0.0,0.0,0.0,0.0,14,2,1,0
2021-01-06 14:24:00,1.0,0.14,0.0,0.0,14,2,1,0
2021-01-06 14:25:00,0.0,0.0,0.0,0.0,14,2,1,0
2021-01-06 14:26:00,1.0,0.14,0.0,0.0,14,2,1,0
2021-01-06 14:27:00,1.0,0.156,0.0,0.0,14,2,1,0
2021-01-06 14:28:00,0.0,0.0,0.0,0.0,14,2,1,0
2021-01-06 14:29:00,0.0,0.0,0.0,0.0,14,2,1,0
2021-01-06 14:30:00,1.0,0.285,0.0,0.0,14,2,1,0
2021-01-06 14:31:00,1.0,0.19,0.0,0.0,14,2,1,0
2021-01-06 14:32:00,1.0,0.109,0.0,0.0,14,2,1,0
2021-01-06 14:33:00,0.0,0.0,0.0,0.0,14,2,1,0
2021-01-06 14:34:00,0.0,0.0,0.0,0.0,14,2,1,0
2021-01-06 14:35:00,1.0,0.125,0.0,0.0,14,2,1,0
2021-01-06 14:36:00,1.0,0.162,0.0,0.0,14,2,1,0
2021-01-06 14:37:00,1.0,0.109,0.0,0.0,14,2,1,0
2021-01-06 14:38:00,0.0,0.0,0.0,0.0,14,2,1,0
2021-01-06 14:39:00,1.0,0.093,0.0,0.0,14,2,1,0
2021-01-06 14:40:00,1.0,0.085,0.0,0.0,14,2,1,0
2021-01-06 14:41:00,0.0,0.0,0.0,0.0,14,2,1,0
2021-01-06 14:42:00,0.0,0.0,0.0,0.0,14,2,1,0
2021-01-06 14:43:00,2.0,0.14800000000000002,0.011313708498984741,0.0,14,2,1,0
2021-01-06 14:44:00,1.0,0.124,0.0,0.0,14,2,1,0
2021-01-06 14:45:00,0.0,0.0,0.0,0.0,14,2,1,0
2021-01-06 14:46:00,1.0,0.14,0.0,0.0,14,2,1,0
2021-01-06 14:47:00,0.0,0.0,0.0,0.0,14,2,1,0
2021-01-06 14:48:00,2.0,0.21750000000000003,0.06717514421272201,0.0,14,2,1,0
2021-01-06 14:49:00,0.0,0.0,0.0,0.0,14,2,1,0
2021-01-06 14:50:00,1.0,0.109,0.0,0.0,14,2,1,0
2021-01-06 14:51:00,0.0,0.0,0.0,0.0,14,2,1,0
2021-01-06 14:52:00,0.0,0.0,0.0,0.0,14,2,1,0
2021-01-06 14:53:00,3.0,0.14533333333333334,0.06293117934166921,0.0,14,2,1,0
2021-01-06 14:54:00,0.0,0.0,0.0,0.0,14,2,1,0
2021-01-06 14:55:00,2.0,0.156,0.021213203435596444,0.0,14,2,1,0
2021-01-06 14:56:00,2.0,0.128,0.01697056274847714,0.0,14,2,1,0
2021-01-06 14:57:00,0.0,0.0,0.0,0.0,14,2,1,0
2021-01-06 14:58:00,2.0,0.2485,0.1294005409571382,0.0,14,2,1,0
2021-01-06 14:59:00,1.0,0.14,0.0,0.0,14,2,1,0
2021-01-06 15:00:00,0.0,0.0,0.0,0.0,15,2,1,0
2021-01-06 15:01:00,2.0,0.10250000000000001,0.034648232278140824,0.0,15,2,1,0
2021-01-06 15:02:00,2.0,0.1085,0.021920310216782972,0.0,15,2,1,0
2021-01-06 15:03:00,0.0,0.0,0.0,0.0,15,2,1,0
2021-01-06 15:04:00,0.0,0.0,0.0,0.0,15,2,1,0
2021-01-06 15:05:00,1.0,0.14,0.0,0.0,15,2,1,0
2021-01-06 15:06:00,2.0,0.2025,0.15485638507985391,0.0,15,2,1,0
2021-01-06 15:07:00,3.0,0.10366666666666667,0.009237604307034014,0.0,15,2,1,0
2021-01-06 15:08:00,3.0,0.109,0.0,0.0,15,2,1,0
2021-01-06 15:09:00,0.0,0.0,0.0,0.0,15,2,1,0
2021-01-06 15:10:00,1.0,0.093,0.0,0.0,15,2,1,0
2021-01-06 15:11:00,0.0,0.0,0.0,0.0,15,2,1,0
2021-01-06 15:12:00,0.0,0.0,0.0,0.0,15,2,1,0
2021-01-06 15:13:00,2.0,0.14700000000000002,0.03394112549695428,0.0,15,2,1,0
2021-01-06 15:14:00,0.0,0.0,0.0,0.0,15,2,1,0
2021-01-06 15:15:00,0.0,0.0,0.0,0.0,15,2,1,0
2021-01-06 15:16:00,3.0,0.133,0.03469870314579496,0.0,15,2,1,0
2021-01-06 15:17:00,4.0,0.13625,0.019670197423174652,0.0,15,2,1,0
2021-01-06 15:18:00,0.0,0.0,0.0,0.0,15,2,1,0
2021-01-06 15:19:00,2.0,0.14250000000000002,0.01909188309203677,0.0,15,2,1,0
2021-01-06 15:20:00,2.0,0.1345,0.030405591591021536,0.0,15,2,1,0
2021-01-06 15:21:00,1.0,0.124,0.0,0.0,15,2,1,0
2021-01-06 15:22:00,2.0,0.1165,0.03323401871576774,0.0,15,2,1,0
2021-01-06 15:23:00,0.0,0.0,0.0,0.0,15,2,1,0
2021-01-06 15:24:00,0.0,0.0,0.0,0.0,15,2,1,0
2021-01-06 15:25:00,1.0,0.093,0.0,0.0,15,2,1,0
2021-01-06 15:26:00,2.0,0.156,0.06646803743153547,0.0,15,2,1,0
2021-01-06 15:27:00,1.0,0.125,0.0,0.0,15,2,1,0
2021-01-06 15:28:00,3.0,0.14,0.031000000000000017,0.0,15,2,1,0
2021-01-06 15:29:00,1.0,0.125,0.0,0.0,15,2,1,0
2021-01-06 15:30:00,2.0,0.109,0.02262741699796952,0.0,15,2,1,0
2021-01-06 15:31:00,1.0,0.093,0.0,0.0,15,2,1,0
2021-01-06 15:32:00,0.0,0.0,0.0,0.0,15,2,1,0
2021-01-06 15:33:00,0.0,0.0,0.0,0.0,15,2,1,0
2021-01-06 15:34:00,1.0,0.093,0.0,0.0,15,2,1,0
2021-01-06 15:35:00,1.0,0.125,0.0,0.0,15,2,1,0
2021-01-06 15:36:00,3.0,0.12033333333333333,0.0098657657246325,0.0,15,2,1,0
2021-01-06 15:37:00,0.0,0.0,0.0,0.0,15,2,1,0
2021-01-06 15:38:00,0.0,0.0,0.0,0.0,15,2,1,0
2021-01-06 15:39:00,0.0,0.0,0.0,0.0,15,2,1,0
2021-01-06 15:40:00,0.0,0.0,0.0,0.0,15,2,1,0
2021-01-06 15:41:00,1.0,0.106,0.0,0.0,15,2,1,0
2021-01-06 15:42:00,0.0,0.0,0.0,0.0,15,2,1,0
2021-01-06 15:43:00,1.0,0.335,0.0,0.0,15,2,1,0
2021-01-06 15:44:00,2.0,0.11699999999999999,0.011313708498984765,0.0,15,2,1,0
2021-01-06 15:45:00,2.0,0.132,0.03252691193458119,0.0,15,2,1,0
2021-01-06 15:46:00,2.0,0.1015,0.033234018715767734,0.0,15,2,1,0
2021-01-06 15:47:00,0.0,0.0,0.0,0.0,15,2,1,0
2021-01-06 15:48:00,0.0,0.0,0.0,0.0,15,2,1,0
2021-01-06 15:49:00,2.0,0.078,0.0,0.0,15,2,1,0
2021-01-06 15:50:00,1.0,0.093,0.0,0.0,15,2,1,0
2021-01-06 15:51:00,1.0,0.093,0.0,0.0,15,2,1,0
2021-01-06 15:52:00,1.0,0.078,0.0,0.0,15,2,1,0
2021-01-06 15:53:00,2.0,0.1165,0.03323401871576774,0.0,15,2,1,0
2021-01-06 15:54:00,0.0,0.0,0.0,0.0,15,2,1,0
2021-01-06 15:55:00,1.0,0.109,0.0,0.0,15,2,1,0
2021-01-06 15:56:00,0.0,0.0,0.0,0.0,15,2,1,0
2021-01-06 15:57:00,1.0,0.343,0.0,0.0,15,2,1,0
2021-01-06 15:58:00,0.0,0.0,0.0,0.0,15,2,1,0
2021-01-06 15:59:00,1.0,0.093,0.0,0.0,15,2,1,0
2021-01-06 16:00:00,1.0,0.093,0.0,0.0,16,2,1,0
2021-01-06 16:01:00,1.0,0.078,0.0,0.0,16,2,1,0
2021-01-06 16:02:00,2.0,0.1165,0.03323401871576774,0.0,16,2,1,0
2021-01-06 16:03:00,0.0,0.0,0.0,0.0,16,2,1,0
2021-01-06 16:04:00,1.0,0.125,0.0,0.0,16,2,1,0
2021-01-06 16:05:00,0.0,0.0,0.0,0.0,16,2,1,0
2021-01-06 16:06:00,0.0,0.0,0.0,0.0,16,2,1,0
2021-01-06 16:07:00,1.0,0.206,0.0,0.0,16,2,1,0
2021-01-06 16:08:00,0.0,0.0,0.0,0.0,16,2,1,0
2021-01-06 16:09:00,0.0,0.0,0.0,0.0,16,2,1,0
2021-01-06 16:10:00,2.0,0.1245,0.06576093065034894,0.0,16,2,1,0
2021-01-06 16:11:00,3.0,0.09500000000000001,0.025238858928247922,0.0,16,2,1,0
2021-01-06 16:12:00,0.0,0.0,0.0,0.0,16,2,1,0
2021-01-06 16:13:00,2.0,0.1255,0.023334523779156065,0.0,16,2,1,0
2021-01-06 16:14:00,0.0,0.0,0.0,0.0,16,2,1,0
2021-01-06 16:15:00,1.0,0.109,0.0,0.0,16,2,1,0
2021-01-06 16:16:00,1.0,0.124,0.0,0.0,16,2,1,0
2021-01-06 16:17:00,0.0,0.0,0.0,0.0,16,2,1,0
2021-01-06 16:18:00,1.0,0.109,0.0,0.0,16,2,1,0
2021-01-06 16:19:00,0.0,0.0,0.0,0.0,16,2,1,0
2021-01-06 16:20:00,0.0,0.0,0.0,0.0,16,2,1,0
2021-01-06 16:21:00,1.0,0.109,0.0,0.0,16,2,1,0
2021-01-06 16:22:00,0.0,0.0,0.0,0.0,16,2,1,0
2021-01-06 16:23:00,0.0,0.0,0.0,0.0,16,2,1,0
2021-01-06 16:24:00,1.0,0.125,0.0,0.0,16,2,1,0
2021-01-06 16:25:00,0.0,0.0,0.0,0.0,16,2,1,0
2021-01-06 16:26:00,1.0,0.093,0.0,0.0,16,2,1,0
2021-01-06 16:27:00,0.0,0.0,0.0,0.0,16,2,1,0
2021-01-06 16:28:00,2.0,0.101,0.011313708498984755,0.0,16,2,1,0
2021-01-06 16:29:00,1.0,0.242,0.0,0.0,16,2,1,0
2021-01-06 16:30:00,2.0,0.1015,0.03323401871576773,0.0,16,2,1,0
2021-01-06 16:31:00,0.0,0.0,0.0,0.0,16,2,1,0
2021-01-06 16:32:00,1.0,0.109,0.0,0.0,16,2,1,0
2021-01-06 16:33:00,0.0,0.0,0.0,0.0,16,2,1,0
2021-01-06 16:34:00,0.0,0.0,0.0,0.0,16,2,1,0
2021-01-06 16:35:00,0.0,0.0,0.0,0.0,16,2,1,0
2021-01-06 16:36:00,1.0,0.14,0.0,0.0,16,2,1,0
2021-01-06 16:37:00,0.0,0.0,0.0,0.0,16,2,1,0
2021-01-06 16:38:00,0.0,0.0,0.0,0.0,16,2,1,0
2021-01-06 16:39:00,0.0,0.0,0.0,0.0,16,2,1,0
2021-01-06 16:40:00,0.0,0.0,0.0,0.0,16,2,1,0
2021-01-06 16:41:00,0.0,0.0,0.0,0.0,16,2,1,0
2021-01-06 16:42:00,1.0,0.093,0.0,0.0,16,2,1,0
2021-01-06 16:43:00,0.0,0.0,0.0,0.0,16,2,1,0
2021-01-06 16:44:00,2.0,0.101,0.011313708498984765,0.0,16,2,1,0
2021-01-06 16:45:00,1.0,0.09,0.0,0.0,16,2,1,0
2021-01-06 16:46:00,1.0,0.109,0.0,0.0,16,2,1,0
2021-01-06 16:47:00,1.0,0.093,0.0,0.0,16,2,1,0
2021-01-06 16:48:00,0.0,0.0,0.0,0.0,16,2,1,0
2021-01-06 16:49:00,0.0,0.0,0.0,0.0,16,2,1,0
2021-01-06 16:50:00,0.0,0.0,0.0,0.0,16,2,1,0
2021-01-06 16:51:00,1.0,0.124,0.0,0.0,16,2,1,0
2021-01-06 16:52:00,1.0,0.109,0.0,0.0,16,2,1,0
2021-01-06 16:53:00,3.0,0.10033333333333333,0.008082903768654765,0.0,16,2,1,0
2021-01-06 16:54:00,1.0,0.171,0.0,0.0,16,2,1,0
2021-01-06 16:55:00,1.0,0.078,0.0,0.0,16,2,1,0
2021-01-06 16:56:00,1.0,0.088,0.0,0.0,16,2,1,0
2021-01-06 16:57:00,1.0,0.109,0.0,0.0,16,2,1,0
2021-01-06 16:58:00,2.0,0.101,0.011313708498984755,0.0,16,2,1,0
2021-01-06 16:59:00,1.0,0.089,0.0,0.0,16,2,1,0
2021-01-06 17:00:00,1.0,0.093,0.0,0.0,17,2,1,0
2021-01-06 17:01:00,0.0,0.0,0.0,0.0,17,2,1,0
2021-01-06 17:02:00,1.0,0.593,0.0,0.0,17,2,1,0
2021-01-06 17:03:00,2.0,0.119,0.014142135623730947,0.0,17,2,1,0
2021-01-06 17:04:00,2.0,0.093,0.0,0.0,17,2,1,0
2021-01-06 17:05:00,1.0,0.078,0.0,0.0,17,2,1,0
2021-01-06 17:06:00,3.0,0.08700000000000001,0.015588457268119896,0.0,17,2,1,0
2021-01-06 17:07:00,4.0,0.11025,0.020902551678363735,0.0,17,2,1,0
2021-01-06 17:08:00,1.0,0.093,0.0,0.0,17,2,1,0
2021-01-06 17:09:00,0.0,0.0,0.0,0.0,17,2,1,0
2021-01-06 17:10:00,2.0,0.1085,0.021920310216782972,0.0,17,2,1,0
2021-01-06 17:11:00,0.0,0.0,0.0,0.0,17,2,1,0
2021-01-06 17:12:00,1.0,0.094,0.0,0.0,17,2,1,0
2021-01-06 17:13:00,4.0,0.14,0.033793490497431605,0.0,17,2,1,0
2021-01-06 17:14:00,2.0,0.1165,0.03323401871576774,0.0,17,2,1,0
2021-01-06 17:15:00,2.0,0.11699999999999999,0.03394112549695427,0.0,17,2,1,0
2021-01-06 17:16:00,1.0,0.093,0.0,0.0,17,2,1,0
2021-01-06 17:17:00,0.0,0.0,0.0,0.0,17,2,1,0
2021-01-06 17:18:00,1.0,0.156,0.0,0.0,17,2,1,0
2021-01-06 17:19:00,1.0,0.345,0.0,0.0,17,2,1,0
2021-01-06 17:20:00,1.0,0.256,0.0,0.0,17,2,1,0
2021-01-06 17:21:00,2.0,0.109,0.02262741699796952,0.0,17,2,1,0
2021-01-06 17:22:00,1.0,0.078,0.0,0.0,17,2,1,0
2021-01-06 17:23:00,1.0,0.093,0.0,0.0,17,2,1,0
2021-01-06 17:24:00,0.0,0.0,0.0,0.0,17,2,1,0
2021-01-06 17:25:00,2.0,0.1405,0.08838834764831845,0.0,17,2,1,0
2021-01-06 17:26:00,0.0,0.0,0.0,0.0,17,2,1,0
2021-01-06 17:27:00,0.0,0.0,0.0,0.0,17,2,1,0
2021-01-06 17:28:00,0.0,0.0,0.0,0.0,17,2,1,0
2021-01-06 17:29:00,1.0,0.093,0.0,0.0,17,2,1,0
2021-01-06 17:30:00,0.0,0.0,0.0,0.0,17,2,1,0
2021-01-06 17:31:00,0.0,0.0,0.0,0.0,17,2,1,0
2021-01-06 17:32:00,3.0,0.09866666666666667,0.0178978583448784,0.0,17,2,1,0
2021-01-06 17:33:00,0.0,0.0,0.0,0.0,17,2,1,0
2021-01-06 17:34:00,1.0,0.152,0.0,0.0,17,2,1,0
2021-01-06 17:35:00,1.0,0.109,0.0,0.0,17,2,1,0
2021-01-06 17:36:00,3.0,0.12,0.007810249675906658,0.0,17,2,1,0
2021-01-06 17:37:00,1.0,0.093,0.0,0.0,17,2,1,0
2021-01-06 17:38:00,1.0,0.109,0.0,0.0,17,2,1,0
2021-01-06 17:39:00,2.0,0.1245,0.0007071067811865482,0.0,17,2,1,0
2021-01-06 17:40:00,0.0,0.0,0.0,0.0,17,2,1,0
2021-01-06 17:41:00,0.0,0.0,0.0,0.0,17,2,1,0
2021-01-06 17:42:00,1.0,0.122,0.0,0.0,17,2,1,0
2021-01-06 17:43:00,0.0,0.0,0.0,0.0,17,2,1,0
2021-01-06 17:44:00,0.0,0.0,0.0,0.0,17,2,1,0
2021-01-06 17:45:00,0.0,0.0,0.0,0.0,17,2,1,0
2021-01-06 17:46:00,2.0,0.0915,0.0021213203435596446,0.0,17,2,1,0
2021-01-06 17:47:00,0.0,0.0,0.0,0.0,17,2,1,0
2021-01-06 17:48:00,0.0,0.0,0.0,0.0,17,2,1,0
2021-01-06 17:49:00,0.0,0.0,0.0,0.0,17,2,1,0
2021-01-06 17:50:00,0.0,0.0,0.0,0.0,17,2,1,0
2021-01-06 17:51:00,0.0,0.0,0.0,0.0,17,2,1,0
2021-01-06 17:52:00,0.0,0.0,0.0,0.0,17,2,1,0
2021-01-06 17:53:00,1.0,0.109,0.0,0.0,17,2,1,0
2021-01-06 17:54:00,1.0,0.156,0.0,0.0,17,2,1,0
2021-01-06 17:55:00,1.0,0.078,0.0,0.0,17,2,1,0
2021-01-06 17:56:00,1.0,0.109,0.0,0.0,17,2,1,0
2021-01-06 17:57:00,1.0,0.078,0.0,0.0,17,2,1,0
2021-01-06 17:58:00,2.0,0.187,0.13293607486307096,0.0,17,2,1,0
2021-01-06 17:59:00,2.0,0.10949999999999999,0.04454772721475248,0.0,17,2,1,0
2021-01-06 18:00:00,2.0,0.1095,0.02333452377915607,0.0,18,2,0,0
2021-01-06 18:01:00,1.0,0.078,0.0,0.0,18,2,0,0
2021-01-06 18:02:00,0.0,0.0,0.0,0.0,18,2,0,0
2021-01-06 18:03:00,1.0,0.44,0.0,0.0,18,2,0,0
2021-01-06 18:04:00,1.0,0.14,0.0,0.0,18,2,0,0
2021-01-06 18:05:00,1.0,0.093,0.0,0.0,18,2,0,0
2021-01-06 18:06:00,1.0,0.078,0.0,0.0,18,2,0,0
2021-01-06 18:07:00,0.0,0.0,0.0,0.0,18,2,0,0
2021-01-06 18:08:00,1.0,0.171,0.0,0.0,18,2,0,0
2021-01-06 18:09:00,3.0,0.08800000000000001,0.008660254037844385,0.0,18,2,0,0
2021-01-06 18:10:00,1.0,0.078,0.0,0.0,18,2,0,0
2021-01-06 18:11:00,0.0,0.0,0.0,0.0,18,2,0,0
2021-01-06 18:12:00,2.0,0.0895,0.027577164466275342,0.0,18,2,0,0
2021-01-06 18:13:00,0.0,0.0,0.0,0.0,18,2,0,0
2021-01-06 18:14:00,1.0,0.109,0.0,0.0,18,2,0,0
2021-01-06 18:15:00,0.0,0.0,0.0,0.0,18,2,0,0
2021-01-06 18:16:00,0.0,0.0,0.0,0.0,18,2,0,0
2021-01-06 18:17:00,1.0,0.187,0.0,0.0,18,2,0,0
2021-01-06 18:18:00,1.0,0.093,0.0,0.0,18,2,0,0
2021-01-06 18:19:00,1.0,0.093,0.0,0.0,18,2,0,0
2021-01-06 18:20:00,2.0,0.136,0.01555634918610403,0.0,18,2,0,0
2021-01-06 18:21:00,0.0,0.0,0.0,0.0,18,2,0,0
2021-01-06 18:22:00,2.0,0.2625,0.021920310216782993,0.0,18,2,0,0
2021-01-06 18:23:00,3.0,0.14133333333333334,0.058943475748663925,0.0,18,2,0,0
2021-01-06 18:24:00,0.0,0.0,0.0,0.0,18,2,0,0
2021-01-06 18:25:00,2.0,0.085,0.0,0.0,18,2,0,0
2021-01-06 18:26:00,0.0,0.0,0.0,0.0,18,2,0,0
2021-01-06 18:27:00,0.0,0.0,0.0,0.0,18,2,0,0
2021-01-06 18:28:00,1.0,0.093,0.0,0.0,18,2,0,0
2021-01-06 18:29:00,11.0,0.1040909090909091,0.025204977863329085,0.0,18,2,0,0
2021-01-06 18:30:00,13.0,0.11453846153846153,0.03480329338969563,0.0,18,2,0,0
2021-01-06 18:31:00,17.0,0.11441176470588235,0.060794797087753955,0.0,18,2,0,0
2021-01-06 18:32:00,12.0,0.09591666666666666,0.024996211834208124,0.0,18,2,0,0
2021-01-06 18:33:00,16.0,0.11862500000000001,0.03267389375837128,0.0,18,2,0,0
2021-01-06 18:34:00,17.0,0.09994117647058824,0.03328751753329485,0.0,18,2,0,0
2021-01-06 18:35:00,15.0,0.10926666666666666,0.03859027758140027,0.0,18,2,0,0
2021-01-06 18:36:00,12.0,0.09775,0.031522358587343854,0.0,18,2,0,0
2021-01-06 18:37:00,5.0,0.0886,0.020513410247932934,0.0,18,2,0,0
2021-01-06 18:38:00,1.0,0.093,0.0,0.0,18,2,0,0
2021-01-06 18:39:00,1.0,0.124,0.0,0.0,18,2,0,0
2021-01-06 18:40:00,1.0,0.193,0.0,0.0,18,2,0,0
2021-01-06 18:41:00,1.0,0.156,0.0,0.0,18,2,0,0
2021-01-06 18:42:00,2.0,0.1,0.033941125496954286,0.0,18,2,0,0
2021-01-06 18:43:00,2.0,0.10200000000000001,0.03394112549695428,0.0,18,2,0,0
2021-01-06 18:44:00,1.0,0.109,0.0,0.0,18,2,0,0
2021-01-06 18:45:00,2.0,0.08549999999999999,0.010606601717798217,0.0,18,2,0,0
2021-01-06 18:46:00,1.0,0.093,0.0,0.0,18,2,0,0
2021-01-06 18:47:00,0.0,0.0,0.0,0.0,18,2,0,0
2021-01-06 18:48:00,3.0,0.12933333333333333,0.02281081614790084,0.0,18,2,0,0
2021-01-06 18:49:00,0.0,0.0,0.0,0.0,18,2,0,0
2021-01-06 18:50:00,0.0,0.0,0.0,0.0,18,2,0,0
2021-01-06 18:51:00,1.0,0.093,0.0,0.0,18,2,0,0
2021-01-06 18:52:00,1.0,0.078,0.0,0.0,18,2,0,0
2021-01-06 18:53:00,2.0,0.08549999999999999,0.010606601717798208,0.0,18,2,0,0
2021-01-06 18:54:00,1.0,0.109,0.0,0.0,18,2,0,0
2021-01-06 18:55:00,1.0,0.093,0.0,0.0,18,2,0,0
2021-01-06 18:56:00,1.0,0.132,0.0,0.0,18,2,0,0
2021-01-06 18:57:00,4.0,0.34750000000000003,0.5185392945573171,0.0,18,2,0,0
2021-01-06 18:58:00,4.0,0.09725,0.02936409372005205,0.0,18,2,0,0
2021-01-06 18:59:00,1.0,0.093,0.0,0.0,18,2,0,0
2021-01-06 19:00:00,2.0,0.124,0.0,0.0,19,2,0,0
2021-01-06 19:01:00,0.0,0.0,0.0,0.0,19,2,0,0
2021-01-06 19:02:00,0.0,0.0,0.0,0.0,19,2,0,0
2021-01-06 19:03:00,3.0,0.10366666666666667,0.032347076117221686,0.0,19,2,0,0
2021-01-06 19:04:00,2.0,0.228,0.1456639969244288,0.0,19,2,0,0
2021-01-06 19:05:00,1.0,0.272,0.0,0.0,19,2,0,0
2021-01-06 19:06:00,2.0,0.1085,0.021920310216782972,0.0,19,2,0,0
2021-01-06 19:07:00,0.0,0.0,0.0,0.0,19,2,0,0
2021-01-06 19:08:00,2.0,0.148,0.055154328932550706,0.0,19,2,0,0
2021-01-06 19:09:00,2.0,0.093,0.0,0.0,19,2,0,0
2021-01-06 19:10:00,1.0,0.109,0.0,0.0,19,2,0,0
2021-01-06 19:11:00,2.0,0.1635,0.09970205614730321,0.0,19,2,0,0
2021-01-06 19:12:00,0.0,0.0,0.0,0.0,19,2,0,0
2021-01-06 19:13:00,3.0,0.135,0.08606392972668632,0.0,19,2,0,0
2021-01-06 19:14:00,3.0,0.208,0.1328645927250748,0.0,19,2,0,0
2021-01-06 19:15:00,5.0,0.10700000000000001,0.030724582991474434,0.0,19,2,0,0
2021-01-06 19:16:00,2.0,0.08549999999999999,0.010606601717798217,0.0,19,2,0,0
2021-01-06 19:17:00,2.0,0.1165,0.03323401871576774,0.0,19,2,0,0
2021-01-06 19:18:00,1.0,0.109,0.0,0.0,19,2,0,0
2021-01-06 19:19:00,2.0,0.078,0.0,0.0,19,2,0,0
2021-01-06 19:20:00,2.0,0.133,0.0565685424949238,0.0,19,2,0,0
2021-01-06 19:21:00,1.0,0.078,0.0,0.0,19,2,0,0
2021-01-06 19:22:00,0.0,0.0,0.0,0.0,19,2,0,0
2021-01-06 19:23:00,1.0,0.093,0.0,0.0,19,2,0,0
2021-01-06 19:24:00,0.0,0.0,0.0,0.0,19,2,0,0
2021-01-06 19:25:00,2.0,0.14,0.0,0.0,19,2,0,0
2021-01-06 19:26:00,2.0,0.2495,0.2213244225113894,0.0,19,2,0,0
2021-01-06 19:27:00,1.0,0.078,0.0,0.0,19,2,0,0
2021-01-06 19:28:00,2.0,0.126,0.048083261120685235,0.0,19,2,0,0
2021-01-06 19:29:00,1.0,0.093,0.0,0.0,19,2,0,0
2021-01-06 19:30:00,4.0,0.097,0.008000000000000002,0.0,19,2,0,0
2021-01-06 19:31:00,5.0,0.121,0.05464887921998035,0.0,19,2,0,0
2021-01-06 19:32:00,0.0,0.0,0.0,0.0,19,2,0,0
2021-01-06 19:33:00,3.0,0.17200000000000001,0.12904650324592296,0.0,19,2,0,0
2021-01-06 19:34:00,0.0,0.0,0.0,0.0,19,2,0,0
2021-01-06 19:35:00,5.0,0.1146,0.05211813503954262,0.0,19,2,0,0
2021-01-06 19:36:00,2.0,0.093,0.0,0.0,19,2,0,0
2021-01-06 19:37:00,1.0,0.093,0.0,0.0,19,2,0,0
2021-01-06 19:38:00,2.0,0.10900000000000001,0.04384062043356595,0.0,19,2,0,0
2021-01-06 19:39:00,5.0,0.1348,0.05100196074662228,0.0,19,2,0,0
2021-01-06 19:40:00,2.0,0.17049999999999998,0.10960155108391488,0.0,19,2,0,0
2021-01-06 19:41:00,5.0,0.10880000000000001,0.010963576058932596,0.0,19,2,0,0
2021-01-06 19:42:00,3.0,0.10833333333333334,0.015011106998930263,0.0,19,2,0,0
2021-01-06 19:43:00,4.0,0.08925,0.007499999999999999,0.0,19,2,0,0
2021-01-06 19:44:00,5.0,0.1072,0.03748599738569057,0.0,19,2,0,0
2021-01-06 19:45:00,5.0,0.11200000000000002,0.006708203932499366,0.0,19,2,0,0
2021-01-06 19:46:00,5.0,0.1008,0.01625423021862309,0.0,19,2,0,0
2021-01-06 19:47:00,4.0,0.12875,0.015063753405664427,0.0,19,2,0,0
2021-01-06 19:48:00,6.0,0.10683333333333334,0.015445603473696537,0.0,19,2,0,0
2021-01-06 19:49:00,6.0,0.10666666666666667,0.018618986725025256,0.0,19,2,0,0
2021-01-06 19:50:00,3.0,0.09300000000000001,0.0,0.0,19,2,0,0
2021-01-06 19:51:00,1.0,0.093,0.0,0.0,19,2,0,0
2021-01-06 19:52:00,6.0,0.25966666666666666,0.3937347669011039,0.0,19,2,0,0
2021-01-06 19:53:00,3.0,0.13,0.06509224224129939,0.0,19,2,0,0
2021-01-06 19:54:00,4.0,0.0895,0.014798648586948742,0.0,19,2,0,0
2021-01-06 19:55:00,3.0,0.09833333333333333,0.012662279942148393,0.0,19,2,0,0
2021-01-06 19:56:00,1.0,0.092,0.0,0.0,19,2,0,0
2021-01-06 19:57:00,3.0,0.124,0.01708800749063507,0.0,19,2,0,0
2021-01-06 19:58:00,5.0,0.0996,0.017938784797192926,0.0,19,2,0,0
2021-01-06 19:59:00,2.0,0.109,0.0,0.0,19,2,0,0
2021-01-06 20:00:00,6.0,0.11666666666666665,0.016403251710153898,0.0,20,2,0,0
2021-01-06 20:01:00,2.0,0.14250000000000002,0.0700035713374682,0.0,20,2,0,0
2021-01-06 20:02:00,2.0,0.3165,0.08273149339882606,0.0,20,2,0,0
2021-01-06 20:03:00,2.0,0.1325,0.010606601717798222,0.0,20,2,0,0
2021-01-06 20:04:00,6.0,0.11399999999999999,0.023647410006171925,0.0,20,2,0,0
2021-01-06 20:05:00,3.0,0.157,0.09681425514871247,0.0,20,2,0,0
2021-01-06 20:06:00,3.0,0.109,0.016,0.0,20,2,0,0
2021-01-06 20:07:00,0.0,0.0,0.0,0.0,20,2,0,0
2021-01-06 20:08:00,1.0,0.14,0.0,0.0,20,2,0,0
2021-01-06 20:09:00,3.0,0.08800000000000001,0.017320508075688773,0.0,20,2,0,0
2021-01-06 20:10:00,6.0,0.123,0.0362712006969717,0.0,20,2,0,0
2021-01-06 20:11:00,6.0,0.14816666666666667,0.07093212718272776,0.0,20,2,0,0
2021-01-06 20:12:00,3.0,0.13833333333333334,0.052548390397169485,0.0,20,2,0,0
2021-01-06 20:13:00,3.0,0.08800000000000001,0.008660254037844385,0.0,20,2,0,0
2021-01-06 20:14:00,5.0,0.1214,0.04875756351582799,0.0,20,2,0,0
2021-01-06 20:15:00,5.0,0.093,0.009797958971132713,0.0,20,2,0,0
2021-01-06 20:16:00,4.0,0.09325,0.01084358489307542,0.0,20,2,0,0
2021-01-06 20:17:00,4.0,0.0915,0.0030000000000000027,0.0,20,2,0,0
2021-01-06 20:18:00,5.0,0.0964,0.017256882684888373,0.0,20,2,0,0
2021-01-06 20:19:00,6.0,0.09866666666666667,0.009667816023625332,0.0,20,2,0,0
2021-01-06 20:20:00,3.0,0.12,0.060224579699654196,0.0,20,2,0,0
2021-01-06 20:21:00,5.0,0.1472,0.08413501054852254,0.0,20,2,0,0
2021-01-06 20:22:00,1.0,0.156,0.0,0.0,20,2,0,0
2021-01-06 20:23:00,1.0,0.093,0.0,0.0,20,2,0,0
2021-01-06 20:24:00,4.0,0.0895,0.014798648586948746,0.0,20,2,0,0
2021-01-06 20:25:00,3.0,0.10366666666666667,0.032347076117221686,0.0,20,2,0,0
2021-01-06 20:26:00,1.0,0.093,0.0,0.0,20,2,0,0
2021-01-06 20:27:00,4.0,0.101,0.009237604307034016,0.0,20,2,0,0
2021-01-06 20:28:00,5.0,0.1156,0.043235402160729346,0.0,20,2,0,0
2021-01-06 20:29:00,5.0,0.11879999999999999,0.021730163368000707,0.0,20,2,0,0
2021-01-06 20:30:00,5.0,0.0934,0.02913417237540822,0.0,20,2,0,0
2021-01-06 20:31:00,5.0,0.1224,0.03533836442168765,0.0,20,2,0,0
2021-01-06 20:32:00,4.0,0.09325,0.012658988901172164,0.0,20,2,0,0
2021-01-06 20:33:00,1.0,0.093,0.0,0.0,20,2,0,0
2021-01-06 20:34:00,5.0,0.202,0.2002947827578143,0.0,20,2,0,0
2021-01-06 20:35:00,3.0,0.08566666666666667,0.01270170592217177,0.0,20,2,0,0
2021-01-06 20:36:00,2.0,0.078,0.0,0.0,20,2,0,0
2021-01-06 20:37:00,2.0,0.156,0.0,0.0,20,2,0,0
2021-01-06 20:38:00,5.0,0.1338,0.05207878646819644,0.0,20,2,0,0
2021-01-06 20:39:00,4.0,0.1125,0.023895606290697046,0.0,20,2,0,0
2021-01-06 20:40:00,4.0,0.24225000000000002,0.2864930191121592,0.0,20,2,0,0
2021-01-06 20:41:00,3.0,0.09799999999999999,0.0069999999999999975,0.0,20,2,0,0
2021-01-06 20:42:00,3.0,0.3223333333333333,0.19876954830489837,0.0,20,2,0,0
2021-01-06 20:43:00,5.0,0.09559999999999999,0.03458757002161326,0.0,20,2,0,0
2021-01-06 20:44:00,5.0,0.10900000000000001,0.061278054799414124,0.0,20,2,0,0
2021-01-06 20:45:00,5.0,0.0996,0.01750142851312429,0.0,20,2,0,0
2021-01-06 20:46:00,4.0,0.29325,0.34904572288837266,0.0,20,2,0,0
2021-01-06 20:47:00,3.0,0.10366666666666667,0.03234707611722169,0.0,20,2,0,0
2021-01-06 20:48:00,3.0,0.31866666666666665,0.33717255720674144,0.0,20,2,0,0
2021-01-06 20:49:00,4.0,0.1395,0.05845511098270193,0.0,20,2,0,0
2021-01-06 20:50:00,4.0,0.10025,0.018750555547325347,0.0,20,2,0,0
2021-01-06 20:51:00,7.0,0.103,0.03258834147360065,0.0,20,2,0,0
2021-01-06 20:52:00,4.0,0.11725,0.042018844978572806,0.0,20,2,0,0
2021-01-06 20:53:00,3.0,0.09866666666666668,0.024006943440041114,0.0,20,2,0,0
2021-01-06 20:54:00,4.0,0.17125,0.10266896642445889,0.0,20,2,0,0
2021-01-06 20:55:00,2.0,0.1245,0.044547727214752496,0.0,20,2,0,0
2021-01-06 20:56:00,3.0,0.09300000000000001,0.0,0.0,20,2,0,0
2021-01-06 20:57:00,2.0,0.101,0.03252691193458119,0.0,20,2,0,0
2021-01-06 20:58:00,4.0,0.097,0.019339079605813717,0.0,20,2,0,0
2021-01-06 20:59:00,3.0,0.11466666666666668,0.039803684921541294,0.0,20,2,0,0
2021-01-06 21:00:00,2.0,0.07,0.011313708498984755,0.0,21,2,0,0
2021-01-06 21:01:00,4.0,0.1215,0.035123591312203065,0.0,21,2,0,0
2021-01-06 21:02:00,2.0,0.093,0.0,0.0,21,2,0,0
2021-01-06 21:03:00,3.0,0.09966666666666667,0.01877054430040145,0.0,21,2,0,0
2021-01-06 21:04:00,3.0,0.10566666666666667,0.01625833119767626,0.0,21,2,0,0
2021-01-06 21:05:00,2.0,0.1525,0.061518289963229646,0.0,21,2,0,0
2021-01-06 21:06:00,4.0,0.1125,0.04036913012026228,0.0,21,2,0,0
2021-01-06 21:07:00,0.0,0.0,0.0,0.0,21,2,0,0
2021-01-06 21:08:00,2.0,0.093,0.0,0.0,21,2,0,0
2021-01-06 21:09:00,3.0,0.15866666666666665,0.11373800303035626,0.0,21,2,0,0
2021-01-06 21:10:00,1.0,0.085,0.0,0.0,21,2,0,0
2021-01-06 21:11:00,0.0,0.0,0.0,0.0,21,2,0,0
2021-01-06 21:12:00,2.0,0.1325,0.033234018715767734,0.0,21,2,0,0
2021-01-06 21:13:00,1.0,0.109,0.0,0.0,21,2,0,0
2021-01-06 21:14:00,0.0,0.0,0.0,0.0,21,2,0,0
2021-01-06 21:15:00,4.0,0.1085,0.01226104943849968,0.0,21,2,0,0
2021-01-06 21:16:00,1.0,0.119,0.0,0.0,21,2,0,0
2021-01-06 21:17:00,0.0,0.0,0.0,0.0,21,2,0,0
2021-01-06 21:18:00,1.0,0.109,0.0,0.0,21,2,0,0
2021-01-06 21:19:00,1.0,0.078,0.0,0.0,21,2,0,0
2021-01-06 21:20:00,3.0,0.18699999999999997,0.14917104276634927,0.0,21,2,0,0
2021-01-06 21:21:00,3.0,0.09966666666666667,0.008326663997864536,0.0,21,2,0,0
2021-01-06 21:22:00,2.0,0.6565000000000001,0.7530687219636731,0.0,21,2,0,0
2021-01-06 21:23:00,1.0,0.093,0.0,0.0,21,2,0,0
2021-01-06 21:24:00,0.0,0.0,0.0,0.0,21,2,0,0
2021-01-06 21:25:00,1.0,0.111,0.0,0.0,21,2,0,0
2021-01-06 21:26:00,3.0,0.205,0.16062689687595913,0.0,21,2,0,0
2021-01-06 21:27:00,2.0,0.1255,0.0431335136523794,0.0,21,2,0,0
2021-01-06 21:28:00,2.0,0.1495,0.07990306627407986,0.0,21,2,0,0
2021-01-06 21:29:00,2.0,0.1605,0.10960155108391485,0.0,21,2,0,0
2021-01-06 21:30:00,3.0,0.19166666666666665,0.16231245587857185,0.0,21,2,0,0
2021-01-06 21:31:00,2.0,0.1165,0.03323401871576774,0.0,21,2,0,0
2021-01-06 21:32:00,0.0,0.0,0.0,0.0,21,2,0,0
2021-01-06 21:33:00,1.0,0.078,0.0,0.0,21,2,0,0
2021-01-06 21:34:00,1.0,0.109,0.0,0.0,21,2,0,0
2021-01-06 21:35:00,1.0,0.078,0.0,0.0,21,2,0,0
2021-01-06 21:36:00,2.0,0.148,0.09899494936611665,0.0,21,2,0,0
2021-01-06 21:37:00,2.0,0.1075,0.0021213203435596446,0.0,21,2,0,0
2021-01-06 21:38:00,0.0,0.0,0.0,0.0,21,2,0,0
2021-01-06 21:39:00,3.0,0.09300000000000001,0.0,0.0,21,2,0,0
2021-01-06 21:40:00,2.0,0.1075,0.0021213203435596446,0.0,21,2,0,0
2021-01-06 21:41:00,3.0,0.09833333333333333,0.023459184413217215,0.0,21,2,0,0
2021-01-06 21:42:00,1.0,0.093,0.0,0.0,21,2,0,0
2021-01-06 21:43:00,2.0,0.1405,0.06717514421272201,0.0,21,2,0,0
2021-01-06 21:44:00,1.0,0.093,0.0,0.0,21,2,0,0
2021-01-06 21:45:00,1.0,0.093,0.0,0.0,21,2,0,0
2021-01-06 21:46:00,0.0,0.0,0.0,0.0,21,2,0,0
2021-01-06 21:47:00,1.0,0.093,0.0,0.0,21,2,0,0
2021-01-06 21:48:00,3.0,0.09333333333333334,0.01550268793897798,0.0,21,2,0,0
2021-01-06 21:49:00,0.0,0.0,0.0,0.0,21,2,0,0
2021-01-06 21:50:00,1.0,0.109,0.0,0.0,21,2,0,0
2021-01-06 21:51:00,0.0,0.0,0.0,0.0,21,2,0,0
2021-01-06 21:52:00,0.0,0.0,0.0,0.0,21,2,0,0
2021-01-06 21:53:00,0.0,0.0,0.0,0.0,21,2,0,0
2021-01-06 21:54:00,1.0,0.109,0.0,0.0,21,2,0,0
2021-01-06 21:55:00,0.0,0.0,0.0,0.0,21,2,0,0
2021-01-06 21:56:00,3.0,0.12466666666666666,0.01550268793897799,0.0,21,2,0,0
2021-01-06 21:57:00,2.0,0.078,0.0,0.0,21,2,0,0
2021-01-06 21:58:00,1.0,0.093,0.0,0.0,21,2,0,0
2021-01-06 21:59:00,1.0,0.099,0.0,0.0,21,2,0,0
2021-01-06 22:00:00,3.0,0.09300000000000001,0.0,0.0,22,2,0,0
2021-01-06 22:01:00,2.0,0.132,0.01131370849898477,0.0,22,2,0,0
2021-01-06 22:02:00,4.0,0.27225,0.36856783636123214,0.0,22,2,0,0
2021-01-06 22:03:00,5.0,0.1946,0.1721577764726299,0.0,22,2,0,0
2021-01-06 22:04:00,3.0,0.18033333333333335,0.04935922743857864,0.0,22,2,0,0
2021-01-06 22:05:00,3.0,0.09566666666666668,0.0046188021535170124,0.0,22,2,0,0
2021-01-06 22:06:00,2.0,0.093,0.0,0.0,22,2,0,0
2021-01-06 22:07:00,2.0,0.1415,0.04596194077712558,0.0,22,2,0,0
2021-01-06 22:08:00,3.0,0.10366666666666667,0.009237604307034014,0.0,22,2,0,0
2021-01-06 22:09:00,3.0,0.10133333333333333,0.02079262689833426,0.0,22,2,0,0
2021-01-06 22:10:00,2.0,0.1,0.012727922061357862,0.0,22,2,0,0
2021-01-06 22:11:00,1.0,0.093,0.0,0.0,22,2,0,0
2021-01-06 22:12:00,3.0,0.09400000000000001,0.01452583904633395,0.0,22,2,0,0
2021-01-06 22:13:00,1.0,0.093,0.0,0.0,22,2,0,0
2021-01-06 22:14:00,1.0,0.093,0.0,0.0,22,2,0,0
2021-01-06 22:15:00,2.0,0.14,0.06646803743153547,0.0,22,2,0,0
2021-01-06 22:16:00,2.0,0.1085,0.021920310216782972,0.0,22,2,0,0
2021-01-06 22:17:00,0.0,0.0,0.0,0.0,22,2,0,0
2021-01-06 22:18:00,1.0,0.14,0.0,0.0,22,2,0,0
2021-01-06 22:19:00,4.0,0.101,0.009237604307034016,0.0,22,2,0,0
2021-01-06 22:20:00,1.0,0.125,0.0,0.0,22,2,0,0
2021-01-06 22:21:00,5.0,0.1058,0.020861447696648473,0.0,22,2,0,0
2021-01-06 22:22:00,1.0,0.109,0.0,0.0,22,2,0,0
2021-01-06 22:23:00,2.0,0.1245,0.06576093065034892,0.0,22,2,0,0
2021-01-06 22:24:00,1.0,0.109,0.0,0.0,22,2,0,0
2021-01-06 22:25:00,1.0,0.125,0.0,0.0,22,2,0,0
2021-01-06 22:26:00,1.0,0.093,0.0,0.0,22,2,0,0
2021-01-06 22:27:00,2.0,0.10200000000000001,0.012727922061357862,0.0,22,2,0,0
2021-01-06 22:28:00,0.0,0.0,0.0,0.0,22,2,0,0
2021-01-06 22:29:00,0.0,0.0,0.0,0.0,22,2,0,0
2021-01-06 22:30:00,2.0,0.1005,0.010606601717798208,0.0,22,2,0,0
2021-01-06 22:31:00,0.0,0.0,0.0,0.0,22,2,0,0
2021-01-06 22:32:00,4.0,0.11299999999999999,0.020132891827388658,0.0,22,2,0,0
2021-01-06 22:33:00,1.0,0.24,0.0,0.0,22,2,0,0
2021-01-06 22:34:00,0.0,0.0,0.0,0.0,22,2,0,0
2021-01-06 22:35:00,1.0,0.143,0.0,0.0,22,2,0,0
2021-01-06 22:36:00,1.0,0.159,0.0,0.0,22,2,0,0
2021-01-06 22:37:00,1.0,0.108,0.0,0.0,22,2,0,0
2021-01-06 22:38:00,4.0,0.105,0.007999999999999998,0.0,22,2,0,0
2021-01-06 22:39:00,3.0,0.09333333333333334,0.015502687938977982,0.0,22,2,0,0
2021-01-06 22:40:00,1.0,0.294,0.0,0.0,22,2,0,0
2021-01-06 22:41:00,3.0,0.10066666666666667,0.013279056191361395,0.0,22,2,0,0
2021-01-06 22:42:00,1.0,0.093,0.0,0.0,22,2,0,0
2021-01-06 22:43:00,2.0,0.1015,0.031819805153394644,0.0,22,2,0,0
2021-01-06 22:44:00,1.0,0.076,0.0,0.0,22,2,0,0
2021-01-06 22:45:00,1.0,0.109,0.0,0.0,22,2,0,0
2021-01-06 22:46:00,2.0,0.17049999999999998,0.07141778489984131,0.0,22,2,0,0
2021-01-06 22:47:00,3.0,0.11433333333333333,0.009237604307034008,0.0,22,2,0,0
2021-01-06 22:48:00,2.0,0.101,0.03252691193458118,0.0,22,2,0,0
2021-01-06 22:49:00,1.0,0.092,0.0,0.0,22,2,0,0
2021-01-06 22:50:00,1.0,0.078,0.0,0.0,22,2,0,0
2021-01-06 22:51:00,1.0,0.093,0.0,0.0,22,2,0,0
2021-01-06 22:52:00,0.0,0.0,0.0,0.0,22,2,0,0
2021-01-06 22:53:00,2.0,0.5,0.5755849198858497,0.0,22,2,0,0
2021-01-06 22:54:00,1.0,0.1,0.0,0.0,22,2,0,0
2021-01-06 22:55:00,1.0,0.142,0.0,0.0,22,2,0,0
2021-01-06 22:56:00,3.0,0.17200000000000001,0.11028599185753374,0.0,22,2,0,0
2021-01-06 22:57:00,1.0,0.109,0.0,0.0,22,2,0,0
2021-01-06 22:58:00,0.0,0.0,0.0,0.0,22,2,0,0
2021-01-06 22:59:00,0.0,0.0,0.0,0.0,22,2,0,0
2021-01-06 23:00:00,0.0,0.0,0.0,0.0,23,2,0,0
2021-01-06 23:01:00,3.0,0.11066666666666668,0.03957692930652065,0.0,23,2,0,0
2021-01-06 23:02:00,1.0,0.093,0.0,0.0,23,2,0,0
2021-01-06 23:03:00,1.0,0.175,0.0,0.0,23,2,0,0
2021-01-06 23:04:00,1.0,0.093,0.0,0.0,23,2,0,0
2021-01-06 23:05:00,1.0,0.109,0.0,0.0,23,2,0,0
2021-01-06 23:06:00,1.0,0.081,0.0,0.0,23,2,0,0
2021-01-06 23:07:00,2.0,0.11699999999999999,0.011313708498984755,0.0,23,2,0,0
2021-01-06 23:08:00,3.0,0.10366666666666667,0.018475208614068022,0.0,23,2,0,0
2021-01-06 23:09:00,1.0,0.078,0.0,0.0,23,2,0,0
2021-01-06 23:10:00,3.0,0.09833333333333333,0.009237604307034014,0.0,23,2,0,0
2021-01-06 23:11:00,1.0,0.252,0.0,0.0,23,2,0,0
2021-01-06 23:12:00,1.0,0.109,0.0,0.0,23,2,0,0
2021-01-06 23:13:00,0.0,0.0,0.0,0.0,23,2,0,0
2021-01-06 23:14:00,2.0,0.101,0.011313708498984765,0.0,23,2,0,0
2021-01-06 23:15:00,1.0,0.109,0.0,0.0,23,2,0,0
2021-01-06 23:16:00,2.0,0.109,0.0,0.0,23,2,0,0
2021-01-06 23:17:00,3.0,0.19799999999999998,0.13963165830140384,0.0,23,2,0,0
2021-01-06 23:18:00,1.0,0.109,0.0,0.0,23,2,0,0
2021-01-06 23:19:00,2.0,0.08299999999999999,0.007071067811865467,0.0,23,2,0,0
2021-01-06 23:20:00,0.0,0.0,0.0,0.0,23,2,0,0
2021-01-06 23:21:00,1.0,0.125,0.0,0.0,23,2,0,0
2021-01-06 23:22:00,2.0,0.1325,0.010606601717798222,0.0,23,2,0,0
2021-01-06 23:23:00,1.0,0.099,0.0,0.0,23,2,0,0
2021-01-06 23:24:00,1.0,0.109,0.0,0.0,23,2,0,0
2021-01-06 23:25:00,2.0,0.1245,0.044547727214752496,0.0,23,2,0,0
2021-01-06 23:26:00,1.0,0.093,0.0,0.0,23,2,0,0
2021-01-06 23:27:00,2.0,0.101,0.011313708498984765,0.0,23,2,0,0
2021-01-06 23:28:00,1.0,0.093,0.0,0.0,23,2,0,0
2021-01-06 23:29:00,2.0,0.0955,0.024748737341529166,0.0,23,2,0,0
2021-01-06 23:30:00,1.0,0.314,0.0,0.0,23,2,0,0
2021-01-06 23:31:00,1.0,0.109,0.0,0.0,23,2,0,0
2021-01-06 23:32:00,2.0,0.093,0.0,0.0,23,2,0,0
2021-01-06 23:33:00,2.0,0.101,0.011313708498984755,0.0,23,2,0,0
2021-01-06 23:34:00,2.0,0.093,0.0,0.0,23,2,0,0
2021-01-06 23:35:00,3.0,0.105,0.020784609690826527,0.0,23,2,0,0
2021-01-06 23:36:00,2.0,0.101,0.011313708498984755,0.0,23,2,0,0
2021-01-06 23:37:00,5.0,0.1432,0.07780873986898902,0.0,23,2,0,0
2021-01-06 23:38:00,3.0,0.104,0.03290896534380866,0.0,23,2,0,0
2021-01-06 23:39:00,3.0,0.16066666666666665,0.11720210464549403,0.0,23,2,0,0
2021-01-06 23:40:00,4.0,0.10175000000000001,0.015840349322747478,0.0,23,2,0,0
2021-01-06 23:41:00,1.0,0.14,0.0,0.0,23,2,0,0
2021-01-06 23:42:00,1.0,0.093,0.0,0.0,23,2,0,0
2021-01-06 23:43:00,4.0,0.08549999999999999,0.008660254037844383,0.0,23,2,0,0
2021-01-06 23:44:00,7.0,0.11828571428571429,0.05817993435803071,0.0,23,2,0,0
2021-01-06 23:45:00,0.0,0.0,0.0,0.0,23,2,0,0
2021-01-06 23:46:00,2.0,0.1005,0.010606601717798208,0.0,23,2,0,0
2021-01-06 23:47:00,2.0,0.09,0.016970562748477136,0.0,23,2,0,0
2021-01-06 23:48:00,4.0,0.1595,0.05911852501542981,0.0,23,2,0,0
2021-01-06 23:49:00,1.0,0.125,0.0,0.0,23,2,0,0
2021-01-06 23:50:00,1.0,0.093,0.0,0.0,23,2,0,0
2021-01-06 23:51:00,2.0,0.14,0.06646803743153547,0.0,23,2,0,0
2021-01-06 23:52:00,0.0,0.0,0.0,0.0,23,2,0,0
2021-01-06 23:53:00,1.0,0.093,0.0,0.0,23,2,0,0
2021-01-06 23:54:00,1.0,0.159,0.0,0.0,23,2,0,0
2021-01-06 23:55:00,2.0,0.08549999999999999,0.010606601717798217,0.0,23,2,0,0
2021-01-06 23:56:00,3.0,0.157,0.06735725647619566,0.0,23,2,0,0
2021-01-06 23:57:00,0.0,0.0,0.0,0.0,23,2,0,0
2021-01-06 23:58:00,2.0,0.11000000000000001,0.042426406871192854,0.0,23,2,0,0
2021-01-06 23:59:00,0.0,0.0,0.0,0.0,23,2,0,0
2021-01-07 00:00:00,2.0,0.08549999999999999,0.010606601717798217,0.0,0,3,0,0
2021-01-07 00:01:00,2.0,0.1095,0.0007071067811865482,0.0,0,3,0,0
2021-01-07 00:02:00,4.0,0.10475,0.014885675440951053,0.0,0,3,0,0
2021-01-07 00:03:00,1.0,0.125,0.0,0.0,0,3,0,0
2021-01-07 00:04:00,1.0,0.093,0.0,0.0,0,3,0,0
2021-01-07 00:05:00,0.0,0.0,0.0,0.0,0,3,0,0
2021-01-07 00:06:00,2.0,0.109,0.0,0.0,0,3,0,0
2021-01-07 00:07:00,3.0,0.12566666666666668,0.05315386470740705,0.0,0,3,0,0
2021-01-07 00:08:00,1.0,0.109,0.0,0.0,0,3,0,0
2021-01-07 00:09:00,0.0,0.0,0.0,0.0,0,3,0,0
2021-01-07 00:10:00,2.0,0.1055,0.004949747468305837,0.0,0,3,0,0
2021-01-07 00:11:00,2.0,0.093,0.0,0.0,0,3,0,0
2021-01-07 00:12:00,1.0,0.108,0.0,0.0,0,3,0,0
2021-01-07 00:13:00,0.0,0.0,0.0,0.0,0,3,0,0
2021-01-07 00:14:00,6.0,0.09333333333333334,0.02401388487243717,0.0,0,3,0,0
2021-01-07 00:15:00,0.0,0.0,0.0,0.0,0,3,0,0
2021-01-07 00:16:00,4.0,0.101,0.02694438717061497,0.0,0,3,0,0
2021-01-07 00:17:00,1.0,0.109,0.0,0.0,0,3,0,0
2021-01-07 00:18:00,3.0,0.157,0.048507731342539606,0.0,0,3,0,0
2021-01-07 00:19:00,0.0,0.0,0.0,0.0,0,3,0,0
2021-01-07 00:20:00,3.0,0.09433333333333334,0.017039170558842746,0.0,0,3,0,0
2021-01-07 00:21:00,1.0,0.093,0.0,0.0,0,3,0,0
2021-01-07 00:22:00,2.0,0.101,0.03252691193458119,0.0,0,3,0,0
2021-01-07 00:23:00,1.0,0.371,0.0,0.0,0,3,0,0
2021-01-07 00:24:00,1.0,0.093,0.0,0.0,0,3,0,0
2021-01-07 00:25:00,2.0,0.1485,0.07848885271170676,0.0,0,3,0,0
2021-01-07 00:26:00,4.0,0.1485,0.06013595707505895,0.0,0,3,0,0
2021-01-07 00:27:00,1.0,0.093,0.0,0.0,0,3,0,0
2021-01-07 00:28:00,2.0,0.118,0.008485281374238573,0.0,0,3,0,0
2021-01-07 00:29:00,1.0,0.093,0.0,0.0,0,3,0,0
2021-01-07 00:30:00,2.0,0.27449999999999997,0.05303300858899109,0.0,0,3,0,0
2021-01-07 00:31:00,2.0,0.399,0.3634528855298854,0.0,0,3,0,0
2021-01-07 00:32:00,2.0,0.125,0.0,0.0,0,3,0,0
2021-01-07 00:33:00,2.0,0.11649999999999999,0.010606601717798217,0.0,0,3,0,0
2021-01-07 00:34:00,6.0,0.15066666666666667,0.08001166581609626,0.0,0,3,0,0
2021-01-07 00:35:00,1.0,0.163,0.0,0.0,0,3,0,0
2021-01-07 00:36:00,1.0,0.14,0.0,0.0,0,3,0,0
2021-01-07 00:37:00,1.0,0.093,0.0,0.0,0,3,0,0
2021-01-07 00:38:00,0.0,0.0,0.0,0.0,0,3,0,0
2021-01-07 00:39:00,1.0,0.124,0.0,0.0,0,3,0,0
2021-01-07 00:40:00,0.0,0.0,0.0,0.0,0,3,0,0
2021-01-07 00:41:00,0.0,0.0,0.0,0.0,0,3,0,0
2021-01-07 00:42:00,2.0,0.126,0.0014142135623730963,0.0,0,3,0,0
2021-01-07 00:43:00,3.0,0.5096666666666666,0.7216878364870322,0.0,0,3,0,0
2021-01-07 00:44:00,2.0,0.21050000000000002,0.1873832970144351,0.0,0,3,0,0
2021-01-07 00:45:00,0.0,0.0,0.0,0.0,0,3,0,0
2021-01-07 00:46:00,1.0,0.093,0.0,0.0,0,3,0,0
2021-01-07 00:47:00,2.0,0.0965,0.017677669529663684,0.0,0,3,0,0
2021-01-07 00:48:00,1.0,0.109,0.0,0.0,0,3,0,0
2021-01-07 00:49:00,0.0,0.0,0.0,0.0,0,3,0,0
2021-01-07 00:50:00,1.0,0.109,0.0,0.0,0,3,0,0
2021-01-07 00:51:00,3.0,0.19133333333333336,0.09034009814768486,0.0,0,3,0,0
2021-01-07 00:52:00,1.0,0.109,0.0,0.0,0,3,0,0
2021-01-07 00:53:00,2.0,0.132,0.01131370849898477,0.0,0,3,0,0
2021-01-07 00:54:00,2.0,0.101,0.011313708498984765,0.0,0,3,0,0
2021-01-07 00:55:00,0.0,0.0,0.0,0.0,0,3,0,0
2021-01-07 00:56:00,2.0,0.147,0.053740115370177616,0.0,0,3,0,0
2021-01-07 00:57:00,0.0,0.0,0.0,0.0,0,3,0,0
2021-01-07 00:58:00,2.0,0.1075,0.0021213203435596446,0.0,0,3,0,0
2021-01-07 00:59:00,0.0,0.0,0.0,0.0,0,3,0,0
2021-01-07 01:00:00,0.0,0.0,0.0,0.0,1,3,0,0
2021-01-07 01:01:00,0.0,0.0,0.0,0.0,1,3,0,0
2021-01-07 01:02:00,0.0,0.0,0.0,0.0,1,3,0,0
2021-01-07 01:03:00,1.0,0.109,0.0,0.0,1,3,0,0
2021-01-07 01:04:00,0.0,0.0,0.0,0.0,1,3,0,0
2021-01-07 01:05:00,0.0,0.0,0.0,0.0,1,3,0,0
2021-01-07 01:06:00,1.0,0.171,0.0,0.0,1,3,0,0
2021-01-07 01:07:00,2.0,0.1245,0.0007071067811865482,0.0,1,3,0,0
2021-01-07 01:08:00,2.0,0.1085,0.021920310216782972,0.0,1,3,0,0
2021-01-07 01:09:00,2.0,0.1245,0.02192031021678298,0.0,1,3,0,0
2021-01-07 01:10:00,2.0,0.14,0.0,0.0,1,3,0,0
2021-01-07 01:11:00,1.0,0.123,0.0,0.0,1,3,0,0
2021-01-07 01:12:00,0.0,0.0,0.0,0.0,1,3,0,0
2021-01-07 01:13:00,2.0,0.1365,0.027577164466275353,0.0,1,3,0,0
2021-01-07 01:14:00,0.0,0.0,0.0,0.0,1,3,0,0
2021-01-07 01:15:00,0.0,0.0,0.0,0.0,1,3,0,0
2021-01-07 01:16:00,1.0,0.14,0.0,0.0,1,3,0,0
2021-01-07 01:17:00,0.0,0.0,0.0,0.0,1,3,0,0
2021-01-07 01:18:00,2.0,0.14800000000000002,0.011313708498984741,0.0,1,3,0,0
2021-01-07 01:19:00,1.0,0.109,0.0,0.0,1,3,0,0
2021-01-07 01:20:00,0.0,0.0,0.0,0.0,1,3,0,0
2021-01-07 01:21:00,1.0,0.156,0.0,0.0,1,3,0,0
2021-01-07 01:22:00,2.0,0.164,0.07778174593052022,0.0,1,3,0,0
2021-01-07 01:23:00,0.0,0.0,0.0,0.0,1,3,0,0
2021-01-07 01:24:00,0.0,0.0,0.0,0.0,1,3,0,0
2021-01-07 01:25:00,0.0,0.0,0.0,0.0,1,3,0,0
2021-01-07 01:26:00,0.0,0.0,0.0,0.0,1,3,0,0
2021-01-07 01:27:00,1.0,0.14,0.0,0.0,1,3,0,0
2021-01-07 01:28:00,2.0,0.1325,0.010606601717798222,0.0,1,3,0,0
2021-01-07 01:29:00,1.0,0.109,0.0,0.0,1,3,0,0
2021-01-07 01:30:00,1.0,0.125,0.0,0.0,1,3,0,0
2021-01-07 01:31:00,2.0,0.133,0.012727922061357857,0.0,1,3,0,0
2021-01-07 01:32:00,1.0,0.142,0.0,0.0,1,3,0,0
2021-01-07 01:33:00,2.0,0.1245,0.021920310216782986,0.0,1,3,0,0
2021-01-07 01:34:00,0.0,0.0,0.0,0.0,1,3,0,0
2021-01-07 01:35:00,0.0,0.0,0.0,0.0,1,3,0,0
2021-01-07 01:36:00,2.0,0.1295,0.00777817459305203,0.0,1,3,0,0
2021-01-07 01:37:00,1.0,0.19,0.0,0.0,1,3,0,0
2021-01-07 01:38:00,0.0,0.0,0.0,0.0,1,3,0,0
2021-01-07 01:39:00,0.0,0.0,0.0,0.0,1,3,0,0
2021-01-07 01:40:00,0.0,0.0,0.0,0.0,1,3,0,0
2021-01-07 01:41:00,1.0,0.109,0.0,0.0,1,3,0,0
2021-01-07 01:42:00,1.0,0.187,0.0,0.0,1,3,0,0
2021-01-07 01:43:00,2.0,0.11699999999999999,0.011313708498984755,0.0,1,3,0,0
2021-01-07 01:44:00,0.0,0.0,0.0,0.0,1,3,0,0
2021-01-07 01:45:00,2.0,0.1265,0.0035355339059327407,0.0,1,3,0,0
2021-01-07 01:46:00,2.0,0.187,0.043840620433565944,0.0,1,3,0,0
2021-01-07 01:47:00,1.0,0.343,0.0,0.0,1,3,0,0
2021-01-07 01:48:00,1.0,0.14,0.0,0.0,1,3,0,0
2021-01-07 01:49:00,1.0,0.124,0.0,0.0,1,3,0,0
2021-01-07 01:50:00,2.0,0.14800000000000002,0.01131370849898476,0.0,1,3,0,0
2021-01-07 01:51:00,0.0,0.0,0.0,0.0,1,3,0,0
2021-01-07 01:52:00,2.0,0.126,0.024041630560342604,0.0,1,3,0,0
2021-01-07 01:53:00,1.0,0.145,0.0,0.0,1,3,0,0
2021-01-07 01:54:00,1.0,0.143,0.0,0.0,1,3,0,0
2021-01-07 01:55:00,1.0,0.124,0.0,0.0,1,3,0,0
2021-01-07 01:56:00,2.0,0.11699999999999999,0.011313708498984765,0.0,1,3,0,0
2021-01-07 01:57:00,1.0,0.128,0.0,0.0,1,3,0,0
2021-01-07 01:58:00,1.0,0.125,0.0,0.0,1,3,0,0
2021-01-07 01:59:00,0.0,0.0,0.0,0.0,1,3,0,0
2021-01-07 02:00:00,2.0,0.11699999999999999,0.011313708498984755,0.0,2,3,0,0
2021-01-07 02:01:00,0.0,0.0,0.0,0.0,2,3,0,0
2021-01-07 02:02:00,1.0,0.14,0.0,0.0,2,3,0,0
2021-01-07 02:03:00,1.0,0.249,0.0,0.0,2,3,0,0
2021-01-07 02:04:00,1.0,0.124,0.0,0.0,2,3,0,0
2021-01-07 02:05:00,1.0,0.187,0.0,0.0,2,3,0,0
2021-01-07 02:06:00,0.0,0.0,0.0,0.0,2,3,0,0
2021-01-07 02:07:00,2.0,0.24150000000000002,0.14354267658086914,0.0,2,3,0,0
2021-01-07 02:08:00,1.0,0.14,0.0,0.0,2,3,0,0
2021-01-07 02:09:00,1.0,0.109,0.0,0.0,2,3,0,0
2021-01-07 02:10:00,1.0,0.156,0.0,0.0,2,3,0,0
2021-01-07 02:11:00,0.0,0.0,0.0,0.0,2,3,0,0
2021-01-07 02:12:00,1.0,0.146,0.0,0.0,2,3,0,0
2021-01-07 02:13:00,0.0,0.0,0.0,0.0,2,3,0,0
2021-01-07 02:14:00,1.0,0.093,0.0,0.0,2,3,0,0
2021-01-07 02:15:00,0.0,0.0,0.0,0.0,2,3,0,0
2021-01-07 02:16:00,1.0,0.14,0.0,0.0,2,3,0,0
2021-01-07 02:17:00,0.0,0.0,0.0,0.0,2,3,0,0
2021-01-07 02:18:00,3.0,0.18700000000000003,0.041388404173149755,0.0,2,3,0,0
2021-01-07 02:19:00,2.0,0.20900000000000002,0.008485281374238568,0.0,2,3,0,0
2021-01-07 02:20:00,2.0,0.1735,0.09121677477306463,0.0,2,3,0,0
2021-01-07 02:21:00,2.0,0.1395,0.02333452377915608,0.0,2,3,0,0
2021-01-07 02:22:00,1.0,0.25,0.0,0.0,2,3,0,0
2021-01-07 02:23:00,0.0,0.0,0.0,0.0,2,3,0,0
2021-01-07 02:24:00,1.0,0.281,0.0,0.0,2,3,0,0
2021-01-07 02:25:00,0.0,0.0,0.0,0.0,2,3,0,0
2021-01-07 02:26:00,1.0,0.144,0.0,0.0,2,3,0,0
2021-01-07 02:27:00,0.0,0.0,0.0,0.0,2,3,0,0
2021-01-07 02:28:00,1.0,0.13,0.0,0.0,2,3,0,0
2021-01-07 02:29:00,1.0,0.14,0.0,0.0,2,3,0,0
2021-01-07 02:30:00,1.0,0.124,0.0,0.0,2,3,0,0
2021-01-07 02:31:00,1.0,0.124,0.0,0.0,2,3,0,0
2021-01-07 02:32:00,1.0,0.14,0.0,0.0,2,3,0,0
2021-01-07 02:33:00,1.0,0.109,0.0,0.0,2,3,0,0
2021-01-07 02:34:00,0.0,0.0,0.0,0.0,2,3,0,0
2021-01-07 02:35:00,2.0,0.1795,0.09970205614730321,0.0,2,3,0,0
2021-01-07 02:36:00,1.0,0.125,0.0,0.0,2,3,0,0
2021-01-07 02:37:00,0.0,0.0,0.0,0.0,2,3,0,0
2021-01-07 02:38:00,0.0,0.0,0.0,0.0,2,3,0,0
2021-01-07 02:39:00,0.0,0.0,0.0,0.0,2,3,0,0
2021-01-07 02:40:00,1.0,0.125,0.0,0.0,2,3,0,0
2021-01-07 02:41:00,1.0,0.169,0.0,0.0,2,3,0,0
2021-01-07 02:42:00,0.0,0.0,0.0,0.0,2,3,0,0
2021-01-07 02:43:00,0.0,0.0,0.0,0.0,2,3,0,0
2021-01-07 02:44:00,1.0,0.109,0.0,0.0,2,3,0,0
2021-01-07 02:45:00,1.0,0.14,0.0,0.0,2,3,0,0
2021-01-07 02:46:00,1.0,0.124,0.0,0.0,2,3,0,0
2021-01-07 02:47:00,0.0,0.0,0.0,0.0,2,3,0,0
2021-01-07 02:48:00,1.0,0.109,0.0,0.0,2,3,0,0
2021-01-07 02:49:00,1.0,0.258,0.0,0.0,2,3,0,0
2021-01-07 02:50:00,2.0,0.2025,0.08838834764831845,0.0,2,3,0,0
2021-01-07 02:51:00,1.0,0.109,0.0,0.0,2,3,0,0
2021-01-07 02:52:00,2.0,0.14750000000000002,0.033234018715767755,0.0,2,3,0,0
2021-01-07 02:53:00,0.0,0.0,0.0,0.0,2,3,0,0
2021-01-07 02:54:00,1.0,0.156,0.0,0.0,2,3,0,0
2021-01-07 02:55:00,1.0,0.125,0.0,0.0,2,3,0,0
2021-01-07 02:56:00,1.0,0.14,0.0,0.0,2,3,0,0
2021-01-07 02:57:00,1.0,0.109,0.0,0.0,2,3,0,0
2021-01-07 02:58:00,0.0,0.0,0.0,0.0,2,3,0,0
2021-01-07 02:59:00,2.0,0.14800000000000002,0.01131370849898476,0.0,2,3,0,0
2021-01-07 03:00:00,0.0,0.0,0.0,0.0,3,3,0,0
2021-01-07 03:01:00,2.0,0.3295,0.2679934700697015,0.0,3,3,0,0
2021-01-07 03:02:00,3.0,0.18900000000000003,0.04629254799641083,0.0,3,3,0,0
2021-01-07 03:03:00,1.0,0.124,0.0,0.0,3,3,0,0
2021-01-07 03:04:00,2.0,0.1245,0.021920310216782986,0.0,3,3,0,0
2021-01-07 03:05:00,0.0,0.0,0.0,0.0,3,3,0,0
2021-01-07 03:06:00,0.0,0.0,0.0,0.0,3,3,0,0
2021-01-07 03:07:00,0.0,0.0,0.0,0.0,3,3,0,0
2021-01-07 03:08:00,2.0,0.1325,0.010606601717798222,0.0,3,3,0,0
2021-01-07 03:09:00,1.0,0.109,0.0,0.0,3,3,0,0
2021-01-07 03:10:00,1.0,0.116,0.0,0.0,3,3,0,0
2021-01-07 03:11:00,4.0,0.1165,0.015673757260678337,0.0,3,3,0,0
2021-01-07 03:12:00,3.0,0.12866666666666668,0.007234178138070244,0.0,3,3,0,0
2021-01-07 03:13:00,2.0,0.2815,0.22273863607376249,0.0,3,3,0,0
2021-01-07 03:14:00,1.0,0.109,0.0,0.0,3,3,0,0
2021-01-07 03:15:00,4.0,0.1325,0.03710795063055895,0.0,3,3,0,0
2021-01-07 03:16:00,0.0,0.0,0.0,0.0,3,3,0,0
2021-01-07 03:17:00,2.0,0.1325,0.010606601717798222,0.0,3,3,0,0
2021-01-07 03:18:00,1.0,0.171,0.0,0.0,3,3,0,0
2021-01-07 03:19:00,0.0,0.0,0.0,0.0,3,3,0,0
2021-01-07 03:20:00,0.0,0.0,0.0,0.0,3,3,0,0
2021-01-07 03:21:00,2.0,0.212,0.01131370849898477,0.0,3,3,0,0
2021-01-07 03:22:00,0.0,0.0,0.0,0.0,3,3,0,0
2021-01-07 03:23:00,1.0,0.124,0.0,0.0,3,3,0,0
2021-01-07 03:24:00,0.0,0.0,0.0,0.0,3,3,0,0
2021-01-07 03:25:00,2.0,0.28400000000000003,0.20364675298172566,0.0,3,3,0,0
2021-01-07 03:26:00,0.0,0.0,0.0,0.0,3,3,0,0
2021-01-07 03:27:00,1.0,0.375,0.0,0.0,3,3,0,0
2021-01-07 03:28:00,3.0,0.157,0.0579396237474839,0.0,3,3,0,0
2021-01-07 03:29:00,1.0,0.131,0.0,0.0,3,3,0,0
2021-01-07 03:30:00,0.0,0.0,0.0,0.0,3,3,0,0
2021-01-07 03:31:00,1.0,0.14,0.0,0.0,3,3,0,0
2021-01-07 03:32:00,1.0,0.143,0.0,0.0,3,3,0,0
2021-01-07 03:33:00,2.0,0.1255,0.0021213203435596446,0.0,3,3,0,0
2021-01-07 03:34:00,0.0,0.0,0.0,0.0,3,3,0,0
2021-01-07 03:35:00,4.0,0.1255,0.007549834435270757,0.0,3,3,0,0
2021-01-07 03:36:00,1.0,0.203,0.0,0.0,3,3,0,0
2021-01-07 03:37:00,0.0,0.0,0.0,0.0,3,3,0,0
2021-01-07 03:38:00,0.0,0.0,0.0,0.0,3,3,0,0
2021-01-07 03:39:00,0.0,0.0,0.0,0.0,3,3,0,0
2021-01-07 03:40:00,2.0,0.156,0.06646803743153547,0.0,3,3,0,0
2021-01-07 03:41:00,0.0,0.0,0.0,0.0,3,3,0,0
2021-01-07 03:42:00,0.0,0.0,0.0,0.0,3,3,0,0
2021-01-07 03:43:00,2.0,0.118,0.012727922061357852,0.0,3,3,0,0
2021-01-07 03:44:00,1.0,0.125,0.0,0.0,3,3,0,0
2021-01-07 03:45:00,1.0,0.206,0.0,0.0,3,3,0,0
2021-01-07 03:46:00,1.0,0.093,0.0,0.0,3,3,0,0
2021-01-07 03:47:00,0.0,0.0,0.0,0.0,3,3,0,0
2021-01-07 03:48:00,1.0,0.125,0.0,0.0,3,3,0,0
2021-01-07 03:49:00,1.0,0.125,0.0,0.0,3,3,0,0
2021-01-07 03:50:00,0.0,0.0,0.0,0.0,3,3,0,0
2021-01-07 03:51:00,1.0,0.289,0.0,0.0,3,3,0,0
2021-01-07 03:52:00,0.0,0.0,0.0,0.0,3,3,0,0
2021-01-07 03:53:00,0.0,0.0,0.0,0.0,3,3,0,0
2021-01-07 03:54:00,0.0,0.0,0.0,0.0,3,3,0,0
2021-01-07 03:55:00,2.0,0.1395,0.043133513652379406,0.0,3,3,0,0
2021-01-07 03:56:00,0.0,0.0,0.0,0.0,3,3,0,0
2021-01-07 03:57:00,1.0,0.109,0.0,0.0,3,3,0,0
2021-01-07 03:58:00,1.0,0.124,0.0,0.0,3,3,0,0
2021-01-07 03:59:00,1.0,0.109,0.0,0.0,3,3,0,0
2021-01-07 04:00:00,1.0,0.124,0.0,0.0,4,3,0,0
2021-01-07 04:01:00,0.0,0.0,0.0,0.0,4,3,0,0
2021-01-07 04:02:00,0.0,0.0,0.0,0.0,4,3,0,0
2021-01-07 04:03:00,1.0,0.175,0.0,0.0,4,3,0,0
2021-01-07 04:04:00,2.0,0.14800000000000002,0.0325269119345812,0.0,4,3,0,0
2021-01-07 04:05:00,3.0,0.138,0.03404408906109842,0.0,4,3,0,0
2021-01-07 04:06:00,0.0,0.0,0.0,0.0,4,3,0,0
2021-01-07 04:07:00,0.0,0.0,0.0,0.0,4,3,0,0
2021-01-07 04:08:00,0.0,0.0,0.0,0.0,4,3,0,0
2021-01-07 04:09:00,0.0,0.0,0.0,0.0,4,3,0,0
2021-01-07 04:10:00,1.0,0.093,0.0,0.0,4,3,0,0
2021-01-07 04:11:00,2.0,0.10900000000000001,0.04384062043356596,0.0,4,3,0,0
2021-01-07 04:12:00,0.0,0.0,0.0,0.0,4,3,0,0
2021-01-07 04:13:00,0.0,0.0,0.0,0.0,4,3,0,0
2021-01-07 04:14:00,2.0,0.1165,0.03323401871576774,0.0,4,3,0,0
2021-01-07 04:15:00,0.0,0.0,0.0,0.0,4,3,0,0
2021-01-07 04:16:00,1.0,0.125,0.0,0.0,4,3,0,0
2021-01-07 04:17:00,1.0,0.093,0.0,0.0,4,3,0,0
2021-01-07 04:18:00,0.0,0.0,0.0,0.0,4,3,0,0
2021-01-07 04:19:00,3.0,0.156,0.041388404173149755,0.0,4,3,0,0
2021-01-07 04:20:00,1.0,0.171,0.0,0.0,4,3,0,0
2021-01-07 04:21:00,1.0,0.267,0.0,0.0,4,3,0,0
2021-01-07 04:22:00,0.0,0.0,0.0,0.0,4,3,0,0
2021-01-07 04:23:00,1.0,0.109,0.0,0.0,4,3,0,0
2021-01-07 04:24:00,0.0,0.0,0.0,0.0,4,3,0,0
2021-01-07 04:25:00,0.0,0.0,0.0,0.0,4,3,0,0
2021-01-07 04:26:00,0.0,0.0,0.0,0.0,4,3,0,0
2021-01-07 04:27:00,1.0,0.103,0.0,0.0,4,3,0,0
2021-01-07 04:28:00,3.0,0.09333333333333334,0.015502687938977982,0.0,4,3,0,0
2021-01-07 04:29:00,0.0,0.0,0.0,0.0,4,3,0,0
2021-01-07 04:30:00,0.0,0.0,0.0,0.0,4,3,0,0
2021-01-07 04:31:00,3.0,0.105,0.006928203230275507,0.0,4,3,0,0
2021-01-07 04:32:00,0.0,0.0,0.0,0.0,4,3,0,0
2021-01-07 04:33:00,1.0,0.109,0.0,0.0,4,3,0,0
2021-01-07 04:34:00,0.0,0.0,0.0,0.0,4,3,0,0
2021-01-07 04:35:00,1.0,0.093,0.0,0.0,4,3,0,0
2021-01-07 04:36:00,0.0,0.0,0.0,0.0,4,3,0,0
2021-01-07 04:37:00,0.0,0.0,0.0,0.0,4,3,0,0
2021-01-07 04:38:00,1.0,0.296,0.0,0.0,4,3,0,0
2021-01-07 04:39:00,0.0,0.0,0.0,0.0,4,3,0,0
2021-01-07 04:40:00,0.0,0.0,0.0,0.0,4,3,0,0
2021-01-07 04:41:00,1.0,0.093,0.0,0.0,4,3,0,0
2021-01-07 04:42:00,0.0,0.0,0.0,0.0,4,3,0,0
2021-01-07 04:43:00,2.0,0.0995,0.009192388155425122,0.0,4,3,0,0
2021-01-07 04:44:00,1.0,0.109,0.0,0.0,4,3,0,0
2021-01-07 04:45:00,1.0,0.093,0.0,0.0,4,3,0,0
2021-01-07 04:46:00,0.0,0.0,0.0,0.0,4,3,0,0
2021-01-07 04:47:00,1.0,0.156,0.0,0.0,4,3,0,0
2021-01-07 04:48:00,3.0,0.11366666666666665,0.06177647880328996,0.0,4,3,0,0
2021-01-07 04:49:00,0.0,0.0,0.0,0.0,4,3,0,0
2021-01-07 04:50:00,0.0,0.0,0.0,0.0,4,3,0,0
2021-01-07 04:51:00,0.0,0.0,0.0,0.0,4,3,0,0
2021-01-07 04:52:00,0.0,0.0,0.0,0.0,4,3,0,0
2021-01-07 04:53:00,0.0,0.0,0.0,0.0,4,3,0,0
2021-01-07 04:54:00,2.0,0.08549999999999999,0.010606601717798217,0.0,4,3,0,0
2021-01-07 04:55:00,0.0,0.0,0.0,0.0,4,3,0,0
2021-01-07 04:56:00,2.0,0.0985,0.006363961030678929,0.0,4,3,0,0
2021-01-07 04:57:00,2.0,0.093,0.0,0.0,4,3,0,0
2021-01-07 04:58:00,0.0,0.0,0.0,0.0,4,3,0,0
2021-01-07 04:59:00,1.0,0.124,0.0,0.0,4,3,0,0
2021-01-07 05:00:00,1.0,0.14,0.0,0.0,5,3,0,0
2021-01-07 05:01:00,1.0,0.093,0.0,0.0,5,3,0,0
2021-01-07 05:02:00,0.0,0.0,0.0,0.0,5,3,0,0
2021-01-07 05:03:00,0.0,0.0,0.0,0.0,5,3,0,0
2021-01-07 05:04:00,1.0,0.082,0.0,0.0,5,3,0,0
2021-01-07 05:05:00,1.0,0.156,0.0,0.0,5,3,0,0
2021-01-07 05:06:00,2.0,0.101,0.011313708498984755,0.0,5,3,0,0
2021-01-07 05:07:00,0.0,0.0,0.0,0.0,5,3,0,0
2021-01-07 05:08:00,0.0,0.0,0.0,0.0,5,3,0,0
2021-01-07 05:09:00,1.0,0.093,0.0,0.0,5,3,0,0
2021-01-07 05:10:00,2.0,0.1085,0.021920310216782972,0.0,5,3,0,0
2021-01-07 05:11:00,2.0,0.08549999999999999,0.010606601717798217,0.0,5,3,0,0
2021-01-07 05:12:00,2.0,0.1015,0.012020815280171314,0.0,5,3,0,0
2021-01-07 05:13:00,1.0,0.078,0.0,0.0,5,3,0,0
2021-01-07 05:14:00,3.0,0.1396666666666667,0.08720282870029696,0.0,5,3,0,0
2021-01-07 05:15:00,0.0,0.0,0.0,0.0,5,3,0,0
2021-01-07 05:16:00,1.0,0.093,0.0,0.0,5,3,0,0
2021-01-07 05:17:00,1.0,0.093,0.0,0.0,5,3,0,0
2021-01-07 05:18:00,3.0,0.10866666666666668,0.02713546265191242,0.0,5,3,0,0
2021-01-07 05:19:00,1.0,0.078,0.0,0.0,5,3,0,0
2021-01-07 05:20:00,1.0,0.109,0.0,0.0,5,3,0,0
2021-01-07 05:21:00,0.0,0.0,0.0,0.0,5,3,0,0
2021-01-07 05:22:00,0.0,0.0,0.0,0.0,5,3,0,0
2021-01-07 05:23:00,4.0,0.1135,0.023245071162148193,0.0,5,3,0,0
2021-01-07 05:24:00,2.0,0.1245,0.021920310216782986,0.0,5,3,0,0
2021-01-07 05:25:00,0.0,0.0,0.0,0.0,5,3,0,0
2021-01-07 05:26:00,2.0,0.093,0.0,0.0,5,3,0,0
2021-01-07 05:27:00,2.0,0.08549999999999999,0.010606601717798217,0.0,5,3,0,0
2021-01-07 05:28:00,0.0,0.0,0.0,0.0,5,3,0,0
2021-01-07 05:29:00,1.0,0.079,0.0,0.0,5,3,0,0
2021-01-07 05:30:00,0.0,0.0,0.0,0.0,5,3,0,0
2021-01-07 05:31:00,0.0,0.0,0.0,0.0,5,3,0,0
2021-01-07 05:32:00,0.0,0.0,0.0,0.0,5,3,0,0
2021-01-07 05:33:00,1.0,0.093,0.0,0.0,5,3,0,0
2021-01-07 05:34:00,0.0,0.0,0.0,0.0,5,3,0,0
2021-01-07 05:35:00,0.0,0.0,0.0,0.0,5,3,0,0
2021-01-07 05:36:00,2.0,0.14750000000000002,0.012020815280171309,0.0,5,3,0,0
2021-01-07 05:37:00,1.0,0.256,0.0,0.0,5,3,0,0
2021-01-07 05:38:00,1.0,0.078,0.0,0.0,5,3,0,0
2021-01-07 05:39:00,3.0,0.12433333333333334,0.04119870548128101,0.0,5,3,0,0
2021-01-07 05:40:00,1.0,0.093,0.0,0.0,5,3,0,0
2021-01-07 05:41:00,1.0,0.078,0.0,0.0,5,3,0,0
2021-01-07 05:42:00,2.0,0.091,0.018384776310850233,0.0,5,3,0,0
2021-01-07 05:43:00,1.0,0.093,0.0,0.0,5,3,0,0
2021-01-07 05:44:00,2.0,0.17099999999999999,0.11030865786510141,0.0,5,3,0,0
2021-01-07 05:45:00,1.0,0.077,0.0,0.0,5,3,0,0
2021-01-07 05:46:00,1.0,0.109,0.0,0.0,5,3,0,0
2021-01-07 05:47:00,1.0,0.078,0.0,0.0,5,3,0,0
2021-01-07 05:48:00,1.0,0.106,0.0,0.0,5,3,0,0
2021-01-07 05:49:00,0.0,0.0,0.0,0.0,5,3,0,0
2021-01-07 05:50:00,2.0,0.093,0.0,0.0,5,3,0,0
2021-01-07 05:51:00,0.0,0.0,0.0,0.0,5,3,0,0
2021-01-07 05:52:00,2.0,0.14,0.04384062043356595,0.0,5,3,0,0
2021-01-07 05:53:00,2.0,0.1325,0.010606601717798222,0.0,5,3,0,0
2021-01-07 05:54:00,0.0,0.0,0.0,0.0,5,3,0,0
2021-01-07 05:55:00,1.0,0.265,0.0,0.0,5,3,0,0
2021-01-07 05:56:00,0.0,0.0,0.0,0.0,5,3,0,0
2021-01-07 05:57:00,0.0,0.0,0.0,0.0,5,3,0,0
2021-01-07 05:58:00,1.0,0.203,0.0,0.0,5,3,0,0
2021-01-07 05:59:00,0.0,0.0,0.0,0.0,5,3,0,0
2021-01-07 06:00:00,0.0,0.0,0.0,0.0,6,3,0,0
2021-01-07 06:01:00,0.0,0.0,0.0,0.0,6,3,0,0
2021-01-07 06:02:00,1.0,0.154,0.0,0.0,6,3,0,0
2021-01-07 06:03:00,0.0,0.0,0.0,0.0,6,3,0,0
2021-01-07 06:04:00,2.0,0.093,0.0,0.0,6,3,0,0
2021-01-07 06:05:00,1.0,0.124,0.0,0.0,6,3,0,0
2021-01-07 06:06:00,3.0,0.10366666666666667,0.009237604307034014,0.0,6,3,0,0
2021-01-07 06:07:00,3.0,0.08600000000000001,0.007549834435270754,0.0,6,3,0,0
2021-01-07 06:08:00,2.0,0.101,0.011313708498984755,0.0,6,3,0,0
2021-01-07 06:09:00,3.0,0.16566666666666666,0.14073497551544653,0.0,6,3,0,0
2021-01-07 06:10:00,1.0,0.24,0.0,0.0,6,3,0,0
2021-01-07 06:11:00,0.0,0.0,0.0,0.0,6,3,0,0
2021-01-07 06:12:00,0.0,0.0,0.0,0.0,6,3,0,0
2021-01-07 06:13:00,1.0,0.078,0.0,0.0,6,3,0,0
2021-01-07 06:14:00,0.0,0.0,0.0,0.0,6,3,0,0
2021-01-07 06:15:00,0.0,0.0,0.0,0.0,6,3,0,0
2021-01-07 06:16:00,0.0,0.0,0.0,0.0,6,3,0,0
2021-01-07 06:17:00,2.0,0.087,0.008485281374238563,0.0,6,3,0,0
2021-01-07 06:18:00,1.0,0.112,0.0,0.0,6,3,0,0
2021-01-07 06:19:00,0.0,0.0,0.0,0.0,6,3,0,0
2021-01-07 06:20:00,0.0,0.0,0.0,0.0,6,3,0,0
2021-01-07 06:21:00,2.0,0.08549999999999999,0.010606601717798208,0.0,6,3,0,0
2021-01-07 06:22:00,0.0,0.0,0.0,0.0,6,3,0,0
2021-01-07 06:23:00,1.0,0.155,0.0,0.0,6,3,0,0
2021-01-07 06:24:00,0.0,0.0,0.0,0.0,6,3,0,0
2021-01-07 06:25:00,0.0,0.0,0.0,0.0,6,3,0,0
2021-01-07 06:26:00,1.0,0.109,0.0,0.0,6,3,0,0
2021-01-07 06:27:00,1.0,0.093,0.0,0.0,6,3,0,0
2021-01-07 06:28:00,1.0,0.097,0.0,0.0,6,3,0,0
2021-01-07 06:29:00,0.0,0.0,0.0,0.0,6,3,0,0
2021-01-07 06:30:00,2.0,0.1245,0.044547727214752496,0.0,6,3,0,0
2021-01-07 06:31:00,1.0,0.14,0.0,0.0,6,3,0,0
2021-01-07 06:32:00,1.0,0.093,0.0,0.0,6,3,0,0
2021-01-07 06:33:00,0.0,0.0,0.0,0.0,6,3,0,0
2021-01-07 06:34:00,0.0,0.0,0.0,0.0,6,3,0,0
2021-01-07 06:35:00,1.0,0.125,0.0,0.0,6,3,0,0
2021-01-07 06:36:00,0.0,0.0,0.0,0.0,6,3,0,0
2021-01-07 06:37:00,1.0,0.093,0.0,0.0,6,3,0,0
2021-01-07 06:38:00,1.0,0.093,0.0,0.0,6,3,0,0
2021-01-07 06:39:00,1.0,0.092,0.0,0.0,6,3,0,0
2021-01-07 06:40:00,1.0,0.124,0.0,0.0,6,3,0,0
2021-01-07 06:41:00,2.0,0.1245,0.044547727214752496,0.0,6,3,0,0
2021-01-07 06:42:00,0.0,0.0,0.0,0.0,6,3,0,0
2021-01-07 06:43:00,1.0,0.078,0.0,0.0,6,3,0,0
2021-01-07 06:44:00,1.0,0.079,0.0,0.0,6,3,0,0
2021-01-07 06:45:00,0.0,0.0,0.0,0.0,6,3,0,0
2021-01-07 06:46:00,2.0,0.109,0.02262741699796952,0.0,6,3,0,0
2021-01-07 06:47:00,1.0,0.14,0.0,0.0,6,3,0,0
2021-01-07 06:48:00,0.0,0.0,0.0,0.0,6,3,0,0
2021-01-07 06:49:00,1.0,0.096,0.0,0.0,6,3,0,0
2021-01-07 06:50:00,0.0,0.0,0.0,0.0,6,3,0,0
2021-01-07 06:51:00,0.0,0.0,0.0,0.0,6,3,0,0
2021-01-07 06:52:00,0.0,0.0,0.0,0.0,6,3,0,0
2021-01-07 06:53:00,1.0,0.109,0.0,0.0,6,3,0,0
2021-01-07 06:54:00,1.0,0.14,0.0,0.0,6,3,0,0
2021-01-07 06:55:00,0.0,0.0,0.0,0.0,6,3,0,0
2021-01-07 06:56:00,0.0,0.0,0.0,0.0,6,3,0,0
2021-01-07 06:57:00,0.0,0.0,0.0,0.0,6,3,0,0
2021-01-07 06:58:00,1.0,0.093,0.0,0.0,6,3,0,0
2021-01-07 06:59:00,0.0,0.0,0.0,0.0,6,3,0,0
2021-01-07 07:00:00,0.0,0.0,0.0,0.0,7,3,0,0
2021-01-07 07:01:00,0.0,0.0,0.0,0.0,7,3,0,0
2021-01-07 07:02:00,0.0,0.0,0.0,0.0,7,3,0,0
2021-01-07 07:03:00,0.0,0.0,0.0,0.0,7,3,0,0
2021-01-07 07:04:00,1.0,0.078,0.0,0.0,7,3,0,0
2021-01-07 07:05:00,0.0,0.0,0.0,0.0,7,3,0,0
2021-01-07 07:06:00,0.0,0.0,0.0,0.0,7,3,0,0
2021-01-07 07:07:00,0.0,0.0,0.0,0.0,7,3,0,0
2021-01-07 07:08:00,0.0,0.0,0.0,0.0,7,3,0,0
2021-01-07 07:09:00,0.0,0.0,0.0,0.0,7,3,0,0
2021-01-07 07:10:00,0.0,0.0,0.0,0.0,7,3,0,0
2021-01-07 07:11:00,0.0,0.0,0.0,0.0,7,3,0,0
2021-01-07 07:12:00,1.0,0.524,0.0,0.0,7,3,0,0
2021-01-07 07:13:00,0.0,0.0,0.0,0.0,7,3,0,0
2021-01-07 07:14:00,2.0,0.10500000000000001,0.014142135623730947,0.0,7,3,0,0
2021-01-07 07:15:00,1.0,0.096,0.0,0.0,7,3,0,0
2021-01-07 07:16:00,1.0,0.124,0.0,0.0,7,3,0,0
2021-01-07 07:17:00,1.0,0.218,0.0,0.0,7,3,0,0
2021-01-07 07:18:00,0.0,0.0,0.0,0.0,7,3,0,0
2021-01-07 07:19:00,0.0,0.0,0.0,0.0,7,3,0,0
2021-01-07 07:20:00,1.0,0.124,0.0,0.0,7,3,0,0
2021-01-07 07:21:00,0.0,0.0,0.0,0.0,7,3,0,0
2021-01-07 07:22:00,1.0,0.094,0.0,0.0,7,3,0,0
2021-01-07 07:23:00,2.0,0.1325,0.033234018715767734,0.0,7,3,0,0
2021-01-07 07:24:00,1.0,0.093,0.0,0.0,7,3,0,0
2021-01-07 07:25:00,1.0,0.109,0.0,0.0,7,3,0,0
2021-01-07 07:26:00,0.0,0.0,0.0,0.0,7,3,0,0
2021-01-07 07:27:00,0.0,0.0,0.0,0.0,7,3,0,0
2021-01-07 07:28:00,0.0,0.0,0.0,0.0,7,3,0,0
2021-01-07 07:29:00,0.0,0.0,0.0,0.0,7,3,0,0
2021-01-07 07:30:00,0.0,0.0,0.0,0.0,7,3,0,0
2021-01-07 07:31:00,0.0,0.0,0.0,0.0,7,3,0,0
2021-01-07 07:32:00,1.0,0.093,0.0,0.0,7,3,0,0
2021-01-07 07:33:00,1.0,0.174,0.0,0.0,7,3,0,0
2021-01-07 07:34:00,0.0,0.0,0.0,0.0,7,3,0,0
2021-01-07 07:35:00,0.0,0.0,0.0,0.0,7,3,0,0
2021-01-07 07:36:00,1.0,0.296,0.0,0.0,7,3,0,0
2021-01-07 07:37:00,1.0,0.093,0.0,0.0,7,3,0,0
2021-01-07 07:38:00,2.0,0.11449999999999999,0.0134350288425444,0.0,7,3,0,0
2021-01-07 07:39:00,0.0,0.0,0.0,0.0,7,3,0,0
2021-01-07 07:40:00,2.0,0.108,0.0014142135623730963,0.0,7,3,0,0
2021-01-07 07:41:00,3.0,0.12333333333333334,0.05253887449625594,0.0,7,3,0,0
2021-01-07 07:42:00,1.0,0.109,0.0,0.0,7,3,0,0
2021-01-07 07:43:00,0.0,0.0,0.0,0.0,7,3,0,0
2021-01-07 07:44:00,0.0,0.0,0.0,0.0,7,3,0,0
2021-01-07 07:45:00,1.0,0.093,0.0,0.0,7,3,0,0
2021-01-07 07:46:00,0.0,0.0,0.0,0.0,7,3,0,0
2021-01-07 07:47:00,1.0,0.109,0.0,0.0,7,3,0,0
2021-01-07 07:48:00,1.0,0.124,0.0,0.0,7,3,0,0
2021-01-07 07:49:00,1.0,0.157,0.0,0.0,7,3,0,0
2021-01-07 07:50:00,0.0,0.0,0.0,0.0,7,3,0,0
2021-01-07 07:51:00,0.0,0.0,0.0,0.0,7,3,0,0
2021-01-07 07:52:00,0.0,0.0,0.0,0.0,7,3,0,0
2021-01-07 07:53:00,0.0,0.0,0.0,0.0,7,3,0,0
2021-01-07 07:54:00,0.0,0.0,0.0,0.0,7,3,0,0
2021-01-07 07:55:00,0.0,0.0,0.0,0.0,7,3,0,0
2021-01-07 07:56:00,0.0,0.0,0.0,0.0,7,3,0,0
2021-01-07 07:57:00,0.0,0.0,0.0,0.0,7,3,0,0
2021-01-07 07:58:00,0.0,0.0,0.0,0.0,7,3,0,0
2021-01-07 07:59:00,0.0,0.0,0.0,0.0,7,3,0,0
2021-01-07 08:00:00,1.0,0.109,0.0,1.0,8,3,0,0
2021-01-07 08:01:00,0.0,0.0,0.0,0.0,8,3,0,0
2021-01-07 08:02:00,0.0,0.0,0.0,0.0,8,3,0,0
2021-01-07 08:03:00,0.0,0.0,0.0,0.0,8,3,0,0
2021-01-07 08:04:00,0.0,0.0,0.0,0.0,8,3,0,0
2021-01-07 08:05:00,2.0,0.10550000000000001,0.0487903679018718,0.0,8,3,0,0
2021-01-07 08:06:00,0.0,0.0,0.0,0.0,8,3,0,0
2021-01-07 08:07:00,0.0,0.0,0.0,0.0,8,3,0,0
2021-01-07 08:08:00,1.0,0.078,0.0,0.0,8,3,0,0
2021-01-07 08:09:00,0.0,0.0,0.0,0.0,8,3,0,0
2021-01-07 08:10:00,1.0,0.093,0.0,0.0,8,3,0,0
2021-01-07 08:11:00,1.0,0.109,0.0,0.0,8,3,0,0
2021-01-07 08:12:00,0.0,0.0,0.0,0.0,8,3,0,0
2021-01-07 08:13:00,0.0,0.0,0.0,0.0,8,3,0,0
2021-01-07 08:14:00,1.0,0.125,0.0,0.0,8,3,0,0
2021-01-07 08:15:00,0.0,0.0,0.0,0.0,8,3,0,0
2021-01-07 08:16:00,0.0,0.0,0.0,0.0,8,3,0,0
2021-01-07 08:17:00,0.0,0.0,0.0,0.0,8,3,0,0
2021-01-07 08:18:00,1.0,0.081,0.0,0.0,8,3,0,0
2021-01-07 08:19:00,0.0,0.0,0.0,0.0,8,3,0,0
2021-01-07 08:20:00,1.0,0.109,0.0,0.0,8,3,0,0
2021-01-07 08:21:00,0.0,0.0,0.0,0.0,8,3,0,0
2021-01-07 08:22:00,1.0,0.253,0.0,0.0,8,3,0,0
2021-01-07 08:23:00,1.0,0.225,0.0,0.0,8,3,0,0
2021-01-07 08:24:00,1.0,0.829,0.0,0.0,8,3,0,0
2021-01-07 08:25:00,1.0,0.156,0.0,0.0,8,3,0,0
2021-01-07 08:26:00,1.0,0.093,0.0,0.0,8,3,0,0
2021-01-07 08:27:00,0.0,0.0,0.0,0.0,8,3,0,0
2021-01-07 08:28:00,0.0,0.0,0.0,0.0,8,3,0,0
2021-01-07 08:29:00,1.0,0.078,0.0,0.0,8,3,0,0
2021-01-07 08:30:00,1.0,0.124,0.0,0.0,8,3,0,0
2021-01-07 08:31:00,0.0,0.0,0.0,0.0,8,3,0,0
2021-01-07 08:32:00,0.0,0.0,0.0,0.0,8,3,0,0
2021-01-07 08:33:00,1.0,0.188,0.0,0.0,8,3,0,0
2021-01-07 08:34:00,2.0,0.101,0.03252691193458119,0.0,8,3,0,0
2021-01-07 08:35:00,1.0,0.078,0.0,0.0,8,3,0,0
2021-01-07 08:36:00,0.0,0.0,0.0,0.0,8,3,0,0
2021-01-07 08:37:00,0.0,0.0,0.0,0.0,8,3,0,0
2021-01-07 08:38:00,1.0,0.093,0.0,0.0,8,3,0,0
2021-01-07 08:39:00,1.0,0.078,0.0,0.0,8,3,0,0
2021-01-07 08:40:00,0.0,0.0,0.0,0.0,8,3,0,0
2021-01-07 08:41:00,0.0,0.0,0.0,0.0,8,3,0,0
2021-01-07 08:42:00,0.0,0.0,0.0,0.0,8,3,0,0
2021-01-07 08:43:00,2.0,0.08549999999999999,0.010606601717798208,0.0,8,3,0,0
2021-01-07 08:44:00,1.0,0.578,0.0,0.0,8,3,0,0
2021-01-07 08:45:00,0.0,0.0,0.0,0.0,8,3,0,0
2021-01-07 08:46:00,1.0,0.156,0.0,0.0,8,3,0,0
2021-01-07 08:47:00,0.0,0.0,0.0,0.0,8,3,0,0
2021-01-07 08:48:00,0.0,0.0,0.0,0.0,8,3,0,0
2021-01-07 08:49:00,0.0,0.0,0.0,0.0,8,3,0,0
2021-01-07 08:50:00,1.0,0.093,0.0,0.0,8,3,0,0
2021-01-07 08:51:00,1.0,0.119,0.0,0.0,8,3,0,0
2021-01-07 08:52:00,0.0,0.0,0.0,0.0,8,3,0,0
2021-01-07 08:53:00,0.0,0.0,0.0,0.0,8,3,0,0
2021-01-07 08:54:00,0.0,0.0,0.0,0.0,8,3,0,0
2021-01-07 08:55:00,1.0,0.14,0.0,0.0,8,3,0,0
2021-01-07 08:56:00,0.0,0.0,0.0,0.0,8,3,0,0
2021-01-07 08:57:00,0.0,0.0,0.0,0.0,8,3,0,0
2021-01-07 08:58:00,0.0,0.0,0.0,0.0,8,3,0,0
2021-01-07 08:59:00,0.0,0.0,0.0,0.0,8,3,0,0
2021-01-07 09:00:00,1.0,0.265,0.0,0.0,9,3,1,0
2021-01-07 09:01:00,0.0,0.0,0.0,0.0,9,3,1,0
2021-01-07 09:02:00,0.0,0.0,0.0,0.0,9,3,1,0
2021-01-07 09:03:00,0.0,0.0,0.0,0.0,9,3,1,0
2021-01-07 09:04:00,0.0,0.0,0.0,0.0,9,3,1,0
2021-01-07 09:05:00,0.0,0.0,0.0,0.0,9,3,1,0
2021-01-07 09:06:00,1.0,0.194,0.0,0.0,9,3,1,0
2021-01-07 09:07:00,1.0,0.093,0.0,0.0,9,3,1,0
2021-01-07 09:08:00,0.0,0.0,0.0,0.0,9,3,1,0
2021-01-07 09:09:00,0.0,0.0,0.0,0.0,9,3,1,0
2021-01-07 09:10:00,0.0,0.0,0.0,0.0,9,3,1,0
2021-01-07 09:11:00,1.0,0.14,0.0,0.0,9,3,1,0
2021-01-07 09:12:00,2.0,0.132,0.05515432893255071,0.0,9,3,1,0
2021-01-07 09:13:00,0.0,0.0,0.0,0.0,9,3,1,0
2021-01-07 09:14:00,1.0,0.137,0.0,0.0,9,3,1,0
2021-01-07 09:15:00,0.0,0.0,0.0,0.0,9,3,1,0
2021-01-07 09:16:00,0.0,0.0,0.0,0.0,9,3,1,0
2021-01-07 09:17:00,0.0,0.0,0.0,0.0,9,3,1,0
2021-01-07 09:18:00,1.0,0.156,0.0,0.0,9,3,1,0
2021-01-07 09:19:00,1.0,0.543,0.0,0.0,9,3,1,0
2021-01-07 09:20:00,0.0,0.0,0.0,0.0,9,3,1,0
2021-01-07 09:21:00,0.0,0.0,0.0,0.0,9,3,1,0
2021-01-07 09:22:00,1.0,0.109,0.0,0.0,9,3,1,0
2021-01-07 09:23:00,0.0,0.0,0.0,0.0,9,3,1,0
2021-01-07 09:24:00,0.0,0.0,0.0,0.0,9,3,1,0
2021-01-07 09:25:00,0.0,0.0,0.0,0.0,9,3,1,0
2021-01-07 09:26:00,0.0,0.0,0.0,0.0,9,3,1,0
2021-01-07 09:27:00,0.0,0.0,0.0,0.0,9,3,1,0
2021-01-07 09:28:00,1.0,0.109,0.0,0.0,9,3,1,0
2021-01-07 09:29:00,1.0,0.078,0.0,0.0,9,3,1,0
2021-01-07 09:30:00,0.0,0.0,0.0,0.0,9,3,1,0
2021-01-07 09:31:00,1.0,0.093,0.0,0.0,9,3,1,0
2021-01-07 09:32:00,0.0,0.0,0.0,0.0,9,3,1,0
2021-01-07 09:33:00,0.0,0.0,0.0,0.0,9,3,1,0
2021-01-07 09:34:00,0.0,0.0,0.0,0.0,9,3,1,0
2021-01-07 09:35:00,0.0,0.0,0.0,0.0,9,3,1,0
2021-01-07 09:36:00,0.0,0.0,0.0,0.0,9,3,1,0
2021-01-07 09:37:00,0.0,0.0,0.0,0.0,9,3,1,0
2021-01-07 09:38:00,0.0,0.0,0.0,0.0,9,3,1,0
2021-01-07 09:39:00,0.0,0.0,0.0,0.0,9,3,1,0
2021-01-07 09:40:00,1.0,0.156,0.0,0.0,9,3,1,0
2021-01-07 09:41:00,0.0,0.0,0.0,0.0,9,3,1,0
2021-01-07 09:42:00,0.0,0.0,0.0,0.0,9,3,1,0
2021-01-07 09:43:00,0.0,0.0,0.0,0.0,9,3,1,0
2021-01-07 09:44:00,0.0,0.0,0.0,0.0,9,3,1,0
2021-01-07 09:45:00,2.0,0.14800000000000002,0.011313708498984741,0.0,9,3,1,0
2021-01-07 09:46:00,1.0,0.093,0.0,0.0,9,3,1,0
2021-01-07 09:47:00,2.0,0.101,0.011313708498984755,0.0,9,3,1,0
2021-01-07 09:48:00,1.0,0.082,0.0,0.0,9,3,1,0
2021-01-07 09:49:00,1.0,0.093,0.0,0.0,9,3,1,0
2021-01-07 09:50:00,0.0,0.0,0.0,0.0,9,3,1,0
2021-01-07 09:51:00,0.0,0.0,0.0,0.0,9,3,1,0
2021-01-07 09:52:00,0.0,0.0,0.0,0.0,9,3,1,0
2021-01-07 09:53:00,0.0,0.0,0.0,0.0,9,3,1,0
2021-01-07 09:54:00,0.0,0.0,0.0,0.0,9,3,1,0
2021-01-07 09:55:00,0.0,0.0,0.0,0.0,9,3,1,0
2021-01-07 09:56:00,0.0,0.0,0.0,0.0,9,3,1,0
2021-01-07 09:57:00,0.0,0.0,0.0,0.0,9,3,1,0
2021-01-07 09:58:00,1.0,0.516,0.0,0.0,9,3,1,0
2021-01-07 09:59:00,0.0,0.0,0.0,0.0,9,3,1,0
2021-01-07 10:00:00,0.0,0.0,0.0,0.0,10,3,1,0
2021-01-07 10:01:00,1.0,0.218,0.0,0.0,10,3,1,0
2021-01-07 10:02:00,1.0,0.093,0.0,0.0,10,3,1,0
2021-01-07 10:03:00,0.0,0.0,0.0,0.0,10,3,1,0
2021-01-07 10:04:00,0.0,0.0,0.0,0.0,10,3,1,0
2021-01-07 10:05:00,0.0,0.0,0.0,0.0,10,3,1,0
2021-01-07 10:06:00,0.0,0.0,0.0,0.0,10,3,1,0
2021-01-07 10:07:00,0.0,0.0,0.0,0.0,10,3,1,0
2021-01-07 10:08:00,1.0,0.568,0.0,0.0,10,3,1,0
2021-01-07 10:09:00,1.0,0.777,0.0,0.0,10,3,1,0
2021-01-07 10:10:00,0.0,0.0,0.0,0.0,10,3,1,0
2021-01-07 10:11:00,1.0,0.406,0.0,0.0,10,3,1,0
2021-01-07 10:12:00,0.0,0.0,0.0,0.0,10,3,1,0
2021-01-07 10:13:00,1.0,0.11,0.0,0.0,10,3,1,0
2021-01-07 10:14:00,0.0,0.0,0.0,0.0,10,3,1,0
2021-01-07 10:15:00,0.0,0.0,0.0,0.0,10,3,1,0
2021-01-07 10:16:00,0.0,0.0,0.0,0.0,10,3,1,0
2021-01-07 10:17:00,1.0,0.125,0.0,0.0,10,3,1,0
2021-01-07 10:18:00,0.0,0.0,0.0,0.0,10,3,1,0
2021-01-07 10:19:00,0.0,0.0,0.0,0.0,10,3,1,0
2021-01-07 10:20:00,0.0,0.0,0.0,0.0,10,3,1,0
2021-01-07 10:21:00,2.0,0.1,0.009899494936611668,0.0,10,3,1,0
2021-01-07 10:22:00,1.0,0.093,0.0,0.0,10,3,1,0
2021-01-07 10:23:00,0.0,0.0,0.0,0.0,10,3,1,0
2021-01-07 10:24:00,2.0,0.2405,0.20859650045003153,0.0,10,3,1,0
2021-01-07 10:25:00,0.0,0.0,0.0,0.0,10,3,1,0
2021-01-07 10:26:00,1.0,0.109,0.0,0.0,10,3,1,0
2021-01-07 10:27:00,1.0,0.078,0.0,0.0,10,3,1,0
2021-01-07 10:28:00,0.0,0.0,0.0,0.0,10,3,1,0
2021-01-07 10:29:00,0.0,0.0,0.0,0.0,10,3,1,0
2021-01-07 10:30:00,0.0,0.0,0.0,0.0,10,3,1,0
2021-01-07 10:31:00,0.0,0.0,0.0,0.0,10,3,1,0
2021-01-07 10:32:00,0.0,0.0,0.0,0.0,10,3,1,0
2021-01-07 10:33:00,0.0,0.0,0.0,0.0,10,3,1,0
2021-01-07 10:34:00,0.0,0.0,0.0,0.0,10,3,1,0
2021-01-07 10:35:00,0.0,0.0,0.0,0.0,10,3,1,0
2021-01-07 10:36:00,0.0,0.0,0.0,0.0,10,3,1,0
2021-01-07 10:37:00,0.0,0.0,0.0,0.0,10,3,1,0
2021-01-07 10:38:00,0.0,0.0,0.0,0.0,10,3,1,0
2021-01-07 10:39:00,0.0,0.0,0.0,0.0,10,3,1,0
2021-01-07 10:40:00,0.0,0.0,0.0,0.0,10,3,1,0
2021-01-07 10:41:00,0.0,0.0,0.0,0.0,10,3,1,0
2021-01-07 10:42:00,1.0,0.093,0.0,1.0,10,3,1,0
2021-01-07 10:43:00,0.0,0.0,0.0,0.0,10,3,1,0
2021-01-07 10:44:00,0.0,0.0,0.0,0.0,10,3,1,0
2021-01-07 10:45:00,0.0,0.0,0.0,0.0,10,3,1,0
2021-01-07 10:46:00,1.0,0.124,0.0,0.0,10,3,1,0
2021-01-07 10:47:00,0.0,0.0,0.0,0.0,10,3,1,0
2021-01-07 10:48:00,1.0,0.372,0.0,0.0,10,3,1,0
2021-01-07 10:49:00,1.0,0.189,0.0,0.0,10,3,1,0
2021-01-07 10:50:00,0.0,0.0,0.0,0.0,10,3,1,0
2021-01-07 10:51:00,0.0,0.0,0.0,0.0,10,3,1,0
2021-01-07 10:52:00,0.0,0.0,0.0,0.0,10,3,1,0
2021-01-07 10:53:00,0.0,0.0,0.0,0.0,10,3,1,0
2021-01-07 10:54:00,1.0,0.078,0.0,0.0,10,3,1,0
2021-01-07 10:55:00,0.0,0.0,0.0,0.0,10,3,1,0
2021-01-07 10:56:00,0.0,0.0,0.0,0.0,10,3,1,0
2021-01-07 10:57:00,0.0,0.0,0.0,0.0,10,3,1,0
2021-01-07 10:58:00,0.0,0.0,0.0,0.0,10,3,1,0
2021-01-07 10:59:00,0.0,0.0,0.0,0.0,10,3,1,0
2021-01-07 11:00:00,0.0,0.0,0.0,0.0,11,3,1,0
2021-01-07 11:01:00,0.0,0.0,0.0,0.0,11,3,1,0
2021-01-07 11:02:00,0.0,0.0,0.0,0.0,11,3,1,0
2021-01-07 11:03:00,1.0,0.235,0.0,0.0,11,3,1,0
2021-01-07 11:04:00,1.0,0.187,0.0,0.0,11,3,1,0
2021-01-07 11:05:00,1.0,0.125,0.0,0.0,11,3,1,0
2021-01-07 11:06:00,0.0,0.0,0.0,0.0,11,3,1,0
2021-01-07 11:07:00,1.0,0.125,0.0,0.0,11,3,1,0
2021-01-07 11:08:00,1.0,0.236,0.0,0.0,11,3,1,0
2021-01-07 11:09:00,1.0,0.266,0.0,0.0,11,3,1,0
2021-01-07 11:10:00,1.0,0.078,0.0,0.0,11,3,1,0
2021-01-07 11:11:00,0.0,0.0,0.0,0.0,11,3,1,0
2021-01-07 11:12:00,1.0,0.093,0.0,0.0,11,3,1,0
2021-01-07 11:13:00,1.0,0.093,0.0,0.0,11,3,1,0
2021-01-07 11:14:00,2.0,0.109,0.0,0.0,11,3,1,0
2021-01-07 11:15:00,1.0,0.093,0.0,0.0,11,3,1,0
2021-01-07 11:16:00,1.0,0.109,0.0,0.0,11,3,1,0
2021-01-07 11:17:00,0.0,0.0,0.0,0.0,11,3,1,0
2021-01-07 11:18:00,0.0,0.0,0.0,0.0,11,3,1,0
2021-01-07 11:19:00,0.0,0.0,0.0,0.0,11,3,1,0
2021-01-07 11:20:00,0.0,0.0,0.0,0.0,11,3,1,0
2021-01-07 11:21:00,0.0,0.0,0.0,0.0,11,3,1,0
2021-01-07 11:22:00,0.0,0.0,0.0,0.0,11,3,1,0
2021-01-07 11:23:00,1.0,0.187,0.0,0.0,11,3,1,0
2021-01-07 11:24:00,1.0,0.109,0.0,0.0,11,3,1,0
2021-01-07 11:25:00,1.0,0.093,0.0,0.0,11,3,1,0
2021-01-07 11:26:00,0.0,0.0,0.0,0.0,11,3,1,0
2021-01-07 11:27:00,0.0,0.0,0.0,0.0,11,3,1,0
2021-01-07 11:28:00,0.0,0.0,0.0,0.0,11,3,1,0
2021-01-07 11:29:00,0.0,0.0,0.0,0.0,11,3,1,0
2021-01-07 11:30:00,0.0,0.0,0.0,0.0,11,3,1,0
2021-01-07 11:31:00,0.0,0.0,0.0,0.0,11,3,1,0
2021-01-07 11:32:00,1.0,0.093,0.0,0.0,11,3,1,0
2021-01-07 11:33:00,1.0,0.234,0.0,0.0,11,3,1,0
2021-01-07 11:34:00,0.0,0.0,0.0,0.0,11,3,1,0
2021-01-07 11:35:00,1.0,0.109,0.0,0.0,11,3,1,0
2021-01-07 11:36:00,0.0,0.0,0.0,0.0,11,3,1,0
2021-01-07 11:37:00,0.0,0.0,0.0,0.0,11,3,1,0
2021-01-07 11:38:00,0.0,0.0,0.0,0.0,11,3,1,0
2021-01-07 11:39:00,0.0,0.0,0.0,0.0,11,3,1,0
2021-01-07 11:40:00,0.0,0.0,0.0,0.0,11,3,1,0
2021-01-07 11:41:00,0.0,0.0,0.0,0.0,11,3,1,0
2021-01-07 11:42:00,1.0,0.104,0.0,0.0,11,3,1,0
2021-01-07 11:43:00,0.0,0.0,0.0,0.0,11,3,1,0
2021-01-07 11:44:00,0.0,0.0,0.0,0.0,11,3,1,0
2021-01-07 11:45:00,0.0,0.0,0.0,0.0,11,3,1,0
2021-01-07 11:46:00,0.0,0.0,0.0,0.0,11,3,1,0
2021-01-07 11:47:00,1.0,0.359,0.0,0.0,11,3,1,0
2021-01-07 11:48:00,0.0,0.0,0.0,0.0,11,3,1,0
2021-01-07 11:49:00,0.0,0.0,0.0,0.0,11,3,1,0
2021-01-07 11:50:00,0.0,0.0,0.0,0.0,11,3,1,0
2021-01-07 11:51:00,0.0,0.0,0.0,0.0,11,3,1,0
2021-01-07 11:52:00,0.0,0.0,0.0,0.0,11,3,1,0
2021-01-07 11:53:00,0.0,0.0,0.0,0.0,11,3,1,0
2021-01-07 11:54:00,0.0,0.0,0.0,0.0,11,3,1,0
2021-01-07 11:55:00,1.0,0.171,0.0,0.0,11,3,1,0
2021-01-07 11:56:00,0.0,0.0,0.0,0.0,11,3,1,0
2021-01-07 11:57:00,0.0,0.0,0.0,0.0,11,3,1,0
2021-01-07 11:58:00,0.0,0.0,0.0,0.0,11,3,1,0
2021-01-07 11:59:00,0.0,0.0,0.0,0.0,11,3,1,0
2021-01-07 12:00:00,0.0,0.0,0.0,0.0,12,3,1,0
2021-01-07 12:01:00,0.0,0.0,0.0,0.0,12,3,1,0
2021-01-07 12:02:00,0.0,0.0,0.0,0.0,12,3,1,0
2021-01-07 12:03:00,0.0,0.0,0.0,0.0,12,3,1,0
2021-01-07 12:04:00,1.0,0.201,0.0,0.0,12,3,1,0
2021-01-07 12:05:00,0.0,0.0,0.0,0.0,12,3,1,0
2021-01-07 12:06:00,0.0,0.0,0.0,0.0,12,3,1,0
2021-01-07 12:07:00,0.0,0.0,0.0,0.0,12,3,1,0
2021-01-07 12:08:00,0.0,0.0,0.0,0.0,12,3,1,0
2021-01-07 12:09:00,0.0,0.0,0.0,0.0,12,3,1,0
2021-01-07 12:10:00,1.0,0.296,0.0,0.0,12,3,1,0
2021-01-07 12:11:00,0.0,0.0,0.0,0.0,12,3,1,0
2021-01-07 12:12:00,0.0,0.0,0.0,0.0,12,3,1,0
2021-01-07 12:13:00,0.0,0.0,0.0,0.0,12,3,1,0
2021-01-07 12:14:00,0.0,0.0,0.0,0.0,12,3,1,0
2021-01-07 12:15:00,0.0,0.0,0.0,0.0,12,3,1,0
2021-01-07 12:16:00,0.0,0.0,0.0,0.0,12,3,1,0
2021-01-07 12:17:00,0.0,0.0,0.0,0.0,12,3,1,0
2021-01-07 12:18:00,1.0,0.093,0.0,0.0,12,3,1,0
2021-01-07 12:19:00,0.0,0.0,0.0,0.0,12,3,1,0
2021-01-07 12:20:00,1.0,0.14,0.0,0.0,12,3,1,0
2021-01-07 12:21:00,0.0,0.0,0.0,0.0,12,3,1,0
2021-01-07 12:22:00,0.0,0.0,0.0,0.0,12,3,1,0
2021-01-07 12:23:00,0.0,0.0,0.0,0.0,12,3,1,0
2021-01-07 12:24:00,2.0,0.1165,0.03323401871576774,0.0,12,3,1,0
2021-01-07 12:25:00,0.0,0.0,0.0,0.0,12,3,1,0
2021-01-07 12:26:00,0.0,0.0,0.0,0.0,12,3,1,0
2021-01-07 12:27:00,0.0,0.0,0.0,0.0,12,3,1,0
2021-01-07 12:28:00,0.0,0.0,0.0,0.0,12,3,1,0
2021-01-07 12:29:00,0.0,0.0,0.0,0.0,12,3,1,0
2021-01-07 12:30:00,1.0,0.078,0.0,0.0,12,3,1,0
2021-01-07 12:31:00,0.0,0.0,0.0,0.0,12,3,1,0
2021-01-07 12:32:00,0.0,0.0,0.0,0.0,12,3,1,0
2021-01-07 12:33:00,0.0,0.0,0.0,0.0,12,3,1,0
2021-01-07 12:34:00,0.0,0.0,0.0,0.0,12,3,1,0
2021-01-07 12:35:00,0.0,0.0,0.0,0.0,12,3,1,0
2021-01-07 12:36:00,1.0,0.145,0.0,0.0,12,3,1,0
2021-01-07 12:37:00,0.0,0.0,0.0,0.0,12,3,1,0
2021-01-07 12:38:00,0.0,0.0,0.0,0.0,12,3,1,0
2021-01-07 12:39:00,0.0,0.0,0.0,0.0,12,3,1,0
2021-01-07 12:40:00,0.0,0.0,0.0,0.0,12,3,1,0
2021-01-07 12:41:00,0.0,0.0,0.0,0.0,12,3,1,0
2021-01-07 12:42:00,0.0,0.0,0.0,0.0,12,3,1,0
2021-01-07 12:43:00,1.0,0.173,0.0,0.0,12,3,1,0
2021-01-07 12:44:00,1.0,0.078,0.0,0.0,12,3,1,0
2021-01-07 12:45:00,0.0,0.0,0.0,0.0,12,3,1,0
2021-01-07 12:46:00,0.0,0.0,0.0,0.0,12,3,1,0
2021-01-07 12:47:00,0.0,0.0,0.0,0.0,12,3,1,0
2021-01-07 12:48:00,0.0,0.0,0.0,0.0,12,3,1,0
2021-01-07 12:49:00,0.0,0.0,0.0,0.0,12,3,1,0
2021-01-07 12:50:00,0.0,0.0,0.0,0.0,12,3,1,0
2021-01-07 12:51:00,0.0,0.0,0.0,0.0,12,3,1,0
2021-01-07 12:52:00,1.0,0.468,0.0,0.0,12,3,1,0
2021-01-07 12:53:00,0.0,0.0,0.0,0.0,12,3,1,0
2021-01-07 12:54:00,0.0,0.0,0.0,0.0,12,3,1,0
2021-01-07 12:55:00,0.0,0.0,0.0,0.0,12,3,1,0
2021-01-07 12:56:00,0.0,0.0,0.0,0.0,12,3,1,0
2021-01-07 12:57:00,0.0,0.0,0.0,0.0,12,3,1,0
2021-01-07 12:58:00,0.0,0.0,0.0,0.0,12,3,1,0
2021-01-07 12:59:00,0.0,0.0,0.0,0.0,12,3,1,0
2021-01-07 13:00:00,0.0,0.0,0.0,0.0,13,3,1,0
2021-01-07 13:01:00,1.0,0.109,0.0,0.0,13,3,1,0
2021-01-07 13:02:00,0.0,0.0,0.0,0.0,13,3,1,0
2021-01-07 13:03:00,0.0,0.0,0.0,0.0,13,3,1,0
2021-01-07 13:04:00,0.0,0.0,0.0,0.0,13,3,1,0
2021-01-07 13:05:00,0.0,0.0,0.0,0.0,13,3,1,0
2021-01-07 13:06:00,0.0,0.0,0.0,0.0,13,3,1,0
2021-01-07 13:07:00,0.0,0.0,0.0,0.0,13,3,1,0
2021-01-07 13:08:00,0.0,0.0,0.0,0.0,13,3,1,0
2021-01-07 13:09:00,0.0,0.0,0.0,0.0,13,3,1,0
2021-01-07 13:10:00,1.0,0.093,0.0,0.0,13,3,1,0
2021-01-07 13:11:00,1.0,0.109,0.0,0.0,13,3,1,0
2021-01-07 13:12:00,0.0,0.0,0.0,0.0,13,3,1,0
2021-01-07 13:13:00,0.0,0.0,0.0,0.0,13,3,1,0
2021-01-07 13:14:00,0.0,0.0,0.0,0.0,13,3,1,0
2021-01-07 13:15:00,1.0,0.546,0.0,0.0,13,3,1,0
2021-01-07 13:16:00,0.0,0.0,0.0,0.0,13,3,1,0
2021-01-07 13:17:00,0.0,0.0,0.0,0.0,13,3,1,0
2021-01-07 13:18:00,0.0,0.0,0.0,0.0,13,3,1,0
2021-01-07 13:19:00,0.0,0.0,0.0,0.0,13,3,1,0
2021-01-07 13:20:00,0.0,0.0,0.0,0.0,13,3,1,0
2021-01-07 13:21:00,0.0,0.0,0.0,0.0,13,3,1,0
2021-01-07 13:22:00,0.0,0.0,0.0,0.0,13,3,1,0
2021-01-07 13:23:00,0.0,0.0,0.0,0.0,13,3,1,0
2021-01-07 13:24:00,0.0,0.0,0.0,0.0,13,3,1,0
2021-01-07 13:25:00,0.0,0.0,0.0,0.0,13,3,1,0
2021-01-07 13:26:00,0.0,0.0,0.0,0.0,13,3,1,0
2021-01-07 13:27:00,0.0,0.0,0.0,0.0,13,3,1,0
2021-01-07 13:28:00,0.0,0.0,0.0,0.0,13,3,1,0
2021-01-07 13:29:00,0.0,0.0,0.0,0.0,13,3,1,0
2021-01-07 13:30:00,0.0,0.0,0.0,0.0,13,3,1,0
2021-01-07 13:31:00,0.0,0.0,0.0,0.0,13,3,1,0
2021-01-07 13:32:00,0.0,0.0,0.0,0.0,13,3,1,0
2021-01-07 13:33:00,1.0,0.203,0.0,1.0,13,3,1,0
2021-01-07 13:34:00,2.0,0.093,0.0,0.0,13,3,1,0
2021-01-07 13:35:00,1.0,0.078,0.0,0.0,13,3,1,0
2021-01-07 13:36:00,0.0,0.0,0.0,0.0,13,3,1,0
2021-01-07 13:37:00,0.0,0.0,0.0,0.0,13,3,1,0
2021-01-07 13:38:00,0.0,0.0,0.0,0.0,13,3,1,0
2021-01-07 13:39:00,0.0,0.0,0.0,0.0,13,3,1,0
2021-01-07 13:40:00,0.0,0.0,0.0,0.0,13,3,1,0
2021-01-07 13:41:00,1.0,0.25,0.0,0.0,13,3,1,0
2021-01-07 13:42:00,0.0,0.0,0.0,0.0,13,3,1,0
2021-01-07 13:43:00,1.0,0.124,0.0,0.0,13,3,1,0
2021-01-07 13:44:00,0.0,0.0,0.0,0.0,13,3,1,0
2021-01-07 13:45:00,0.0,0.0,0.0,0.0,13,3,1,0
2021-01-07 13:46:00,0.0,0.0,0.0,0.0,13,3,1,0
2021-01-07 13:47:00,0.0,0.0,0.0,0.0,13,3,1,0
2021-01-07 13:48:00,0.0,0.0,0.0,0.0,13,3,1,0
2021-01-07 13:49:00,0.0,0.0,0.0,0.0,13,3,1,0
2021-01-07 13:50:00,0.0,0.0,0.0,0.0,13,3,1,0
2021-01-07 13:51:00,0.0,0.0,0.0,0.0,13,3,1,0
2021-01-07 13:52:00,2.0,0.268,0.018384776310850254,0.0,13,3,1,0
2021-01-07 13:53:00,0.0,0.0,0.0,0.0,13,3,1,0
2021-01-07 13:54:00,1.0,0.073,0.0,0.0,13,3,1,0
2021-01-07 13:55:00,0.0,0.0,0.0,0.0,13,3,1,0
2021-01-07 13:56:00,1.0,0.22,0.0,0.0,13,3,1,0
2021-01-07 13:57:00,0.0,0.0,0.0,0.0,13,3,1,0
2021-01-07 13:58:00,1.0,0.171,0.0,0.0,13,3,1,0
2021-01-07 13:59:00,0.0,0.0,0.0,0.0,13,3,1,0
2021-01-07 14:00:00,0.0,0.0,0.0,0.0,14,3,1,0
2021-01-07 14:01:00,0.0,0.0,0.0,0.0,14,3,1,0
2021-01-07 14:02:00,1.0,0.078,0.0,0.0,14,3,1,0
2021-01-07 14:03:00,0.0,0.0,0.0,0.0,14,3,1,0
2021-01-07 14:04:00,0.0,0.0,0.0,0.0,14,3,1,0
2021-01-07 14:05:00,0.0,0.0,0.0,0.0,14,3,1,0
2021-01-07 14:06:00,0.0,0.0,0.0,0.0,14,3,1,0
2021-01-07 14:07:00,0.0,0.0,0.0,0.0,14,3,1,0
2021-01-07 14:08:00,0.0,0.0,0.0,0.0,14,3,1,0
2021-01-07 14:09:00,0.0,0.0,0.0,0.0,14,3,1,0
2021-01-07 14:10:00,1.0,0.093,0.0,0.0,14,3,1,0
2021-01-07 14:11:00,0.0,0.0,0.0,0.0,14,3,1,0
2021-01-07 14:12:00,0.0,0.0,0.0,0.0,14,3,1,0
2021-01-07 14:13:00,0.0,0.0,0.0,0.0,14,3,1,0
2021-01-07 14:14:00,0.0,0.0,0.0,0.0,14,3,1,0
2021-01-07 14:15:00,0.0,0.0,0.0,0.0,14,3,1,0
2021-01-07 14:16:00,1.0,0.187,0.0,0.0,14,3,1,0
2021-01-07 14:17:00,0.0,0.0,0.0,0.0,14,3,1,0
2021-01-07 14:18:00,0.0,0.0,0.0,0.0,14,3,1,0
2021-01-07 14:19:00,1.0,0.328,0.0,0.0,14,3,1,0
2021-01-07 14:20:00,2.0,0.1325,0.033234018715767734,0.0,14,3,1,0
2021-01-07 14:21:00,1.0,0.093,0.0,0.0,14,3,1,0
2021-01-07 14:22:00,1.0,0.324,0.0,0.0,14,3,1,0
2021-01-07 14:23:00,0.0,0.0,0.0,0.0,14,3,1,0
2021-01-07 14:24:00,0.0,0.0,0.0,0.0,14,3,1,0
2021-01-07 14:25:00,2.0,0.109,0.02262741699796952,0.0,14,3,1,0
2021-01-07 14:26:00,1.0,0.109,0.0,0.0,14,3,1,0
2021-01-07 14:27:00,0.0,0.0,0.0,0.0,14,3,1,0
2021-01-07 14:28:00,0.0,0.0,0.0,0.0,14,3,1,0
2021-01-07 14:29:00,1.0,0.204,0.0,0.0,14,3,1,0
2021-01-07 14:30:00,0.0,0.0,0.0,0.0,14,3,1,0
2021-01-07 14:31:00,0.0,0.0,0.0,0.0,14,3,1,0
2021-01-07 14:32:00,0.0,0.0,0.0,0.0,14,3,1,0
2021-01-07 14:33:00,1.0,0.109,0.0,0.0,14,3,1,0
2021-01-07 14:34:00,1.0,0.169,0.0,0.0,14,3,1,0
2021-01-07 14:35:00,1.0,0.093,0.0,0.0,14,3,1,0
2021-01-07 14:36:00,0.0,0.0,0.0,0.0,14,3,1,0
2021-01-07 14:37:00,0.0,0.0,0.0,0.0,14,3,1,0
2021-01-07 14:38:00,0.0,0.0,0.0,0.0,14,3,1,0
2021-01-07 14:39:00,0.0,0.0,0.0,0.0,14,3,1,0
2021-01-07 14:40:00,0.0,0.0,0.0,0.0,14,3,1,0
2021-01-07 14:41:00,0.0,0.0,0.0,0.0,14,3,1,0
2021-01-07 14:42:00,2.0,0.132,0.05515432893255071,0.0,14,3,1,0
2021-01-07 14:43:00,0.0,0.0,0.0,0.0,14,3,1,0
2021-01-07 14:44:00,0.0,0.0,0.0,0.0,14,3,1,0
2021-01-07 14:45:00,1.0,0.093,0.0,0.0,14,3,1,0
2021-01-07 14:46:00,1.0,0.109,0.0,0.0,14,3,1,0
2021-01-07 14:47:00,0.0,0.0,0.0,0.0,14,3,1,0
2021-01-07 14:48:00,1.0,0.124,0.0,0.0,14,3,1,0
2021-01-07 14:49:00,1.0,0.078,0.0,0.0,14,3,1,0
2021-01-07 14:50:00,2.0,0.0935,0.021920310216782972,0.0,14,3,1,0
2021-01-07 14:51:00,2.0,0.093,0.0,0.0,14,3,1,0
2021-01-07 14:52:00,0.0,0.0,0.0,0.0,14,3,1,0
2021-01-07 14:53:00,0.0,0.0,0.0,0.0,14,3,1,0
2021-01-07 14:54:00,2.0,0.131,0.05374011537017762,0.0,14,3,1,0
2021-01-07 14:55:00,3.0,0.20233333333333334,0.18937088829419724,0.0,14,3,1,0
2021-01-07 14:56:00,1.0,0.093,0.0,0.0,14,3,1,0
2021-01-07 14:57:00,1.0,0.38,0.0,0.0,14,3,1,0
2021-01-07 14:58:00,0.0,0.0,0.0,0.0,14,3,1,0
2021-01-07 14:59:00,0.0,0.0,0.0,0.0,14,3,1,0
2021-01-07 15:00:00,0.0,0.0,0.0,0.0,15,3,1,0
2021-01-07 15:01:00,0.0,0.0,0.0,0.0,15,3,1,0
2021-01-07 15:02:00,0.0,0.0,0.0,0.0,15,3,1,0
2021-01-07 15:03:00,0.0,0.0,0.0,0.0,15,3,1,0
2021-01-07 15:04:00,0.0,0.0,0.0,0.0,15,3,1,0
2021-01-07 15:05:00,0.0,0.0,0.0,0.0,15,3,1,0
2021-01-07 15:06:00,0.0,0.0,0.0,0.0,15,3,1,0
2021-01-07 15:07:00,0.0,0.0,0.0,0.0,15,3,1,0
2021-01-07 15:08:00,0.0,0.0,0.0,0.0,15,3,1,0
2021-01-07 15:09:00,4.0,0.27025,0.29608712118789177,1.0,15,3,1,0
2021-01-07 15:10:00,0.0,0.0,0.0,0.0,15,3,1,0
2021-01-07 15:11:00,3.0,0.10333333333333333,0.02302896726588783,0.0,15,3,1,0
2021-01-07 15:12:00,2.0,0.244,0.19091883092036785,0.0,15,3,1,0
2021-01-07 15:13:00,2.0,0.101,0.011313708498984765,0.0,15,3,1,0
2021-01-07 15:14:00,2.0,0.1735,0.020506096654409885,0.0,15,3,1,0
2021-01-07 15:15:00,3.0,0.08800000000000001,0.008660254037844385,0.0,15,3,1,0
2021-01-07 15:16:00,2.0,0.101,0.011313708498984755,0.0,15,3,1,0
2021-01-07 15:17:00,1.0,0.156,0.0,0.0,15,3,1,0
2021-01-07 15:18:00,0.0,0.0,0.0,0.0,15,3,1,0
2021-01-07 15:19:00,4.0,0.1245,0.033640253665313924,0.0,15,3,1,0
2021-01-07 15:20:00,1.0,0.093,0.0,0.0,15,3,1,0
2021-01-07 15:21:00,1.0,0.109,0.0,0.0,15,3,1,0
2021-01-07 15:22:00,1.0,0.109,0.0,0.0,15,3,1,0
2021-01-07 15:23:00,3.0,0.10566666666666667,0.03572580766523456,0.0,15,3,1,0
2021-01-07 15:24:00,1.0,0.089,0.0,0.0,15,3,1,0
2021-01-07 15:25:00,3.0,0.13999999999999999,0.06802205524680946,0.0,15,3,1,0
2021-01-07 15:26:00,1.0,0.187,0.0,0.0,15,3,1,0
2021-01-07 15:27:00,2.0,0.1325,0.010606601717798222,0.0,15,3,1,0
2021-01-07 15:28:00,1.0,0.078,0.0,0.0,15,3,1,0
2021-01-07 15:29:00,0.0,0.0,0.0,0.0,15,3,1,0
2021-01-07 15:30:00,0.0,0.0,0.0,0.0,15,3,1,0
2021-01-07 15:31:00,1.0,0.109,0.0,0.0,15,3,1,0
2021-01-07 15:32:00,2.0,0.1325,0.033234018715767734,0.0,15,3,1,0
2021-01-07 15:33:00,1.0,0.109,0.0,0.0,15,3,1,0
2021-01-07 15:34:00,0.0,0.0,0.0,0.0,15,3,1,0
2021-01-07 15:35:00,0.0,0.0,0.0,0.0,15,3,1,0
2021-01-07 15:36:00,1.0,0.109,0.0,0.0,15,3,1,0
2021-01-07 15:37:00,1.0,0.14,0.0,0.0,15,3,1,0
2021-01-07 15:38:00,1.0,0.093,0.0,0.0,15,3,1,0
2021-01-07 15:39:00,2.0,0.1085,0.021920310216782972,0.0,15,3,1,0
2021-01-07 15:40:00,2.0,0.08549999999999999,0.010606601717798208,0.0,15,3,1,0
2021-01-07 15:41:00,0.0,0.0,0.0,0.0,15,3,1,0
2021-01-07 15:42:00,0.0,0.0,0.0,0.0,15,3,1,0
2021-01-07 15:43:00,0.0,0.0,0.0,0.0,15,3,1,0
2021-01-07 15:44:00,2.0,0.1255,0.023334523779156055,0.0,15,3,1,0
2021-01-07 15:45:00,0.0,0.0,0.0,0.0,15,3,1,0
2021-01-07 15:46:00,1.0,0.178,0.0,0.0,15,3,1,0
2021-01-07 15:47:00,0.0,0.0,0.0,0.0,15,3,1,0
2021-01-07 15:48:00,1.0,0.163,0.0,0.0,15,3,1,0
2021-01-07 15:49:00,0.0,0.0,0.0,0.0,15,3,1,0
2021-01-07 15:50:00,0.0,0.0,0.0,0.0,15,3,1,0
2021-01-07 15:51:00,2.0,0.093,0.0,0.0,15,3,1,0
2021-01-07 15:52:00,3.0,0.08866666666666667,0.016772994167212164,0.0,15,3,1,0
2021-01-07 15:53:00,1.0,0.078,0.0,0.0,15,3,1,0
2021-01-07 15:54:00,1.0,0.19,0.0,0.0,15,3,1,0
2021-01-07 15:55:00,0.0,0.0,0.0,0.0,15,3,1,0
2021-01-07 15:56:00,0.0,0.0,0.0,0.0,15,3,1,0
2021-01-07 15:57:00,0.0,0.0,0.0,0.0,15,3,1,0
2021-01-07 15:58:00,2.0,0.1285,0.006363961030678933,0.0,15,3,1,0
2021-01-07 15:59:00,1.0,0.078,0.0,0.0,15,3,1,0
2021-01-07 16:00:00,0.0,0.0,0.0,0.0,16,3,1,0
2021-01-07 16:01:00,0.0,0.0,0.0,0.0,16,3,1,0
2021-01-07 16:02:00,2.0,0.0935,0.021920310216782972,0.0,16,3,1,0
2021-01-07 16:03:00,0.0,0.0,0.0,0.0,16,3,1,0
2021-01-07 16:04:00,0.0,0.0,0.0,0.0,16,3,1,0
2021-01-07 16:05:00,2.0,0.109,0.02262741699796952,0.0,16,3,1,0
2021-01-07 16:06:00,0.0,0.0,0.0,0.0,16,3,1,0
2021-01-07 16:07:00,2.0,0.1055,0.027577164466275356,0.0,16,3,1,0
2021-01-07 16:08:00,2.0,0.078,0.0,0.0,16,3,1,0
2021-01-07 16:09:00,0.0,0.0,0.0,0.0,16,3,1,0
2021-01-07 16:10:00,2.0,0.219,0.15556349186104046,0.0,16,3,1,0
2021-01-07 16:11:00,2.0,0.156,0.0,0.0,16,3,1,0
2021-01-07 16:12:00,2.0,0.101,0.011313708498984755,0.0,16,3,1,0
2021-01-07 16:13:00,0.0,0.0,0.0,0.0,16,3,1,0
2021-01-07 16:14:00,2.0,0.0935,0.021920310216782972,0.0,16,3,1,0
2021-01-07 16:15:00,0.0,0.0,0.0,0.0,16,3,1,0
2021-01-07 16:16:00,1.0,0.171,0.0,0.0,16,3,1,0
2021-01-07 16:17:00,0.0,0.0,0.0,0.0,16,3,1,0
2021-01-07 16:18:00,1.0,0.187,0.0,0.0,16,3,1,0
2021-01-07 16:19:00,0.0,0.0,0.0,0.0,16,3,1,0
2021-01-07 16:20:00,1.0,0.156,0.0,0.0,16,3,1,0
2021-01-07 16:21:00,0.0,0.0,0.0,0.0,16,3,1,0
2021-01-07 16:22:00,0.0,0.0,0.0,0.0,16,3,1,0
2021-01-07 16:23:00,1.0,0.078,0.0,0.0,16,3,1,0
2021-01-07 16:24:00,1.0,0.124,0.0,0.0,16,3,1,0
2021-01-07 16:25:00,1.0,0.156,0.0,0.0,16,3,1,0
2021-01-07 16:26:00,2.0,0.10900000000000001,0.04384062043356595,0.0,16,3,1,0
2021-01-07 16:27:00,2.0,0.148,0.055154328932550706,0.0,16,3,1,0
2021-01-07 16:28:00,0.0,0.0,0.0,0.0,16,3,1,0
2021-01-07 16:29:00,1.0,0.078,0.0,0.0,16,3,1,0
2021-01-07 16:30:00,1.0,0.108,0.0,0.0,16,3,1,0
2021-01-07 16:31:00,0.0,0.0,0.0,0.0,16,3,1,0
2021-01-07 16:32:00,0.0,0.0,0.0,0.0,16,3,1,0
2021-01-07 16:33:00,2.0,0.109,0.02262741699796952,0.0,16,3,1,0
2021-01-07 16:34:00,0.0,0.0,0.0,0.0,16,3,1,0
2021-01-07 16:35:00,1.0,0.093,0.0,0.0,16,3,1,0
2021-01-07 16:36:00,2.0,0.155,0.08768124086713189,0.0,16,3,1,0
2021-01-07 16:37:00,3.0,0.159,0.07318469785412794,0.0,16,3,1,0
2021-01-07 16:38:00,1.0,0.108,0.0,0.0,16,3,1,0
2021-01-07 16:39:00,0.0,0.0,0.0,0.0,16,3,1,0
2021-01-07 16:40:00,1.0,0.093,0.0,0.0,16,3,1,0
2021-01-07 16:41:00,1.0,0.093,0.0,0.0,16,3,1,0
2021-01-07 16:42:00,1.0,0.078,0.0,0.0,16,3,1,0
2021-01-07 16:43:00,0.0,0.0,0.0,0.0,16,3,1,0
2021-01-07 16:44:00,2.0,0.078,0.0,0.0,16,3,1,0
2021-01-07 16:45:00,0.0,0.0,0.0,0.0,16,3,1,0
2021-01-07 16:46:00,0.0,0.0,0.0,0.0,16,3,1,0
2021-01-07 16:47:00,0.0,0.0,0.0,0.0,16,3,1,0
2021-01-07 16:48:00,0.0,0.0,0.0,0.0,16,3,1,0
2021-01-07 16:49:00,1.0,0.171,0.0,0.0,16,3,1,0
2021-01-07 16:50:00,3.0,0.104,0.02389560629069704,0.0,16,3,1,0
2021-01-07 16:51:00,0.0,0.0,0.0,0.0,16,3,1,0
2021-01-07 16:52:00,0.0,0.0,0.0,0.0,16,3,1,0
2021-01-07 16:53:00,1.0,0.093,0.0,0.0,16,3,1,0
2021-01-07 16:54:00,1.0,0.124,0.0,0.0,16,3,1,0
2021-01-07 16:55:00,1.0,0.203,0.0,0.0,16,3,1,0
2021-01-07 16:56:00,1.0,0.128,0.0,0.0,16,3,1,0
2021-01-07 16:57:00,0.0,0.0,0.0,0.0,16,3,1,0
2021-01-07 16:58:00,0.0,0.0,0.0,0.0,16,3,1,0
2021-01-07 16:59:00,0.0,0.0,0.0,0.0,16,3,1,0
2021-01-07 17:00:00,1.0,0.124,0.0,0.0,17,3,1,0
2021-01-07 17:01:00,0.0,0.0,0.0,0.0,17,3,1,0
2021-01-07 17:02:00,1.0,0.124,0.0,0.0,17,3,1,0
2021-01-07 17:03:00,1.0,0.078,0.0,0.0,17,3,1,0
2021-01-07 17:04:00,2.0,0.1635,0.09970205614730321,0.0,17,3,1,0
2021-01-07 17:05:00,2.0,0.1395,0.08980256121069155,0.0,17,3,1,0
2021-01-07 17:06:00,1.0,0.14,0.0,0.0,17,3,1,0
2021-01-07 17:07:00,0.0,0.0,0.0,0.0,17,3,1,0
2021-01-07 17:08:00,1.0,0.188,0.0,0.0,17,3,1,0
2021-01-07 17:09:00,0.0,0.0,0.0,0.0,17,3,1,0
2021-01-07 17:10:00,1.0,0.093,0.0,0.0,17,3,1,0
2021-01-07 17:11:00,1.0,0.093,0.0,0.0,17,3,1,0
2021-01-07 17:12:00,0.0,0.0,0.0,0.0,17,3,1,0
2021-01-07 17:13:00,2.0,0.1015,0.03323401871576773,0.0,17,3,1,0
2021-01-07 17:14:00,2.0,0.125,0.02121320343559643,0.0,17,3,1,0
2021-01-07 17:15:00,1.0,0.125,0.0,0.0,17,3,1,0
2021-01-07 17:16:00,0.0,0.0,0.0,0.0,17,3,1,0
2021-01-07 17:17:00,2.0,0.0875,0.030405591591021536,0.0,17,3,1,0
2021-01-07 17:18:00,0.0,0.0,0.0,0.0,17,3,1,0
2021-01-07 17:19:00,1.0,0.078,0.0,0.0,17,3,1,0
2021-01-07 17:20:00,1.0,0.14,0.0,0.0,17,3,1,0
2021-01-07 17:21:00,0.0,0.0,0.0,0.0,17,3,1,0
2021-01-07 17:22:00,1.0,0.14,0.0,0.0,17,3,1,0
2021-01-07 17:23:00,0.0,0.0,0.0,0.0,17,3,1,0
2021-01-07 17:24:00,1.0,0.093,0.0,0.0,17,3,1,0
2021-01-07 17:25:00,2.0,0.08549999999999999,0.010606601717798208,0.0,17,3,1,0
2021-01-07 17:26:00,3.0,0.11966666666666666,0.05885858759206963,0.0,17,3,1,0
2021-01-07 17:27:00,1.0,0.093,0.0,0.0,17,3,1,0
2021-01-07 17:28:00,1.0,0.093,0.0,0.0,17,3,1,0
2021-01-07 17:29:00,2.0,0.08549999999999999,0.010606601717798208,0.0,17,3,1,0
2021-01-07 17:30:00,0.0,0.0,0.0,0.0,17,3,1,0
2021-01-07 17:31:00,2.0,0.148,0.03394112549695427,0.0,17,3,1,0
2021-01-07 17:32:00,2.0,0.078,0.0,0.0,17,3,1,0
2021-01-07 17:33:00,0.0,0.0,0.0,0.0,17,3,1,0
2021-01-07 17:34:00,1.0,0.078,0.0,0.0,17,3,1,0
2021-01-07 17:35:00,1.0,0.156,0.0,0.0,17,3,1,0
2021-01-07 17:36:00,0.0,0.0,0.0,0.0,17,3,1,0
2021-01-07 17:37:00,0.0,0.0,0.0,0.0,17,3,1,0
2021-01-07 17:38:00,2.0,0.101,0.011313708498984755,0.0,17,3,1,0
2021-01-07 17:39:00,2.0,0.08549999999999999,0.010606601717798217,0.0,17,3,1,0
2021-01-07 17:40:00,0.0,0.0,0.0,0.0,17,3,1,0
2021-01-07 17:41:00,0.0,0.0,0.0,0.0,17,3,1,0
2021-01-07 17:42:00,1.0,0.093,0.0,0.0,17,3,1,0
2021-01-07 17:43:00,0.0,0.0,0.0,0.0,17,3,1,0
2021-01-07 17:44:00,0.0,0.0,0.0,0.0,17,3,1,0
2021-01-07 17:45:00,1.0,0.078,0.0,0.0,17,3,1,0
2021-01-07 17:46:00,0.0,0.0,0.0,0.0,17,3,1,0
2021-01-07 17:47:00,0.0,0.0,0.0,0.0,17,3,1,0
2021-01-07 17:48:00,1.0,0.125,0.0,0.0,17,3,1,0
2021-01-07 17:49:00,0.0,0.0,0.0,0.0,17,3,1,0
2021-01-07 17:50:00,1.0,0.093,0.0,0.0,17,3,1,0
2021-01-07 17:51:00,1.0,0.218,0.0,0.0,17,3,1,0
2021-01-07 17:52:00,1.0,0.125,0.0,0.0,17,3,1,0
2021-01-07 17:53:00,0.0,0.0,0.0,0.0,17,3,1,0
2021-01-07 17:54:00,3.0,0.20433333333333334,0.12637378420120737,0.0,17,3,1,0
2021-01-07 17:55:00,0.0,0.0,0.0,0.0,17,3,1,0
2021-01-07 17:56:00,3.0,0.14733333333333334,0.05056019514730273,0.0,17,3,1,0
2021-01-07 17:57:00,1.0,0.093,0.0,0.0,17,3,1,0
2021-01-07 17:58:00,0.0,0.0,0.0,0.0,17,3,1,0
2021-01-07 17:59:00,2.0,0.10200000000000001,0.009899494936611668,0.0,17,3,1,0
2021-01-07 18:00:00,1.0,0.109,0.0,0.0,18,3,0,0
2021-01-07 18:01:00,0.0,0.0,0.0,0.0,18,3,0,0
2021-01-07 18:02:00,1.0,0.124,0.0,0.0,18,3,0,0
2021-01-07 18:03:00,0.0,0.0,0.0,0.0,18,3,0,0
2021-01-07 18:04:00,0.0,0.0,0.0,0.0,18,3,0,0
2021-01-07 18:05:00,0.0,0.0,0.0,0.0,18,3,0,0
2021-01-07 18:06:00,2.0,0.10450000000000001,0.006363961030678919,0.0,18,3,0,0
2021-01-07 18:07:00,18.0,0.11016666666666668,0.039001131205314,0.0,18,3,0,0
2021-01-07 18:08:00,20.0,0.0955,0.026324893162176368,0.0,18,3,0,0
2021-01-07 18:09:00,11.0,0.09454545454545454,0.012809087683075922,0.0,18,3,0,0
2021-01-07 18:10:00,11.0,0.1061818181818182,0.03937973636737093,0.0,18,3,0,0
2021-01-07 18:11:00,7.0,0.12185714285714286,0.05087706939748192,0.0,18,3,0,0
2021-01-07 18:12:00,6.0,0.09583333333333333,0.018345753368740864,0.0,18,3,0,0
2021-01-07 18:13:00,5.0,0.122,0.0241039415863879,0.0,18,3,0,0
2021-01-07 18:14:00,2.0,0.093,0.02262741699796952,0.0,18,3,0,0
2021-01-07 18:15:00,4.0,0.11875,0.05908397978019648,0.0,18,3,0,0
2021-01-07 18:16:00,4.0,0.086,0.009273618495495706,0.0,18,3,0,0
2021-01-07 18:17:00,3.0,0.10566666666666667,0.024583192089989728,0.0,18,3,0,0
2021-01-07 18:18:00,2.0,0.101,0.03252691193458119,0.0,18,3,0,0
2021-01-07 18:19:00,3.0,0.10333333333333333,0.0178978583448784,0.0,18,3,0,0
2021-01-07 18:20:00,2.0,0.14800000000000002,0.07778174593052023,0.0,18,3,0,0
2021-01-07 18:21:00,3.0,0.104,0.045033320996790804,0.0,18,3,0,0
2021-01-07 18:22:00,2.0,0.0935,0.021920310216782972,0.0,18,3,0,0
2021-01-07 18:23:00,3.0,0.09866666666666667,0.008962886439832498,0.0,18,3,0,0
2021-01-07 18:24:00,2.0,0.11,0.024041630560342617,0.0,18,3,0,0
2021-01-07 18:25:00,2.0,0.1305,0.05303300858899107,0.0,18,3,0,0
2021-01-07 18:26:00,3.0,0.09833333333333333,0.023459184413217215,0.0,18,3,0,0
2021-01-07 18:27:00,3.0,0.114,0.04992995093127972,0.0,18,3,0,0
2021-01-07 18:28:00,1.0,0.109,0.0,0.0,18,3,0,0
2021-01-07 18:29:00,1.0,0.078,0.0,0.0,18,3,0,0
2021-01-07 18:30:00,2.0,0.101,0.03252691193458118,0.0,18,3,0,0
2021-01-07 18:31:00,2.0,0.101,0.011313708498984765,0.0,18,3,0,0
2021-01-07 18:32:00,3.0,0.10566666666666667,0.011372481406154652,0.0,18,3,0,0
2021-01-07 18:33:00,3.0,0.312,0.3655502701407838,0.0,18,3,0,0
2021-01-07 18:34:00,1.0,0.083,0.0,0.0,18,3,0,0
2021-01-07 18:35:00,3.0,0.08833333333333333,0.0178978583448784,0.0,18,3,0,0
2021-01-07 18:36:00,0.0,0.0,0.0,0.0,18,3,0,0
2021-01-07 18:37:00,0.0,0.0,0.0,0.0,18,3,0,0
2021-01-07 18:38:00,1.0,0.088,0.0,0.0,18,3,0,0
2021-01-07 18:39:00,1.0,0.067,0.0,0.0,18,3,0,0
2021-01-07 18:40:00,0.0,0.0,0.0,0.0,18,3,0,0
2021-01-07 18:41:00,1.0,0.093,0.0,0.0,18,3,0,0
2021-01-07 18:42:00,0.0,0.0,0.0,0.0,18,3,0,0
2021-01-07 18:43:00,1.0,0.109,0.0,0.0,18,3,0,0
2021-01-07 18:44:00,2.0,0.08549999999999999,0.010606601717798217,0.0,18,3,0,0
2021-01-07 18:45:00,5.0,0.13140000000000002,0.06985556527578887,0.0,18,3,0,0
2021-01-07 18:46:00,3.0,0.09833333333333333,0.023459184413217208,0.0,18,3,0,0
2021-01-07 18:47:00,3.0,0.09899999999999999,0.02325940669922601,0.0,18,3,0,0
2021-01-07 18:48:00,2.0,0.093,0.0,0.0,18,3,0,0
2021-01-07 18:49:00,2.0,0.0935,0.021920310216782972,0.0,18,3,0,0
2021-01-07 18:50:00,0.0,0.0,0.0,0.0,18,3,0,0
2021-01-07 18:51:00,1.0,0.109,0.0,0.0,18,3,0,0
2021-01-07 18:52:00,0.0,0.0,0.0,0.0,18,3,0,0
2021-01-07 18:53:00,1.0,0.109,0.0,0.0,18,3,0,0
2021-01-07 18:54:00,2.0,0.11649999999999999,0.010606601717798217,0.0,18,3,0,0
2021-01-07 18:55:00,2.0,0.181,0.014142135623730933,0.0,18,3,0,0
2021-01-07 18:56:00,2.0,0.093,0.0,0.0,18,3,0,0
2021-01-07 18:57:00,3.0,0.13966666666666666,0.07147260547463856,0.0,18,3,0,0
2021-01-07 18:58:00,0.0,0.0,0.0,0.0,18,3,0,0
2021-01-07 18:59:00,2.0,0.101,0.011313708498984765,0.0,18,3,0,0
2021-01-07 19:00:00,1.0,0.093,0.0,0.0,19,3,0,0
2021-01-07 19:01:00,2.0,0.1245,0.02192031021678298,0.0,19,3,0,0
2021-01-07 19:02:00,0.0,0.0,0.0,0.0,19,3,0,0
2021-01-07 19:03:00,0.0,0.0,0.0,0.0,19,3,0,0
2021-01-07 19:04:00,1.0,0.093,0.0,0.0,19,3,0,0
2021-01-07 19:05:00,0.0,0.0,0.0,0.0,19,3,0,0
2021-01-07 19:06:00,2.0,0.093,0.0,0.0,19,3,0,0
2021-01-07 19:07:00,3.0,0.109,0.04138840417314975,0.0,19,3,0,0
2021-01-07 19:08:00,4.0,0.14475,0.07408272403199008,0.0,19,3,0,0
2021-01-07 19:09:00,3.0,0.10366666666666667,0.03234707611722169,0.0,19,3,0,0
2021-01-07 19:10:00,1.0,0.081,0.0,0.0,19,3,0,0
2021-01-07 19:11:00,4.0,0.17425,0.10072528646438952,0.0,19,3,0,0
2021-01-07 19:12:00,4.0,0.09325,0.012658988901172166,0.0,19,3,0,0
2021-01-07 19:13:00,2.0,0.1165,0.03323401871576774,0.0,19,3,0,0
2021-01-07 19:14:00,3.0,0.11466666666666668,0.06264449962553244,0.0,19,3,0,0
2021-01-07 19:15:00,3.0,0.15133333333333332,0.024337899115029076,0.0,19,3,0,0
2021-01-07 19:16:00,2.0,0.092,0.0014142135623730963,0.0,19,3,0,0
2021-01-07 19:17:00,4.0,0.10125,0.02027107956342402,0.0,19,3,0,0
2021-01-07 19:18:00,3.0,0.10933333333333334,0.01450287327853806,0.0,19,3,0,0
2021-01-07 19:19:00,4.0,0.09775,0.02251480994071828,0.0,19,3,0,0
2021-01-07 19:20:00,2.0,0.10900000000000001,0.04384062043356595,0.0,19,3,0,0
2021-01-07 19:21:00,2.0,0.101,0.011313708498984755,0.0,19,3,0,0
2021-01-07 19:22:00,4.0,0.11675,0.046500000000000014,0.0,19,3,0,0
2021-01-07 19:23:00,3.0,0.11399999999999999,0.02389560629069705,0.0,19,3,0,0
2021-01-07 19:24:00,1.0,0.069,0.0,0.0,19,3,0,0
2021-01-07 19:25:00,2.0,0.109,0.0,0.0,19,3,0,0
2021-01-07 19:26:00,1.0,0.078,0.0,0.0,19,3,0,0
2021-01-07 19:27:00,1.0,0.078,0.0,0.0,19,3,0,0
2021-01-07 19:28:00,1.0,0.218,0.0,0.0,19,3,0,0
2021-01-07 19:29:00,1.0,0.125,0.0,0.0,19,3,0,0
2021-01-07 19:30:00,0.0,0.0,0.0,0.0,19,3,0,0
2021-01-07 19:31:00,1.0,0.078,0.0,0.0,19,3,0,0
2021-01-07 19:32:00,3.0,0.12033333333333333,0.04899319680663155,0.0,19,3,0,0
2021-01-07 19:33:00,2.0,0.101,0.011313708498984765,0.0,19,3,0,0
2021-01-07 19:34:00,2.0,0.093,0.0,0.0,19,3,0,0
2021-01-07 19:35:00,3.0,0.10966666666666668,0.04252450274057691,0.0,19,3,0,0
2021-01-07 19:36:00,3.0,0.104,0.04503332099679081,0.0,19,3,0,0
2021-01-07 19:37:00,2.0,0.094,0.0014142135623730963,0.0,19,3,0,0
2021-01-07 19:38:00,2.0,0.1015,0.033234018715767734,0.0,19,3,0,0
2021-01-07 19:39:00,1.0,0.078,0.0,0.0,19,3,0,0
2021-01-07 19:40:00,2.0,0.095,0.01979898987322333,0.0,19,3,0,0
2021-01-07 19:41:00,2.0,0.0935,0.021920310216782972,0.0,19,3,0,0
2021-01-07 19:42:00,5.0,0.0918,0.023392306427541518,0.0,19,3,0,0
2021-01-07 19:43:00,3.0,0.08333333333333333,0.009237604307034008,0.0,19,3,0,0
2021-01-07 19:44:00,1.0,0.219,0.0,0.0,19,3,0,0
2021-01-07 19:45:00,1.0,0.078,0.0,0.0,19,3,0,0
2021-01-07 19:46:00,1.0,0.078,0.0,0.0,19,3,0,0
2021-01-07 19:47:00,0.0,0.0,0.0,0.0,19,3,0,0
2021-01-07 19:48:00,1.0,0.078,0.0,0.0,19,3,0,0
2021-01-07 19:49:00,0.0,0.0,0.0,0.0,19,3,0,0
2021-01-07 19:50:00,2.0,0.0935,0.021920310216782972,0.0,19,3,0,0
2021-01-07 19:51:00,2.0,0.10250000000000001,0.03464823227814084,0.0,19,3,0,0
2021-01-07 19:52:00,0.0,0.0,0.0,0.0,19,3,0,0
2021-01-07 19:53:00,2.0,0.109,0.02262741699796952,0.0,19,3,0,0
2021-01-07 19:54:00,2.0,0.093,0.0,0.0,19,3,0,0
2021-01-07 19:55:00,2.0,0.167,0.12303657992645928,0.0,19,3,0,0
2021-01-07 19:56:00,1.0,0.109,0.0,0.0,19,3,0,0
2021-01-07 19:57:00,1.0,0.078,0.0,0.0,19,3,0,0
2021-01-07 19:58:00,2.0,0.101,0.011313708498984765,0.0,19,3,0,0
2021-01-07 19:59:00,1.0,0.156,0.0,0.0,19,3,0,0
2021-01-07 20:00:00,1.0,0.171,0.0,0.0,20,3,0,0
2021-01-07 20:01:00,2.0,0.132,0.05515432893255071,0.0,20,3,0,0
2021-01-07 20:02:00,2.0,0.165,0.12303657992645928,0.0,20,3,0,0
2021-01-07 20:03:00,1.0,0.14,0.0,0.0,20,3,0,0
2021-01-07 20:04:00,2.0,0.141,0.04525483399593903,0.0,20,3,0,0
2021-01-07 20:05:00,2.0,0.14,0.02262741699796953,0.0,20,3,0,0
2021-01-07 20:06:00,3.0,0.2233333333333333,0.22574395525314367,0.0,20,3,0,0
2021-01-07 20:07:00,0.0,0.0,0.0,0.0,20,3,0,0
2021-01-07 20:08:00,1.0,0.187,0.0,0.0,20,3,0,0
2021-01-07 20:09:00,3.0,0.12466666666666666,0.01550268793897799,0.0,20,3,0,0
2021-01-07 20:10:00,3.0,0.09033333333333333,0.011239810200058245,0.0,20,3,0,0
2021-01-07 20:11:00,1.0,0.109,0.0,0.0,20,3,0,0
2021-01-07 20:12:00,1.0,0.158,0.0,0.0,20,3,0,0
2021-01-07 20:13:00,2.0,0.094,0.021213203435596427,0.0,20,3,0,0
2021-01-07 20:14:00,1.0,0.093,0.0,0.0,20,3,0,0
2021-01-07 20:15:00,1.0,0.14,0.0,0.0,20,3,0,0
2021-01-07 20:16:00,0.0,0.0,0.0,0.0,20,3,0,0
2021-01-07 20:17:00,1.0,0.156,0.0,0.0,20,3,0,0
2021-01-07 20:18:00,1.0,0.093,0.0,0.0,20,3,0,0
2021-01-07 20:19:00,1.0,0.143,0.0,0.0,20,3,0,0
2021-01-07 20:20:00,3.0,0.083,0.023895606290697043,0.0,20,3,0,0
2021-01-07 20:21:00,1.0,0.093,0.0,0.0,20,3,0,0
2021-01-07 20:22:00,0.0,0.0,0.0,0.0,20,3,0,0
2021-01-07 20:23:00,3.0,0.12,0.025238858928247933,0.0,20,3,0,0
2021-01-07 20:24:00,1.0,0.109,0.0,0.0,20,3,0,0
2021-01-07 20:25:00,0.0,0.0,0.0,0.0,20,3,0,0
2021-01-07 20:26:00,0.0,0.0,0.0,0.0,20,3,0,0
2021-01-07 20:27:00,0.0,0.0,0.0,0.0,20,3,0,0
2021-01-07 20:28:00,1.0,0.124,0.0,0.0,20,3,0,0
2021-01-07 20:29:00,1.0,0.093,0.0,0.0,20,3,0,0
2021-01-07 20:30:00,3.0,0.08800000000000001,0.008660254037844385,0.0,20,3,0,0
2021-01-07 20:31:00,0.0,0.0,0.0,0.0,20,3,0,0
2021-01-07 20:32:00,1.0,0.171,0.0,0.0,20,3,0,0
2021-01-07 20:33:00,1.0,0.143,0.0,0.0,20,3,0,0
2021-01-07 20:34:00,1.0,0.078,0.0,0.0,20,3,0,0
2021-01-07 20:35:00,2.0,0.1055,0.017677669529663684,0.0,20,3,0,0
2021-01-07 20:36:00,0.0,0.0,0.0,0.0,20,3,0,0
2021-01-07 20:37:00,2.0,0.1405,0.0007071067811865384,0.0,20,3,0,0
2021-01-07 20:38:00,1.0,0.078,0.0,0.0,20,3,0,0
2021-01-07 20:39:00,4.0,0.0965,0.020008331597945225,0.0,20,3,0,0
2021-01-07 20:40:00,1.0,0.093,0.0,0.0,20,3,0,0
2021-01-07 20:41:00,1.0,0.124,0.0,0.0,20,3,0,0
2021-01-07 20:42:00,1.0,0.109,0.0,0.0,20,3,0,0
2021-01-07 20:43:00,0.0,0.0,0.0,0.0,20,3,0,0
2021-01-07 20:44:00,2.0,0.101,0.033941125496954286,0.0,20,3,0,0
2021-01-07 20:45:00,1.0,0.109,0.0,0.0,20,3,0,0
2021-01-07 20:46:00,1.0,0.124,0.0,0.0,20,3,0,0
2021-01-07 20:47:00,0.0,0.0,0.0,0.0,20,3,0,0
2021-01-07 20:48:00,2.0,0.1955,0.10111626970967631,0.0,20,3,0,0
2021-01-07 20:49:00,1.0,0.22,0.0,0.0,20,3,0,0
2021-01-07 20:50:00,1.0,0.078,0.0,0.0,20,3,0,0
2021-01-07 20:51:00,1.0,0.156,0.0,0.0,20,3,0,0
2021-01-07 20:52:00,3.0,0.12466666666666666,0.06825198409814424,0.0,20,3,0,0
2021-01-07 20:53:00,1.0,0.14,0.0,0.0,20,3,0,0
2021-01-07 20:54:00,0.0,0.0,0.0,0.0,20,3,0,0
2021-01-07 20:55:00,0.0,0.0,0.0,0.0,20,3,0,0
2021-01-07 20:56:00,0.0,0.0,0.0,0.0,20,3,0,0
2021-01-07 20:57:00,0.0,0.0,0.0,0.0,20,3,0,0
2021-01-07 20:58:00,2.0,0.101,0.03252691193458119,0.0,20,3,0,0
2021-01-07 20:59:00,1.0,0.362,0.0,0.0,20,3,0,0
2021-01-07 21:00:00,0.0,0.0,0.0,0.0,21,3,0,0
2021-01-07 21:01:00,0.0,0.0,0.0,0.0,21,3,0,0
2021-01-07 21:02:00,0.0,0.0,0.0,0.0,21,3,0,0
2021-01-07 21:03:00,0.0,0.0,0.0,0.0,21,3,0,0
2021-01-07 21:04:00,0.0,0.0,0.0,0.0,21,3,0,0
2021-01-07 21:05:00,0.0,0.0,0.0,0.0,21,3,0,0
2021-01-07 21:06:00,1.0,0.109,0.0,0.0,21,3,0,0
2021-01-07 21:07:00,1.0,0.124,0.0,0.0,21,3,0,0
2021-01-07 21:08:00,1.0,0.093,0.0,0.0,21,3,0,0
2021-01-07 21:09:00,3.0,0.09333333333333334,0.015502687938977983,0.0,21,3,0,0
2021-01-07 21:10:00,4.0,0.17025,0.11633966076393153,0.0,21,3,0,0
2021-01-07 21:11:00,1.0,0.078,0.0,0.0,21,3,0,0
2021-01-07 21:12:00,2.0,0.093,0.0,0.0,21,3,0,0
2021-01-07 21:13:00,0.0,0.0,0.0,0.0,21,3,0,0
2021-01-07 21:14:00,0.0,0.0,0.0,0.0,21,3,0,0
2021-01-07 21:15:00,0.0,0.0,0.0,0.0,21,3,0,0
2021-01-07 21:16:00,0.0,0.0,0.0,0.0,21,3,0,0
2021-01-07 21:17:00,3.0,0.10333333333333333,0.0178978583448784,0.0,21,3,0,0
2021-01-07 21:18:00,1.0,0.298,0.0,0.0,21,3,0,0
2021-01-07 21:19:00,0.0,0.0,0.0,0.0,21,3,0,0
2021-01-07 21:20:00,0.0,0.0,0.0,0.0,21,3,0,0
2021-01-07 21:21:00,0.0,0.0,0.0,0.0,21,3,0,0
2021-01-07 21:22:00,0.0,0.0,0.0,0.0,21,3,0,0
2021-01-07 21:23:00,1.0,0.093,0.0,0.0,21,3,0,0
2021-01-07 21:24:00,2.0,0.109,0.02262741699796952,0.0,21,3,0,0
2021-01-07 21:25:00,1.0,0.25,0.0,0.0,21,3,0,0
2021-01-07 21:26:00,2.0,0.0935,0.021920310216782972,0.0,21,3,0,0
2021-01-07 21:27:00,1.0,0.093,0.0,0.0,21,3,0,0
2021-01-07 21:28:00,1.0,0.14,0.0,0.0,21,3,0,0
2021-01-07 21:29:00,0.0,0.0,0.0,0.0,21,3,0,0
2021-01-07 21:30:00,1.0,0.078,0.0,0.0,21,3,0,0
2021-01-07 21:31:00,0.0,0.0,0.0,0.0,21,3,0,0
2021-01-07 21:32:00,0.0,0.0,0.0,0.0,21,3,0,0
2021-01-07 21:33:00,1.0,0.093,0.0,0.0,21,3,0,0
2021-01-07 21:34:00,0.0,0.0,0.0,0.0,21,3,0,0
2021-01-07 21:35:00,0.0,0.0,0.0,0.0,21,3,0,0
2021-01-07 21:36:00,0.0,0.0,0.0,0.0,21,3,0,0
2021-01-07 21:37:00,0.0,0.0,0.0,0.0,21,3,0,0
2021-01-07 21:38:00,1.0,0.122,0.0,0.0,21,3,0,0
2021-01-07 21:39:00,1.0,0.109,0.0,0.0,21,3,0,0
2021-01-07 21:40:00,1.0,0.078,0.0,0.0,21,3,0,0
2021-01-07 21:41:00,0.0,0.0,0.0,0.0,21,3,0,0
2021-01-07 21:42:00,2.0,0.0785,0.0007071067811865482,0.0,21,3,0,0
2021-01-07 21:43:00,1.0,0.093,0.0,0.0,21,3,0,0
2021-01-07 21:44:00,1.0,0.093,0.0,0.0,21,3,0,0
2021-01-07 21:45:00,1.0,0.565,0.0,0.0,21,3,0,0
2021-01-07 21:46:00,1.0,0.093,0.0,0.0,21,3,0,0
2021-01-07 21:47:00,0.0,0.0,0.0,0.0,21,3,0,0
2021-01-07 21:48:00,1.0,0.203,0.0,0.0,21,3,0,0
2021-01-07 21:49:00,2.0,0.101,0.011313708498984765,0.0,21,3,0,0
2021-01-07 21:50:00,0.0,0.0,0.0,0.0,21,3,0,0
2021-01-07 21:51:00,0.0,0.0,0.0,0.0,21,3,0,0
2021-01-07 21:52:00,0.0,0.0,0.0,0.0,21,3,0,0
2021-01-07 21:53:00,2.0,0.0945,0.02333452377915607,0.0,21,3,0,0
2021-01-07 21:54:00,0.0,0.0,0.0,0.0,21,3,0,0
2021-01-07 21:55:00,2.0,0.11750000000000001,0.03181980515339465,0.0,21,3,0,0
2021-01-07 21:56:00,0.0,0.0,0.0,0.0,21,3,0,0
2021-01-07 21:57:00,0.0,0.0,0.0,0.0,21,3,0,0
2021-01-07 21:58:00,1.0,0.078,0.0,0.0,21,3,0,0
2021-01-07 21:59:00,0.0,0.0,0.0,0.0,21,3,0,0
2021-01-07 22:00:00,0.0,0.0,0.0,0.0,22,3,0,0
2021-01-07 22:01:00,0.0,0.0,0.0,0.0,22,3,0,0
2021-01-07 22:02:00,1.0,0.093,0.0,0.0,22,3,0,0
2021-01-07 22:03:00,1.0,0.093,0.0,0.0,22,3,0,0
2021-01-07 22:04:00,0.0,0.0,0.0,0.0,22,3,0,0
2021-01-07 22:05:00,0.0,0.0,0.0,0.0,22,3,0,0
2021-01-07 22:06:00,1.0,0.277,0.0,0.0,22,3,0,0
2021-01-07 22:07:00,0.0,0.0,0.0,0.0,22,3,0,0
2021-01-07 22:08:00,0.0,0.0,0.0,0.0,22,3,0,0
2021-01-07 22:09:00,2.0,0.078,0.0,0.0,22,3,0,0
2021-01-07 22:10:00,2.0,0.117,0.032526911934581196,0.0,22,3,0,0
2021-01-07 22:11:00,2.0,0.0925,0.02333452377915607,0.0,22,3,0,0
2021-01-07 22:12:00,0.0,0.0,0.0,0.0,22,3,0,0
2021-01-07 22:13:00,2.0,0.1245,0.06576093065034892,0.0,22,3,0,0
2021-01-07 22:14:00,0.0,0.0,0.0,0.0,22,3,0,0
2021-01-07 22:15:00,0.0,0.0,0.0,0.0,22,3,0,0
2021-01-07 22:16:00,0.0,0.0,0.0,0.0,22,3,0,0
2021-01-07 22:17:00,0.0,0.0,0.0,0.0,22,3,0,0
2021-01-07 22:18:00,1.0,0.109,0.0,0.0,22,3,0,0
2021-01-07 22:19:00,0.0,0.0,0.0,0.0,22,3,0,0
2021-01-07 22:20:00,0.0,0.0,0.0,0.0,22,3,0,0
2021-01-07 22:21:00,0.0,0.0,0.0,0.0,22,3,0,0
2021-01-07 22:22:00,0.0,0.0,0.0,0.0,22,3,0,0
2021-01-07 22:23:00,0.0,0.0,0.0,0.0,22,3,0,0
2021-01-07 22:24:00,0.0,0.0,0.0,0.0,22,3,0,0
2021-01-07 22:25:00,0.0,0.0,0.0,0.0,22,3,0,0
2021-01-07 22:26:00,1.0,0.078,0.0,0.0,22,3,0,0
2021-01-07 22:27:00,2.0,0.195,0.1216223663640862,0.0,22,3,0,0
2021-01-07 22:28:00,3.0,0.17466666666666666,0.042442117446392015,0.0,22,3,0,0
2021-01-07 22:29:00,1.0,0.078,0.0,0.0,22,3,0,0
2021-01-07 22:30:00,2.0,0.13,0.008485281374238578,0.0,22,3,0,0
2021-01-07 22:31:00,2.0,0.0985,0.014849242404917497,0.0,22,3,0,0
2021-01-07 22:32:00,1.0,0.093,0.0,0.0,22,3,0,0
2021-01-07 22:33:00,1.0,0.078,0.0,0.0,22,3,0,0
2021-01-07 22:34:00,0.0,0.0,0.0,0.0,22,3,0,0
2021-01-07 22:35:00,1.0,0.125,0.0,0.0,22,3,0,0
2021-01-07 22:36:00,1.0,0.25,0.0,0.0,22,3,0,0
2021-01-07 22:37:00,0.0,0.0,0.0,0.0,22,3,0,0
2021-01-07 22:38:00,1.0,0.093,0.0,0.0,22,3,0,0
2021-01-07 22:39:00,0.0,0.0,0.0,0.0,22,3,0,0
2021-01-07 22:40:00,2.0,0.08549999999999999,0.010606601717798217,0.0,22,3,0,0
2021-01-07 22:41:00,0.0,0.0,0.0,0.0,22,3,0,0
2021-01-07 22:42:00,1.0,0.125,0.0,0.0,22,3,0,0
2021-01-07 22:43:00,0.0,0.0,0.0,0.0,22,3,0,0
2021-01-07 22:44:00,0.0,0.0,0.0,0.0,22,3,0,0
2021-01-07 22:45:00,0.0,0.0,0.0,0.0,22,3,0,0
2021-01-07 22:46:00,1.0,0.087,0.0,0.0,22,3,0,0
2021-01-07 22:47:00,0.0,0.0,0.0,0.0,22,3,0,0
2021-01-07 22:48:00,0.0,0.0,0.0,0.0,22,3,0,0
2021-01-07 22:49:00,1.0,0.096,0.0,0.0,22,3,0,0
2021-01-07 22:50:00,3.0,0.213,0.19415457759218557,0.0,22,3,0,0
2021-01-07 22:51:00,0.0,0.0,0.0,0.0,22,3,0,0
2021-01-07 22:52:00,0.0,0.0,0.0,0.0,22,3,0,0
2021-01-07 22:53:00,0.0,0.0,0.0,0.0,22,3,0,0
2021-01-07 22:54:00,2.0,0.1245,0.02192031021678298,0.0,22,3,0,0
2021-01-07 22:55:00,0.0,0.0,0.0,0.0,22,3,0,0
2021-01-07 22:56:00,0.0,0.0,0.0,0.0,22,3,0,0
2021-01-07 22:57:00,1.0,0.124,0.0,0.0,22,3,0,0
2021-01-07 22:58:00,3.0,0.125,0.04233202097703344,0.0,22,3,0,0
2021-01-07 22:59:00,1.0,0.14,0.0,0.0,22,3,0,0
2021-01-07 23:00:00,0.0,0.0,0.0,0.0,23,3,0,0
2021-01-07 23:01:00,2.0,0.132,0.05515432893255071,0.0,23,3,0,0
2021-01-07 23:02:00,0.0,0.0,0.0,0.0,23,3,0,0
2021-01-07 23:03:00,2.0,0.14800000000000002,0.011313708498984741,0.0,23,3,0,0
2021-01-07 23:04:00,1.0,0.093,0.0,0.0,23,3,0,0
2021-01-07 23:05:00,1.0,0.14,0.0,0.0,23,3,0,0
2021-01-07 23:06:00,2.0,0.125,0.0,0.0,23,3,0,0
2021-01-07 23:07:00,0.0,0.0,0.0,0.0,23,3,0,0
2021-01-07 23:08:00,1.0,0.156,0.0,0.0,23,3,0,0
2021-01-07 23:09:00,1.0,0.252,0.0,0.0,23,3,0,0
2021-01-07 23:10:00,0.0,0.0,0.0,0.0,23,3,0,0
2021-01-07 23:11:00,1.0,0.078,0.0,0.0,23,3,0,0
2021-01-07 23:12:00,0.0,0.0,0.0,0.0,23,3,0,0
2021-01-07 23:13:00,1.0,0.194,0.0,0.0,23,3,0,0
2021-01-07 23:14:00,1.0,0.093,0.0,0.0,23,3,0,0
2021-01-07 23:15:00,0.0,0.0,0.0,0.0,23,3,0,0
2021-01-07 23:16:00,0.0,0.0,0.0,0.0,23,3,0,0
2021-01-07 23:17:00,0.0,0.0,0.0,0.0,23,3,0,0
2021-01-07 23:18:00,2.0,0.10900000000000001,0.04384062043356596,0.0,23,3,0,0
2021-01-07 23:19:00,2.0,0.11699999999999999,0.011313708498984755,0.0,23,3,0,0
2021-01-07 23:20:00,0.0,0.0,0.0,0.0,23,3,0,0
2021-01-07 23:21:00,1.0,0.093,0.0,0.0,23,3,0,0
2021-01-07 23:22:00,0.0,0.0,0.0,0.0,23,3,0,0
2021-01-07 23:23:00,0.0,0.0,0.0,0.0,23,3,0,0
2021-01-07 23:24:00,0.0,0.0,0.0,0.0,23,3,0,0
2021-01-07 23:25:00,0.0,0.0,0.0,0.0,23,3,0,0
2021-01-07 23:26:00,3.0,0.14266666666666666,0.06709942871093116,0.0,23,3,0,0
2021-01-07 23:27:00,0.0,0.0,0.0,0.0,23,3,0,0
2021-01-07 23:28:00,2.0,0.1015,0.033234018715767734,0.0,23,3,0,0
2021-01-07 23:29:00,2.0,0.0935,0.021920310216782972,0.0,23,3,0,0
2021-01-07 23:30:00,0.0,0.0,0.0,0.0,23,3,0,0
2021-01-07 23:31:00,1.0,0.14,0.0,0.0,23,3,0,0
2021-01-07 23:32:00,0.0,0.0,0.0,0.0,23,3,0,0
2021-01-07 23:33:00,1.0,0.124,0.0,0.0,23,3,0,0
2021-01-07 23:34:00,0.0,0.0,0.0,0.0,23,3,0,0
2021-01-07 23:35:00,0.0,0.0,0.0,0.0,23,3,0,0
2021-01-07 23:36:00,1.0,0.078,0.0,0.0,23,3,0,0
2021-01-07 23:37:00,0.0,0.0,0.0,0.0,23,3,0,0
2021-01-07 23:38:00,1.0,0.187,0.0,0.0,23,3,0,0
2021-01-07 23:39:00,0.0,0.0,0.0,0.0,23,3,0,0
2021-01-07 23:40:00,0.0,0.0,0.0,0.0,23,3,0,0
2021-01-07 23:41:00,3.0,0.15666666666666665,0.1105003770732631,0.0,23,3,0,0
2021-01-07 23:42:00,0.0,0.0,0.0,0.0,23,3,0,0
2021-01-07 23:43:00,1.0,0.327,0.0,0.0,23,3,0,0
2021-01-07 23:44:00,1.0,0.078,0.0,0.0,23,3,0,0
2021-01-07 23:45:00,0.0,0.0,0.0,0.0,23,3,0,0
2021-01-07 23:46:00,0.0,0.0,0.0,0.0,23,3,0,0
2021-01-07 23:47:00,0.0,0.0,0.0,0.0,23,3,0,0
2021-01-07 23:48:00,1.0,0.109,0.0,0.0,23,3,0,0
2021-01-07 23:49:00,0.0,0.0,0.0,0.0,23,3,0,0
2021-01-07 23:50:00,0.0,0.0,0.0,0.0,23,3,0,0
2021-01-07 23:51:00,1.0,0.159,0.0,0.0,23,3,0,0
2021-01-07 23:52:00,3.0,0.105,0.019078784028338912,0.0,23,3,0,0
2021-01-07 23:53:00,2.0,0.101,0.011313708498984755,0.0,23,3,0,0
2021-01-07 23:54:00,0.0,0.0,0.0,0.0,23,3,0,0
2021-01-07 23:55:00,1.0,0.111,0.0,0.0,23,3,0,0
2021-01-07 23:56:00,1.0,0.312,0.0,0.0,23,3,0,0
2021-01-07 23:57:00,0.0,0.0,0.0,0.0,23,3,0,0
2021-01-07 23:58:00,1.0,0.081,0.0,0.0,23,3,0,0
2021-01-07 23:59:00,0.0,0.0,0.0,0.0,23,3,0,0
2021-01-08 00:00:00,0.0,0.0,0.0,0.0,0,4,0,0
2021-01-08 00:01:00,1.0,0.109,0.0,0.0,0,4,0,0
2021-01-08 00:02:00,1.0,0.171,0.0,0.0,0,4,0,0
2021-01-08 00:03:00,2.0,0.1325,0.010606601717798222,0.0,0,4,0,0
2021-01-08 00:04:00,0.0,0.0,0.0,0.0,0,4,0,0
2021-01-08 00:05:00,2.0,0.134,0.008485281374238578,0.0,0,4,0,0
2021-01-08 00:06:00,0.0,0.0,0.0,0.0,0,4,0,0
2021-01-08 00:07:00,2.0,0.1245,0.02192031021678298,0.0,0,4,0,0
2021-01-08 00:08:00,0.0,0.0,0.0,0.0,0,4,0,0
2021-01-08 00:09:00,0.0,0.0,0.0,0.0,0,4,0,0
2021-01-08 00:10:00,1.0,0.125,0.0,0.0,0,4,0,0
2021-01-08 00:11:00,0.0,0.0,0.0,0.0,0,4,0,0
2021-01-08 00:12:00,3.0,0.11933333333333333,0.032746501085357704,0.0,0,4,0,0
2021-01-08 00:13:00,0.0,0.0,0.0,0.0,0,4,0,0
2021-01-08 00:14:00,0.0,0.0,0.0,0.0,0,4,0,0
2021-01-08 00:15:00,0.0,0.0,0.0,0.0,0,4,0,0
2021-01-08 00:16:00,0.0,0.0,0.0,0.0,0,4,0,0
2021-01-08 00:17:00,0.0,0.0,0.0,0.0,0,4,0,0
2021-01-08 00:18:00,1.0,0.078,0.0,0.0,0,4,0,0
2021-01-08 00:19:00,1.0,0.152,0.0,0.0,0,4,0,0
2021-01-08 00:20:00,1.0,0.203,0.0,0.0,0,4,0,0
2021-01-08 00:21:00,0.0,0.0,0.0,0.0,0,4,0,0
2021-01-08 00:22:00,0.0,0.0,0.0,0.0,0,4,0,0
2021-01-08 00:23:00,1.0,0.171,0.0,0.0,0,4,0,0
2021-01-08 00:24:00,1.0,0.124,0.0,0.0,0,4,0,0
2021-01-08 00:25:00,2.0,0.1085,0.021920310216782972,0.0,0,4,0,0
2021-01-08 00:26:00,1.0,0.109,0.0,0.0,0,4,0,0
2021-01-08 00:27:00,0.0,0.0,0.0,0.0,0,4,0,0
2021-01-08 00:28:00,0.0,0.0,0.0,0.0,0,4,0,0
2021-01-08 00:29:00,0.0,0.0,0.0,0.0,0,4,0,0
2021-01-08 00:30:00,1.0,0.093,0.0,0.0,0,4,0,0
2021-01-08 00:31:00,1.0,0.093,0.0,0.0,0,4,0,0
2021-01-08 00:32:00,2.0,0.1245,0.0007071067811865482,0.0,0,4,0,0
2021-01-08 00:33:00,0.0,0.0,0.0,0.0,0,4,0,0
2021-01-08 00:34:00,0.0,0.0,0.0,0.0,0,4,0,0
2021-01-08 00:35:00,1.0,0.137,0.0,0.0,0,4,0,0
2021-01-08 00:36:00,1.0,0.125,0.0,0.0,0,4,0,0
2021-01-08 00:37:00,0.0,0.0,0.0,0.0,0,4,0,0
2021-01-08 00:38:00,2.0,0.28900000000000003,0.21071782079359114,0.0,0,4,0,0
2021-01-08 00:39:00,1.0,0.111,0.0,0.0,0,4,0,0
2021-01-08 00:40:00,0.0,0.0,0.0,0.0,0,4,0,0
2021-01-08 00:41:00,0.0,0.0,0.0,0.0,0,4,0,0
2021-01-08 00:42:00,0.0,0.0,0.0,0.0,0,4,0,0
2021-01-08 00:43:00,0.0,0.0,0.0,0.0,0,4,0,0
2021-01-08 00:44:00,2.0,0.1245,0.044547727214752496,0.0,0,4,0,0
2021-01-08 00:45:00,2.0,0.134,0.008485281374238578,0.0,0,4,0,0
2021-01-08 00:46:00,0.0,0.0,0.0,0.0,0,4,0,0
2021-01-08 00:47:00,3.0,0.11966666666666666,0.018475208614068022,0.0,0,4,0,0
2021-01-08 00:48:00,2.0,0.1095,0.0007071067811865482,0.0,0,4,0,0
2021-01-08 00:49:00,1.0,0.109,0.0,0.0,0,4,0,0
2021-01-08 00:50:00,0.0,0.0,0.0,0.0,0,4,0,0
2021-01-08 00:51:00,1.0,0.078,0.0,0.0,0,4,0,0
2021-01-08 00:52:00,1.0,0.173,0.0,0.0,0,4,0,0
2021-01-08 00:53:00,1.0,0.111,0.0,0.0,0,4,0,0
2021-01-08 00:54:00,0.0,0.0,0.0,0.0,0,4,0,0
2021-01-08 00:55:00,1.0,0.078,0.0,0.0,0,4,0,0
2021-01-08 00:56:00,1.0,0.124,0.0,0.0,0,4,0,0
2021-01-08 00:57:00,1.0,0.093,0.0,0.0,0,4,0,0
2021-01-08 00:58:00,1.0,0.078,0.0,0.0,0,4,0,0
2021-01-08 00:59:00,2.0,0.093,0.0,0.0,0,4,0,0
2021-01-08 01:00:00,0.0,0.0,0.0,0.0,1,4,0,0
2021-01-08 01:01:00,0.0,0.0,0.0,0.0,1,4,0,0
2021-01-08 01:02:00,1.0,0.125,0.0,0.0,1,4,0,0
2021-01-08 01:03:00,0.0,0.0,0.0,0.0,1,4,0,0
2021-01-08 01:04:00,0.0,0.0,0.0,0.0,1,4,0,0
2021-01-08 01:05:00,0.0,0.0,0.0,0.0,1,4,0,0
2021-01-08 01:06:00,0.0,0.0,0.0,0.0,1,4,0,0
2021-01-08 01:07:00,0.0,0.0,0.0,0.0,1,4,0,0
2021-01-08 01:08:00,0.0,0.0,0.0,0.0,1,4,0,0
2021-01-08 01:09:00,1.0,0.109,0.0,0.0,1,4,0,0
2021-01-08 01:10:00,0.0,0.0,0.0,0.0,1,4,0,0
2021-01-08 01:11:00,0.0,0.0,0.0,0.0,1,4,0,0
2021-01-08 01:12:00,0.0,0.0,0.0,0.0,1,4,0,0
2021-01-08 01:13:00,0.0,0.0,0.0,0.0,1,4,0,0
2021-01-08 01:14:00,1.0,0.078,0.0,0.0,1,4,0,0
2021-01-08 01:15:00,1.0,0.11,0.0,0.0,1,4,0,0
2021-01-08 01:16:00,0.0,0.0,0.0,0.0,1,4,0,0
2021-01-08 01:17:00,0.0,0.0,0.0,0.0,1,4,0,0
2021-01-08 01:18:00,1.0,0.312,0.0,0.0,1,4,0,0
2021-01-08 01:19:00,2.0,0.16699999999999998,0.01555634918610405,0.0,1,4,0,0
2021-01-08 01:20:00,1.0,0.109,0.0,0.0,1,4,0,0
2021-01-08 01:21:00,1.0,0.203,0.0,0.0,1,4,0,0
2021-01-08 01:22:00,0.0,0.0,0.0,0.0,1,4,0,0
2021-01-08 01:23:00,3.0,0.09233333333333334,0.0011547005383792516,0.0,1,4,0,0
2021-01-08 01:24:00,0.0,0.0,0.0,0.0,1,4,0,0
2021-01-08 01:25:00,0.0,0.0,0.0,0.0,1,4,0,0
2021-01-08 01:26:00,0.0,0.0,0.0,0.0,1,4,0,0
2021-01-08 01:27:00,0.0,0.0,0.0,0.0,1,4,0,0
2021-01-08 01:28:00,0.0,0.0,0.0,0.0,1,4,0,0
2021-01-08 01:29:00,0.0,0.0,0.0,0.0,1,4,0,0
2021-01-08 01:30:00,3.0,0.22499999999999998,0.16286190469228828,0.0,1,4,0,0
2021-01-08 01:31:00,0.0,0.0,0.0,0.0,1,4,0,0
2021-01-08 01:32:00,1.0,0.078,0.0,0.0,1,4,0,0
2021-01-08 01:33:00,1.0,0.125,0.0,0.0,1,4,0,0
2021-01-08 01:34:00,0.0,0.0,0.0,0.0,1,4,0,0
2021-01-08 01:35:00,1.0,0.078,0.0,0.0,1,4,0,0
2021-01-08 01:36:00,1.0,0.093,0.0,0.0,1,4,0,0
2021-01-08 01:37:00,1.0,0.237,0.0,0.0,1,4,0,0
2021-01-08 01:38:00,0.0,0.0,0.0,0.0,1,4,0,0
2021-01-08 01:39:00,0.0,0.0,0.0,0.0,1,4,0,0
2021-01-08 01:40:00,1.0,0.109,0.0,0.0,1,4,0,0
2021-01-08 01:41:00,2.0,0.101,0.011313708498984755,0.0,1,4,0,0
2021-01-08 01:42:00,0.0,0.0,0.0,0.0,1,4,0,0
2021-01-08 01:43:00,2.0,0.1015,0.033234018715767734,0.0,1,4,0,0
2021-01-08 01:44:00,1.0,0.109,0.0,0.0,1,4,0,0
2021-01-08 01:45:00,0.0,0.0,0.0,0.0,1,4,0,0
2021-01-08 01:46:00,2.0,0.297,0.24465894629054544,0.0,1,4,0,0
2021-01-08 01:47:00,1.0,0.141,0.0,0.0,1,4,0,0
2021-01-08 01:48:00,0.0,0.0,0.0,0.0,1,4,0,0
2021-01-08 01:49:00,1.0,0.203,0.0,0.0,1,4,0,0
2021-01-08 01:50:00,0.0,0.0,0.0,0.0,1,4,0,0
2021-01-08 01:51:00,1.0,0.129,0.0,0.0,1,4,0,0
2021-01-08 01:52:00,0.0,0.0,0.0,0.0,1,4,0,0
2021-01-08 01:53:00,0.0,0.0,0.0,0.0,1,4,0,0
2021-01-08 01:54:00,0.0,0.0,0.0,0.0,1,4,0,0
2021-01-08 01:55:00,0.0,0.0,0.0,0.0,1,4,0,0
2021-01-08 01:56:00,0.0,0.0,0.0,0.0,1,4,0,0
2021-01-08 01:57:00,0.0,0.0,0.0,0.0,1,4,0,0
2021-01-08 01:58:00,1.0,0.172,0.0,0.0,1,4,0,0
2021-01-08 01:59:00,0.0,0.0,0.0,0.0,1,4,0,0
2021-01-08 02:00:00,0.0,0.0,0.0,0.0,2,4,0,0
2021-01-08 02:01:00,0.0,0.0,0.0,0.0,2,4,0,0
2021-01-08 02:02:00,0.0,0.0,0.0,0.0,2,4,0,0
2021-01-08 02:03:00,0.0,0.0,0.0,0.0,2,4,0,0
2021-01-08 02:04:00,1.0,0.11,0.0,0.0,2,4,0,0
2021-01-08 02:05:00,0.0,0.0,0.0,0.0,2,4,0,0
2021-01-08 02:06:00,0.0,0.0,0.0,0.0,2,4,0,0
2021-01-08 02:07:00,0.0,0.0,0.0,0.0,2,4,0,0
2021-01-08 02:08:00,0.0,0.0,0.0,0.0,2,4,0,0
2021-01-08 02:09:00,0.0,0.0,0.0,0.0,2,4,0,0
2021-01-08 02:10:00,0.0,0.0,0.0,0.0,2,4,0,0
2021-01-08 02:11:00,0.0,0.0,0.0,0.0,2,4,0,0
2021-01-08 02:12:00,0.0,0.0,0.0,0.0,2,4,0,0
2021-01-08 02:13:00,0.0,0.0,0.0,0.0,2,4,0,0
2021-01-08 02:14:00,0.0,0.0,0.0,0.0,2,4,0,0
2021-01-08 02:15:00,1.0,0.265,0.0,1.0,2,4,0,0
2021-01-08 02:16:00,0.0,0.0,0.0,0.0,2,4,0,0
2021-01-08 02:17:00,1.0,0.127,0.0,0.0,2,4,0,0
2021-01-08 02:18:00,0.0,0.0,0.0,0.0,2,4,0,0
2021-01-08 02:19:00,0.0,0.0,0.0,0.0,2,4,0,0
2021-01-08 02:20:00,0.0,0.0,0.0,0.0,2,4,0,0
2021-01-08 02:21:00,0.0,0.0,0.0,0.0,2,4,0,0
2021-01-08 02:22:00,0.0,0.0,0.0,0.0,2,4,0,0
2021-01-08 02:23:00,0.0,0.0,0.0,0.0,2,4,0,0
2021-01-08 02:24:00,0.0,0.0,0.0,0.0,2,4,0,0
2021-01-08 02:25:00,0.0,0.0,0.0,0.0,2,4,0,0
2021-01-08 02:26:00,0.0,0.0,0.0,0.0,2,4,0,0
2021-01-08 02:27:00,0.0,0.0,0.0,0.0,2,4,0,0
2021-01-08 02:28:00,1.0,0.142,0.0,1.0,2,4,0,0
2021-01-08 02:29:00,0.0,0.0,0.0,0.0,2,4,0,0
2021-01-08 02:30:00,0.0,0.0,0.0,0.0,2,4,0,0
2021-01-08 02:31:00,0.0,0.0,0.0,0.0,2,4,0,0
2021-01-08 02:32:00,1.0,0.14,0.0,0.0,2,4,0,0
2021-01-08 02:33:00,0.0,0.0,0.0,0.0,2,4,0,0
2021-01-08 02:34:00,0.0,0.0,0.0,0.0,2,4,0,0
2021-01-08 02:35:00,1.0,0.109,0.0,0.0,2,4,0,0
2021-01-08 02:36:00,1.0,0.125,0.0,0.0,2,4,0,0
2021-01-08 02:37:00,0.0,0.0,0.0,0.0,2,4,0,0
2021-01-08 02:38:00,0.0,0.0,0.0,0.0,2,4,0,0
2021-01-08 02:39:00,1.0,0.234,0.0,0.0,2,4,0,0
2021-01-08 02:40:00,0.0,0.0,0.0,0.0,2,4,0,0
2021-01-08 02:41:00,0.0,0.0,0.0,0.0,2,4,0,0
2021-01-08 02:42:00,0.0,0.0,0.0,0.0,2,4,0,0
2021-01-08 02:43:00,1.0,0.221,0.0,0.0,2,4,0,0
2021-01-08 02:44:00,0.0,0.0,0.0,0.0,2,4,0,0
2021-01-08 02:45:00,1.0,0.124,0.0,0.0,2,4,0,0
2021-01-08 02:46:00,2.0,0.1555,0.044547727214752496,0.0,2,4,0,0
2021-01-08 02:47:00,0.0,0.0,0.0,0.0,2,4,0,0
2021-01-08 02:48:00,1.0,0.126,0.0,0.0,2,4,0,0
2021-01-08 02:49:00,1.0,0.124,0.0,0.0,2,4,0,0
2021-01-08 02:50:00,1.0,0.115,0.0,0.0,2,4,0,0
2021-01-08 02:51:00,0.0,0.0,0.0,0.0,2,4,0,0
2021-01-08 02:52:00,0.0,0.0,0.0,0.0,2,4,0,0
2021-01-08 02:53:00,0.0,0.0,0.0,0.0,2,4,0,0
2021-01-08 02:54:00,0.0,0.0,0.0,0.0,2,4,0,0
2021-01-08 02:55:00,0.0,0.0,0.0,0.0,2,4,0,0
2021-01-08 02:56:00,0.0,0.0,0.0,0.0,2,4,0,0
2021-01-08 02:57:00,0.0,0.0,0.0,0.0,2,4,0,0
2021-01-08 02:58:00,3.0,0.2026666666666667,0.10854185060764965,0.0,2,4,0,0
2021-01-08 02:59:00,0.0,0.0,0.0,0.0,2,4,0,0
2021-01-08 03:00:00,0.0,0.0,0.0,0.0,3,4,0,0
2021-01-08 03:01:00,0.0,0.0,0.0,0.0,3,4,0,0
2021-01-08 03:02:00,0.0,0.0,0.0,0.0,3,4,0,0
2021-01-08 03:03:00,0.0,0.0,0.0,0.0,3,4,0,0
2021-01-08 03:04:00,0.0,0.0,0.0,0.0,3,4,0,0
2021-01-08 03:05:00,0.0,0.0,0.0,0.0,3,4,0,0
2021-01-08 03:06:00,0.0,0.0,0.0,0.0,3,4,0,0
2021-01-08 03:07:00,0.0,0.0,0.0,0.0,3,4,0,0
2021-01-08 03:08:00,1.0,0.125,0.0,0.0,3,4,0,0
2021-01-08 03:09:00,1.0,0.156,0.0,0.0,3,4,0,0
2021-01-08 03:10:00,3.0,0.13566666666666666,0.033306655991458115,0.0,3,4,0,0
2021-01-08 03:11:00,0.0,0.0,0.0,0.0,3,4,0,0
2021-01-08 03:12:00,0.0,0.0,0.0,0.0,3,4,0,0
2021-01-08 03:13:00,1.0,0.203,0.0,0.0,3,4,0,0
2021-01-08 03:14:00,0.0,0.0,0.0,0.0,3,4,0,0
2021-01-08 03:15:00,0.0,0.0,0.0,0.0,3,4,0,0
2021-01-08 03:16:00,0.0,0.0,0.0,0.0,3,4,0,0
2021-01-08 03:17:00,2.0,0.1065,0.0035355339059327407,0.0,3,4,0,0
2021-01-08 03:18:00,0.0,0.0,0.0,0.0,3,4,0,0
2021-01-08 03:19:00,0.0,0.0,0.0,0.0,3,4,0,0
2021-01-08 03:20:00,1.0,0.109,0.0,0.0,3,4,0,0
2021-01-08 03:21:00,2.0,0.4455,0.47588286373854655,0.0,3,4,0,0
2021-01-08 03:22:00,1.0,0.14,0.0,0.0,3,4,0,0
2021-01-08 03:23:00,1.0,0.108,0.0,0.0,3,4,0,0
2021-01-08 03:24:00,1.0,0.153,0.0,0.0,3,4,0,0
2021-01-08 03:25:00,0.0,0.0,0.0,0.0,3,4,0,0
2021-01-08 03:26:00,0.0,0.0,0.0,0.0,3,4,0,0
2021-01-08 03:27:00,0.0,0.0,0.0,0.0,3,4,0,0
2021-01-08 03:28:00,1.0,0.187,0.0,0.0,3,4,0,0
2021-01-08 03:29:00,1.0,0.234,0.0,0.0,3,4,0,0
2021-01-08 03:30:00,0.0,0.0,0.0,0.0,3,4,0,0
2021-01-08 03:31:00,0.0,0.0,0.0,0.0,3,4,0,0
2021-01-08 03:32:00,0.0,0.0,0.0,0.0,3,4,0,0
2021-01-08 03:33:00,2.0,0.1165,0.03323401871576774,0.0,3,4,0,0
2021-01-08 03:34:00,0.0,0.0,0.0,0.0,3,4,0,0
2021-01-08 03:35:00,0.0,0.0,0.0,0.0,3,4,0,0
2021-01-08 03:36:00,0.0,0.0,0.0,0.0,3,4,0,0
2021-01-08 03:37:00,2.0,0.11,0.021213203435596427,0.0,3,4,0,0
2021-01-08 03:38:00,2.0,0.11599999999999999,0.00989949493661166,0.0,3,4,0,0
2021-01-08 03:39:00,2.0,0.1315,0.031819805153394644,0.0,3,4,0,0
2021-01-08 03:40:00,0.0,0.0,0.0,0.0,3,4,0,0
2021-01-08 03:41:00,0.0,0.0,0.0,0.0,3,4,0,0
2021-01-08 03:42:00,0.0,0.0,0.0,0.0,3,4,0,0
2021-01-08 03:43:00,0.0,0.0,0.0,0.0,3,4,0,0
2021-01-08 03:44:00,1.0,0.14,0.0,0.0,3,4,0,0
2021-01-08 03:45:00,0.0,0.0,0.0,0.0,3,4,0,0
2021-01-08 03:46:00,0.0,0.0,0.0,0.0,3,4,0,0
2021-01-08 03:47:00,1.0,0.14,0.0,0.0,3,4,0,0
2021-01-08 03:48:00,0.0,0.0,0.0,0.0,3,4,0,0
2021-01-08 03:49:00,1.0,0.109,0.0,0.0,3,4,0,0
2021-01-08 03:50:00,0.0,0.0,0.0,0.0,3,4,0,0
2021-01-08 03:51:00,0.0,0.0,0.0,0.0,3,4,0,0
2021-01-08 03:52:00,2.0,0.0935,0.021920310216782972,0.0,3,4,0,0
2021-01-08 03:53:00,0.0,0.0,0.0,0.0,3,4,0,0
2021-01-08 03:54:00,0.0,0.0,0.0,0.0,3,4,0,0
2021-01-08 03:55:00,1.0,0.078,0.0,0.0,3,4,0,0
2021-01-08 03:56:00,0.0,0.0,0.0,0.0,3,4,0,0
2021-01-08 03:57:00,0.0,0.0,0.0,0.0,3,4,0,0
2021-01-08 03:58:00,0.0,0.0,0.0,0.0,3,4,0,0
2021-01-08 03:59:00,0.0,0.0,0.0,0.0,3,4,0,0
2021-01-08 04:00:00,0.0,0.0,0.0,0.0,4,4,0,0
2021-01-08 04:01:00,0.0,0.0,0.0,0.0,4,4,0,0
2021-01-08 04:02:00,1.0,0.093,0.0,0.0,4,4,0,0
2021-01-08 04:03:00,0.0,0.0,0.0,0.0,4,4,0,0
2021-01-08 04:04:00,3.0,0.17066666666666666,0.08720282870029696,0.0,4,4,0,0
2021-01-08 04:05:00,1.0,0.14,0.0,0.0,4,4,0,0
2021-01-08 04:06:00,1.0,0.156,0.0,0.0,4,4,0,0
2021-01-08 04:07:00,0.0,0.0,0.0,0.0,4,4,0,0
2021-01-08 04:08:00,1.0,0.188,0.0,0.0,4,4,0,0
2021-01-08 04:09:00,0.0,0.0,0.0,0.0,4,4,0,0
2021-01-08 04:10:00,1.0,0.11,0.0,0.0,4,4,0,0
2021-01-08 04:11:00,1.0,0.124,0.0,0.0,4,4,0,0
2021-01-08 04:12:00,0.0,0.0,0.0,0.0,4,4,0,0
2021-01-08 04:13:00,0.0,0.0,0.0,0.0,4,4,0,0
2021-01-08 04:14:00,1.0,0.125,0.0,0.0,4,4,0,0
2021-01-08 04:15:00,0.0,0.0,0.0,0.0,4,4,0,0
2021-01-08 04:16:00,0.0,0.0,0.0,0.0,4,4,0,0
2021-01-08 04:17:00,0.0,0.0,0.0,0.0,4,4,0,0
2021-01-08 04:18:00,0.0,0.0,0.0,0.0,4,4,0,0
2021-01-08 04:19:00,2.0,0.307,0.23475945135393378,0.0,4,4,0,0
2021-01-08 04:20:00,1.0,0.093,0.0,0.0,4,4,0,0
2021-01-08 04:21:00,2.0,0.11699999999999999,0.011313708498984755,0.0,4,4,0,0
2021-01-08 04:22:00,2.0,0.1635,0.010606601717798222,0.0,4,4,0,0
2021-01-08 04:23:00,3.0,0.09300000000000001,0.0,0.0,4,4,0,0
2021-01-08 04:24:00,4.0,0.1205,0.03241913015489466,0.0,4,4,0,0
2021-01-08 04:25:00,0.0,0.0,0.0,0.0,4,4,0,0
2021-01-08 04:26:00,3.0,0.12966666666666668,0.05029247790011278,0.0,4,4,0,0
2021-01-08 04:27:00,2.0,0.15550000000000003,0.02192031021678296,0.0,4,4,0,0
2021-01-08 04:28:00,1.0,0.124,0.0,0.0,4,4,0,0
2021-01-08 04:29:00,2.0,0.093,0.0,0.0,4,4,0,0
2021-01-08 04:30:00,0.0,0.0,0.0,0.0,4,4,0,0
2021-01-08 04:31:00,3.0,0.11866666666666666,0.04026578365477733,0.0,4,4,0,0
2021-01-08 04:32:00,0.0,0.0,0.0,0.0,4,4,0,0
2021-01-08 04:33:00,0.0,0.0,0.0,0.0,4,4,0,0
2021-01-08 04:34:00,1.0,0.14,0.0,0.0,4,4,0,0
2021-01-08 04:35:00,0.0,0.0,0.0,0.0,4,4,0,0
2021-01-08 04:36:00,0.0,0.0,0.0,0.0,4,4,0,0
2021-01-08 04:37:00,0.0,0.0,0.0,0.0,4,4,0,0
2021-01-08 04:38:00,0.0,0.0,0.0,0.0,4,4,0,0
2021-01-08 04:39:00,0.0,0.0,0.0,0.0,4,4,0,0
2021-01-08 04:40:00,0.0,0.0,0.0,0.0,4,4,0,0
2021-01-08 04:41:00,1.0,0.181,0.0,0.0,4,4,0,0
2021-01-08 04:42:00,1.0,0.419,0.0,0.0,4,4,0,0
2021-01-08 04:43:00,0.0,0.0,0.0,0.0,4,4,0,0
2021-01-08 04:44:00,0.0,0.0,0.0,0.0,4,4,0,0
2021-01-08 04:45:00,0.0,0.0,0.0,0.0,4,4,0,0
2021-01-08 04:46:00,0.0,0.0,0.0,0.0,4,4,0,0
2021-01-08 04:47:00,1.0,0.119,0.0,0.0,4,4,0,0
2021-01-08 04:48:00,0.0,0.0,0.0,0.0,4,4,0,0
2021-01-08 04:49:00,0.0,0.0,0.0,0.0,4,4,0,0
2021-01-08 04:50:00,0.0,0.0,0.0,0.0,4,4,0,0
2021-01-08 04:51:00,1.0,0.093,0.0,0.0,4,4,0,0
2021-01-08 04:52:00,2.0,0.1165,0.03323401871576774,0.0,4,4,0,0
2021-01-08 04:53:00,1.0,0.125,0.0,0.0,4,4,0,0
2021-01-08 04:54:00,0.0,0.0,0.0,0.0,4,4,0,0
2021-01-08 04:55:00,2.0,0.1165,0.03323401871576774,0.0,4,4,0,0
2021-01-08 04:56:00,0.0,0.0,0.0,0.0,4,4,0,0
2021-01-08 04:57:00,1.0,0.093,0.0,0.0,4,4,0,0
2021-01-08 04:58:00,1.0,0.128,0.0,0.0,4,4,0,0
2021-01-08 04:59:00,1.0,0.079,0.0,0.0,4,4,0,0
2021-01-08 05:00:00,1.0,0.093,0.0,0.0,5,4,0,0
2021-01-08 05:01:00,0.0,0.0,0.0,0.0,5,4,0,0
2021-01-08 05:02:00,0.0,0.0,0.0,0.0,5,4,0,0
2021-01-08 05:03:00,1.0,0.124,0.0,0.0,5,4,0,0
2021-01-08 05:04:00,1.0,0.064,0.0,0.0,5,4,0,0
2021-01-08 05:05:00,0.0,0.0,0.0,0.0,5,4,0,0
2021-01-08 05:06:00,0.0,0.0,0.0,0.0,5,4,0,0
2021-01-08 05:07:00,1.0,0.078,0.0,0.0,5,4,0,0
2021-01-08 05:08:00,0.0,0.0,0.0,0.0,5,4,0,0
2021-01-08 05:09:00,0.0,0.0,0.0,0.0,5,4,0,0
2021-01-08 05:10:00,0.0,0.0,0.0,0.0,5,4,0,0
2021-01-08 05:11:00,1.0,0.14,0.0,0.0,5,4,0,0
2021-01-08 05:12:00,2.0,0.179,0.055154328932550685,0.0,5,4,0,0
2021-01-08 05:13:00,1.0,0.109,0.0,0.0,5,4,0,0
2021-01-08 05:14:00,1.0,0.109,0.0,0.0,5,4,0,0
2021-01-08 05:15:00,1.0,0.082,0.0,0.0,5,4,0,0
2021-01-08 05:16:00,1.0,0.109,0.0,0.0,5,4,0,0
2021-01-08 05:17:00,0.0,0.0,0.0,0.0,5,4,0,0
2021-01-08 05:18:00,2.0,0.0935,0.021920310216782972,0.0,5,4,0,0
2021-01-08 05:19:00,1.0,0.125,0.0,0.0,5,4,0,0
2021-01-08 05:20:00,2.0,0.1855,0.10818733752154178,0.0,5,4,0,0
2021-01-08 05:21:00,0.0,0.0,0.0,0.0,5,4,0,0
2021-01-08 05:22:00,1.0,0.078,0.0,0.0,5,4,0,0
2021-01-08 05:23:00,1.0,0.109,0.0,0.0,5,4,0,0
2021-01-08 05:24:00,0.0,0.0,0.0,0.0,5,4,0,0
2021-01-08 05:25:00,0.0,0.0,0.0,0.0,5,4,0,0
2021-01-08 05:26:00,0.0,0.0,0.0,0.0,5,4,0,0
2021-01-08 05:27:00,0.0,0.0,0.0,0.0,5,4,0,0
2021-01-08 05:28:00,1.0,0.109,0.0,0.0,5,4,0,0
2021-01-08 05:29:00,0.0,0.0,0.0,0.0,5,4,0,0
2021-01-08 05:30:00,0.0,0.0,0.0,0.0,5,4,0,0
2021-01-08 05:31:00,1.0,0.109,0.0,0.0,5,4,0,0
2021-01-08 05:32:00,1.0,0.093,0.0,0.0,5,4,0,0
2021-01-08 05:33:00,1.0,0.14,0.0,0.0,5,4,0,0
2021-01-08 05:34:00,1.0,0.077,0.0,0.0,5,4,0,0
2021-01-08 05:35:00,2.0,0.11599999999999999,0.0565685424949238,0.0,5,4,0,0
2021-01-08 05:36:00,1.0,0.093,0.0,0.0,5,4,0,0
2021-01-08 05:37:00,0.0,0.0,0.0,0.0,5,4,0,0
2021-01-08 05:38:00,0.0,0.0,0.0,0.0,5,4,0,0
2021-01-08 05:39:00,0.0,0.0,0.0,0.0,5,4,0,0
2021-01-08 05:40:00,0.0,0.0,0.0,0.0,5,4,0,0
2021-01-08 05:41:00,1.0,0.124,0.0,0.0,5,4,0,0
2021-01-08 05:42:00,1.0,0.468,0.0,0.0,5,4,0,0
2021-01-08 05:43:00,2.0,0.14350000000000002,0.004949747468305807,0.0,5,4,0,0
2021-01-08 05:44:00,2.0,0.08549999999999999,0.010606601717798208,0.0,5,4,0,0
2021-01-08 05:45:00,0.0,0.0,0.0,0.0,5,4,0,0
2021-01-08 05:46:00,0.0,0.0,0.0,0.0,5,4,0,0
2021-01-08 05:47:00,1.0,0.14,0.0,0.0,5,4,0,0
2021-01-08 05:48:00,0.0,0.0,0.0,0.0,5,4,0,0
2021-01-08 05:49:00,1.0,0.062,0.0,0.0,5,4,0,0
2021-01-08 05:50:00,0.0,0.0,0.0,0.0,5,4,0,0
2021-01-08 05:51:00,0.0,0.0,0.0,0.0,5,4,0,0
2021-01-08 05:52:00,0.0,0.0,0.0,0.0,5,4,0,0
2021-01-08 05:53:00,0.0,0.0,0.0,0.0,5,4,0,0
2021-01-08 05:54:00,0.0,0.0,0.0,0.0,5,4,0,0
2021-01-08 05:55:00,1.0,0.109,0.0,0.0,5,4,0,0
2021-01-08 05:56:00,0.0,0.0,0.0,0.0,5,4,0,0
2021-01-08 05:57:00,0.0,0.0,0.0,0.0,5,4,0,0
2021-01-08 05:58:00,2.0,0.14750000000000002,0.033234018715767755,0.0,5,4,0,0
2021-01-08 05:59:00,1.0,0.109,0.0,0.0,5,4,0,0
2021-01-08 06:00:00,1.0,0.078,0.0,0.0,6,4,0,0
2021-01-08 06:01:00,0.0,0.0,0.0,0.0,6,4,0,0
2021-01-08 06:02:00,0.0,0.0,0.0,0.0,6,4,0,0
2021-01-08 06:03:00,1.0,0.093,0.0,0.0,6,4,0,0
2021-01-08 06:04:00,0.0,0.0,0.0,0.0,6,4,0,0
2021-01-08 06:05:00,1.0,0.093,0.0,0.0,6,4,0,0
2021-01-08 06:06:00,0.0,0.0,0.0,0.0,6,4,0,0
2021-01-08 06:07:00,0.0,0.0,0.0,0.0,6,4,0,0
2021-01-08 06:08:00,0.0,0.0,0.0,0.0,6,4,0,0
2021-01-08 06:09:00,1.0,0.128,0.0,0.0,6,4,0,0
2021-01-08 06:10:00,2.0,0.109,0.02262741699796952,0.0,6,4,0,0
2021-01-08 06:11:00,0.0,0.0,0.0,0.0,6,4,0,0
2021-01-08 06:12:00,2.0,0.21849999999999997,0.1774838020778234,0.0,6,4,0,0
2021-01-08 06:13:00,0.0,0.0,0.0,0.0,6,4,0,0
2021-01-08 06:14:00,1.0,0.109,0.0,0.0,6,4,0,0
2021-01-08 06:15:00,0.0,0.0,0.0,0.0,6,4,0,0
2021-01-08 06:16:00,0.0,0.0,0.0,0.0,6,4,0,0
2021-01-08 06:17:00,0.0,0.0,0.0,0.0,6,4,0,0
2021-01-08 06:18:00,0.0,0.0,0.0,0.0,6,4,0,0
2021-01-08 06:19:00,0.0,0.0,0.0,0.0,6,4,0,0
2021-01-08 06:20:00,0.0,0.0,0.0,0.0,6,4,0,0
2021-01-08 06:21:00,0.0,0.0,0.0,0.0,6,4,0,0
2021-01-08 06:22:00,0.0,0.0,0.0,0.0,6,4,0,0
2021-01-08 06:23:00,0.0,0.0,0.0,0.0,6,4,0,0
2021-01-08 06:24:00,0.0,0.0,0.0,0.0,6,4,0,0
2021-01-08 06:25:00,0.0,0.0,0.0,0.0,6,4,0,0
2021-01-08 06:26:00,0.0,0.0,0.0,0.0,6,4,0,0
2021-01-08 06:27:00,0.0,0.0,0.0,0.0,6,4,0,0
2021-01-08 06:28:00,0.0,0.0,0.0,0.0,6,4,0,0
2021-01-08 06:29:00,2.0,0.0935,0.021920310216782972,1.0,6,4,0,0
2021-01-08 06:30:00,1.0,0.078,0.0,0.0,6,4,0,0
2021-01-08 06:31:00,1.0,0.244,0.0,0.0,6,4,0,0
2021-01-08 06:32:00,1.0,0.123,0.0,0.0,6,4,0,0
2021-01-08 06:33:00,0.0,0.0,0.0,0.0,6,4,0,0
2021-01-08 06:34:00,2.0,0.101,0.03252691193458118,0.0,6,4,0,0
2021-01-08 06:35:00,0.0,0.0,0.0,0.0,6,4,0,0
2021-01-08 06:36:00,0.0,0.0,0.0,0.0,6,4,0,0
2021-01-08 06:37:00,1.0,0.157,0.0,0.0,6,4,0,0
2021-01-08 06:38:00,1.0,0.078,0.0,0.0,6,4,0,0
2021-01-08 06:39:00,0.0,0.0,0.0,0.0,6,4,0,0
2021-01-08 06:40:00,1.0,0.093,0.0,0.0,6,4,0,0
2021-01-08 06:41:00,1.0,0.312,0.0,0.0,6,4,0,0
2021-01-08 06:42:00,0.0,0.0,0.0,0.0,6,4,0,0
2021-01-08 06:43:00,0.0,0.0,0.0,0.0,6,4,0,0
2021-01-08 06:44:00,2.0,0.11649999999999999,0.010606601717798208,0.0,6,4,0,0
2021-01-08 06:45:00,1.0,0.109,0.0,0.0,6,4,0,0
2021-01-08 06:46:00,0.0,0.0,0.0,0.0,6,4,0,0
2021-01-08 06:47:00,0.0,0.0,0.0,0.0,6,4,0,0
2021-01-08 06:48:00,0.0,0.0,0.0,0.0,6,4,0,0
2021-01-08 06:49:00,1.0,0.077,0.0,0.0,6,4,0,0
2021-01-08 06:50:00,0.0,0.0,0.0,0.0,6,4,0,0
2021-01-08 06:51:00,0.0,0.0,0.0,0.0,6,4,0,0
2021-01-08 06:52:00,2.0,0.0895,0.004949747468305837,0.0,6,4,0,0
2021-01-08 06:53:00,0.0,0.0,0.0,0.0,6,4,0,0
2021-01-08 06:54:00,1.0,0.124,0.0,0.0,6,4,0,0
2021-01-08 06:55:00,1.0,0.392,0.0,0.0,6,4,0,0
2021-01-08 06:56:00,2.0,0.08549999999999999,0.03323401871576773,0.0,6,4,0,0
2021-01-08 06:57:00,0.0,0.0,0.0,0.0,6,4,0,0
2021-01-08 06:58:00,0.0,0.0,0.0,0.0,6,4,0,0
2021-01-08 06:59:00,0.0,0.0,0.0,0.0,6,4,0,0
2021-01-08 07:00:00,1.0,0.124,0.0,0.0,7,4,0,0
2021-01-08 07:01:00,1.0,0.065,0.0,0.0,7,4,0,0
2021-01-08 07:02:00,0.0,0.0,0.0,0.0,7,4,0,0
2021-01-08 07:03:00,0.0,0.0,0.0,0.0,7,4,0,0
2021-01-08 07:04:00,0.0,0.0,0.0,0.0,7,4,0,0
2021-01-08 07:05:00,0.0,0.0,0.0,0.0,7,4,0,0
2021-01-08 07:06:00,0.0,0.0,0.0,0.0,7,4,0,0
2021-01-08 07:07:00,0.0,0.0,0.0,0.0,7,4,0,0
2021-01-08 07:08:00,0.0,0.0,0.0,0.0,7,4,0,0
2021-01-08 07:09:00,0.0,0.0,0.0,0.0,7,4,0,0
2021-01-08 07:10:00,0.0,0.0,0.0,0.0,7,4,0,0
2021-01-08 07:11:00,0.0,0.0,0.0,0.0,7,4,0,0
2021-01-08 07:12:00,1.0,0.078,0.0,1.0,7,4,0,0
2021-01-08 07:13:00,1.0,0.088,0.0,0.0,7,4,0,0
2021-01-08 07:14:00,1.0,0.093,0.0,0.0,7,4,0,0
2021-01-08 07:15:00,1.0,0.093,0.0,0.0,7,4,0,0
2021-01-08 07:16:00,1.0,0.093,0.0,0.0,7,4,0,0
2021-01-08 07:17:00,2.0,0.22549999999999998,0.1873832970144351,0.0,7,4,0,0
2021-01-08 07:18:00,0.0,0.0,0.0,0.0,7,4,0,0
2021-01-08 07:19:00,1.0,0.289,0.0,0.0,7,4,0,0
2021-01-08 07:20:00,0.0,0.0,0.0,0.0,7,4,0,0
2021-01-08 07:21:00,0.0,0.0,0.0,0.0,7,4,0,0
2021-01-08 07:22:00,0.0,0.0,0.0,0.0,7,4,0,0
2021-01-08 07:23:00,1.0,0.157,0.0,0.0,7,4,0,0
2021-01-08 07:24:00,0.0,0.0,0.0,0.0,7,4,0,0
2021-01-08 07:25:00,0.0,0.0,0.0,0.0,7,4,0,0
2021-01-08 07:26:00,0.0,0.0,0.0,0.0,7,4,0,0
2021-01-08 07:27:00,0.0,0.0,0.0,0.0,7,4,0,0
2021-01-08 07:28:00,0.0,0.0,0.0,0.0,7,4,0,0
2021-01-08 07:29:00,1.0,0.124,0.0,0.0,7,4,0,0
2021-01-08 07:30:00,0.0,0.0,0.0,0.0,7,4,0,0
2021-01-08 07:31:00,1.0,0.093,0.0,0.0,7,4,0,0
2021-01-08 07:32:00,0.0,0.0,0.0,0.0,7,4,0,0
2021-01-08 07:33:00,0.0,0.0,0.0,0.0,7,4,0,0
2021-01-08 07:34:00,1.0,0.078,0.0,0.0,7,4,0,0
2021-01-08 07:35:00,0.0,0.0,0.0,0.0,7,4,0,0
2021-01-08 07:36:00,0.0,0.0,0.0,0.0,7,4,0,0
2021-01-08 07:37:00,0.0,0.0,0.0,0.0,7,4,0,0
2021-01-08 07:38:00,0.0,0.0,0.0,0.0,7,4,0,0
2021-01-08 07:39:00,0.0,0.0,0.0,0.0,7,4,0,0
2021-01-08 07:40:00,0.0,0.0,0.0,0.0,7,4,0,0
2021-01-08 07:41:00,1.0,0.14,0.0,0.0,7,4,0,0
2021-01-08 07:42:00,1.0,0.078,0.0,0.0,7,4,0,0
2021-01-08 07:43:00,2.0,0.101,0.011313708498984765,0.0,7,4,0,0
2021-01-08 07:44:00,1.0,0.206,0.0,0.0,7,4,0,0
2021-01-08 07:45:00,1.0,0.109,0.0,0.0,7,4,0,0
2021-01-08 07:46:00,0.0,0.0,0.0,0.0,7,4,0,0
2021-01-08 07:47:00,1.0,0.109,0.0,0.0,7,4,0,0
2021-01-08 07:48:00,0.0,0.0,0.0,0.0,7,4,0,0
2021-01-08 07:49:00,1.0,0.125,0.0,0.0,7,4,0,0
2021-01-08 07:50:00,1.0,0.093,0.0,0.0,7,4,0,0
2021-01-08 07:51:00,1.0,0.14,0.0,0.0,7,4,0,0
2021-01-08 07:52:00,1.0,0.093,0.0,0.0,7,4,0,0
2021-01-08 07:53:00,0.0,0.0,0.0,0.0,7,4,0,0
2021-01-08 07:54:00,0.0,0.0,0.0,0.0,7,4,0,0
2021-01-08 07:55:00,1.0,0.093,0.0,0.0,7,4,0,0
2021-01-08 07:56:00,0.0,0.0,0.0,0.0,7,4,0,0
2021-01-08 07:57:00,0.0,0.0,0.0,0.0,7,4,0,0
2021-01-08 07:58:00,1.0,0.109,0.0,0.0,7,4,0,0
2021-01-08 07:59:00,0.0,0.0,0.0,0.0,7,4,0,0
2021-01-08 08:00:00,1.0,0.109,0.0,0.0,8,4,0,0
2021-01-08 08:01:00,1.0,0.124,0.0,0.0,8,4,0,0
2021-01-08 08:02:00,1.0,0.124,0.0,0.0,8,4,0,0
2021-01-08 08:03:00,1.0,0.703,0.0,0.0,8,4,0,0
2021-01-08 08:04:00,1.0,0.596,0.0,0.0,8,4,0,0
2021-01-08 08:05:00,1.0,0.14,0.0,0.0,8,4,0,0
2021-01-08 08:06:00,1.0,0.109,0.0,0.0,8,4,0,0
2021-01-08 08:07:00,1.0,0.093,0.0,0.0,8,4,0,0
2021-01-08 08:08:00,1.0,0.09,0.0,0.0,8,4,0,0
2021-01-08 08:09:00,0.0,0.0,0.0,0.0,8,4,0,0
2021-01-08 08:10:00,0.0,0.0,0.0,0.0,8,4,0,0
2021-01-08 08:11:00,1.0,0.109,0.0,0.0,8,4,0,0
2021-01-08 08:12:00,0.0,0.0,0.0,0.0,8,4,0,0
2021-01-08 08:13:00,1.0,0.109,0.0,0.0,8,4,0,0
2021-01-08 08:14:00,0.0,0.0,0.0,0.0,8,4,0,0
2021-01-08 08:15:00,1.0,0.125,0.0,0.0,8,4,0,0
2021-01-08 08:16:00,1.0,0.109,0.0,0.0,8,4,0,0
2021-01-08 08:17:00,0.0,0.0,0.0,0.0,8,4,0,0
2021-01-08 08:18:00,0.0,0.0,0.0,0.0,8,4,0,0
2021-01-08 08:19:00,0.0,0.0,0.0,0.0,8,4,0,0
2021-01-08 08:20:00,2.0,0.14200000000000002,0.06363961030678926,0.0,8,4,0,0
2021-01-08 08:21:00,0.0,0.0,0.0,0.0,8,4,0,0
2021-01-08 08:22:00,2.0,0.16399999999999998,0.10040916292848975,0.0,8,4,0,0
2021-01-08 08:23:00,1.0,0.097,0.0,0.0,8,4,0,0
2021-01-08 08:24:00,0.0,0.0,0.0,0.0,8,4,0,0
2021-01-08 08:25:00,1.0,0.109,0.0,0.0,8,4,0,0
2021-01-08 08:26:00,0.0,0.0,0.0,0.0,8,4,0,0
2021-01-08 08:27:00,0.0,0.0,0.0,0.0,8,4,0,0
2021-01-08 08:28:00,0.0,0.0,0.0,0.0,8,4,0,0
2021-01-08 08:29:00,1.0,0.078,0.0,0.0,8,4,0,0
2021-01-08 08:30:00,0.0,0.0,0.0,0.0,8,4,0,0
2021-01-08 08:31:00,0.0,0.0,0.0,0.0,8,4,0,0
2021-01-08 08:32:00,0.0,0.0,0.0,0.0,8,4,0,0
2021-01-08 08:33:00,0.0,0.0,0.0,0.0,8,4,0,0
2021-01-08 08:34:00,0.0,0.0,0.0,0.0,8,4,0,0
2021-01-08 08:35:00,0.0,0.0,0.0,0.0,8,4,0,0
2021-01-08 08:36:00,1.0,0.062,0.0,0.0,8,4,0,0
2021-01-08 08:37:00,1.0,0.093,0.0,0.0,8,4,0,0
2021-01-08 08:38:00,0.0,0.0,0.0,0.0,8,4,0,0
2021-01-08 08:39:00,0.0,0.0,0.0,0.0,8,4,0,0
2021-01-08 08:40:00,0.0,0.0,0.0,0.0,8,4,0,0
2021-01-08 08:41:00,0.0,0.0,0.0,0.0,8,4,0,0
2021-01-08 08:42:00,1.0,0.14,0.0,0.0,8,4,0,0
2021-01-08 08:43:00,0.0,0.0,0.0,0.0,8,4,0,0
2021-01-08 08:44:00,1.0,0.122,0.0,0.0,8,4,0,0
2021-01-08 08:45:00,0.0,0.0,0.0,0.0,8,4,0,0
2021-01-08 08:46:00,0.0,0.0,0.0,0.0,8,4,0,0
2021-01-08 08:47:00,0.0,0.0,0.0,0.0,8,4,0,0
2021-01-08 08:48:00,0.0,0.0,0.0,0.0,8,4,0,0
2021-01-08 08:49:00,0.0,0.0,0.0,0.0,8,4,0,0
2021-01-08 08:50:00,0.0,0.0,0.0,0.0,8,4,0,0
2021-01-08 08:51:00,0.0,0.0,0.0,0.0,8,4,0,0
2021-01-08 08:52:00,0.0,0.0,0.0,0.0,8,4,0,0
2021-01-08 08:53:00,1.0,0.093,0.0,0.0,8,4,0,0
2021-01-08 08:54:00,0.0,0.0,0.0,0.0,8,4,0,0
2021-01-08 08:55:00,2.0,0.2675,0.2467802666341051,0.0,8,4,0,0
2021-01-08 08:56:00,1.0,0.252,0.0,0.0,8,4,0,0
2021-01-08 08:57:00,0.0,0.0,0.0,0.0,8,4,0,0
2021-01-08 08:58:00,0.0,0.0,0.0,0.0,8,4,0,0
2021-01-08 08:59:00,0.0,0.0,0.0,0.0,8,4,0,0
2021-01-08 09:00:00,0.0,0.0,0.0,0.0,9,4,1,0
2021-01-08 09:01:00,1.0,0.093,0.0,0.0,9,4,1,0
2021-01-08 09:02:00,1.0,0.14,0.0,0.0,9,4,1,0
2021-01-08 09:03:00,0.0,0.0,0.0,0.0,9,4,1,0
2021-01-08 09:04:00,0.0,0.0,0.0,0.0,9,4,1,0
2021-01-08 09:05:00,0.0,0.0,0.0,0.0,9,4,1,0
2021-01-08 09:06:00,0.0,0.0,0.0,0.0,9,4,1,0
2021-01-08 09:07:00,0.0,0.0,0.0,0.0,9,4,1,0
2021-01-08 09:08:00,0.0,0.0,0.0,0.0,9,4,1,0
2021-01-08 09:09:00,0.0,0.0,0.0,0.0,9,4,1,0
2021-01-08 09:10:00,0.0,0.0,0.0,0.0,9,4,1,0
2021-01-08 09:11:00,0.0,0.0,0.0,0.0,9,4,1,0
2021-01-08 09:12:00,1.0,0.203,0.0,0.0,9,4,1,0
2021-01-08 09:13:00,1.0,0.087,0.0,0.0,9,4,1,0
2021-01-08 09:14:00,0.0,0.0,0.0,0.0,9,4,1,0
2021-01-08 09:15:00,0.0,0.0,0.0,0.0,9,4,1,0
2021-01-08 09:16:00,0.0,0.0,0.0,0.0,9,4,1,0
2021-01-08 09:17:00,0.0,0.0,0.0,0.0,9,4,1,0
2021-01-08 09:18:00,1.0,0.109,0.0,0.0,9,4,1,0
2021-01-08 09:19:00,0.0,0.0,0.0,0.0,9,4,1,0
2021-01-08 09:20:00,0.0,0.0,0.0,0.0,9,4,1,0
2021-01-08 09:21:00,1.0,0.109,0.0,0.0,9,4,1,0
2021-01-08 09:22:00,0.0,0.0,0.0,0.0,9,4,1,0
2021-01-08 09:23:00,0.0,0.0,0.0,0.0,9,4,1,0
2021-01-08 09:24:00,0.0,0.0,0.0,0.0,9,4,1,0
2021-01-08 09:25:00,2.0,0.242,0.18809040379562167,0.0,9,4,1,0
2021-01-08 09:26:00,0.0,0.0,0.0,0.0,9,4,1,0
2021-01-08 09:27:00,0.0,0.0,0.0,0.0,9,4,1,0
2021-01-08 09:28:00,0.0,0.0,0.0,0.0,9,4,1,0
2021-01-08 09:29:00,1.0,0.109,0.0,0.0,9,4,1,0
2021-01-08 09:30:00,0.0,0.0,0.0,0.0,9,4,1,0
2021-01-08 09:31:00,0.0,0.0,0.0,0.0,9,4,1,0
2021-01-08 09:32:00,1.0,0.109,0.0,0.0,9,4,1,0
2021-01-08 09:33:00,0.0,0.0,0.0,0.0,9,4,1,0
2021-01-08 09:34:00,0.0,0.0,0.0,0.0,9,4,1,0
2021-01-08 09:35:00,0.0,0.0,0.0,0.0,9,4,1,0
2021-01-08 09:36:00,0.0,0.0,0.0,0.0,9,4,1,0
2021-01-08 09:37:00,1.0,0.077,0.0,0.0,9,4,1,0
2021-01-08 09:38:00,0.0,0.0,0.0,0.0,9,4,1,0
2021-01-08 09:39:00,0.0,0.0,0.0,0.0,9,4,1,0
2021-01-08 09:40:00,0.0,0.0,0.0,0.0,9,4,1,0
2021-01-08 09:41:00,0.0,0.0,0.0,0.0,9,4,1,0
2021-01-08 09:42:00,0.0,0.0,0.0,0.0,9,4,1,0
2021-01-08 09:43:00,0.0,0.0,0.0,0.0,9,4,1,0
2021-01-08 09:44:00,0.0,0.0,0.0,0.0,9,4,1,0
2021-01-08 09:45:00,1.0,0.125,0.0,0.0,9,4,1,0
2021-01-08 09:46:00,0.0,0.0,0.0,0.0,9,4,1,0
2021-01-08 09:47:00,0.0,0.0,0.0,0.0,9,4,1,0
2021-01-08 09:48:00,0.0,0.0,0.0,0.0,9,4,1,0
2021-01-08 09:49:00,0.0,0.0,0.0,0.0,9,4,1,0
2021-01-08 09:50:00,0.0,0.0,0.0,0.0,9,4,1,0
2021-01-08 09:51:00,0.0,0.0,0.0,0.0,9,4,1,0
2021-01-08 09:52:00,1.0,0.109,0.0,0.0,9,4,1,0
2021-01-08 09:53:00,0.0,0.0,0.0,0.0,9,4,1,0
2021-01-08 09:54:00,0.0,0.0,0.0,0.0,9,4,1,0
2021-01-08 09:55:00,0.0,0.0,0.0,0.0,9,4,1,0
2021-01-08 09:56:00,0.0,0.0,0.0,0.0,9,4,1,0
2021-01-08 09:57:00,0.0,0.0,0.0,0.0,9,4,1,0
2021-01-08 09:58:00,0.0,0.0,0.0,0.0,9,4,1,0
2021-01-08 09:59:00,0.0,0.0,0.0,0.0,9,4,1,0
2021-01-08 10:00:00,1.0,0.111,0.0,0.0,10,4,1,0
2021-01-08 10:01:00,0.0,0.0,0.0,0.0,10,4,1,0
2021-01-08 10:02:00,0.0,0.0,0.0,0.0,10,4,1,0
2021-01-08 10:03:00,0.0,0.0,0.0,0.0,10,4,1,0
2021-01-08 10:04:00,0.0,0.0,0.0,0.0,10,4,1,0
2021-01-08 10:05:00,0.0,0.0,0.0,0.0,10,4,1,0
2021-01-08 10:06:00,0.0,0.0,0.0,0.0,10,4,1,0
2021-01-08 10:07:00,0.0,0.0,0.0,0.0,10,4,1,0
2021-01-08 10:08:00,0.0,0.0,0.0,0.0,10,4,1,0
2021-01-08 10:09:00,0.0,0.0,0.0,0.0,10,4,1,0
2021-01-08 10:10:00,0.0,0.0,0.0,0.0,10,4,1,0
2021-01-08 10:11:00,0.0,0.0,0.0,0.0,10,4,1,0
2021-01-08 10:12:00,0.0,0.0,0.0,0.0,10,4,1,0
2021-01-08 10:13:00,0.0,0.0,0.0,0.0,10,4,1,0
2021-01-08 10:14:00,0.0,0.0,0.0,0.0,10,4,1,0
2021-01-08 10:15:00,0.0,0.0,0.0,0.0,10,4,1,0
2021-01-08 10:16:00,0.0,0.0,0.0,0.0,10,4,1,0
2021-01-08 10:17:00,4.0,0.3825,0.4226428752504886,1.0,10,4,1,0
2021-01-08 10:18:00,0.0,0.0,0.0,0.0,10,4,1,0
2021-01-08 10:19:00,0.0,0.0,0.0,0.0,10,4,1,0
2021-01-08 10:20:00,0.0,0.0,0.0,0.0,10,4,1,0
2021-01-08 10:21:00,0.0,0.0,0.0,0.0,10,4,1,0
2021-01-08 10:22:00,0.0,0.0,0.0,0.0,10,4,1,0
2021-01-08 10:23:00,0.0,0.0,0.0,0.0,10,4,1,0
2021-01-08 10:24:00,0.0,0.0,0.0,0.0,10,4,1,0
2021-01-08 10:25:00,1.0,0.093,0.0,0.0,10,4,1,0
2021-01-08 10:26:00,0.0,0.0,0.0,0.0,10,4,1,0
2021-01-08 10:27:00,0.0,0.0,0.0,0.0,10,4,1,0
2021-01-08 10:28:00,1.0,0.078,0.0,0.0,10,4,1,0
2021-01-08 10:29:00,1.0,0.093,0.0,0.0,10,4,1,0
2021-01-08 10:30:00,0.0,0.0,0.0,0.0,10,4,1,0
2021-01-08 10:31:00,0.0,0.0,0.0,0.0,10,4,1,0
2021-01-08 10:32:00,0.0,0.0,0.0,0.0,10,4,1,0
2021-01-08 10:33:00,0.0,0.0,0.0,0.0,10,4,1,0
2021-01-08 10:34:00,1.0,0.093,0.0,0.0,10,4,1,0
2021-01-08 10:35:00,1.0,0.426,0.0,0.0,10,4,1,0
2021-01-08 10:36:00,0.0,0.0,0.0,0.0,10,4,1,0
2021-01-08 10:37:00,0.0,0.0,0.0,0.0,10,4,1,0
2021-01-08 10:38:00,0.0,0.0,0.0,0.0,10,4,1,0
2021-01-08 10:39:00,0.0,0.0,0.0,0.0,10,4,1,0
2021-01-08 10:40:00,0.0,0.0,0.0,0.0,10,4,1,0
2021-01-08 10:41:00,0.0,0.0,0.0,0.0,10,4,1,0
2021-01-08 10:42:00,0.0,0.0,0.0,0.0,10,4,1,0
2021-01-08 10:43:00,0.0,0.0,0.0,0.0,10,4,1,0
2021-01-08 10:44:00,0.0,0.0,0.0,0.0,10,4,1,0
2021-01-08 10:45:00,0.0,0.0,0.0,0.0,10,4,1,0
2021-01-08 10:46:00,1.0,0.156,0.0,1.0,10,4,1,0
2021-01-08 10:47:00,1.0,0.218,0.0,0.0,10,4,1,0
2021-01-08 10:48:00,0.0,0.0,0.0,0.0,10,4,1,0
2021-01-08 10:49:00,0.0,0.0,0.0,0.0,10,4,1,0
2021-01-08 10:50:00,0.0,0.0,0.0,0.0,10,4,1,0
2021-01-08 10:51:00,0.0,0.0,0.0,0.0,10,4,1,0
2021-01-08 10:52:00,0.0,0.0,0.0,0.0,10,4,1,0
2021-01-08 10:53:00,0.0,0.0,0.0,0.0,10,4,1,0
2021-01-08 10:54:00,0.0,0.0,0.0,0.0,10,4,1,0
2021-01-08 10:55:00,0.0,0.0,0.0,0.0,10,4,1,0
2021-01-08 10:56:00,0.0,0.0,0.0,0.0,10,4,1,0
2021-01-08 10:57:00,0.0,0.0,0.0,0.0,10,4,1,0
2021-01-08 10:58:00,0.0,0.0,0.0,0.0,10,4,1,0
2021-01-08 10:59:00,0.0,0.0,0.0,0.0,10,4,1,0
2021-01-08 11:00:00,0.0,0.0,0.0,0.0,11,4,1,0
2021-01-08 11:01:00,0.0,0.0,0.0,0.0,11,4,1,0
2021-01-08 11:02:00,0.0,0.0,0.0,0.0,11,4,1,0
2021-01-08 11:03:00,0.0,0.0,0.0,0.0,11,4,1,0
2021-01-08 11:04:00,0.0,0.0,0.0,0.0,11,4,1,0
2021-01-08 11:05:00,0.0,0.0,0.0,0.0,11,4,1,0
2021-01-08 11:06:00,0.0,0.0,0.0,0.0,11,4,1,0
2021-01-08 11:07:00,0.0,0.0,0.0,0.0,11,4,1,0
2021-01-08 11:08:00,0.0,0.0,0.0,0.0,11,4,1,0
2021-01-08 11:09:00,0.0,0.0,0.0,0.0,11,4,1,0
2021-01-08 11:10:00,0.0,0.0,0.0,0.0,11,4,1,0
2021-01-08 11:11:00,0.0,0.0,0.0,0.0,11,4,1,0
2021-01-08 11:12:00,0.0,0.0,0.0,0.0,11,4,1,0
2021-01-08 11:13:00,0.0,0.0,0.0,0.0,11,4,1,0
2021-01-08 11:14:00,0.0,0.0,0.0,0.0,11,4,1,0
2021-01-08 11:15:00,0.0,0.0,0.0,0.0,11,4,1,0
2021-01-08 11:16:00,0.0,0.0,0.0,0.0,11,4,1,0
2021-01-08 11:17:00,0.0,0.0,0.0,0.0,11,4,1,0
2021-01-08 11:18:00,0.0,0.0,0.0,0.0,11,4,1,0
2021-01-08 11:19:00,0.0,0.0,0.0,0.0,11,4,1,0
2021-01-08 11:20:00,0.0,0.0,0.0,0.0,11,4,1,0
2021-01-08 11:21:00,0.0,0.0,0.0,0.0,11,4,1,0
2021-01-08 11:22:00,0.0,0.0,0.0,0.0,11,4,1,0
2021-01-08 11:23:00,0.0,0.0,0.0,0.0,11,4,1,0
2021-01-08 11:24:00,0.0,0.0,0.0,0.0,11,4,1,0
2021-01-08 11:25:00,0.0,0.0,0.0,0.0,11,4,1,0
2021-01-08 11:26:00,0.0,0.0,0.0,0.0,11,4,1,0
2021-01-08 11:27:00,0.0,0.0,0.0,0.0,11,4,1,0
2021-01-08 11:28:00,0.0,0.0,0.0,0.0,11,4,1,0
2021-01-08 11:29:00,0.0,0.0,0.0,0.0,11,4,1,0
2021-01-08 11:30:00,0.0,0.0,0.0,0.0,11,4,1,0
2021-01-08 11:31:00,0.0,0.0,0.0,0.0,11,4,1,0
2021-01-08 11:32:00,0.0,0.0,0.0,0.0,11,4,1,0
2021-01-08 11:33:00,0.0,0.0,0.0,0.0,11,4,1,0
2021-01-08 11:34:00,0.0,0.0,0.0,0.0,11,4,1,0
2021-01-08 11:35:00,1.0,0.249,0.0,1.0,11,4,1,0
2021-01-08 11:36:00,0.0,0.0,0.0,0.0,11,4,1,0
2021-01-08 11:37:00,0.0,0.0,0.0,0.0,11,4,1,0
2021-01-08 11:38:00,0.0,0.0,0.0,0.0,11,4,1,0
2021-01-08 11:39:00,0.0,0.0,0.0,0.0,11,4,1,0
2021-01-08 11:40:00,0.0,0.0,0.0,0.0,11,4,1,0
2021-01-08 11:41:00,0.0,0.0,0.0,0.0,11,4,1,0
2021-01-08 11:42:00,0.0,0.0,0.0,0.0,11,4,1,0
2021-01-08 11:43:00,0.0,0.0,0.0,0.0,11,4,1,0
2021-01-08 11:44:00,0.0,0.0,0.0,0.0,11,4,1,0
2021-01-08 11:45:00,0.0,0.0,0.0,0.0,11,4,1,0
2021-01-08 11:46:00,0.0,0.0,0.0,0.0,11,4,1,0
2021-01-08 11:47:00,0.0,0.0,0.0,0.0,11,4,1,0
2021-01-08 11:48:00,0.0,0.0,0.0,0.0,11,4,1,0
2021-01-08 11:49:00,0.0,0.0,0.0,0.0,11,4,1,0
2021-01-08 11:50:00,0.0,0.0,0.0,0.0,11,4,1,0
2021-01-08 11:51:00,0.0,0.0,0.0,0.0,11,4,1,0
2021-01-08 11:52:00,0.0,0.0,0.0,0.0,11,4,1,0
2021-01-08 11:53:00,0.0,0.0,0.0,0.0,11,4,1,0
2021-01-08 11:54:00,0.0,0.0,0.0,0.0,11,4,1,0
2021-01-08 11:55:00,0.0,0.0,0.0,0.0,11,4,1,0
2021-01-08 11:56:00,0.0,0.0,0.0,0.0,11,4,1,0
2021-01-08 11:57:00,0.0,0.0,0.0,0.0,11,4,1,0
2021-01-08 11:58:00,0.0,0.0,0.0,0.0,11,4,1,0
2021-01-08 11:59:00,0.0,0.0,0.0,0.0,11,4,1,0
2021-01-08 12:00:00,0.0,0.0,0.0,0.0,12,4,1,0
2021-01-08 12:01:00,0.0,0.0,0.0,0.0,12,4,1,0
2021-01-08 12:02:00,0.0,0.0,0.0,0.0,12,4,1,0
2021-01-08 12:03:00,0.0,0.0,0.0,0.0,12,4,1,0
2021-01-08 12:04:00,0.0,0.0,0.0,0.0,12,4,1,0
2021-01-08 12:05:00,0.0,0.0,0.0,0.0,12,4,1,0
2021-01-08 12:06:00,0.0,0.0,0.0,0.0,12,4,1,0
2021-01-08 12:07:00,0.0,0.0,0.0,0.0,12,4,1,0
2021-01-08 12:08:00,0.0,0.0,0.0,0.0,12,4,1,0
2021-01-08 12:09:00,0.0,0.0,0.0,0.0,12,4,1,0
2021-01-08 12:10:00,0.0,0.0,0.0,0.0,12,4,1,0
2021-01-08 12:11:00,0.0,0.0,0.0,0.0,12,4,1,0
2021-01-08 12:12:00,0.0,0.0,0.0,0.0,12,4,1,0
2021-01-08 12:13:00,0.0,0.0,0.0,0.0,12,4,1,0
2021-01-08 12:14:00,0.0,0.0,0.0,0.0,12,4,1,0
2021-01-08 12:15:00,0.0,0.0,0.0,0.0,12,4,1,0
2021-01-08 12:16:00,0.0,0.0,0.0,0.0,12,4,1,0
2021-01-08 12:17:00,0.0,0.0,0.0,0.0,12,4,1,0
2021-01-08 12:18:00,0.0,0.0,0.0,0.0,12,4,1,0
2021-01-08 12:19:00,0.0,0.0,0.0,0.0,12,4,1,0
2021-01-08 12:20:00,0.0,0.0,0.0,0.0,12,4,1,0
2021-01-08 12:21:00,0.0,0.0,0.0,0.0,12,4,1,0
2021-01-08 12:22:00,0.0,0.0,0.0,0.0,12,4,1,0
2021-01-08 12:23:00,0.0,0.0,0.0,0.0,12,4,1,0
2021-01-08 12:24:00,0.0,0.0,0.0,0.0,12,4,1,0
2021-01-08 12:25:00,0.0,0.0,0.0,0.0,12,4,1,0
2021-01-08 12:26:00,0.0,0.0,0.0,0.0,12,4,1,0
2021-01-08 12:27:00,0.0,0.0,0.0,0.0,12,4,1,0
2021-01-08 12:28:00,0.0,0.0,0.0,0.0,12,4,1,0
2021-01-08 12:29:00,0.0,0.0,0.0,0.0,12,4,1,0
2021-01-08 12:30:00,0.0,0.0,0.0,0.0,12,4,1,0
2021-01-08 12:31:00,0.0,0.0,0.0,0.0,12,4,1,0
2021-01-08 12:32:00,0.0,0.0,0.0,0.0,12,4,1,0
2021-01-08 12:33:00,0.0,0.0,0.0,0.0,12,4,1,0
2021-01-08 12:34:00,0.0,0.0,0.0,0.0,12,4,1,0
2021-01-08 12:35:00,0.0,0.0,0.0,0.0,12,4,1,0
2021-01-08 12:36:00,0.0,0.0,0.0,0.0,12,4,1,0
2021-01-08 12:37:00,0.0,0.0,0.0,0.0,12,4,1,0
2021-01-08 12:38:00,0.0,0.0,0.0,0.0,12,4,1,0
2021-01-08 12:39:00,0.0,0.0,0.0,0.0,12,4,1,0
2021-01-08 12:40:00,0.0,0.0,0.0,0.0,12,4,1,0
2021-01-08 12:41:00,0.0,0.0,0.0,0.0,12,4,1,0
2021-01-08 12:42:00,0.0,0.0,0.0,0.0,12,4,1,0
2021-01-08 12:43:00,0.0,0.0,0.0,0.0,12,4,1,0
2021-01-08 12:44:00,0.0,0.0,0.0,0.0,12,4,1,0
2021-01-08 12:45:00,0.0,0.0,0.0,0.0,12,4,1,0
2021-01-08 12:46:00,0.0,0.0,0.0,0.0,12,4,1,0
2021-01-08 12:47:00,0.0,0.0,0.0,0.0,12,4,1,0
2021-01-08 12:48:00,0.0,0.0,0.0,0.0,12,4,1,0
2021-01-08 12:49:00,0.0,0.0,0.0,0.0,12,4,1,0
2021-01-08 12:50:00,1.0,0.297,0.0,1.0,12,4,1,0
2021-01-08 12:51:00,0.0,0.0,0.0,0.0,12,4,1,0
2021-01-08 12:52:00,0.0,0.0,0.0,0.0,12,4,1,0
2021-01-08 12:53:00,0.0,0.0,0.0,0.0,12,4,1,0
2021-01-08 12:54:00,0.0,0.0,0.0,0.0,12,4,1,0
2021-01-08 12:55:00,0.0,0.0,0.0,0.0,12,4,1,0
2021-01-08 12:56:00,0.0,0.0,0.0,0.0,12,4,1,0
2021-01-08 12:57:00,0.0,0.0,0.0,0.0,12,4,1,0
2021-01-08 12:58:00,0.0,0.0,0.0,0.0,12,4,1,0
2021-01-08 12:59:00,0.0,0.0,0.0,0.0,12,4,1,0
2021-01-08 13:00:00,0.0,0.0,0.0,0.0,13,4,1,0
2021-01-08 13:01:00,0.0,0.0,0.0,0.0,13,4,1,0
2021-01-08 13:02:00,0.0,0.0,0.0,0.0,13,4,1,0
2021-01-08 13:03:00,1.0,0.484,0.0,1.0,13,4,1,0
2021-01-08 13:04:00,1.0,0.093,0.0,0.0,13,4,1,0
2021-01-08 13:05:00,0.0,0.0,0.0,0.0,13,4,1,0
2021-01-08 13:06:00,0.0,0.0,0.0,0.0,13,4,1,0
2021-01-08 13:07:00,0.0,0.0,0.0,0.0,13,4,1,0
2021-01-08 13:08:00,0.0,0.0,0.0,0.0,13,4,1,0
2021-01-08 13:09:00,0.0,0.0,0.0,0.0,13,4,1,0
2021-01-08 13:10:00,0.0,0.0,0.0,0.0,13,4,1,0
2021-01-08 13:11:00,0.0,0.0,0.0,0.0,13,4,1,0
2021-01-08 13:12:00,0.0,0.0,0.0,0.0,13,4,1,0
2021-01-08 13:13:00,0.0,0.0,0.0,0.0,13,4,1,0
2021-01-08 13:14:00,0.0,0.0,0.0,0.0,13,4,1,0
2021-01-08 13:15:00,0.0,0.0,0.0,0.0,13,4,1,0
2021-01-08 13:16:00,0.0,0.0,0.0,0.0,13,4,1,0
2021-01-08 13:17:00,0.0,0.0,0.0,0.0,13,4,1,0
2021-01-08 13:18:00,0.0,0.0,0.0,0.0,13,4,1,0
2021-01-08 13:19:00,0.0,0.0,0.0,0.0,13,4,1,0
2021-01-08 13:20:00,0.0,0.0,0.0,0.0,13,4,1,0
2021-01-08 13:21:00,0.0,0.0,0.0,0.0,13,4,1,0
2021-01-08 13:22:00,0.0,0.0,0.0,0.0,13,4,1,0
2021-01-08 13:23:00,0.0,0.0,0.0,0.0,13,4,1,0
2021-01-08 13:24:00,0.0,0.0,0.0,0.0,13,4,1,0
2021-01-08 13:25:00,0.0,0.0,0.0,0.0,13,4,1,0
2021-01-08 13:26:00,0.0,0.0,0.0,0.0,13,4,1,0
2021-01-08 13:27:00,0.0,0.0,0.0,0.0,13,4,1,0
2021-01-08 13:28:00,0.0,0.0,0.0,0.0,13,4,1,0
2021-01-08 13:29:00,0.0,0.0,0.0,0.0,13,4,1,0
2021-01-08 13:30:00,0.0,0.0,0.0,0.0,13,4,1,0
2021-01-08 13:31:00,0.0,0.0,0.0,0.0,13,4,1,0
2021-01-08 13:32:00,0.0,0.0,0.0,0.0,13,4,1,0
2021-01-08 13:33:00,0.0,0.0,0.0,0.0,13,4,1,0
2021-01-08 13:34:00,0.0,0.0,0.0,0.0,13,4,1,0
2021-01-08 13:35:00,0.0,0.0,0.0,0.0,13,4,1,0
2021-01-08 13:36:00,0.0,0.0,0.0,0.0,13,4,1,0
2021-01-08 13:37:00,1.0,0.375,0.0,1.0,13,4,1,0
2021-01-08 13:38:00,0.0,0.0,0.0,0.0,13,4,1,0
2021-01-08 13:39:00,0.0,0.0,0.0,0.0,13,4,1,0
2021-01-08 13:40:00,0.0,0.0,0.0,0.0,13,4,1,0
2021-01-08 13:41:00,0.0,0.0,0.0,0.0,13,4,1,0
2021-01-08 13:42:00,0.0,0.0,0.0,0.0,13,4,1,0
2021-01-08 13:43:00,0.0,0.0,0.0,0.0,13,4,1,0
2021-01-08 13:44:00,0.0,0.0,0.0,0.0,13,4,1,0
2021-01-08 13:45:00,1.0,0.102,0.0,0.0,13,4,1,0
2021-01-08 13:46:00,0.0,0.0,0.0,0.0,13,4,1,0
2021-01-08 13:47:00,0.0,0.0,0.0,0.0,13,4,1,0
2021-01-08 13:48:00,0.0,0.0,0.0,0.0,13,4,1,0
2021-01-08 13:49:00,0.0,0.0,0.0,0.0,13,4,1,0
2021-01-08 13:50:00,0.0,0.0,0.0,0.0,13,4,1,0
2021-01-08 13:51:00,0.0,0.0,0.0,0.0,13,4,1,0
2021-01-08 13:52:00,0.0,0.0,0.0,0.0,13,4,1,0
2021-01-08 13:53:00,0.0,0.0,0.0,0.0,13,4,1,0
2021-01-08 13:54:00,0.0,0.0,0.0,0.0,13,4,1,0
2021-01-08 13:55:00,0.0,0.0,0.0,0.0,13,4,1,0
2021-01-08 13:56:00,1.0,0.109,0.0,1.0,13,4,1,0
2021-01-08 13:57:00,0.0,0.0,0.0,0.0,13,4,1,0
2021-01-08 13:58:00,0.0,0.0,0.0,0.0,13,4,1,0
2021-01-08 13:59:00,0.0,0.0,0.0,0.0,13,4,1,0
2021-01-08 14:00:00,0.0,0.0,0.0,0.0,14,4,1,0
2021-01-08 14:01:00,0.0,0.0,0.0,0.0,14,4,1,0
2021-01-08 14:02:00,0.0,0.0,0.0,0.0,14,4,1,0
2021-01-08 14:03:00,0.0,0.0,0.0,0.0,14,4,1,0
2021-01-08 14:04:00,0.0,0.0,0.0,0.0,14,4,1,0
2021-01-08 14:05:00,1.0,0.756,0.0,0.0,14,4,1,0
2021-01-08 14:06:00,0.0,0.0,0.0,0.0,14,4,1,0
2021-01-08 14:07:00,0.0,0.0,0.0,0.0,14,4,1,0
2021-01-08 14:08:00,0.0,0.0,0.0,0.0,14,4,1,0
2021-01-08 14:09:00,0.0,0.0,0.0,0.0,14,4,1,0
2021-01-08 14:10:00,0.0,0.0,0.0,0.0,14,4,1,0
2021-01-08 14:11:00,0.0,0.0,0.0,0.0,14,4,1,0
2021-01-08 14:12:00,0.0,0.0,0.0,0.0,14,4,1,0
2021-01-08 14:13:00,0.0,0.0,0.0,0.0,14,4,1,0
2021-01-08 14:14:00,0.0,0.0,0.0,0.0,14,4,1,0
2021-01-08 14:15:00,0.0,0.0,0.0,0.0,14,4,1,0
2021-01-08 14:16:00,0.0,0.0,0.0,0.0,14,4,1,0
2021-01-08 14:17:00,1.0,0.205,0.0,1.0,14,4,1,0
2021-01-08 14:18:00,0.0,0.0,0.0,0.0,14,4,1,0
2021-01-08 14:19:00,0.0,0.0,0.0,0.0,14,4,1,0
2021-01-08 14:20:00,0.0,0.0,0.0,0.0,14,4,1,0
2021-01-08 14:21:00,0.0,0.0,0.0,0.0,14,4,1,0
2021-01-08 14:22:00,0.0,0.0,0.0,0.0,14,4,1,0
2021-01-08 14:23:00,0.0,0.0,0.0,0.0,14,4,1,0
2021-01-08 14:24:00,0.0,0.0,0.0,0.0,14,4,1,0
2021-01-08 14:25:00,0.0,0.0,0.0,0.0,14,4,1,0
2021-01-08 14:26:00,2.0,0.101,0.011313708498984755,0.0,14,4,1,0
2021-01-08 14:27:00,0.0,0.0,0.0,0.0,14,4,1,0
2021-01-08 14:28:00,0.0,0.0,0.0,0.0,14,4,1,0
2021-01-08 14:29:00,1.0,0.093,0.0,0.0,14,4,1,0
2021-01-08 14:30:00,1.0,0.093,0.0,0.0,14,4,1,0
2021-01-08 14:31:00,0.0,0.0,0.0,0.0,14,4,1,0
2021-01-08 14:32:00,0.0,0.0,0.0,0.0,14,4,1,0
2021-01-08 14:33:00,0.0,0.0,0.0,0.0,14,4,1,0
2021-01-08 14:34:00,0.0,0.0,0.0,0.0,14,4,1,0
2021-01-08 14:35:00,0.0,0.0,0.0,0.0,14,4,1,0
2021-01-08 14:36:00,0.0,0.0,0.0,0.0,14,4,1,0
2021-01-08 14:37:00,0.0,0.0,0.0,0.0,14,4,1,0
2021-01-08 14:38:00,0.0,0.0,0.0,0.0,14,4,1,0
2021-01-08 14:39:00,0.0,0.0,0.0,0.0,14,4,1,0
2021-01-08 14:40:00,0.0,0.0,0.0,0.0,14,4,1,0
2021-01-08 14:41:00,1.0,0.158,0.0,1.0,14,4,1,0
2021-01-08 14:42:00,0.0,0.0,0.0,0.0,14,4,1,0
2021-01-08 14:43:00,0.0,0.0,0.0,0.0,14,4,1,0
2021-01-08 14:44:00,0.0,0.0,0.0,0.0,14,4,1,0
2021-01-08 14:45:00,0.0,0.0,0.0,0.0,14,4,1,0
2021-01-08 14:46:00,0.0,0.0,0.0,0.0,14,4,1,0
2021-01-08 14:47:00,0.0,0.0,0.0,0.0,14,4,1,0
2021-01-08 14:48:00,0.0,0.0,0.0,0.0,14,4,1,0
2021-01-08 14:49:00,0.0,0.0,0.0,0.0,14,4,1,0
2021-01-08 14:50:00,0.0,0.0,0.0,0.0,14,4,1,0
2021-01-08 14:51:00,0.0,0.0,0.0,0.0,14,4,1,0
2021-01-08 14:52:00,0.0,0.0,0.0,0.0,14,4,1,0
2021-01-08 14:53:00,0.0,0.0,0.0,0.0,14,4,1,0
2021-01-08 14:54:00,0.0,0.0,0.0,0.0,14,4,1,0
2021-01-08 14:55:00,0.0,0.0,0.0,0.0,14,4,1,0
2021-01-08 14:56:00,0.0,0.0,0.0,0.0,14,4,1,0
2021-01-08 14:57:00,0.0,0.0,0.0,0.0,14,4,1,0
2021-01-08 14:58:00,0.0,0.0,0.0,0.0,14,4,1,0
2021-01-08 14:59:00,0.0,0.0,0.0,0.0,14,4,1,0
2021-01-08 15:00:00,1.0,0.42,0.0,1.0,15,4,1,0
2021-01-08 15:01:00,2.0,0.1325,0.010606601717798222,0.0,15,4,1,0
2021-01-08 15:02:00,10.0,0.178,0.18276943581098748,0.0,15,4,1,0
2021-01-08 15:03:00,13.0,0.10653846153846154,0.02823005308949839,0.0,15,4,1,0
2021-01-08 15:04:00,25.0,0.09608,0.018656812875372544,0.0,15,4,1,0
2021-01-08 15:05:00,28.0,0.09732142857142857,0.029692315468545023,0.0,15,4,1,0
2021-01-08 15:06:00,30.0,0.10333333333333333,0.030963085177000062,0.0,15,4,1,0
2021-01-08 15:07:00,28.0,0.10610714285714286,0.04155348118920723,0.0,15,4,1,0
2021-01-08 15:08:00,29.0,0.09151724137931035,0.019203088831999275,0.0,15,4,1,0
2021-01-08 15:09:00,27.0,0.11359259259259259,0.046310207596547526,0.0,15,4,1,0
2021-01-08 15:10:00,28.0,0.09446428571428571,0.031226154923761452,0.0,15,4,1,0
2021-01-08 15:11:00,28.0,0.09524999999999999,0.025312308526939283,0.0,15,4,1,0
2021-01-08 15:12:00,23.0,0.086,0.01248271532232398,0.0,15,4,1,0
2021-01-08 15:13:00,25.0,0.11488,0.06211435690187361,0.0,15,4,1,0
2021-01-08 15:14:00,25.0,0.08535999999999999,0.022154533019978852,0.0,15,4,1,0
2021-01-08 15:15:00,25.0,0.10588000000000002,0.065474753404143,0.0,15,4,1,0
2021-01-08 15:16:00,28.0,0.10478571428571429,0.039245058328082574,0.0,15,4,1,0
2021-01-08 15:17:00,24.0,0.10558333333333332,0.029544243412898224,0.0,15,4,1,0
2021-01-08 15:18:00,24.0,0.08862500000000001,0.02036154196774763,0.0,15,4,1,0
2021-01-08 15:19:00,22.0,0.09127272727272727,0.027754333540963117,0.0,15,4,1,0
2021-01-08 15:20:00,22.0,0.09304545454545456,0.028787360441904376,0.0,15,4,1,0
2021-01-08 15:21:00,27.0,0.09859259259259259,0.038462028486906864,0.0,15,4,1,0
2021-01-08 15:22:00,20.0,0.09595000000000001,0.023965929764431928,0.0,15,4,1,0
2021-01-08 15:23:00,24.0,0.100125,0.0432739629519324,0.0,15,4,1,0
2021-01-08 15:24:00,22.0,0.08459090909090909,0.015873485202296703,0.0,15,4,1,0
2021-01-08 15:25:00,25.0,0.10028000000000001,0.034705331002599586,0.0,15,4,1,0
2021-01-08 15:26:00,23.0,0.0956086956521739,0.03062936667263622,0.0,15,4,1,0
2021-01-08 15:27:00,19.0,0.10384210526315789,0.04441128880250398,0.0,15,4,1,0
2021-01-08 15:28:00,21.0,0.09719047619047619,0.025144818646431016,0.0,15,4,1,0
2021-01-08 15:29:00,23.0,0.09321739130434784,0.028968566854655552,0.0,15,4,1,0
2021-01-08 15:30:00,22.0,0.1398181818181818,0.18385518016288602,0.0,15,4,1,0
2021-01-08 15:31:00,20.0,0.10745,0.051165855185290376,0.0,15,4,1,0
2021-01-08 15:32:00,20.0,0.0922,0.02417393115255401,0.0,15,4,1,0
2021-01-08 15:33:00,22.0,0.08504545454545455,0.01849447091823539,0.0,15,4,1,0
2021-01-08 15:34:00,24.0,0.09499999999999999,0.03184882770349572,0.0,15,4,1,0
2021-01-08 15:35:00,22.0,0.09004545454545455,0.024445229883747543,0.0,15,4,1,0
2021-01-08 15:36:00,20.0,0.08635000000000001,0.01466565985380025,0.0,15,4,1,0
2021-01-08 15:37:00,21.0,0.09061904761904763,0.02468496747106666,0.0,15,4,1,0
2021-01-08 15:38:00,14.0,0.12014285714285713,0.05213865706402074,0.0,15,4,1,0
2021-01-08 15:39:00,14.0,0.11471428571428573,0.03874259943510516,0.0,15,4,1,0
2021-01-08 15:40:00,15.0,0.0934,0.024298148077579903,0.0,15,4,1,0
2021-01-08 15:41:00,14.0,0.0915,0.021114158574465913,0.0,15,4,1,0
2021-01-08 15:42:00,16.0,0.10325,0.0292517805725851,0.0,15,4,1,0
2021-01-08 15:43:00,15.0,0.1068,0.026918395197336707,0.0,15,4,1,0
2021-01-08 15:44:00,12.0,0.10466666666666667,0.040032562503617725,0.0,15,4,1,0
2021-01-08 15:45:00,17.0,0.09094117647058823,0.019366435488478818,0.0,15,4,1,0
2021-01-08 15:46:00,14.0,0.10114285714285716,0.02416563721440058,0.0,15,4,1,0
2021-01-08 15:47:00,14.0,0.10035714285714285,0.021844228749725407,0.0,15,4,1,0
2021-01-08 15:48:00,14.0,0.10321428571428572,0.04382162896145196,0.0,15,4,1,0
2021-01-08 15:49:00,15.0,0.09366666666666666,0.019211851500967787,0.0,15,4,1,0
2021-01-08 15:50:00,13.0,0.1376923076923077,0.10095327682925456,0.0,15,4,1,0
2021-01-08 15:51:00,15.0,0.10273333333333333,0.037529924568206086,0.0,15,4,1,0
2021-01-08 15:52:00,15.0,0.15646666666666667,0.11461542321212813,0.0,15,4,1,0
2021-01-08 15:53:00,14.0,0.08871428571428572,0.00947408263412568,0.0,15,4,1,0
2021-01-08 15:54:00,15.0,0.10673333333333333,0.033193085912294334,0.0,15,4,1,0
2021-01-08 15:55:00,15.0,0.1256,0.06969812459046923,0.0,15,4,1,0
2021-01-08 15:56:00,16.0,0.0981875,0.020196431202896555,0.0,15,4,1,0
2021-01-08 15:57:00,16.0,0.093125,0.02002623279601034,0.0,15,4,1,0
2021-01-08 15:58:00,14.0,0.0955,0.03264435397053901,0.0,15,4,1,0
2021-01-08 15:59:00,15.0,0.09026666666666668,0.011972985465304007,0.0,15,4,1,0
2021-01-08 16:00:00,13.0,0.16553846153846155,0.2652657835029537,0.0,16,4,1,0
2021-01-08 16:01:00,15.0,0.14026666666666668,0.17892435219813935,0.0,16,4,1,0
2021-01-08 16:02:00,14.0,0.09414285714285715,0.019829492963986527,0.0,16,4,1,0
2021-01-08 16:03:00,18.0,0.10533333333333333,0.0319521701371063,0.0,16,4,1,0
2021-01-08 16:04:00,15.0,0.10566666666666666,0.01868409050757457,0.0,16,4,1,0
2021-01-08 16:05:00,16.0,0.0961875,0.03481803890705697,0.0,16,4,1,0
2021-01-08 16:06:00,18.0,0.098,0.01796401632021473,0.0,16,4,1,0
2021-01-08 16:07:00,15.0,0.09759999999999999,0.012793971794783447,0.0,16,4,1,0
2021-01-08 16:08:00,16.0,0.10149999999999999,0.01786616914730183,0.0,16,4,1,0
2021-01-08 16:09:00,18.0,0.13494444444444442,0.0846011209925886,0.0,16,4,1,0
2021-01-08 16:10:00,15.0,0.0984,0.023246505113672468,0.0,16,4,1,0
2021-01-08 16:11:00,15.0,0.11220000000000001,0.02883004385309583,0.0,16,4,1,0
2021-01-08 16:12:00,15.0,0.10073333333333333,0.03453252435162013,0.0,16,4,1,0
2021-01-08 16:13:00,19.0,0.10163157894736842,0.029481087207292353,0.0,16,4,1,0
2021-01-08 16:14:00,16.0,0.0991875,0.020219524392691996,0.0,16,4,1,0
2021-01-08 16:15:00,19.0,0.09852631578947368,0.027435517169158333,0.0,16,4,1,0
2021-01-08 16:16:00,16.0,0.0991875,0.020501117855700777,0.0,16,4,1,0
2021-01-08 16:17:00,14.0,0.09135714285714285,0.02451877504424578,0.0,16,4,1,0
2021-01-08 16:18:00,16.0,0.1335625,0.11936105939543268,0.0,16,4,1,0
2021-01-08 16:19:00,19.0,0.1251578947368421,0.1051656170882093,0.0,16,4,1,0
2021-01-08 16:20:00,15.0,0.09046666666666667,0.015560328066072692,0.0,16,4,1,0
2021-01-08 16:21:00,17.0,0.0988235294117647,0.02646751616160281,0.0,16,4,1,0
2021-01-08 16:22:00,14.0,0.10342857142857143,0.02651476884743608,0.0,16,4,1,0
2021-01-08 16:23:00,15.0,0.19793333333333332,0.3633965694206079,0.0,16,4,1,0
2021-01-08 16:24:00,15.0,0.11200000000000002,0.07056101716144081,0.0,16,4,1,0
2021-01-08 16:25:00,15.0,0.09766666666666667,0.025348053367543026,0.0,16,4,1,0
2021-01-08 16:26:00,15.0,0.09933333333333333,0.02290248478929327,0.0,16,4,1,0
2021-01-08 16:27:00,14.0,0.11635714285714285,0.05653808402355835,0.0,16,4,1,0
2021-01-08 16:28:00,18.0,0.10027777777777777,0.02669391989718116,0.0,16,4,1,0
2021-01-08 16:29:00,14.0,0.11664285714285715,0.04986382555421414,0.0,16,4,1,0
2021-01-08 16:30:00,16.0,0.11131250000000001,0.026988191862368255,0.0,16,4,1,0
2021-01-08 16:31:00,15.0,0.10153333333333334,0.03124755228509145,0.0,16,4,1,0
2021-01-08 16:32:00,14.0,0.10585714285714286,0.04537342011296099,0.0,16,4,1,0
2021-01-08 16:33:00,15.0,0.10993333333333334,0.04426941328254704,0.0,16,4,1,0
2021-01-08 16:34:00,15.0,0.10013333333333334,0.030106635876655557,0.0,16,4,1,0
2021-01-08 16:35:00,16.0,0.1014375,0.051697799759757676,0.0,16,4,1,0
2021-01-08 16:36:00,14.0,0.095,0.013473620951268502,0.0,16,4,1,0
2021-01-08 16:37:00,16.0,0.0965625,0.039956591029098903,0.0,16,4,1,0
2021-01-08 16:38:00,14.0,0.09714285714285716,0.024725748469209934,0.0,16,4,1,0
2021-01-08 16:39:00,14.0,0.11007142857142857,0.05928998395852539,0.0,16,4,1,0
2021-01-08 16:40:00,14.0,0.09771428571428573,0.02431659316797284,0.0,16,4,1,0
2021-01-08 16:41:00,14.0,0.09885714285714287,0.030399537301279245,0.0,16,4,1,0
2021-01-08 16:42:00,14.0,0.09557142857142857,0.021446585834487598,0.0,16,4,1,0
2021-01-08 16:43:00,14.0,0.10307142857142858,0.03110148224445578,0.0,16,4,1,0
2021-01-08 16:44:00,14.0,0.11035714285714285,0.03999155130554673,0.0,16,4,1,0
2021-01-08 16:45:00,14.0,0.12414285714285714,0.04845752643431016,0.0,16,4,1,0
2021-01-08 16:46:00,15.0,0.10133333333333333,0.025875158154566126,0.0,16,4,1,0
2021-01-08 16:47:00,39.0,0.09382051282051282,0.020992319140294844,0.0,16,4,1,0
2021-01-08 16:48:00,44.0,0.09297727272727273,0.019451177565074976,0.0,16,4,1,0
2021-01-08 16:49:00,42.0,0.1180952380952381,0.11425085995808275,0.0,16,4,1,0
2021-01-08 16:50:00,40.0,0.093675,0.023207412056473992,0.0,16,4,1,0
2021-01-08 16:51:00,37.0,0.09691891891891892,0.028641828753666453,0.0,16,4,1,0
2021-01-08 16:52:00,33.0,0.09896969696969697,0.028100806092180047,0.0,16,4,1,0
2021-01-08 16:53:00,28.0,0.09635714285714285,0.027091360226865667,0.0,16,4,1,0
2021-01-08 16:54:00,28.0,0.10128571428571428,0.04269604643233822,0.0,16,4,1,0
2021-01-08 16:55:00,26.0,0.1158076923076923,0.06037086663666125,0.0,16,4,1,0
2021-01-08 16:56:00,25.0,0.09632,0.02456406589580262,0.0,16,4,1,0
2021-01-08 16:57:00,21.0,0.09580952380952382,0.024723711387287805,0.0,16,4,1,0
2021-01-08 16:58:00,24.0,0.11695833333333333,0.12057127755404476,0.0,16,4,1,0
2021-01-08 16:59:00,21.0,0.10252380952380953,0.028122267062985953,0.0,16,4,1,0
2021-01-08 17:00:00,23.0,0.1057391304347826,0.0312529524297005,0.0,17,4,1,0
2021-01-08 17:01:00,20.0,0.11040000000000001,0.0426138104621643,0.0,17,4,1,0
2021-01-08 17:02:00,20.0,0.09905,0.024508806151001494,0.0,17,4,1,0
2021-01-08 17:03:00,22.0,0.10672727272727273,0.047976365032499094,0.0,17,4,1,0
2021-01-08 17:04:00,21.0,0.10523809523809524,0.04686673101668685,0.0,17,4,1,0
2021-01-08 17:05:00,24.0,0.09645833333333333,0.01986690314517364,0.0,17,4,1,0
2021-01-08 17:06:00,24.0,0.08983333333333333,0.016488907118757584,0.0,17,4,1,0
2021-01-08 17:07:00,24.0,0.10195833333333333,0.03956335498881528,0.0,17,4,1,0
2021-01-08 17:08:00,22.0,0.09463636363636363,0.03400356487550128,0.0,17,4,1,0
2021-01-08 17:09:00,21.0,0.09695238095238096,0.023944678303281067,0.0,17,4,1,0
2021-01-08 17:10:00,21.0,0.09933333333333333,0.02959786028302272,0.0,17,4,1,0
2021-01-08 17:11:00,20.0,0.10725,0.048332047774797035,0.0,17,4,1,0
2021-01-08 17:12:00,19.0,0.08647368421052631,0.013885917810872004,0.0,17,4,1,0
2021-01-08 17:13:00,18.0,0.12327777777777776,0.12040852303014372,0.0,17,4,1,0
2021-01-08 17:14:00,21.0,0.09776190476190476,0.025851314786495414,0.0,17,4,1,0
2021-01-08 17:15:00,19.0,0.09836842105263158,0.026132590394022454,0.0,17,4,1,0
2021-01-08 17:16:00,17.0,0.09988235294117646,0.026033349652275776,0.0,17,4,1,0
2021-01-08 17:17:00,21.0,0.09528571428571428,0.038395498248027536,0.0,17,4,1,0
2021-01-08 17:18:00,20.0,0.1059,0.026912920004300813,0.0,17,4,1,0
2021-01-08 17:19:00,20.0,0.1032,0.035467702134996594,0.0,17,4,1,0
2021-01-08 17:20:00,20.0,0.08795,0.025217944738659917,0.0,17,4,1,0
2021-01-08 17:21:00,19.0,0.09100000000000001,0.01616237056320088,0.0,17,4,1,0
2021-01-08 17:22:00,18.0,0.10127777777777777,0.022201763458193916,0.0,17,4,1,0
2021-01-08 17:23:00,19.0,0.09536842105263159,0.01708218866511675,0.0,17,4,1,0
2021-01-08 17:24:00,17.0,0.11088235294117647,0.04401261517017192,0.0,17,4,1,0
2021-01-08 17:25:00,19.0,0.1013157894736842,0.027738967039124953,0.0,17,4,1,0
2021-01-08 17:26:00,16.0,0.0940625,0.013393872977348013,0.0,17,4,1,0
2021-01-08 17:27:00,20.0,0.1076,0.04199548847949717,0.0,17,4,1,0
2021-01-08 17:28:00,20.0,0.0983,0.030897283137246195,0.0,17,4,1,0
2021-01-08 17:29:00,20.0,0.08865,0.02623632475866438,0.0,17,4,1,0
2021-01-08 17:30:00,17.0,0.10329411764705883,0.026393097359637314,0.0,17,4,1,0
2021-01-08 17:31:00,20.0,0.10250000000000001,0.025315898894609796,0.0,17,4,1,0
2021-01-08 17:32:00,17.0,0.10752941176470589,0.09158610541933941,0.0,17,4,1,0
2021-01-08 17:33:00,18.0,0.08072222222222222,0.005727185486324955,0.0,17,4,1,0
2021-01-08 17:34:00,17.0,0.09605882352941177,0.015586334512303136,0.0,17,4,1,0
2021-01-08 17:35:00,18.0,0.09161111111111112,0.027632331635857058,0.0,17,4,1,0
2021-01-08 17:36:00,16.0,0.093625,0.020195296482101964,0.0,17,4,1,0
2021-01-08 17:37:00,19.0,0.08589473684210527,0.01818697561089653,0.0,17,4,1,0
2021-01-08 17:38:00,14.0,0.10314285714285713,0.039275862900685035,0.0,17,4,1,0
2021-01-08 17:39:00,19.0,0.09510526315789473,0.023409150007925695,0.0,17,4,1,0
2021-01-08 17:40:00,16.0,0.137375,0.20975187722640296,0.0,17,4,1,0
2021-01-08 17:41:00,18.0,0.0961111111111111,0.021403377657823047,0.0,17,4,1,0
2021-01-08 17:42:00,16.0,0.094375,0.02053574120081052,0.0,17,4,1,0
2021-01-08 17:43:00,15.0,0.09166666666666666,0.014256159905040882,0.0,17,4,1,0
2021-01-08 17:44:00,19.0,0.095,0.03991101212558871,0.0,17,4,1,0
2021-01-08 17:45:00,16.0,0.0943125,0.03051713999268826,0.0,17,4,1,0
2021-01-08 17:46:00,19.0,0.09010526315789473,0.0189264504415326,0.0,17,4,1,0
2021-01-08 17:47:00,16.0,0.0999375,0.033052420486251836,0.0,17,4,1,0
2021-01-08 17:48:00,21.0,0.08547619047619047,0.011522235232883626,0.0,17,4,1,0
2021-01-08 17:49:00,16.0,0.1058125,0.05306627146000241,0.0,17,4,1,0
2021-01-08 17:50:00,19.0,0.11873684210526317,0.11302548488689675,0.0,17,4,1,0
2021-01-08 17:51:00,16.0,0.0950625,0.025797851977764866,0.0,17,4,1,0
2021-01-08 17:52:00,18.0,0.09627777777777778,0.030356326127311793,0.0,17,4,1,0
2021-01-08 17:53:00,15.0,0.10339999999999999,0.07186773565774442,0.0,17,4,1,0
2021-01-08 17:54:00,15.0,0.08926666666666666,0.024467081870098356,0.0,17,4,1,0
2021-01-08 17:55:00,14.0,0.09585714285714286,0.021946989079833473,0.0,17,4,1,0
2021-01-08 17:56:00,15.0,0.10713333333333333,0.03997832746209709,0.0,17,4,1,0
2021-01-08 17:57:00,15.0,0.09933333333333333,0.0232338013206949,0.0,17,4,1,0
2021-01-08 17:58:00,16.0,0.0895625,0.01840278511530252,0.0,17,4,1,0
2021-01-08 17:59:00,14.0,0.1135,0.05959317204047921,0.0,17,4,1,0
2021-01-08 18:00:00,14.0,0.11850000000000001,0.06725811360835098,0.0,18,4,0,0
2021-01-08 18:01:00,14.0,0.10021428571428571,0.02951708389658846,0.0,18,4,0,0
2021-01-08 18:02:00,16.0,0.090625,0.018062391868188445,0.0,18,4,0,0
2021-01-08 18:03:00,14.0,0.10671428571428572,0.04009686074692433,0.0,18,4,0,0
2021-01-08 18:04:00,17.0,0.099,0.023135470602518544,0.0,18,4,0,0
2021-01-08 18:05:00,18.0,0.08900000000000001,0.01819825460279736,0.0,18,4,0,0
2021-01-08 18:06:00,19.0,0.08205263157894736,0.009760883863727176,0.0,18,4,0,0
2021-01-08 18:07:00,16.0,0.0953125,0.02649457491638619,0.0,18,4,0,0
2021-01-08 18:08:00,19.0,0.09252631578947368,0.01958845584366418,0.0,18,4,0,0
2021-01-08 18:09:00,16.0,0.107125,0.049591497927232095,0.0,18,4,0,0
2021-01-08 18:10:00,14.0,0.09871428571428573,0.021885817576435453,0.0,18,4,0,0
2021-01-08 18:11:00,19.0,0.0973157894736842,0.035347564164984004,0.0,18,4,0,0
2021-01-08 18:12:00,15.0,0.09693333333333333,0.027201540572618487,0.0,18,4,0,0
2021-01-08 18:13:00,14.0,0.10028571428571428,0.03642997196187305,0.0,18,4,0,0
2021-01-08 18:14:00,13.0,0.08576923076923076,0.013833256101112794,0.0,18,4,0,0
2021-01-08 18:15:00,15.0,0.08826666666666667,0.018979186595044682,0.0,18,4,0,0
2021-01-08 18:16:00,14.0,0.08778571428571429,0.018852376187422314,0.0,18,4,0,0
2021-01-08 18:17:00,15.0,0.0902,0.017740993690964924,0.0,18,4,0,0
2021-01-08 18:18:00,14.0,0.10585714285714286,0.02996114700191449,0.0,18,4,0,0
2021-01-08 18:19:00,19.0,0.10310526315789474,0.056379561640369585,0.0,18,4,0,0
2021-01-08 18:20:00,16.0,0.093875,0.019649851568565774,0.0,18,4,0,0
2021-01-08 18:21:00,14.0,0.08128571428571428,0.017643602333330437,0.0,18,4,0,0
2021-01-08 18:22:00,14.0,0.08614285714285715,0.010776449699779056,0.0,18,4,0,0
2021-01-08 18:23:00,14.0,0.08907142857142857,0.015419589367545955,0.0,18,4,0,0
2021-01-08 18:24:00,18.0,0.10277777777777779,0.01848228263072043,0.0,18,4,0,0
2021-01-08 18:25:00,17.0,0.11764705882352941,0.03755486182984599,0.0,18,4,0,0
2021-01-08 18:26:00,14.0,0.11478571428571428,0.02308572176585669,0.0,18,4,0,0
2021-01-08 18:27:00,15.0,0.107,0.022197168416586064,0.0,18,4,0,0
2021-01-08 18:28:00,18.0,0.10416666666666667,0.030511810635150682,0.0,18,4,0,0
2021-01-08 18:29:00,16.0,0.1035,0.03562583332358698,0.0,18,4,0,0
2021-01-08 18:30:00,14.0,0.0935,0.02521522738956943,0.0,18,4,0,0
2021-01-08 18:31:00,17.0,0.09552941176470589,0.018705338967320344,0.0,18,4,0,0
2021-01-08 18:32:00,16.0,0.11075,0.021249313714408132,0.0,18,4,0,0
2021-01-08 18:33:00,14.0,0.11385714285714287,0.027306964856430492,0.0,18,4,0,0
2021-01-08 18:34:00,14.0,0.10885714285714286,0.01630883263688796,0.0,18,4,0,0
2021-01-08 18:35:00,15.0,0.11366666666666667,0.010991338581334116,0.0,18,4,0,0
2021-01-08 18:36:00,15.0,0.1056,0.012580029525288996,0.0,18,4,0,0
2021-01-08 18:37:00,15.0,0.10713333333333333,0.03581473492984749,0.0,18,4,0,0
2021-01-08 18:38:00,14.0,0.102,0.014523191003463285,0.0,18,4,0,0
2021-01-08 18:39:00,14.0,0.10564285714285715,0.008906412062338893,0.0,18,4,0,0
2021-01-08 18:40:00,15.0,0.12973333333333334,0.0683263875680197,0.0,18,4,0,0
2021-01-08 18:41:00,15.0,0.12613333333333332,0.02596389434433536,0.0,18,4,0,0
2021-01-08 18:42:00,14.0,0.11492857142857142,0.026134163569827625,0.0,18,4,0,0
2021-01-08 18:43:00,17.0,0.11388235294117646,0.019117669683244527,0.0,18,4,0,0
2021-01-08 18:44:00,14.0,0.11950000000000001,0.04725503636162459,0.0,18,4,0,0
2021-01-08 18:45:00,12.0,0.10925,0.012439855304624731,0.0,18,4,0,0
2021-01-08 18:46:00,15.0,0.10513333333333333,0.015905374952542062,0.0,18,4,0,0
2021-01-08 18:47:00,16.0,0.125875,0.05250380938560553,0.0,18,4,0,0
2021-01-08 18:48:00,14.0,0.13307142857142856,0.08381799355720729,0.0,18,4,0,0
2021-01-08 18:49:00,14.0,0.10528571428571429,0.010672960597326682,0.0,18,4,0,0
2021-01-08 18:50:00,14.0,0.14357142857142854,0.13021858208750056,0.0,18,4,0,0
2021-01-08 18:51:00,14.0,0.143,0.16169439360434523,0.0,18,4,0,0
2021-01-08 18:52:00,16.0,0.1038125,0.009655525188547055,0.0,18,4,0,0
2021-01-08 18:53:00,14.0,0.10771428571428572,0.016849691033134342,0.0,18,4,0,0
2021-01-08 18:54:00,12.0,0.10341666666666667,0.009709024230845832,0.0,18,4,0,0
2021-01-08 18:55:00,14.0,0.10214285714285713,0.014511836775315748,0.0,18,4,0,0
2021-01-08 18:56:00,13.0,0.12084615384615384,0.058689644392979246,0.0,18,4,0,0
2021-01-08 18:57:00,15.0,0.0972,0.022120449491687226,0.0,18,4,0,0
2021-01-08 18:58:00,12.0,0.12666666666666668,0.03559196368266127,0.0,18,4,0,0
2021-01-08 18:59:00,11.0,0.11054545454545454,0.027786196703988242,0.0,18,4,0,0
2021-01-08 19:00:00,12.0,0.11183333333333334,0.0405660703125908,0.0,19,4,0,0
2021-01-08 19:01:00,11.0,0.1262727272727273,0.032683607233874624,0.0,19,4,0,0
2021-01-08 19:02:00,9.0,0.1351111111111111,0.034512477614786104,0.0,19,4,0,0
2021-01-08 19:03:00,14.0,0.10828571428571429,0.019463688366678215,0.0,19,4,0,0
2021-01-08 19:04:00,14.0,0.11014285714285714,0.014638501094227995,0.0,19,4,0,0
2021-01-08 19:05:00,14.0,0.11557142857142857,0.014574552563203528,0.0,19,4,0,0
2021-01-08 19:06:00,11.0,0.10881818181818183,0.009806305948910445,0.0,19,4,0,0
2021-01-08 19:07:00,12.0,0.1135,0.021146673927164485,0.0,19,4,0,0
2021-01-08 19:08:00,14.0,0.11157142857142857,0.01195320546460743,0.0,19,4,0,0
2021-01-08 19:09:00,12.0,0.10333333333333333,0.012316532373073584,0.0,19,4,0,0
2021-01-08 19:10:00,14.0,0.11085714285714286,0.016056904303886725,0.0,19,4,0,0
2021-01-08 19:11:00,11.0,0.10918181818181819,0.021535172076480754,0.0,19,4,0,0
2021-01-08 19:12:00,14.0,0.13035714285714287,0.0757786322052668,0.0,19,4,0,0
2021-01-08 19:13:00,12.0,0.11775000000000001,0.022283809858688483,0.0,19,4,0,0
2021-01-08 19:14:00,12.0,0.10908333333333332,0.013654558568367184,0.0,19,4,0,0
2021-01-08 19:15:00,14.0,0.21385714285714283,0.1553759000928726,0.0,19,4,0,0
2021-01-08 19:16:00,11.0,0.12209090909090908,0.035263166464328026,0.0,19,4,0,0
2021-01-08 19:17:00,13.0,0.12015384615384615,0.060895875823471765,0.0,19,4,0,0
2021-01-08 19:18:00,13.0,0.11869230769230771,0.024339216008274305,0.0,19,4,0,0
2021-01-08 19:19:00,14.0,0.11157142857142857,0.023925249892479336,0.0,19,4,0,0
2021-01-08 19:20:00,12.0,0.10908333333333332,0.013720974874809428,0.0,19,4,0,0
2021-01-08 19:21:00,10.0,0.10269999999999999,0.008353974436691131,0.0,19,4,0,0
2021-01-08 19:22:00,13.0,0.11346153846153847,0.02018091253559241,0.0,19,4,0,0
2021-01-08 19:23:00,14.0,0.11135714285714285,0.007458677371482701,0.0,19,4,0,0
2021-01-08 19:24:00,12.0,0.10783333333333334,0.0263191369481784,0.0,19,4,0,0
2021-01-08 19:25:00,9.0,0.1,0.011357816691600547,0.0,19,4,0,0
2021-01-08 19:26:00,14.0,0.12778571428571428,0.06223797822926075,0.0,19,4,0,0
2021-01-08 19:27:00,12.0,0.1285,0.05619365865226496,0.0,19,4,0,0
2021-01-08 19:28:00,14.0,0.12250000000000001,0.052073542669515444,0.0,19,4,0,0
2021-01-08 19:29:00,14.0,0.12892857142857142,0.0402520219954883,0.0,19,4,0,0
2021-01-08 19:30:00,14.0,0.1362857142857143,0.07573682020038822,0.0,19,4,0,0
2021-01-08 19:31:00,11.0,0.12481818181818181,0.024786359885300552,0.0,19,4,0,0
2021-01-08 19:32:00,12.0,0.12433333333333334,0.02587499085053271,0.0,19,4,0,0
2021-01-08 19:33:00,12.0,0.11366666666666668,0.03176142123375273,0.0,19,4,0,0
2021-01-08 19:34:00,11.0,0.111,0.011036303729057116,0.0,19,4,0,0
2021-01-08 19:35:00,12.0,0.11925000000000001,0.02499863632644425,0.0,19,4,0,0
2021-01-08 19:36:00,12.0,0.11983333333333333,0.032543211366744464,0.0,19,4,0,0
2021-01-08 19:37:00,11.0,0.11345454545454546,0.01879555073076411,0.0,19,4,0,0
2021-01-08 19:38:00,12.0,0.11,0.0140389069763607,0.0,19,4,0,0
2021-01-08 19:39:00,12.0,0.12733333333333333,0.03038640046687553,0.0,19,4,0,0
2021-01-08 19:40:00,9.0,0.1331111111111111,0.044318293188153265,0.0,19,4,0,0
2021-01-08 19:41:00,12.0,0.11083333333333334,0.010692676621563627,0.0,19,4,0,0
2021-01-08 19:42:00,14.0,0.11257142857142857,0.020989793438036225,0.0,19,4,0,0
2021-01-08 19:43:00,9.0,0.1061111111111111,0.006153138313991574,0.0,19,4,0,0
2021-01-08 19:44:00,13.0,0.1053846153846154,0.019384437321119496,0.0,19,4,0,0
2021-01-08 19:45:00,12.0,0.10583333333333333,0.016140481762176476,0.0,19,4,0,0
2021-01-08 19:46:00,10.0,0.0995,0.013310396938734276,0.0,19,4,0,0
2021-01-08 19:47:00,12.0,0.10766666666666667,0.008424351427243345,0.0,19,4,0,0
2021-01-08 19:48:00,9.0,0.12288888888888888,0.03779035738268574,0.0,19,4,0,0
2021-01-08 19:49:00,14.0,0.11214285714285714,0.025551929455544034,0.0,19,4,0,0
2021-01-08 19:50:00,12.0,0.11683333333333333,0.02068303359732026,0.0,19,4,0,0
2021-01-08 19:51:00,9.0,0.13655555555555557,0.0693237172818782,0.0,19,4,0,0
2021-01-08 19:52:00,12.0,0.10733333333333334,0.01367368629776539,0.0,19,4,0,0
2021-01-08 19:53:00,9.0,0.12111111111111111,0.02028820127835662,0.0,19,4,0,0
2021-01-08 19:54:00,11.0,0.11654545454545455,0.026960577280034773,0.0,19,4,0,0
2021-01-08 19:55:00,10.0,0.11069999999999999,0.011795008360413412,0.0,19,4,0,0
2021-01-08 19:56:00,8.0,0.118625,0.02342122053669645,0.0,19,4,0,0
2021-01-08 19:57:00,12.0,0.114,0.019131126469708992,0.0,19,4,0,0
2021-01-08 19:58:00,13.0,0.12146153846153845,0.03341560360224792,0.0,19,4,0,0
2021-01-08 19:59:00,9.0,0.12111111111111111,0.03571919807486041,0.0,19,4,0,0
2021-01-08 20:00:00,7.0,0.10671428571428572,0.011041048949477664,0.0,20,4,0,0
2021-01-08 20:01:00,12.0,0.129,0.07054978899523887,0.0,20,4,0,0
2021-01-08 20:02:00,10.0,0.10869999999999999,0.012667105255564727,0.0,20,4,0,0
2021-01-08 20:03:00,13.0,0.11253846153846155,0.022096814946259355,0.0,20,4,0,0
2021-01-08 20:04:00,12.0,0.128,0.07583474857154265,0.0,20,4,0,0
2021-01-08 20:05:00,13.0,0.111,0.014136241839093348,0.0,20,4,0,0
2021-01-08 20:06:00,10.0,0.1051,0.013486206945534311,0.0,20,4,0,0
2021-01-08 20:07:00,12.0,0.12383333333333334,0.045448939048189675,0.0,20,4,0,0
2021-01-08 20:08:00,9.0,0.11500000000000002,0.02144761058952722,0.0,20,4,0,0
2021-01-08 20:09:00,12.0,0.134,0.06566443620269789,0.0,20,4,0,0
2021-01-08 20:10:00,9.0,0.14744444444444443,0.08849168196942456,0.0,20,4,0,0
2021-01-08 20:11:00,9.0,0.1242222222222222,0.027142115695804638,0.0,20,4,0,0
2021-01-08 20:12:00,10.0,0.11100000000000002,0.024078575077810926,0.0,20,4,0,0
2021-01-08 20:13:00,9.0,0.12244444444444445,0.034735108719820905,0.0,20,4,0,0
2021-01-08 20:14:00,12.0,0.12175000000000001,0.029443705917934628,0.0,20,4,0,0
2021-01-08 20:15:00,9.0,0.10177777777777779,0.019070774615742397,0.0,20,4,0,0
2021-01-08 20:16:00,12.0,0.09841666666666667,0.013365208112064245,0.0,20,4,0,0
2021-01-08 20:17:00,9.0,0.12322222222222222,0.028185890875479604,0.0,20,4,0,0
2021-01-08 20:18:00,8.0,0.11374999999999999,0.026974856017092236,0.0,20,4,0,0
2021-01-08 20:19:00,11.0,0.11763636363636364,0.020703974146393866,0.0,20,4,0,0
2021-01-08 20:20:00,10.0,0.10469999999999999,0.013573258022056948,0.0,20,4,0,0
2021-01-08 20:21:00,10.0,0.1248,0.05561734341811815,0.0,20,4,0,0
2021-01-08 20:22:00,9.0,0.1348888888888889,0.06332149012074108,0.0,20,4,0,0
2021-01-08 20:23:00,9.0,0.10355555555555555,0.011080513425729773,0.0,20,4,0,0
2021-01-08 20:24:00,10.0,0.12869999999999998,0.06672172726248092,0.0,20,4,0,0
2021-01-08 20:25:00,9.0,0.10788888888888888,0.0033333333333333305,0.0,20,4,0,0
2021-01-08 20:26:00,8.0,0.112,0.017760308877622914,0.0,20,4,0,0
2021-01-08 20:27:00,11.0,0.11727272727272728,0.0257569055171265,0.0,20,4,0,0
2021-01-08 20:28:00,9.0,0.11844444444444445,0.016032085883557933,0.0,20,4,0,0
2021-01-08 20:29:00,12.0,0.11608333333333333,0.02663032561618882,0.0,20,4,0,0
2021-01-08 20:30:00,7.0,0.12214285714285714,0.043605919213751135,0.0,20,4,0,0
2021-01-08 20:31:00,9.0,0.10933333333333334,0.021748563170931563,0.0,20,4,0,0
2021-01-08 20:32:00,8.0,0.1145,0.011389217958854142,0.0,20,4,0,0
2021-01-08 20:33:00,11.0,0.11927272727272728,0.018857841388085276,0.0,20,4,0,0
2021-01-08 20:34:00,7.0,0.12971428571428573,0.022043247535351092,0.0,20,4,0,0
2021-01-08 20:35:00,7.0,0.11971428571428573,0.030836743698139758,0.0,20,4,0,0
2021-01-08 20:36:00,9.0,0.0911111111111111,0.027804875671563627,0.0,20,4,0,0
2021-01-08 20:37:00,7.0,0.09371428571428571,0.026342072088291795,0.0,20,4,0,0
2021-01-08 20:38:00,7.0,0.09142857142857143,0.021125475480701362,0.0,20,4,0,0
2021-01-08 20:39:00,12.0,0.10475000000000001,0.03231696711692426,0.0,20,4,0,0
2021-01-08 20:40:00,7.0,0.08685714285714285,0.015126451130702264,0.0,20,4,0,0
2021-01-08 20:41:00,9.0,0.09733333333333333,0.030951575081084322,0.0,20,4,0,0
2021-01-08 20:42:00,7.0,0.08457142857142856,0.012136132591798523,0.0,20,4,0,0
2021-01-08 20:43:00,10.0,0.0901,0.017540112757777688,0.0,20,4,0,0
2021-01-08 20:44:00,9.0,0.09677777777777778,0.0129689800849737,0.0,20,4,0,0
2021-01-08 20:45:00,8.0,0.091375,0.00989859297360705,0.0,20,4,0,0
2021-01-08 20:46:00,8.0,0.0975,0.018423587365889726,0.0,20,4,0,0
2021-01-08 20:47:00,7.0,0.07928571428571428,0.01095010328283537,0.0,20,4,0,0
2021-01-08 20:48:00,8.0,0.0835,0.011426785574754983,0.0,20,4,0,0
2021-01-08 20:49:00,11.0,0.1010909090909091,0.05077687376248078,0.0,20,4,0,0
2021-01-08 20:50:00,7.0,0.0982857142857143,0.025978929190880098,0.0,20,4,0,0
2021-01-08 20:51:00,9.0,0.08433333333333333,0.011067971810589328,0.0,20,4,0,0
2021-01-08 20:52:00,7.0,0.10171428571428572,0.014918827989203057,0.0,20,4,0,0
2021-01-08 20:53:00,8.0,0.0975,0.043562762604250495,0.0,20,4,0,0
2021-01-08 20:54:00,9.0,0.09755555555555556,0.026382338368267852,0.0,20,4,0,0
2021-01-08 20:55:00,9.0,0.08688888888888889,0.020514899734366515,0.0,20,4,0,0
2021-01-08 20:56:00,7.0,0.12685714285714286,0.06124113152511301,0.0,20,4,0,0
2021-01-08 20:57:00,9.0,0.08588888888888889,0.01173077623651185,0.0,20,4,0,0
2021-01-08 20:58:00,7.0,0.08614285714285715,0.0207960618982583,0.0,20,4,0,0
2021-01-08 20:59:00,7.0,0.08042857142857142,0.016480869140280425,0.0,20,4,0,0
2021-01-08 21:00:00,10.0,0.11750000000000001,0.027889663557191458,0.0,21,4,0,0
2021-01-08 21:01:00,9.0,0.09255555555555556,0.015756832733064653,0.0,21,4,0,0
2021-01-08 21:02:00,7.0,0.08785714285714286,0.007883074092183659,0.0,21,4,0,0
2021-01-08 21:03:00,6.0,0.1045,0.030144651266849978,0.0,21,4,0,0
2021-01-08 21:04:00,7.0,0.10842857142857143,0.04067700883323463,0.0,21,4,0,0
2021-01-08 21:05:00,9.0,0.08666666666666667,0.013564659966250536,0.0,21,4,0,0
2021-01-08 21:06:00,7.0,0.08471428571428571,0.012512850537404679,0.0,21,4,0,0
2021-01-08 21:07:00,8.0,0.0895,0.011122692377040992,0.0,21,4,0,0
2021-01-08 21:08:00,11.0,0.09327272727272727,0.03196276242470575,0.0,21,4,0,0
2021-01-08 21:09:00,7.0,0.08457142857142856,0.01213613259179852,0.0,21,4,0,0
2021-01-08 21:10:00,9.0,0.1118888888888889,0.07360951780246296,0.0,21,4,0,0
2021-01-08 21:11:00,7.0,0.09128571428571429,0.022691512992851798,0.0,21,4,0,0
2021-01-08 21:12:00,7.0,0.111,0.05583905443325487,0.0,21,4,0,0
2021-01-08 21:13:00,7.0,0.10028571428571428,0.021615690949819192,0.0,21,4,0,0
2021-01-08 21:14:00,7.0,0.12571428571428572,0.05509904501808322,0.0,21,4,0,0
2021-01-08 21:15:00,9.0,0.0951111111111111,0.030464916069326557,0.0,21,4,0,0
2021-01-08 21:16:00,10.0,0.0935,0.027593276153601062,0.0,21,4,0,0
2021-01-08 21:17:00,7.0,0.08485714285714285,0.018151479016217675,0.0,21,4,0,0
2021-01-08 21:18:00,9.0,0.11088888888888888,0.0326245476767282,0.0,21,4,0,0
2021-01-08 21:19:00,7.0,0.08671428571428572,0.012106668764421888,0.0,21,4,0,0
2021-01-08 21:20:00,7.0,0.096,0.011676186592091332,0.0,21,4,0,0
2021-01-08 21:21:00,7.0,0.1112857142857143,0.07517028288207667,0.0,21,4,0,0
2021-01-08 21:22:00,6.0,0.09516666666666666,0.028322546966448245,0.0,21,4,0,0
2021-01-08 21:23:00,7.0,0.10628571428571429,0.04190351729753437,0.0,21,4,0,0
2021-01-08 21:24:00,6.0,0.08533333333333333,0.008406346808612325,0.0,21,4,0,0
2021-01-08 21:25:00,7.0,0.07657142857142858,0.007184639700016112,0.0,21,4,0,0
2021-01-08 21:26:00,9.0,0.08644444444444445,0.019197077323847445,0.0,21,4,0,0
2021-01-08 21:27:00,9.0,0.07533333333333332,0.0095,0.0,21,4,0,0
2021-01-08 21:28:00,8.0,0.095625,0.025612148345211944,0.0,21,4,0,0
2021-01-08 21:29:00,7.0,0.09114285714285715,0.023017591616186172,0.0,21,4,0,0
2021-01-08 21:30:00,6.0,0.11966666666666666,0.04253312434640402,0.0,21,4,0,0
2021-01-08 21:31:00,7.0,0.11057142857142857,0.010783585409580354,0.0,21,4,0,0
2021-01-08 21:32:00,7.0,0.10414285714285713,0.011582005747833886,0.0,21,4,0,0
2021-01-08 21:33:00,9.0,0.09755555555555556,0.02395887680543013,0.0,21,4,0,0
2021-01-08 21:34:00,6.0,0.10116666666666667,0.018861777929629717,0.0,21,4,0,0
2021-01-08 21:35:00,7.0,0.09342857142857143,0.01567223811773697,0.0,21,4,0,0
2021-01-08 21:36:00,7.0,0.08014285714285714,0.005669467095138408,0.0,21,4,0,0
2021-01-08 21:37:00,7.0,0.10285714285714286,0.025109284945537387,0.0,21,4,0,0
2021-01-08 21:38:00,12.0,0.11875000000000001,0.04592310767121296,0.0,21,4,0,0
2021-01-08 21:39:00,7.0,0.0972857142857143,0.026164315939298487,0.0,21,4,0,0
2021-01-08 21:40:00,7.0,0.0962857142857143,0.013683497185957077,0.0,21,4,0,0
2021-01-08 21:41:00,7.0,0.10214285714285713,0.015104398602488517,0.0,21,4,0,0
2021-01-08 21:42:00,9.0,0.12666666666666665,0.06616645675869307,0.0,21,4,0,0
2021-01-08 21:43:00,7.0,0.12385714285714286,0.059097175824874996,0.0,21,4,0,0
2021-01-08 21:44:00,6.0,0.07533333333333334,0.006531972647421807,0.0,21,4,0,0
2021-01-08 21:45:00,7.0,0.09328571428571429,0.01567071882752762,0.0,21,4,0,0
2021-01-08 21:46:00,12.0,0.08583333333333333,0.01410888394099994,0.0,21,4,0,0
2021-01-08 21:47:00,7.0,0.09314285714285715,0.008952254305081888,0.0,21,4,0,0
2021-01-08 21:48:00,7.0,0.08414285714285714,0.020538001942972058,0.0,21,4,0,0
2021-01-08 21:49:00,9.0,0.09922222222222223,0.029731203212188445,0.0,21,4,0,0
2021-01-08 21:50:00,7.0,0.11114285714285714,0.010838643387259796,0.0,21,4,0,0
2021-01-08 21:51:00,7.0,0.10871428571428572,0.018043597994065064,0.0,21,4,0,0
2021-01-08 21:52:00,9.0,0.09555555555555556,0.012125501135119232,0.0,21,4,0,0
2021-01-08 21:53:00,8.0,0.16275,0.1694518473532483,0.0,21,4,0,0
2021-01-08 21:54:00,9.0,0.08522222222222223,0.00754615428178118,0.0,21,4,0,0
2021-01-08 21:55:00,7.0,0.08442857142857142,0.012231886511043483,0.0,21,4,0,0
2021-01-08 21:56:00,7.0,0.08885714285714286,0.01162509600574796,0.0,21,4,0,0
2021-01-08 21:57:00,7.0,0.09314285714285715,0.025517500997214778,0.0,21,4,0,0
2021-01-08 21:58:00,8.0,0.1005,0.020542638584174138,0.0,21,4,0,0
2021-01-08 21:59:00,6.0,0.08583333333333333,0.016509593170840598,0.0,21,4,0,0
2021-01-08 22:00:00,7.0,0.10571428571428572,0.028170399865309486,0.0,22,4,0,0
2021-01-08 22:01:00,9.0,0.09333333333333332,0.021714050750608466,0.0,22,4,0,0
2021-01-08 22:02:00,6.0,0.10166666666666667,0.026635815487171904,0.0,22,4,0,0
2021-01-08 22:03:00,8.0,0.11875,0.019024420396652596,0.0,22,4,0,0
2021-01-08 22:04:00,7.0,0.09642857142857143,0.015273693537769905,0.0,22,4,0,0
2021-01-08 22:05:00,7.0,0.11385714285714287,0.04554641797634793,0.0,22,4,0,0
2021-01-08 22:06:00,7.0,0.09957142857142857,0.02021432778053843,0.0,22,4,0,0
2021-01-08 22:07:00,8.0,0.09525,0.013144797993339964,0.0,22,4,0,0
2021-01-08 22:08:00,5.0,0.0968,0.04272821082142336,0.0,22,4,0,0
2021-01-08 22:09:00,6.0,0.08983333333333333,0.022639935217810735,0.0,22,4,0,0
2021-01-08 22:10:00,7.0,0.09128571428571429,0.018971156050825208,0.0,22,4,0,0
2021-01-08 22:11:00,5.0,0.0876,0.008792041856133309,0.0,22,4,0,0
2021-01-08 22:12:00,8.0,0.097125,0.019931579394088593,0.0,22,4,0,0
2021-01-08 22:13:00,8.0,0.1215,0.07980690983331493,0.0,22,4,0,0
2021-01-08 22:14:00,5.0,0.1008,0.032213351269310686,0.0,22,4,0,0
2021-01-08 22:15:00,7.0,0.101,0.0317962261911693,0.0,22,4,0,0
2021-01-08 22:16:00,7.0,0.09785714285714286,0.03433864961152168,0.0,22,4,0,0
2021-01-08 22:17:00,7.0,0.09142857142857143,0.026694925503155977,0.0,22,4,0,0
2021-01-08 22:18:00,8.0,0.089125,0.00687516233574576,0.0,22,4,0,0
2021-01-08 22:19:00,8.0,0.148,0.15519849041975708,0.0,22,4,0,0
2021-01-08 22:20:00,8.0,0.09925,0.014089002803605371,0.0,22,4,0,0
2021-01-08 22:21:00,8.0,0.104875,0.01764278484658409,0.0,22,4,0,0
2021-01-08 22:22:00,7.0,0.09328571428571429,0.015670718827527616,0.0,22,4,0,0
2021-01-08 22:23:00,7.0,0.08285714285714285,0.006743603671345943,0.0,22,4,0,0
2021-01-08 22:24:00,7.0,0.08457142857142856,0.01213613259179852,0.0,22,4,0,0
2021-01-08 22:25:00,5.0,0.087,0.00821583836257749,0.0,22,4,0,0
2021-01-08 22:26:00,6.0,0.09699999999999999,0.02481934729198172,0.0,22,4,0,0
2021-01-08 22:27:00,7.0,0.1315714285714286,0.04161272699089844,0.0,22,4,0,0
2021-01-08 22:28:00,7.0,0.08671428571428572,0.01661038114869018,0.0,22,4,0,0
2021-01-08 22:29:00,7.0,0.09342857142857143,0.02379675848273698,0.0,22,4,0,0
2021-01-08 22:30:00,6.0,0.09100000000000001,0.015059880477613362,0.0,22,4,0,0
2021-01-08 22:31:00,8.0,0.0825,0.006697547525560596,0.0,22,4,0,0
2021-01-08 22:32:00,7.0,0.09385714285714286,0.010494896719018114,0.0,22,4,0,0
2021-01-08 22:33:00,7.0,0.216,0.28075137280756673,0.0,22,4,0,0
2021-01-08 22:34:00,7.0,0.09771428571428571,0.02120309950387982,0.0,22,4,0,0
2021-01-08 22:35:00,7.0,0.12471428571428571,0.09659488303513511,0.0,22,4,0,0
2021-01-08 22:36:00,6.0,0.10099999999999999,0.04848917404947213,0.0,22,4,0,0
2021-01-08 22:37:00,7.0,0.09171428571428572,0.022779481159691986,0.0,22,4,0,0
2021-01-08 22:38:00,7.0,0.10042857142857142,0.029262360025905532,0.0,22,4,0,0
2021-01-08 22:39:00,6.0,0.09050000000000001,0.006123724356957949,0.0,22,4,0,0
2021-01-08 22:40:00,11.0,0.12409090909090909,0.061916806354098325,0.0,22,4,0,0
2021-01-08 22:41:00,5.0,0.0972,0.02542046419717783,0.0,22,4,0,0
2021-01-08 22:42:00,6.0,0.09100000000000001,0.020765355763867857,0.0,22,4,0,0
2021-01-08 22:43:00,7.0,0.087,0.022218610817660644,0.0,22,4,0,0
2021-01-08 22:44:00,7.0,0.09285714285714286,0.018215639538855716,0.0,22,4,0,0
2021-01-08 22:45:00,8.0,0.092875,0.02346692200889219,0.0,22,4,0,0
2021-01-08 22:46:00,6.0,0.10483333333333333,0.02652860091800295,0.0,22,4,0,0
2021-01-08 22:47:00,9.0,0.11511111111111111,0.046012075709655945,0.0,22,4,0,0
2021-01-08 22:48:00,7.0,0.08657142857142856,0.00801783725737273,0.0,22,4,0,0
2021-01-08 22:49:00,7.0,0.08657142857142856,0.026744825934855408,0.0,22,4,0,0
2021-01-08 22:50:00,7.0,0.12457142857142857,0.0925560319353582,0.0,22,4,0,0
2021-01-08 22:51:00,7.0,0.08042857142857142,0.013125765283811616,0.0,22,4,0,0
2021-01-08 22:52:00,7.0,0.088,0.014922019523732922,0.0,22,4,0,0
2021-01-08 22:53:00,6.0,0.09383333333333332,0.014330619898199335,0.0,22,4,0,0
2021-01-08 22:54:00,6.0,0.10333333333333333,0.02571899427790027,0.0,22,4,0,0
2021-01-08 22:55:00,7.0,0.08771428571428572,0.023164011495667776,0.0,22,4,0,0
2021-01-08 22:56:00,7.0,0.11257142857142857,0.051957858381760195,0.0,22,4,0,0
2021-01-08 22:57:00,7.0,0.10685714285714286,0.031598673872113535,0.0,22,4,0,0
2021-01-08 22:58:00,7.0,0.09142857142857143,0.024724192894525678,0.0,22,4,0,0
2021-01-08 22:59:00,8.0,0.08375,0.011473572117821771,0.0,22,4,0,0
2021-01-08 23:00:00,6.0,0.10966666666666668,0.020519909031637217,0.0,23,4,0,0
2021-01-08 23:01:00,6.0,0.08433333333333333,0.01735127276791725,0.0,23,4,0,0
2021-01-08 23:02:00,7.0,0.08442857142857142,0.008017837257372729,0.0,23,4,0,0
2021-01-08 23:03:00,6.0,0.09466666666666668,0.020086479698211597,0.0,23,4,0,0
2021-01-08 23:04:00,6.0,0.08950000000000001,0.015346009253222803,0.0,23,4,0,0
2021-01-08 23:05:00,3.0,0.083,0.008660254037844385,0.0,23,4,0,0
2021-01-08 23:06:00,6.0,0.08733333333333333,0.01351542328847553,0.0,23,4,0,0
2021-01-08 23:07:00,7.0,0.10885714285714286,0.022041087173946844,0.0,23,4,0,0
2021-01-08 23:08:00,4.0,0.10475,0.023056091024571648,0.0,23,4,0,0
2021-01-08 23:09:00,3.0,0.08833333333333333,0.0178978583448784,0.0,23,4,0,0
2021-01-08 23:10:00,6.0,0.11950000000000001,0.0273038458829521,0.0,23,4,0,0
2021-01-08 23:11:00,6.0,0.10916666666666668,0.05376027033662188,0.0,23,4,0,0
2021-01-08 23:12:00,5.0,0.1048,0.023573289969794207,0.0,23,4,0,0
2021-01-08 23:13:00,6.0,0.09583333333333333,0.011737404596701377,0.0,23,4,0,0
2021-01-08 23:14:00,4.0,0.101,0.009237604307034011,0.0,23,4,0,0
2021-01-08 23:15:00,4.0,0.10025,0.04047530111067736,0.0,23,4,0,0
2021-01-08 23:16:00,5.0,0.134,0.06328506932918697,0.0,23,4,0,0
2021-01-08 23:17:00,7.0,0.08442857142857142,0.015153186055052831,0.0,23,4,0,0
2021-01-08 23:18:00,3.0,0.09500000000000001,0.017521415467935238,0.0,23,4,0,0
2021-01-08 23:19:00,5.0,0.0884,0.02057425575810702,0.0,23,4,0,0
2021-01-08 23:20:00,7.0,0.09614285714285715,0.016108264663711933,0.0,23,4,0,0
2021-01-08 23:21:00,7.0,0.09342857142857143,0.01567223811773697,0.0,23,4,0,0
2021-01-08 23:22:00,4.0,0.101,0.019882991056008985,0.0,23,4,0,0
2021-01-08 23:23:00,3.0,0.109,0.041388404173149755,0.0,23,4,0,0
2021-01-08 23:24:00,7.0,0.08657142857142856,0.011385036127261414,0.0,23,4,0,0
2021-01-08 23:25:00,5.0,0.0972,0.024621129137389293,0.0,23,4,0,0
2021-01-08 23:26:00,5.0,0.1618,0.12785225848611356,0.0,23,4,0,0
2021-01-08 23:27:00,6.0,0.08933333333333333,0.013411437904515188,0.0,23,4,0,0
2021-01-08 23:28:00,4.0,0.08549999999999999,0.008660254037844388,0.0,23,4,0,0
2021-01-08 23:29:00,5.0,0.08120000000000001,0.006610597552415362,0.0,23,4,0,0
2021-01-08 23:30:00,4.0,0.11525,0.040019786772711986,0.0,23,4,0,0
2021-01-08 23:31:00,6.0,0.08216666666666667,0.007332575718440731,0.0,23,4,0,0
2021-01-08 23:32:00,7.0,0.08757142857142856,0.02055770044579519,0.0,23,4,0,0
2021-01-08 23:33:00,4.0,0.08625,0.009604686356149271,0.0,23,4,0,0
2021-01-08 23:34:00,6.0,0.09983333333333333,0.017949001829256874,0.0,23,4,0,0
2021-01-08 23:35:00,6.0,0.08833333333333333,0.012659647177811345,0.0,23,4,0,0
2021-01-08 23:36:00,6.0,0.10616666666666667,0.04005204946899305,0.0,23,4,0,0
2021-01-08 23:37:00,5.0,0.0872,0.007949842765740718,0.0,23,4,0,0
2021-01-08 23:38:00,5.0,0.087,0.00821583836257749,0.0,23,4,0,0
2021-01-08 23:39:00,4.0,0.105,0.03472751070837068,0.0,23,4,0,0
2021-01-08 23:40:00,5.0,0.1026,0.034370045097439135,0.0,23,4,0,0
2021-01-08 23:41:00,6.0,0.09083333333333334,0.015223884742951343,0.0,23,4,0,0
2021-01-08 23:42:00,5.0,0.0848,0.0076615925237511805,0.0,23,4,0,0
2021-01-08 23:43:00,5.0,0.09280000000000001,0.03537230555109463,0.0,23,4,0,0
2021-01-08 23:44:00,5.0,0.0898,0.0066105975524153645,0.0,23,4,0,0
2021-01-08 23:45:00,4.0,0.10250000000000001,0.00939858145324779,0.0,23,4,0,0
2021-01-08 23:46:00,5.0,0.0944,0.03447897910321592,0.0,23,4,0,0
2021-01-08 23:47:00,5.0,0.087,0.008215838362577488,0.0,23,4,0,0
2021-01-08 23:48:00,6.0,0.08650000000000001,0.0074498322128756685,0.0,23,4,0,0
2021-01-08 23:49:00,5.0,0.0964,0.013030732903409541,0.0,23,4,0,0
2021-01-08 23:50:00,4.0,0.09675,0.029814705543853143,0.0,23,4,0,0
2021-01-08 23:51:00,1.0,0.093,0.0,0.0,23,4,0,0
2021-01-08 23:52:00,5.0,0.11280000000000001,0.04755733381929648,0.0,23,4,0,0
2021-01-08 23:53:00,5.0,0.0888,0.015056560032092322,0.0,23,4,0,0
2021-01-08 23:54:00,2.0,0.08549999999999999,0.010606601717798217,0.0,23,4,0,0
2021-01-08 23:55:00,6.0,0.08766666666666667,0.011604596790352808,0.0,23,4,0,0
2021-01-08 23:56:00,6.0,0.09966666666666667,0.012643839079435752,0.0,23,4,0,0
2021-01-08 23:57:00,5.0,0.09040000000000001,0.01297304898626379,0.0,23,4,0,0
2021-01-08 23:58:00,3.0,0.083,0.008660254037844387,0.0,23,4,0,0
2021-01-08 23:59:00,6.0,0.08616666666666667,0.007359800721939871,0.0,23,4,0,0
2021-01-09 00:00:00,4.0,0.14525,0.09427044429017328,0.0,0,5,0,1
2021-01-09 00:01:00,6.0,0.08266666666666667,0.008041558721209877,0.0,0,5,0,1
2021-01-09 00:02:00,3.0,0.11433333333333333,0.02444040370643114,0.0,0,5,0,1
2021-01-09 00:03:00,4.0,0.38175000000000003,0.508842067836377,0.0,0,5,0,1
2021-01-09 00:04:00,7.0,0.11757142857142856,0.07325038598955673,0.0,0,5,0,1
2021-01-09 00:05:00,8.0,0.09325,0.011719946367502832,0.0,0,5,0,1
2021-01-09 00:06:00,5.0,0.11280000000000001,0.01766918221084383,0.0,0,5,0,1
2021-01-09 00:07:00,7.0,0.109,0.023101226518664905,0.0,0,5,0,1
2021-01-09 00:08:00,5.0,0.1026,0.008763560920082656,0.0,0,5,0,1
2021-01-09 00:09:00,2.0,0.11649999999999999,0.010606601717798208,0.0,0,5,0,1
2021-01-09 00:10:00,6.0,0.10383333333333333,0.00840039681602403,0.0,0,5,0,1
2021-01-09 00:11:00,4.0,0.09,0.01437590576856522,0.0,0,5,0,1
2021-01-09 00:12:00,3.0,0.12466666666666666,0.0465008960487143,0.0,0,5,0,1
2021-01-09 00:13:00,5.0,0.1328,0.10123092412894391,0.0,0,5,0,1
2021-01-09 00:14:00,6.0,0.10516666666666667,0.016154462747695043,0.0,0,5,0,1
2021-01-09 00:15:00,7.0,0.12514285714285714,0.050051402149618715,0.0,0,5,0,1
2021-01-09 00:16:00,7.0,0.08442857142857142,0.00801783725737273,0.0,0,5,0,1
2021-01-09 00:17:00,4.0,0.09975,0.008057087976847883,0.0,0,5,0,1
2021-01-09 00:18:00,7.0,0.09685714285714285,0.015720777879699756,0.0,0,5,0,1
2021-01-09 00:19:00,7.0,0.09114285714285715,0.018676443018131796,0.0,0,5,0,1
2021-01-09 00:20:00,8.0,0.09025,0.021056047655178375,0.0,0,5,0,1
2021-01-09 00:21:00,8.0,0.095125,0.017381743295768696,0.0,0,5,0,1
2021-01-09 00:22:00,8.0,0.146875,0.14989180621844736,0.0,0,5,0,1
2021-01-09 00:23:00,7.0,0.10385714285714286,0.03069434568683388,0.0,0,5,0,1
2021-01-09 00:24:00,7.0,0.09042857142857143,0.011516034370348488,0.0,0,5,0,1
2021-01-09 00:25:00,8.0,0.0825,0.010239977678547096,0.0,0,5,0,1
2021-01-09 00:26:00,9.0,0.08144444444444444,0.010174860086398126,0.0,0,5,0,1
2021-01-09 00:27:00,7.0,0.08442857142857142,0.009071147352221452,0.0,0,5,0,1
2021-01-09 00:28:00,6.0,0.081,0.012553883861180172,0.0,0,5,0,1
2021-01-09 00:29:00,7.0,0.08228571428571428,0.007319250547113996,0.0,0,5,0,1
2021-01-09 00:30:00,7.0,0.08628571428571429,0.012079104350272079,0.0,0,5,0,1
2021-01-09 00:31:00,7.0,0.11342857142857143,0.04289466611307728,0.0,0,5,0,1
2021-01-09 00:32:00,8.0,0.085625,0.01162432793756267,0.0,0,5,0,1
2021-01-09 00:33:00,9.0,0.12466666666666665,0.06955932719628619,0.0,0,5,0,1
2021-01-09 00:34:00,7.0,0.08328571428571428,0.01455694892155502,0.0,0,5,0,1
2021-01-09 00:35:00,7.0,0.12457142857142857,0.10364499850106475,0.0,0,5,0,1
2021-01-09 00:36:00,9.0,0.10044444444444443,0.023943219870722857,0.0,0,5,0,1
2021-01-09 00:37:00,7.0,0.093,0.021244607158837584,0.0,0,5,0,1
2021-01-09 00:38:00,7.0,0.118,0.07968688725254613,0.0,0,5,0,1
2021-01-09 00:39:00,9.0,0.08944444444444444,0.017066861978049092,0.0,0,5,0,1
2021-01-09 00:40:00,7.0,0.12442857142857143,0.05621048876872577,0.0,0,5,0,1
2021-01-09 00:41:00,8.0,0.109,0.06989379698616222,0.0,0,5,0,1
2021-01-09 00:42:00,7.0,0.08728571428571429,0.011714866419985131,0.0,0,5,0,1
2021-01-09 00:43:00,7.0,0.12014285714285713,0.07706799718739413,0.0,0,5,0,1
2021-01-09 00:44:00,10.0,0.1216,0.11052722138309035,0.0,0,5,0,1
2021-01-09 00:45:00,7.0,0.095,0.014317821063276353,0.0,0,5,0,1
2021-01-09 00:46:00,7.0,0.08614285714285715,0.015475018270625416,0.0,0,5,0,1
2021-01-09 00:47:00,7.0,0.09128571428571429,0.010719363875937877,0.0,0,5,0,1
2021-01-09 00:48:00,9.0,0.10200000000000001,0.022034064536530708,0.0,0,5,0,1
2021-01-09 00:49:00,5.0,0.0906,0.013649175799292795,0.0,0,5,0,1
2021-01-09 00:50:00,8.0,0.10125,0.036667424234598206,0.0,0,5,0,1
2021-01-09 00:51:00,7.0,0.114,0.06703730304837748,0.0,0,5,0,1
2021-01-09 00:52:00,8.0,0.09325,0.016438195938553772,0.0,0,5,0,1
2021-01-09 00:53:00,7.0,0.08914285714285715,0.019582548109890872,0.0,0,5,0,1
2021-01-09 00:54:00,9.0,0.09111111111111111,0.01269295517643985,0.0,0,5,0,1
2021-01-09 00:55:00,7.0,0.08471428571428571,0.007782764841072135,0.0,0,5,0,1
2021-01-09 00:56:00,7.0,0.10428571428571429,0.021445390225052145,0.0,0,5,0,1
2021-01-09 00:57:00,6.0,0.10366666666666667,0.027449347290357685,0.0,0,5,0,1
2021-01-09 00:58:00,7.0,0.09342857142857143,0.015501152030920614,0.0,0,5,0,1
2021-01-09 00:59:00,9.0,0.10200000000000001,0.019319679086361657,0.0,0,5,0,1
2021-01-09 01:00:00,9.0,0.108,0.029597297173897485,0.0,1,5,0,1
2021-01-09 01:01:00,7.0,0.09328571428571429,0.012658518682614297,0.0,1,5,0,1
2021-01-09 01:02:00,7.0,0.09999999999999999,0.019519221295943138,0.0,1,5,0,1
2021-01-09 01:03:00,8.0,0.10062499999999999,0.018399825309729747,0.0,1,5,0,1
2021-01-09 01:04:00,9.0,0.14355555555555555,0.07759850370836914,0.0,1,5,0,1
2021-01-09 01:05:00,7.0,0.13014285714285714,0.038705850425263325,0.0,1,5,0,1
2021-01-09 01:06:00,6.0,0.10766666666666667,0.01535795125225584,0.0,1,5,0,1
2021-01-09 01:07:00,8.0,0.21675,0.23602769207991559,0.0,1,5,0,1
2021-01-09 01:08:00,6.0,0.13183333333333333,0.049624254822280875,0.0,1,5,0,1
2021-01-09 01:09:00,8.0,0.1055,0.012363540870525037,0.0,1,5,0,1
2021-01-09 01:10:00,5.0,0.1058,0.03863547592563084,0.0,1,5,0,1
2021-01-09 01:11:00,8.0,0.09925,0.03089498341155082,0.0,1,5,0,1
2021-01-09 01:12:00,4.0,0.08549999999999999,0.008660254037844383,0.0,1,5,0,1
2021-01-09 01:13:00,7.0,0.08885714285714286,0.01162509600574796,0.0,1,5,0,1
2021-01-09 01:14:00,4.0,0.203,0.22074268579804254,0.0,1,5,0,1
2021-01-09 01:15:00,5.0,0.0962,0.007155417527999327,0.0,1,5,0,1
2021-01-09 01:16:00,7.0,0.11142857142857143,0.05594299820012374,0.0,1,5,0,1
2021-01-09 01:17:00,3.0,0.09466666666666668,0.017559422921421233,0.0,1,5,0,1
2021-01-09 01:18:00,7.0,0.10257142857142856,0.024240854927560777,0.0,1,5,0,1
2021-01-09 01:19:00,7.0,0.092,0.01272792206135786,0.0,1,5,0,1
2021-01-09 01:20:00,8.0,0.089125,0.016582585529920927,0.0,1,5,0,1
2021-01-09 01:21:00,7.0,0.09328571428571429,0.021921939434535187,0.0,1,5,0,1
2021-01-09 01:22:00,9.0,0.101,0.04013726448077896,0.0,1,5,0,1
2021-01-09 01:23:00,7.0,0.11528571428571428,0.05175491695067657,0.0,1,5,0,1
2021-01-09 01:24:00,11.0,0.1302727272727273,0.12354925407228562,0.0,1,5,0,1
2021-01-09 01:25:00,7.0,0.10857142857142857,0.015682869028094987,0.0,1,5,0,1
2021-01-09 01:26:00,8.0,0.18875,0.2394092431680233,0.0,1,5,0,1
2021-01-09 01:27:00,7.0,0.11314285714285714,0.055414885399227565,0.0,1,5,0,1
2021-01-09 01:28:00,7.0,0.09542857142857143,0.0164606312440435,0.0,1,5,0,1
2021-01-09 01:29:00,8.0,0.09625,0.026450762883948303,0.0,1,5,0,1
2021-01-09 01:30:00,7.0,0.08928571428571429,0.014488090347066511,0.0,1,5,0,1
2021-01-09 01:31:00,7.0,0.129,0.08888381929987782,0.0,1,5,0,1
2021-01-09 01:32:00,5.0,0.0934,0.01919114379082185,0.0,1,5,0,1
2021-01-09 01:33:00,6.0,0.09083333333333334,0.015223884742951341,0.0,1,5,0,1
2021-01-09 01:34:00,6.0,0.1115,0.05343687865135837,0.0,1,5,0,1
2021-01-09 01:35:00,7.0,0.10414285714285713,0.023891620368018656,0.0,1,5,0,1
2021-01-09 01:36:00,7.0,0.09771428571428571,0.01716308330607961,0.0,1,5,0,1
2021-01-09 01:37:00,5.0,0.0934,0.01096813566655701,0.0,1,5,0,1
2021-01-09 01:38:00,5.0,0.09419999999999999,0.012557866060760486,0.0,1,5,0,1
2021-01-09 01:39:00,6.0,0.08166666666666667,0.013735598518691008,0.0,1,5,0,1
2021-01-09 01:40:00,7.0,0.08871428571428572,0.007319250547113994,0.0,1,5,0,1
2021-01-09 01:41:00,7.0,0.1142857142857143,0.052321806434520474,0.0,1,5,0,1
2021-01-09 01:42:00,9.0,0.10644444444444444,0.044536813736253934,0.0,1,5,0,1
2021-01-09 01:43:00,7.0,0.12028571428571429,0.03297329366681611,0.0,1,5,0,1
2021-01-09 01:44:00,8.0,0.104875,0.011063937557927297,0.0,1,5,0,1
2021-01-09 01:45:00,7.0,0.11385714285714287,0.00735818300552909,0.0,1,5,0,1
2021-01-09 01:46:00,8.0,0.108875,0.023624669309854903,0.0,1,5,0,1
2021-01-09 01:47:00,7.0,0.12185714285714286,0.03975520331322921,0.0,1,5,0,1
2021-01-09 01:48:00,9.0,0.10411111111111111,0.014709218575815346,0.0,1,5,0,1
2021-01-09 01:49:00,5.0,0.1,0.026748831750190508,0.0,1,5,0,1
2021-01-09 01:50:00,7.0,0.08742857142857142,0.03131483749948333,0.0,1,5,0,1
2021-01-09 01:51:00,5.0,0.1058,0.020290391814846754,0.0,1,5,0,1
2021-01-09 01:52:00,7.0,0.08671428571428572,0.01210666876442189,0.0,1,5,0,1
2021-01-09 01:53:00,7.0,0.08914285714285715,0.008091735937126877,0.0,1,5,0,1
2021-01-09 01:54:00,9.0,0.08644444444444445,0.011147994338793765,0.0,1,5,0,1
2021-01-09 01:55:00,6.0,0.112,0.059729389750775116,0.0,1,5,0,1
2021-01-09 01:56:00,7.0,0.15071428571428572,0.12619259656798978,0.0,1,5,0,1
2021-01-09 01:57:00,7.0,0.10685714285714286,0.035413879442146086,0.0,1,5,0,1
2021-01-09 01:58:00,7.0,0.08785714285714286,0.00708116213222499,0.0,1,5,0,1
2021-01-09 01:59:00,7.0,0.10428571428571429,0.03317486139490908,0.0,1,5,0,1
2021-01-09 02:00:00,7.0,0.11142857142857143,0.028935889726872308,0.0,2,5,0,1
2021-01-09 02:01:00,6.0,0.1235,0.025516661223600554,0.0,2,5,0,1
2021-01-09 02:02:00,3.0,0.08800000000000001,0.008660254037844385,0.0,2,5,0,1
2021-01-09 02:03:00,6.0,0.1165,0.019191143790821853,0.0,2,5,0,1
2021-01-09 02:04:00,6.0,0.1165,0.01630644044541911,0.0,2,5,0,1
2021-01-09 02:05:00,6.0,0.11616666666666665,0.008280499179799892,0.0,2,5,0,1
2021-01-09 02:06:00,7.0,0.13985714285714287,0.04972735186805672,0.0,2,5,0,1
2021-01-09 02:07:00,7.0,0.18242857142857144,0.12704967157619515,0.0,2,5,0,1
2021-01-09 02:08:00,5.0,0.1152,0.0084970583144992,0.0,2,5,0,1
2021-01-09 02:09:00,3.0,0.19233333333333333,0.15839612789880103,0.0,2,5,0,1
2021-01-09 02:10:00,7.0,0.09114285714285715,0.01392154890123667,0.0,2,5,0,1
2021-01-09 02:11:00,7.0,0.09842857142857143,0.0313254802722275,0.0,2,5,0,1
2021-01-09 02:12:00,6.0,0.12233333333333334,0.041898289543448757,0.0,2,5,0,1
2021-01-09 02:13:00,7.0,0.11514285714285714,0.051557180461530835,0.0,2,5,0,1
2021-01-09 02:14:00,4.0,0.09325,0.012658988901172166,0.0,2,5,0,1
2021-01-09 02:15:00,5.0,0.0964,0.02550098037331115,0.0,2,5,0,1
2021-01-09 02:16:00,6.0,0.09766666666666667,0.027141603981096378,0.0,2,5,0,1
2021-01-09 02:17:00,5.0,0.1246,0.07952546761887037,0.0,2,5,0,1
2021-01-09 02:18:00,6.0,0.10183333333333333,0.021311186420907374,0.0,2,5,0,1
2021-01-09 02:19:00,7.0,0.12671428571428572,0.04547055562197837,0.0,2,5,0,1
2021-01-09 02:20:00,7.0,0.09571428571428571,0.0343739934917581,0.0,2,5,0,1
2021-01-09 02:21:00,5.0,0.092,0.011313708498984762,0.0,2,5,0,1
2021-01-09 02:22:00,7.0,0.14757142857142855,0.13483181763819344,0.0,2,5,0,1
2021-01-09 02:23:00,6.0,0.09083333333333334,0.018280226110928353,0.0,2,5,0,1
2021-01-09 02:24:00,6.0,0.09849999999999999,0.023381616710569868,0.0,2,5,0,1
2021-01-09 02:25:00,6.0,0.10833333333333332,0.033767834793878425,0.0,2,5,0,1
2021-01-09 02:26:00,5.0,0.0902,0.012911235417263524,0.0,2,5,0,1
2021-01-09 02:27:00,5.0,0.1078,0.030678983033992507,0.0,2,5,0,1
2021-01-09 02:28:00,4.0,0.08424999999999999,0.014952703211571251,0.0,2,5,0,1
2021-01-09 02:29:00,8.0,0.089375,0.010861958518478283,0.0,2,5,0,1
2021-01-09 02:30:00,7.0,0.08971428571428572,0.015380878667079738,0.0,2,5,0,1
2021-01-09 02:31:00,5.0,0.1126,0.039131828477596095,0.0,2,5,0,1
2021-01-09 02:32:00,6.0,0.09183333333333334,0.012221565638929685,0.0,2,5,0,1
2021-01-09 02:33:00,6.0,0.10633333333333334,0.04337126544921957,0.0,2,5,0,1
2021-01-09 02:34:00,4.0,0.08549999999999999,0.008660254037844388,0.0,2,5,0,1
2021-01-09 02:35:00,8.0,0.116375,0.07252179475361674,0.0,2,5,0,1
2021-01-09 02:36:00,5.0,0.0964,0.020057417580536134,0.0,2,5,0,1
2021-01-09 02:37:00,4.0,0.09725,0.029364093720052057,0.0,2,5,0,1
2021-01-09 02:38:00,7.0,0.08671428571428572,0.012106668764421888,0.0,2,5,0,1
2021-01-09 02:39:00,7.0,0.10085714285714285,0.019411582207783162,0.0,2,5,0,1
2021-01-09 02:40:00,5.0,0.0986,0.02637802115398349,0.0,2,5,0,1
2021-01-09 02:41:00,6.0,0.08466666666666667,0.012532624093407834,0.0,2,5,0,1
2021-01-09 02:42:00,7.0,0.109,0.017897858344878403,0.0,2,5,0,1
2021-01-09 02:43:00,6.0,0.09066666666666667,0.018424621208227503,0.0,2,5,0,1
2021-01-09 02:44:00,6.0,0.09849999999999999,0.031854356060043026,0.0,2,5,0,1
2021-01-09 02:45:00,5.0,0.0866,0.012641202474448384,0.0,2,5,0,1
2021-01-09 02:46:00,8.0,0.095125,0.03271713181630863,0.0,2,5,0,1
2021-01-09 02:47:00,5.0,0.1026,0.03896536923987762,0.0,2,5,0,1
2021-01-09 02:48:00,5.0,0.0934,0.015501612819316576,0.0,2,5,0,1
2021-01-09 02:49:00,4.0,0.10525,0.023627314701421317,0.0,2,5,0,1
2021-01-09 02:50:00,4.0,0.0835,0.006658328118479392,0.0,2,5,0,1
2021-01-09 02:51:00,5.0,0.10640000000000001,0.02669831455354438,0.0,2,5,0,1
2021-01-09 02:52:00,5.0,0.09319999999999999,0.010963576058932598,0.0,2,5,0,1
2021-01-09 02:53:00,3.0,0.11133333333333333,0.01588500340992514,0.0,2,5,0,1
2021-01-09 02:54:00,7.0,0.09771428571428573,0.035579555392173785,0.0,2,5,0,1
2021-01-09 02:55:00,4.0,0.09625,0.01960229578391266,0.0,2,5,0,1
2021-01-09 02:56:00,7.0,0.09542857142857143,0.010783585409580356,0.0,2,5,0,1
2021-01-09 02:57:00,5.0,0.0962,0.016843396332094075,0.0,2,5,0,1
2021-01-09 02:58:00,6.0,0.12416666666666666,0.08611716824574915,0.0,2,5,0,1
2021-01-09 02:59:00,6.0,0.0855,0.008215838362577488,0.0,2,5,0,1
2021-01-09 03:00:00,7.0,0.08885714285714286,0.011625096005747957,0.0,3,5,0,1
2021-01-09 03:01:00,4.0,0.095,0.02092844953645635,0.0,3,5,0,1
2021-01-09 03:02:00,7.0,0.08857142857142856,0.01901628374890971,0.0,3,5,0,1
2021-01-09 03:03:00,5.0,0.0994,0.017586926962946083,0.0,3,5,0,1
2021-01-09 03:04:00,4.0,0.08574999999999999,0.0155,0.0,3,5,0,1
2021-01-09 03:05:00,7.0,0.09128571428571429,0.01866113863723474,0.0,3,5,0,1
2021-01-09 03:06:00,5.0,0.0964,0.013030732903409538,0.0,3,5,0,1
2021-01-09 03:07:00,7.0,0.15385714285714286,0.16070617968975615,0.0,3,5,0,1
2021-01-09 03:08:00,8.0,0.0995,0.017468338705866025,0.0,3,5,0,1
2021-01-09 03:09:00,4.0,0.113,0.040938978980917445,0.0,3,5,0,1
2021-01-09 03:10:00,6.0,0.08783333333333333,0.016400203250773043,0.0,3,5,0,1
2021-01-09 03:11:00,6.0,0.09616666666666666,0.024959300203865227,0.0,3,5,0,1
2021-01-09 03:12:00,6.0,0.09599999999999999,0.039754245056345866,0.0,3,5,0,1
2021-01-09 03:13:00,4.0,0.10175000000000001,0.02782534815595306,0.0,3,5,0,1
2021-01-09 03:14:00,5.0,0.0832,0.014184498581197719,0.0,3,5,0,1
2021-01-09 03:15:00,5.0,0.09319999999999999,0.010963576058932601,0.0,3,5,0,1
2021-01-09 03:16:00,5.0,0.1414,0.10500857107874575,0.0,3,5,0,1
2021-01-09 03:17:00,5.0,0.1282,0.061344926440578595,0.0,3,5,0,1
2021-01-09 03:18:00,4.0,0.08574999999999999,0.0155,0.0,3,5,0,1
2021-01-09 03:19:00,6.0,0.12066666666666666,0.02930301463444789,0.0,3,5,0,1
2021-01-09 03:20:00,4.0,0.1245,0.04234383071948025,0.0,3,5,0,1
2021-01-09 03:21:00,5.0,0.1212,0.03740588189041932,0.0,3,5,0,1
2021-01-09 03:22:00,5.0,0.09659999999999999,0.01697939928266015,0.0,3,5,0,1
2021-01-09 03:23:00,6.0,0.1195,0.0567124324994088,0.0,3,5,0,1
2021-01-09 03:24:00,3.0,0.07766666666666666,0.015502687938977978,0.0,3,5,0,1
2021-01-09 03:25:00,6.0,0.08266666666666667,0.008041558721209876,0.0,3,5,0,1
2021-01-09 03:26:00,6.0,0.10366666666666667,0.01888562063228706,0.0,3,5,0,1
2021-01-09 03:27:00,7.0,0.08385714285714285,0.008668497975016037,0.0,3,5,0,1
2021-01-09 03:28:00,7.0,0.1227142857142857,0.08641125367627044,0.0,3,5,0,1
2021-01-09 03:29:00,5.0,0.087,0.022923786772695298,0.0,3,5,0,1
2021-01-09 03:30:00,8.0,0.08925,0.013781457521923123,0.0,3,5,0,1
2021-01-09 03:31:00,5.0,0.1066,0.031405413546075144,0.0,3,5,0,1
2021-01-09 03:32:00,6.0,0.09816666666666667,0.018126407991289027,0.0,3,5,0,1
2021-01-09 03:33:00,5.0,0.098,0.013,0.0,3,5,0,1
2021-01-09 03:34:00,2.0,0.126,0.04666904755831214,0.0,3,5,0,1
2021-01-09 03:35:00,3.0,0.09333333333333334,0.01550268793897798,0.0,3,5,0,1
2021-01-09 03:36:00,5.0,0.0994,0.023607202290826423,0.0,3,5,0,1
2021-01-09 03:37:00,7.0,0.14257142857142857,0.13934352890471466,0.0,3,5,0,1
2021-01-09 03:38:00,6.0,0.07716666666666666,0.01324260800094402,0.0,3,5,0,1
2021-01-09 03:39:00,4.0,0.08925,0.007499999999999999,0.0,3,5,0,1
2021-01-09 03:40:00,7.0,0.08657142857142856,0.008017837257372732,0.0,3,5,0,1
2021-01-09 03:41:00,7.0,0.09185714285714286,0.018560069786404104,0.0,3,5,0,1
2021-01-09 03:42:00,5.0,0.1014,0.025264599739556543,0.0,3,5,0,1
2021-01-09 03:43:00,7.0,0.09557142857142857,0.022707246588238035,0.0,3,5,0,1
2021-01-09 03:44:00,3.0,0.08766666666666667,0.009237604307034014,0.0,3,5,0,1
2021-01-09 03:45:00,6.0,0.09200000000000001,0.02450306103326685,0.0,3,5,0,1
2021-01-09 03:46:00,7.0,0.09628571428571428,0.026849669679621047,0.0,3,5,0,1
2021-01-09 03:47:00,5.0,0.0902,0.020559669258040127,0.0,3,5,0,1
2021-01-09 03:48:00,3.0,0.08833333333333333,0.0089628864398325,0.0,3,5,0,1
2021-01-09 03:49:00,6.0,0.09616666666666666,0.030694733533078063,0.0,3,5,0,1
2021-01-09 03:50:00,5.0,0.087,0.008215838362577492,0.0,3,5,0,1
2021-01-09 03:51:00,6.0,0.08816666666666667,0.007494442385305707,0.0,3,5,0,1
2021-01-09 03:52:00,8.0,0.09125,0.015172814034129787,0.0,3,5,0,1
2021-01-09 03:53:00,6.0,0.09883333333333333,0.014784000360750357,0.0,3,5,0,1
2021-01-09 03:54:00,5.0,0.08399999999999999,0.008215838362577488,0.0,3,5,0,1
2021-01-09 03:55:00,5.0,0.1034,0.045965204231026756,0.0,3,5,0,1
2021-01-09 03:56:00,7.0,0.13714285714285715,0.11890252109946838,0.0,3,5,0,1
2021-01-09 03:57:00,6.0,0.09083333333333334,0.024822704660585778,0.0,3,5,0,1
2021-01-09 03:58:00,7.0,0.10457142857142857,0.04489564619892499,0.0,3,5,0,1
2021-01-09 03:59:00,5.0,0.08399999999999999,0.008215838362577488,0.0,3,5,0,1
2021-01-09 04:00:00,6.0,0.11966666666666669,0.07309628353525689,0.0,4,5,0,1
2021-01-09 04:01:00,7.0,0.16071428571428573,0.11527606615673276,0.0,4,5,0,1
2021-01-09 04:02:00,8.0,0.08925,0.006943650748294137,0.0,4,5,0,1
2021-01-09 04:03:00,6.0,0.07783333333333332,0.009806460455570433,0.0,4,5,0,1
2021-01-09 04:04:00,6.0,0.08416666666666667,0.0073598007219398695,0.0,4,5,0,1
2021-01-09 04:05:00,4.0,0.07775,0.012658988901172155,0.0,4,5,0,1
2021-01-09 04:06:00,5.0,0.1026,0.030549959083442324,0.0,4,5,0,1
2021-01-09 04:07:00,6.0,0.09866666666666667,0.0335777704242951,0.0,4,5,0,1
2021-01-09 04:08:00,7.0,0.10671428571428572,0.050861623665635784,0.0,4,5,0,1
2021-01-09 04:09:00,6.0,0.085,0.02910670025956224,0.0,4,5,0,1
2021-01-09 04:10:00,6.0,0.10533333333333333,0.033643226163176845,0.0,4,5,0,1
2021-01-09 04:11:00,4.0,0.08474999999999999,0.00960468635614927,0.0,4,5,0,1
2021-01-09 04:12:00,4.0,0.1185,0.05190054591877302,0.0,4,5,0,1
2021-01-09 04:13:00,6.0,0.09699999999999999,0.0150996688705415,0.0,4,5,0,1
2021-01-09 04:14:00,3.0,0.09833333333333333,0.009237604307034018,0.0,4,5,0,1
2021-01-09 04:15:00,5.0,0.101,0.04036706578387882,0.0,4,5,0,1
2021-01-09 04:16:00,6.0,0.10066666666666667,0.04302867261102377,0.0,4,5,0,1
2021-01-09 04:17:00,7.0,0.10071428571428571,0.015434963402551212,0.0,4,5,0,1
2021-01-09 04:18:00,5.0,0.121,0.08971900579030066,0.0,4,5,0,1
2021-01-09 04:19:00,5.0,0.1076,0.023330237889914462,0.0,4,5,0,1
2021-01-09 04:20:00,5.0,0.0964,0.020634921855921824,0.0,4,5,0,1
2021-01-09 04:21:00,4.0,0.10200000000000001,0.03726481808175999,0.0,4,5,0,1
2021-01-09 04:22:00,6.0,0.1035,0.054942697421950445,0.0,4,5,0,1
2021-01-09 04:23:00,8.0,0.091375,0.015193396121811796,0.0,4,5,0,1
2021-01-09 04:24:00,7.0,0.09257142857142857,0.027415671569725367,0.0,4,5,0,1
2021-01-09 04:25:00,7.0,0.09371428571428572,0.029437585304698966,0.0,4,5,0,1
2021-01-09 04:26:00,7.0,0.10342857142857143,0.040496325524081576,0.0,4,5,0,1
2021-01-09 04:27:00,5.0,0.095,0.01787456293171948,0.0,4,5,0,1
2021-01-09 04:28:00,7.0,0.09514285714285715,0.02021079391009147,0.0,4,5,0,1
2021-01-09 04:29:00,5.0,0.0964,0.020057417580536134,0.0,4,5,0,1
2021-01-09 04:30:00,7.0,0.08642857142857142,0.016215806515631002,0.0,4,5,0,1
2021-01-09 04:31:00,7.0,0.09328571428571429,0.012671678206592396,0.0,4,5,0,1
2021-01-09 04:32:00,6.0,0.09333333333333334,0.017165857586111645,0.0,4,5,0,1
2021-01-09 04:33:00,7.0,0.08614285714285715,0.012667919737517698,0.0,4,5,0,1
2021-01-09 04:34:00,5.0,0.1042,0.04530673239155522,0.0,4,5,0,1
2021-01-09 04:35:00,3.0,0.08833333333333333,0.0178978583448784,0.0,4,5,0,1
2021-01-09 04:36:00,4.0,0.097,0.019339079605813717,0.0,4,5,0,1
2021-01-09 04:37:00,5.0,0.1056,0.01725688268488837,0.0,4,5,0,1
2021-01-09 04:38:00,4.0,0.121,0.024,0.0,4,5,0,1
2021-01-09 04:39:00,7.0,0.12057142857142857,0.042193432122614935,0.0,4,5,0,1
2021-01-09 04:40:00,5.0,0.09040000000000001,0.020403431084011336,0.0,4,5,0,1
2021-01-09 04:41:00,7.0,0.10814285714285714,0.02969527780320507,0.0,4,5,0,1
2021-01-09 04:42:00,4.0,0.0875,0.017214335111567135,0.0,4,5,0,1
2021-01-09 04:43:00,4.0,0.093,0.0,0.0,4,5,0,1
2021-01-09 04:44:00,7.0,0.10457142857142857,0.02817124504914626,0.0,4,5,0,1
2021-01-09 04:45:00,8.0,0.098125,0.03138442516372003,0.0,4,5,0,1
2021-01-09 04:46:00,6.0,0.09000000000000001,0.016480291259562133,0.0,4,5,0,1
2021-01-09 04:47:00,5.0,0.0938,0.012872451204024818,0.0,4,5,0,1
2021-01-09 04:48:00,4.0,0.09325,0.033639015047015476,0.0,4,5,0,1
2021-01-09 04:49:00,5.0,0.0874,0.007700649323271383,0.0,4,5,0,1
2021-01-09 04:50:00,5.0,0.10859999999999999,0.031037074604414638,0.0,4,5,0,1
2021-01-09 04:51:00,4.0,0.101,0.009237604307034011,0.0,4,5,0,1
2021-01-09 04:52:00,3.0,0.13366666666666668,0.07043673284113434,0.0,4,5,0,1
2021-01-09 04:53:00,6.0,0.08533333333333333,0.008406346808612325,0.0,4,5,0,1
2021-01-09 04:54:00,4.0,0.097,0.008000000000000002,0.0,4,5,0,1
2021-01-09 04:55:00,5.0,0.1276,0.05020756915047771,0.0,4,5,0,1
2021-01-09 04:56:00,6.0,0.12150000000000001,0.07753386356941076,0.0,4,5,0,1
2021-01-09 04:57:00,5.0,0.087,0.023906066175763834,0.0,4,5,0,1
2021-01-09 04:58:00,5.0,0.0952,0.022949945533704434,0.0,4,5,0,1
2021-01-09 04:59:00,5.0,0.10700000000000001,0.05045294837767165,0.0,4,5,0,1
2021-01-09 05:00:00,4.0,0.0795,0.02072840241472233,0.0,5,5,0,1
2021-01-09 05:01:00,6.0,0.109,0.03813135192987524,0.0,5,5,0,1
2021-01-09 05:02:00,6.0,0.0855,0.016306440445419103,0.0,5,5,0,1
2021-01-09 05:03:00,4.0,0.0815,0.0076811457478686085,0.0,5,5,0,1
2021-01-09 05:04:00,6.0,0.0805,0.006123724356957945,0.0,5,5,0,1
2021-01-09 05:05:00,7.0,0.101,0.028384267943117127,0.0,5,5,0,1
2021-01-09 05:06:00,4.0,0.10750000000000001,0.04279018579066935,0.0,5,5,0,1
2021-01-09 05:07:00,3.0,0.08066666666666666,0.011239810200058242,0.0,5,5,0,1
2021-01-09 05:08:00,4.0,0.11175,0.03423813663153998,0.0,5,5,0,1
2021-01-09 05:09:00,6.0,0.09816666666666667,0.012655697004379756,0.0,5,5,0,1
2021-01-09 05:10:00,7.0,0.1157142857142857,0.04503966505838413,0.0,5,5,0,1
2021-01-09 05:11:00,7.0,0.08514285714285715,0.009063269671749656,0.0,5,5,0,1
2021-01-09 05:12:00,5.0,0.0864,0.007765307463326868,0.0,5,5,0,1
2021-01-09 05:13:00,8.0,0.086,0.011301074538037774,0.0,5,5,0,1
2021-01-09 05:14:00,5.0,0.078,0.0,0.0,5,5,0,1
2021-01-09 05:15:00,6.0,0.08283333333333333,0.01614207752015417,0.0,5,5,0,1
2021-01-09 05:16:00,4.0,0.0975,0.039,0.0,5,5,0,1
2021-01-09 05:17:00,4.0,0.089,0.007348469228349531,0.0,5,5,0,1
2021-01-09 05:18:00,5.0,0.0934,0.02209751117207547,0.0,5,5,0,1
2021-01-09 05:19:00,6.0,0.09633333333333333,0.011656185768366368,0.0,5,5,0,1
2021-01-09 05:20:00,5.0,0.10880000000000001,0.019188538245525643,0.0,5,5,0,1
2021-01-09 05:21:00,6.0,0.09983333333333333,0.0246853532821928,0.0,5,5,0,1
2021-01-09 05:22:00,6.0,0.09266666666666667,0.009892758294159757,0.0,5,5,0,1
2021-01-09 05:23:00,4.0,0.0945,0.015286159317064138,0.0,5,5,0,1
2021-01-09 05:24:00,4.0,0.089,0.00734846922834954,0.0,5,5,0,1
2021-01-09 05:25:00,4.0,0.0935,0.022158519806160338,0.0,5,5,0,1
2021-01-09 05:26:00,6.0,0.08783333333333333,0.01244856082712643,0.0,5,5,0,1
2021-01-09 05:27:00,5.0,0.10600000000000001,0.03054504869860253,0.0,5,5,0,1
2021-01-09 05:28:00,5.0,0.0898,0.020897368255356943,0.0,5,5,0,1
2021-01-09 05:29:00,5.0,0.11200000000000002,0.043335897360040905,0.0,5,5,0,1
2021-01-09 05:30:00,6.0,0.09166666666666667,0.026807959017177464,0.0,5,5,0,1
2021-01-09 05:31:00,5.0,0.0906,0.013049904214207859,0.0,5,5,0,1
2021-01-09 05:32:00,3.0,0.133,0.07014983962918234,0.0,5,5,0,1
2021-01-09 05:33:00,5.0,0.122,0.05462600113499066,0.0,5,5,0,1
2021-01-09 05:34:00,4.0,0.0895,0.014798648586948746,0.0,5,5,0,1
2021-01-09 05:35:00,4.0,0.0815,0.01479864858694874,0.0,5,5,0,1
2021-01-09 05:36:00,5.0,0.0872,0.017035257556021862,0.0,5,5,0,1
2021-01-09 05:37:00,4.0,0.1025,0.048999999999999995,0.0,5,5,0,1
2021-01-09 05:38:00,4.0,0.11425,0.014863265679744364,0.0,5,5,0,1
2021-01-09 05:39:00,5.0,0.1776,0.19766335016891723,0.0,5,5,0,1
2021-01-09 05:40:00,7.0,0.09985714285714285,0.05391792704790178,0.0,5,5,0,1
2021-01-09 05:41:00,5.0,0.09319999999999999,0.019613770672667712,0.0,5,5,0,1
2021-01-09 05:42:00,5.0,0.08120000000000001,0.01402497771834237,0.0,5,5,0,1
2021-01-09 05:43:00,7.0,0.09414285714285715,0.02525489108686718,0.0,5,5,0,1
2021-01-09 05:44:00,4.0,0.0895,0.014798648586948742,0.0,5,5,0,1
2021-01-09 05:45:00,6.0,0.08600000000000001,0.011713240371477057,0.0,5,5,0,1
2021-01-09 05:46:00,2.0,0.0935,0.021920310216782972,0.0,5,5,0,1
2021-01-09 05:47:00,4.0,0.077,0.0020000000000000005,0.0,5,5,0,1
2021-01-09 05:48:00,6.0,0.09466666666666666,0.02524017960844705,0.0,5,5,0,1
2021-01-09 05:49:00,5.0,0.11499999999999999,0.03572814016989969,0.0,5,5,0,1
2021-01-09 05:50:00,4.0,0.112,0.038,0.0,5,5,0,1
2021-01-09 05:51:00,3.0,0.16066666666666665,0.09167515112250066,0.0,5,5,0,1
2021-01-09 05:52:00,3.0,0.08266666666666667,0.02145538005567213,0.0,5,5,0,1
2021-01-09 05:53:00,2.0,0.101,0.011313708498984755,0.0,5,5,0,1
2021-01-09 05:54:00,4.0,0.09325,0.02215663933602447,0.0,5,5,0,1
2021-01-09 05:55:00,4.0,0.1065,0.053718401564702825,0.0,5,5,0,1
2021-01-09 05:56:00,0.0,0.0,0.0,0.0,5,5,0,1
2021-01-09 05:57:00,1.0,0.109,0.0,0.0,5,5,0,1
2021-01-09 05:58:00,6.0,0.09783333333333333,0.016191561588267723,0.0,5,5,0,1
2021-01-09 05:59:00,5.0,0.09559999999999999,0.015614096195425467,0.0,5,5,0,1
2021-01-09 06:00:00,3.0,0.11933333333333333,0.05907904309764448,0.0,6,5,0,1
2021-01-09 06:01:00,6.0,0.085,0.006782329983125266,0.0,6,5,0,1
2021-01-09 06:02:00,7.0,0.09542857142857143,0.022611627855723137,0.0,6,5,0,1
2021-01-09 06:03:00,6.0,0.083,0.007745966692414832,0.0,6,5,0,1
2021-01-09 06:04:00,6.0,0.08583333333333333,0.011839200423452026,0.0,6,5,0,1
2021-01-09 06:05:00,4.0,0.0915,0.018411952639521972,0.0,6,5,0,1
2021-01-09 06:06:00,7.0,0.12442857142857143,0.10360478937265583,0.0,6,5,0,1
2021-01-09 06:07:00,3.0,0.083,0.008660254037844381,0.0,6,5,0,1
2021-01-09 06:08:00,3.0,0.083,0.008660254037844381,0.0,6,5,0,1
2021-01-09 06:09:00,4.0,0.101,0.016,0.0,6,5,0,1
2021-01-09 06:10:00,7.0,0.10871428571428572,0.06283500692478752,0.0,6,5,0,1
2021-01-09 06:11:00,1.0,0.109,0.0,0.0,6,5,0,1
2021-01-09 06:12:00,2.0,0.0965,0.004949747468305837,0.0,6,5,0,1
2021-01-09 06:13:00,3.0,0.10166666666666667,0.03481857741685226,0.0,6,5,0,1
2021-01-09 06:14:00,3.0,0.08933333333333333,0.010016652800877818,0.0,6,5,0,1
2021-01-09 06:15:00,5.0,0.0992,0.03153886491299266,0.0,6,5,0,1
2021-01-09 06:16:00,5.0,0.0902,0.01997998998998748,0.0,6,5,0,1
2021-01-09 06:17:00,6.0,0.10683333333333334,0.04777202807780582,0.0,6,5,0,1
2021-01-09 06:18:00,2.0,0.1395,0.08697413408594536,0.0,6,5,0,1
2021-01-09 06:19:00,5.0,0.1002,0.017711578134090702,0.0,6,5,0,1
2021-01-09 06:20:00,7.0,0.12328571428571429,0.04997904322718435,0.0,6,5,0,1
2021-01-09 06:21:00,3.0,0.08800000000000001,0.008660254037844385,0.0,6,5,0,1
2021-01-09 06:22:00,3.0,0.10966666666666668,0.053125637251079945,0.0,6,5,0,1
2021-01-09 06:23:00,2.0,0.08549999999999999,0.010606601717798208,0.0,6,5,0,1
2021-01-09 06:24:00,6.0,0.08116666666666666,0.015315569420255542,0.0,6,5,0,1
2021-01-09 06:25:00,3.0,0.08800000000000001,0.008660254037844385,0.0,6,5,0,1
2021-01-09 06:26:00,4.0,0.08,0.00927361849549571,0.0,6,5,0,1
2021-01-09 06:27:00,5.0,0.0872,0.015514509338035798,0.0,6,5,0,1
2021-01-09 06:28:00,5.0,0.09319999999999999,0.01878030883665122,0.0,6,5,0,1
2021-01-09 06:29:00,7.0,0.08657142857142856,0.00801783725737273,0.0,6,5,0,1
2021-01-09 06:30:00,3.0,0.07233333333333333,0.00981495457622364,0.0,6,5,0,1
2021-01-09 06:31:00,4.0,0.082,0.011575836902790229,0.0,6,5,0,1
2021-01-09 06:32:00,6.0,0.11533333333333333,0.060980871317706395,0.0,6,5,0,1
2021-01-09 06:33:00,5.0,0.1024,0.04662938987376952,0.0,6,5,0,1
2021-01-09 06:34:00,4.0,0.07775,0.012658988901172159,0.0,6,5,0,1
2021-01-09 06:35:00,4.0,0.076,0.003999999999999994,0.0,6,5,0,1
2021-01-09 06:36:00,3.0,0.08833333333333333,0.008082903768654759,0.0,6,5,0,1
2021-01-09 06:37:00,5.0,0.09319999999999999,0.010963576058932598,0.0,6,5,0,1
2021-01-09 06:38:00,1.0,0.093,0.0,0.0,6,5,0,1
2021-01-09 06:39:00,1.0,0.078,0.0,0.0,6,5,0,1
2021-01-09 06:40:00,2.0,0.0885,0.006363961030678929,0.0,6,5,0,1
2021-01-09 06:41:00,3.0,0.08800000000000001,0.00866025403784439,0.0,6,5,0,1
2021-01-09 06:42:00,4.0,0.12075,0.04832097543165562,0.0,6,5,0,1
2021-01-09 06:43:00,3.0,0.104,0.04503332099679081,0.0,6,5,0,1
2021-01-09 06:44:00,2.0,0.08549999999999999,0.010606601717798208,0.0,6,5,0,1
2021-01-09 06:45:00,3.0,0.14066666666666666,0.0673374586195034,0.0,6,5,0,1
2021-01-09 06:46:00,1.0,0.093,0.0,0.0,6,5,0,1
2021-01-09 06:47:00,4.0,0.0905,0.015242484486898234,0.0,6,5,0,1
2021-01-09 06:48:00,2.0,0.08549999999999999,0.010606601717798208,0.0,6,5,0,1
2021-01-09 06:49:00,2.0,0.101,0.011313708498984755,0.0,6,5,0,1
2021-01-09 06:50:00,3.0,0.09333333333333334,0.015502687938977983,0.0,6,5,0,1
2021-01-09 06:51:00,3.0,0.08833333333333333,0.0178978583448784,0.0,6,5,0,1
2021-01-09 06:52:00,3.0,0.11933333333333333,0.032746501085357704,0.0,6,5,0,1
2021-01-09 06:53:00,2.0,0.08549999999999999,0.010606601717798217,0.0,6,5,0,1
2021-01-09 06:54:00,2.0,0.0865,0.031819805153394644,0.0,6,5,0,1
2021-01-09 06:55:00,4.0,0.0895,0.007681145747868608,0.0,6,5,0,1
2021-01-09 06:56:00,3.0,0.08800000000000001,0.00866025403784439,0.0,6,5,0,1
2021-01-09 06:57:00,7.0,0.08585714285714285,0.0075592894601845435,0.0,6,5,0,1
2021-01-09 06:58:00,4.0,0.09025,0.0154137384606504,0.0,6,5,0,1
2021-01-09 06:59:00,6.0,0.08583333333333333,0.01918766965180157,0.0,6,5,0,1
2021-01-09 07:00:00,1.0,0.093,0.0,0.0,7,5,0,1
2021-01-09 07:01:00,1.0,0.078,0.0,0.0,7,5,0,1
2021-01-09 07:02:00,2.0,0.08549999999999999,0.010606601717798217,0.0,7,5,0,1
2021-01-09 07:03:00,3.0,0.11399999999999999,0.036373066958946425,0.0,7,5,0,1
2021-01-09 07:04:00,5.0,0.1046,0.037938107491017524,0.0,7,5,0,1
2021-01-09 07:05:00,4.0,0.09325,0.02168524844220144,0.0,7,5,0,1
2021-01-09 07:06:00,6.0,0.07783333333333332,0.009806460455570433,0.0,7,5,0,1
2021-01-09 07:07:00,4.0,0.0935,0.022158519806160338,0.0,7,5,0,1
2021-01-09 07:08:00,2.0,0.101,0.011313708498984755,0.0,7,5,0,1
2021-01-09 07:09:00,3.0,0.08800000000000001,0.008660254037844385,0.0,7,5,0,1
2021-01-09 07:10:00,1.0,0.078,0.0,0.0,7,5,0,1
2021-01-09 07:11:00,2.0,0.07,0.011313708498984765,0.0,7,5,0,1
2021-01-09 07:12:00,3.0,0.078,0.0,0.0,7,5,0,1
2021-01-09 07:13:00,5.0,0.14620000000000002,0.07856016802426023,0.0,7,5,0,1
2021-01-09 07:14:00,2.0,0.156,0.11030865786510143,0.0,7,5,0,1
2021-01-09 07:15:00,7.0,0.08442857142857142,0.015153186055052833,0.0,7,5,0,1
2021-01-09 07:16:00,2.0,0.0865,0.012020815280171314,0.0,7,5,0,1
2021-01-09 07:17:00,5.0,0.1006,0.034587570021613265,0.0,7,5,0,1
2021-01-09 07:18:00,3.0,0.078,0.0,0.0,7,5,0,1
2021-01-09 07:19:00,6.0,0.1115,0.05343687865135838,0.0,7,5,0,1
2021-01-09 07:20:00,3.0,0.078,0.0,0.0,7,5,0,1
2021-01-09 07:21:00,3.0,0.09799999999999999,0.009539392014169463,0.0,7,5,0,1
2021-01-09 07:22:00,6.0,0.11183333333333334,0.0531917913466605,0.0,7,5,0,1
2021-01-09 07:23:00,3.0,0.083,0.008660254037844381,0.0,7,5,0,1
2021-01-09 07:24:00,3.0,0.08833333333333333,0.008962886439832505,0.0,7,5,0,1
2021-01-09 07:25:00,0.0,0.0,0.0,0.0,7,5,0,1
2021-01-09 07:26:00,4.0,0.0815,0.01479864858694874,0.0,7,5,0,1
2021-01-09 07:27:00,2.0,0.101,0.05515432893255071,0.0,7,5,0,1
2021-01-09 07:28:00,2.0,0.1245,0.06576093065034894,0.0,7,5,0,1
2021-01-09 07:29:00,4.0,0.08175,0.007499999999999994,0.0,7,5,0,1
2021-01-09 07:30:00,3.0,0.08933333333333333,0.019629909152447278,0.0,7,5,0,1
2021-01-09 07:31:00,2.0,0.093,0.0,0.0,7,5,0,1
2021-01-09 07:32:00,3.0,0.078,0.0,0.0,7,5,0,1
2021-01-09 07:33:00,1.0,0.094,0.0,0.0,7,5,0,1
2021-01-09 07:34:00,4.0,0.078,0.01224744871391589,0.0,7,5,0,1
2021-01-09 07:35:00,4.0,0.066,0.007999999999999998,0.0,7,5,0,1
2021-01-09 07:36:00,3.0,0.08800000000000001,0.008660254037844385,0.0,7,5,0,1
2021-01-09 07:37:00,3.0,0.07266666666666667,0.009237604307034014,0.0,7,5,0,1
2021-01-09 07:38:00,5.0,0.08399999999999999,0.00821583836257749,0.0,7,5,0,1
2021-01-09 07:39:00,3.0,0.083,0.008660254037844381,0.0,7,5,0,1
2021-01-09 07:40:00,5.0,0.1024,0.013921206844235881,0.0,7,5,0,1
2021-01-09 07:41:00,2.0,0.0775,0.021920310216782972,0.0,7,5,0,1
2021-01-09 07:42:00,5.0,0.08080000000000001,0.012911235417263515,0.0,7,5,0,1
2021-01-09 07:43:00,3.0,0.083,0.008660254037844385,0.0,7,5,0,1
2021-01-09 07:44:00,4.0,0.10925,0.025316332014465818,0.0,7,5,0,1
2021-01-09 07:45:00,2.0,0.095,0.024041630560342617,0.0,7,5,0,1
2021-01-09 07:46:00,0.0,0.0,0.0,0.0,7,5,0,1
2021-01-09 07:47:00,5.0,0.086,0.012806248474865696,0.0,7,5,0,1
2021-01-09 07:48:00,4.0,0.08125,0.019822125684867062,0.0,7,5,0,1
2021-01-09 07:49:00,3.0,0.08800000000000001,0.008660254037844385,0.0,7,5,0,1
2021-01-09 07:50:00,1.0,0.093,0.0,0.0,7,5,0,1
2021-01-09 07:51:00,3.0,0.08800000000000001,0.02389560629069705,0.0,7,5,0,1
2021-01-09 07:52:00,6.0,0.09866666666666668,0.028772672219775954,0.0,7,5,0,1
2021-01-09 07:53:00,4.0,0.078,0.0,0.0,7,5,0,1
2021-01-09 07:54:00,3.0,0.08633333333333333,0.011547005383792521,0.0,7,5,0,1
2021-01-09 07:55:00,4.0,0.07725,0.011870832602082576,0.0,7,5,0,1
2021-01-09 07:56:00,5.0,0.0998,0.03416430886173464,0.0,7,5,0,1
2021-01-09 07:57:00,1.0,0.093,0.0,0.0,7,5,0,1
2021-01-09 07:58:00,2.0,0.08549999999999999,0.010606601717798217,0.0,7,5,0,1
2021-01-09 07:59:00,3.0,0.20766666666666667,0.21438594481293155,0.0,7,5,0,1
2021-01-09 08:00:00,3.0,0.083,0.008660254037844385,0.0,8,5,0,1
2021-01-09 08:01:00,3.0,0.12466666666666666,0.05398456569551461,0.0,8,5,0,1
2021-01-09 08:02:00,2.0,0.08549999999999999,0.010606601717798208,0.0,8,5,0,1
2021-01-09 08:03:00,2.0,0.08549999999999999,0.010606601717798217,0.0,8,5,0,1
2021-01-09 08:04:00,5.0,0.09740000000000001,0.025432262974418935,0.0,8,5,0,1
2021-01-09 08:05:00,3.0,0.082,0.009643650760992953,0.0,8,5,0,1
2021-01-09 08:06:00,5.0,0.0806,0.006985699678629192,0.0,8,5,0,1
2021-01-09 08:07:00,3.0,0.08800000000000001,0.008660254037844385,0.0,8,5,0,1
2021-01-09 08:08:00,4.0,0.07775,0.012658988901172162,0.0,8,5,0,1
2021-01-09 08:09:00,2.0,0.08549999999999999,0.010606601717798217,0.0,8,5,0,1
2021-01-09 08:10:00,1.0,0.078,0.0,0.0,8,5,0,1
2021-01-09 08:11:00,3.0,0.08533333333333333,0.012701705922171765,0.0,8,5,0,1
2021-01-09 08:12:00,3.0,0.078,0.0,0.0,8,5,0,1
2021-01-09 08:13:00,5.0,0.0994,0.040438842713411076,0.0,8,5,0,1
2021-01-09 08:14:00,4.0,0.08625,0.009604686356149276,0.0,8,5,0,1
2021-01-09 08:15:00,2.0,0.078,0.0,0.0,8,5,0,1
2021-01-09 08:16:00,4.0,0.08549999999999999,0.008660254037844383,0.0,8,5,0,1
2021-01-09 08:17:00,4.0,0.083,0.007071067811865473,0.0,8,5,0,1
2021-01-09 08:18:00,1.0,0.124,0.0,0.0,8,5,0,1
2021-01-09 08:19:00,4.0,0.10125,0.009535023160258537,0.0,8,5,0,1
2021-01-09 08:20:00,4.0,0.0935,0.031000000000000007,0.0,8,5,0,1
2021-01-09 08:21:00,3.0,0.20199999999999999,0.11177208953938367,0.0,8,5,0,1
2021-01-09 08:22:00,2.0,0.075,0.004242640687119289,0.0,8,5,0,1
2021-01-09 08:23:00,2.0,0.0935,0.021920310216782972,0.0,8,5,0,1
2021-01-09 08:24:00,4.0,0.10875000000000001,0.02215663933602447,0.0,8,5,0,1
2021-01-09 08:25:00,4.0,0.09025,0.015107944929738128,0.0,8,5,0,1
2021-01-09 08:26:00,2.0,0.08499999999999999,0.014142135623730958,0.0,8,5,0,1
2021-01-09 08:27:00,2.0,0.07,0.011313708498984765,0.0,8,5,0,1
2021-01-09 08:28:00,4.0,0.09325,0.012658988901172166,0.0,8,5,0,1
2021-01-09 08:29:00,5.0,0.0842,0.008043631020876081,0.0,8,5,0,1
2021-01-09 08:30:00,1.0,0.078,0.0,0.0,8,5,0,1
2021-01-09 08:31:00,2.0,0.0955,0.024748737341529166,0.0,8,5,0,1
2021-01-09 08:32:00,5.0,0.11179999999999998,0.04894078054138492,0.0,8,5,0,1
2021-01-09 08:33:00,4.0,0.08225,0.008500000000000002,0.0,8,5,0,1
2021-01-09 08:34:00,1.0,0.081,0.0,0.0,8,5,0,1
2021-01-09 08:35:00,2.0,0.0935,0.021920310216782972,0.0,8,5,0,1
2021-01-09 08:36:00,1.0,0.093,0.0,0.0,8,5,0,1
2021-01-09 08:37:00,3.0,0.083,0.008660254037844387,0.0,8,5,0,1
2021-01-09 08:38:00,0.0,0.0,0.0,0.0,8,5,0,1
2021-01-09 08:39:00,2.0,0.08549999999999999,0.03323401871576773,0.0,8,5,0,1
2021-01-09 08:40:00,2.0,0.10250000000000001,0.0134350288425444,0.0,8,5,0,1
2021-01-09 08:41:00,5.0,0.095,0.019287301521985913,0.0,8,5,0,1
2021-01-09 08:42:00,4.0,0.08875,0.00917877987534291,0.0,8,5,0,1
2021-01-09 08:43:00,5.0,0.087,0.013982131454109568,0.0,8,5,0,1
2021-01-09 08:44:00,4.0,0.102,0.027361773821641504,0.0,8,5,0,1
2021-01-09 08:45:00,2.0,0.11699999999999999,0.03394112549695427,0.0,8,5,0,1
2021-01-09 08:46:00,3.0,0.07766666666666666,0.015502687938977976,0.0,8,5,0,1
2021-01-09 08:47:00,2.0,0.078,0.0,0.0,8,5,0,1
2021-01-09 08:48:00,5.0,0.0844,0.01674216234540807,0.0,8,5,0,1
2021-01-09 08:49:00,3.0,0.078,0.0,0.0,8,5,0,1
2021-01-09 08:50:00,4.0,0.078,0.0,0.0,8,5,0,1
2021-01-09 08:51:00,3.0,0.10833333333333334,0.05253887449625595,0.0,8,5,0,1
2021-01-09 08:52:00,3.0,0.09466666666666668,0.015631165450257813,0.0,8,5,0,1
2021-01-09 08:53:00,2.0,0.0785,0.0007071067811865482,0.0,8,5,0,1
2021-01-09 08:54:00,2.0,0.0935,0.021920310216782972,0.0,8,5,0,1
2021-01-09 08:55:00,3.0,0.109,0.041388404173149755,0.0,8,5,0,1
2021-01-09 08:56:00,2.0,0.093,0.0,0.0,8,5,0,1
2021-01-09 08:57:00,5.0,0.0872,0.013809417076763234,0.0,8,5,0,1
2021-01-09 08:58:00,2.0,0.1325,0.033234018715767734,0.0,8,5,0,1
2021-01-09 08:59:00,4.0,0.10500000000000001,0.03472751070837068,0.0,8,5,0,1
2021-01-09 09:00:00,3.0,0.09366666666666668,0.015502687938977985,0.0,9,5,0,1
2021-01-09 09:01:00,0.0,0.0,0.0,0.0,9,5,0,1
2021-01-09 09:02:00,6.0,0.08616666666666667,0.015561705133649932,0.0,9,5,0,1
2021-01-09 09:03:00,2.0,0.21050000000000002,0.1661700935788387,0.0,9,5,0,1
2021-01-09 09:04:00,4.0,0.10375000000000001,0.04560244876465884,0.0,9,5,0,1
2021-01-09 09:05:00,3.0,0.14133333333333334,0.1096965511460289,0.0,9,5,0,1
2021-01-09 09:06:00,4.0,0.078,0.0,0.0,9,5,0,1
2021-01-09 09:07:00,3.0,0.13566666666666669,0.08092795149596543,0.0,9,5,0,1
2021-01-09 09:08:00,4.0,0.09725,0.014885675440951056,0.0,9,5,0,1
2021-01-09 09:09:00,5.0,0.139,0.06395310782127793,0.0,9,5,0,1
2021-01-09 09:10:00,5.0,0.11520000000000001,0.05707626476916653,0.0,9,5,0,1
2021-01-09 09:11:00,3.0,0.09833333333333333,0.009237604307034013,0.0,9,5,0,1
2021-01-09 09:12:00,2.0,0.154,0.11313708498984762,0.0,9,5,0,1
2021-01-09 09:13:00,4.0,0.11275,0.032055940687075984,0.0,9,5,0,1
2021-01-09 09:14:00,5.0,0.0902,0.012911235417263526,0.0,9,5,0,1
2021-01-09 09:15:00,3.0,0.07766666666666666,0.015502687938977976,0.0,9,5,0,1
2021-01-09 09:16:00,3.0,0.078,0.0,0.0,9,5,0,1
2021-01-09 09:17:00,2.0,0.125,0.06505382386916238,0.0,9,5,0,1
2021-01-09 09:18:00,4.0,0.0825,0.007141428428542848,0.0,9,5,0,1
2021-01-09 09:19:00,4.0,0.089,0.014674240468703425,0.0,9,5,0,1
2021-01-09 09:20:00,2.0,0.078,0.0,0.0,9,5,0,1
2021-01-09 09:21:00,2.0,0.1065,0.0035355339059327407,0.0,9,5,0,1
2021-01-09 09:22:00,2.0,0.1165,0.03323401871576774,0.0,9,5,0,1
2021-01-09 09:23:00,2.0,0.093,0.0,0.0,9,5,0,1
2021-01-09 09:24:00,1.0,0.078,0.0,0.0,9,5,0,1
2021-01-09 09:25:00,0.0,0.0,0.0,0.0,9,5,0,1
2021-01-09 09:26:00,1.0,0.171,0.0,0.0,9,5,0,1
2021-01-09 09:27:00,1.0,0.078,0.0,0.0,9,5,0,1
2021-01-09 09:28:00,2.0,0.0935,0.021920310216782972,0.0,9,5,0,1
2021-01-09 09:29:00,2.0,0.3505,0.34153257531310244,0.0,9,5,0,1
2021-01-09 09:30:00,3.0,0.078,0.0,0.0,9,5,0,1
2021-01-09 09:31:00,1.0,0.218,0.0,0.0,9,5,0,1
2021-01-09 09:32:00,0.0,0.0,0.0,0.0,9,5,0,1
2021-01-09 09:33:00,1.0,0.078,0.0,0.0,9,5,0,1
2021-01-09 09:34:00,1.0,0.077,0.0,0.0,9,5,0,1
2021-01-09 09:35:00,1.0,0.093,0.0,0.0,9,5,0,1
2021-01-09 09:36:00,1.0,0.093,0.0,0.0,9,5,0,1
2021-01-09 09:37:00,2.0,0.101,0.03252691193458118,0.0,9,5,0,1
2021-01-09 09:38:00,2.0,0.08549999999999999,0.010606601717798208,0.0,9,5,0,1
2021-01-09 09:39:00,2.0,0.0935,0.021920310216782972,0.0,9,5,0,1
2021-01-09 09:40:00,2.0,0.08449999999999999,0.012020815280171314,0.0,9,5,0,1
2021-01-09 09:41:00,0.0,0.0,0.0,0.0,9,5,0,1
2021-01-09 09:42:00,0.0,0.0,0.0,0.0,9,5,0,1
2021-01-09 09:43:00,2.0,0.1245,0.06576093065034892,0.0,9,5,0,1
2021-01-09 09:44:00,3.0,0.08333333333333333,0.008386497083606085,0.0,9,5,0,1
2021-01-09 09:45:00,0.0,0.0,0.0,0.0,9,5,0,1
2021-01-09 09:46:00,3.0,0.09333333333333334,0.026558112382722786,0.0,9,5,0,1
2021-01-09 09:47:00,2.0,0.07,0.011313708498984755,0.0,9,5,0,1
2021-01-09 09:48:00,1.0,0.062,0.0,0.0,9,5,0,1
2021-01-09 09:49:00,3.0,0.08333333333333333,0.008386497083606085,0.0,9,5,0,1
2021-01-09 09:50:00,2.0,0.0935,0.021920310216782972,0.0,9,5,0,1
2021-01-09 09:51:00,2.0,0.08549999999999999,0.010606601717798208,0.0,9,5,0,1
2021-01-09 09:52:00,2.0,0.078,0.0,0.0,9,5,0,1
2021-01-09 09:53:00,2.0,0.109,0.0,0.0,9,5,0,1
2021-01-09 09:54:00,0.0,0.0,0.0,0.0,9,5,0,1
2021-01-09 09:55:00,3.0,0.09000000000000001,0.016522711641858305,0.0,9,5,0,1
2021-01-09 09:56:00,1.0,0.078,0.0,0.0,9,5,0,1
2021-01-09 09:57:00,0.0,0.0,0.0,0.0,9,5,0,1
2021-01-09 09:58:00,3.0,0.083,0.008660254037844385,0.0,9,5,0,1
2021-01-09 09:59:00,2.0,0.132,0.05515432893255071,0.0,9,5,0,1
2021-01-09 10:00:00,1.0,0.078,0.0,0.0,10,5,0,1
2021-01-09 10:01:00,1.0,0.093,0.0,0.0,10,5,0,1
2021-01-09 10:02:00,1.0,0.109,0.0,0.0,10,5,0,1
2021-01-09 10:03:00,1.0,0.109,0.0,0.0,10,5,0,1
2021-01-09 10:04:00,2.0,0.093,0.0,0.0,10,5,0,1
2021-01-09 10:05:00,1.0,0.468,0.0,0.0,10,5,0,1
2021-01-09 10:06:00,0.0,0.0,0.0,0.0,10,5,0,1
2021-01-09 10:07:00,3.0,0.08800000000000001,0.008660254037844385,0.0,10,5,0,1
2021-01-09 10:08:00,1.0,0.109,0.0,0.0,10,5,0,1
2021-01-09 10:09:00,2.0,0.0935,0.021920310216782972,0.0,10,5,0,1
2021-01-09 10:10:00,2.0,0.11699999999999999,0.055154328932550706,0.0,10,5,0,1
2021-01-09 10:11:00,2.0,0.078,0.0,0.0,10,5,0,1
2021-01-09 10:12:00,2.0,0.08549999999999999,0.010606601717798217,0.0,10,5,0,1
2021-01-09 10:13:00,2.0,0.093,0.0,0.0,10,5,0,1
2021-01-09 10:14:00,1.0,0.124,0.0,0.0,10,5,0,1
2021-01-09 10:15:00,0.0,0.0,0.0,0.0,10,5,0,1
2021-01-09 10:16:00,3.0,0.08766666666666667,0.009237604307034013,0.0,10,5,0,1
2021-01-09 10:17:00,0.0,0.0,0.0,0.0,10,5,0,1
2021-01-09 10:18:00,3.0,0.08366666666666667,0.008144527815247073,0.0,10,5,0,1
2021-01-09 10:19:00,0.0,0.0,0.0,0.0,10,5,0,1
2021-01-09 10:20:00,0.0,0.0,0.0,0.0,10,5,0,1
2021-01-09 10:21:00,0.0,0.0,0.0,0.0,10,5,0,1
2021-01-09 10:22:00,0.0,0.0,0.0,0.0,10,5,0,1
2021-01-09 10:23:00,2.0,0.093,0.0,0.0,10,5,0,1
2021-01-09 10:24:00,1.0,0.078,0.0,0.0,10,5,0,1
2021-01-09 10:25:00,2.0,0.195,0.16546298679765212,0.0,10,5,0,1
2021-01-09 10:26:00,0.0,0.0,0.0,0.0,10,5,0,1
2021-01-09 10:27:00,3.0,0.078,0.0,0.0,10,5,0,1
2021-01-09 10:28:00,1.0,0.093,0.0,0.0,10,5,0,1
2021-01-09 10:29:00,1.0,0.059,0.0,0.0,10,5,0,1
2021-01-09 10:30:00,1.0,0.093,0.0,0.0,10,5,0,1
2021-01-09 10:31:00,1.0,0.109,0.0,0.0,10,5,0,1
2021-01-09 10:32:00,2.0,0.0915,0.0021213203435596446,0.0,10,5,0,1
2021-01-09 10:33:00,2.0,0.078,0.0,0.0,10,5,0,1
2021-01-09 10:34:00,3.0,0.083,0.008660254037844385,0.0,10,5,0,1
2021-01-09 10:35:00,1.0,0.093,0.0,0.0,10,5,0,1
2021-01-09 10:36:00,1.0,0.093,0.0,0.0,10,5,0,1
2021-01-09 10:37:00,1.0,0.078,0.0,0.0,10,5,0,1
2021-01-09 10:38:00,0.0,0.0,0.0,0.0,10,5,0,1
2021-01-09 10:39:00,2.0,0.08499999999999999,0.011313708498984765,0.0,10,5,0,1
2021-01-09 10:40:00,2.0,0.1635,0.07707463914933367,0.0,10,5,0,1
2021-01-09 10:41:00,1.0,0.078,0.0,0.0,10,5,0,1
2021-01-09 10:42:00,0.0,0.0,0.0,0.0,10,5,0,1
2021-01-09 10:43:00,1.0,0.078,0.0,0.0,10,5,0,1
2021-01-09 10:44:00,3.0,0.08833333333333333,0.0178978583448784,0.0,10,5,0,1
2021-01-09 10:45:00,1.0,0.078,0.0,0.0,10,5,0,1
2021-01-09 10:46:00,1.0,0.078,0.0,0.0,10,5,0,1
2021-01-09 10:47:00,0.0,0.0,0.0,0.0,10,5,0,1
2021-01-09 10:48:00,1.0,0.093,0.0,0.0,10,5,0,1
2021-01-09 10:49:00,2.0,0.078,0.0,0.0,10,5,0,1
2021-01-09 10:50:00,1.0,0.075,0.0,0.0,10,5,0,1
2021-01-09 10:51:00,1.0,0.093,0.0,0.0,10,5,0,1
2021-01-09 10:52:00,3.0,0.11966666666666666,0.03330665599145813,0.0,10,5,0,1
2021-01-09 10:53:00,2.0,0.0775,0.0007071067811865482,0.0,10,5,0,1
2021-01-09 10:54:00,0.0,0.0,0.0,0.0,10,5,0,1
2021-01-09 10:55:00,1.0,0.078,0.0,0.0,10,5,0,1
2021-01-09 10:56:00,1.0,0.073,0.0,0.0,10,5,0,1
2021-01-09 10:57:00,0.0,0.0,0.0,0.0,10,5,0,1
2021-01-09 10:58:00,0.0,0.0,0.0,0.0,10,5,0,1
2021-01-09 10:59:00,0.0,0.0,0.0,0.0,10,5,0,1
2021-01-09 11:00:00,2.0,0.0935,0.021920310216782972,0.0,11,5,0,1
2021-01-09 11:01:00,0.0,0.0,0.0,0.0,11,5,0,1
2021-01-09 11:02:00,0.0,0.0,0.0,0.0,11,5,0,1
2021-01-09 11:03:00,0.0,0.0,0.0,0.0,11,5,0,1
2021-01-09 11:04:00,0.0,0.0,0.0,0.0,11,5,0,1
2021-01-09 11:05:00,1.0,0.109,0.0,0.0,11,5,0,1
2021-01-09 11:06:00,2.0,0.101,0.011313708498984755,0.0,11,5,0,1
2021-01-09 11:07:00,0.0,0.0,0.0,0.0,11,5,0,1
2021-01-09 11:08:00,1.0,0.078,0.0,0.0,11,5,0,1
2021-01-09 11:09:00,1.0,0.078,0.0,0.0,11,5,0,1
2021-01-09 11:10:00,3.0,0.09866666666666668,0.035795716689756805,0.0,11,5,0,1
2021-01-09 11:11:00,1.0,0.106,0.0,0.0,11,5,0,1
2021-01-09 11:12:00,3.0,0.12533333333333332,0.08198373822492687,0.0,11,5,0,1
2021-01-09 11:13:00,2.0,0.093,0.0,0.0,11,5,0,1
2021-01-09 11:14:00,1.0,0.078,0.0,0.0,11,5,0,1
2021-01-09 11:15:00,1.0,0.093,0.0,0.0,11,5,0,1
2021-01-09 11:16:00,3.0,0.08233333333333333,0.007505553499465136,0.0,11,5,0,1
2021-01-09 11:17:00,0.0,0.0,0.0,0.0,11,5,0,1
2021-01-09 11:18:00,1.0,0.078,0.0,0.0,11,5,0,1
2021-01-09 11:19:00,2.0,0.0935,0.021920310216782972,0.0,11,5,0,1
2021-01-09 11:20:00,1.0,0.109,0.0,0.0,11,5,0,1
2021-01-09 11:21:00,0.0,0.0,0.0,0.0,11,5,0,1
2021-01-09 11:22:00,2.0,0.0935,0.021920310216782972,0.0,11,5,0,1
2021-01-09 11:23:00,1.0,0.203,0.0,0.0,11,5,0,1
2021-01-09 11:24:00,1.0,0.109,0.0,0.0,11,5,0,1
2021-01-09 11:25:00,1.0,0.062,0.0,0.0,11,5,0,1
2021-01-09 11:26:00,2.0,0.101,0.03252691193458119,0.0,11,5,0,1
2021-01-09 11:27:00,0.0,0.0,0.0,0.0,11,5,0,1
2021-01-09 11:28:00,0.0,0.0,0.0,0.0,11,5,0,1
2021-01-09 11:29:00,1.0,0.125,0.0,0.0,11,5,0,1
2021-01-09 11:30:00,0.0,0.0,0.0,0.0,11,5,0,1
2021-01-09 11:31:00,1.0,0.078,0.0,0.0,11,5,0,1
2021-01-09 11:32:00,2.0,0.078,0.0,0.0,11,5,0,1
2021-01-09 11:33:00,1.0,0.093,0.0,0.0,11,5,0,1
2021-01-09 11:34:00,4.0,0.09675,0.008180260794538685,0.0,11,5,0,1
2021-01-09 11:35:00,3.0,0.11933333333333333,0.032746501085357704,0.0,11,5,0,1
2021-01-09 11:36:00,0.0,0.0,0.0,0.0,11,5,0,1
2021-01-09 11:37:00,0.0,0.0,0.0,0.0,11,5,0,1
2021-01-09 11:38:00,5.0,0.0814,0.013667479650615912,0.0,11,5,0,1
2021-01-09 11:39:00,1.0,0.078,0.0,0.0,11,5,0,1
2021-01-09 11:40:00,1.0,0.125,0.0,0.0,11,5,0,1
2021-01-09 11:41:00,2.0,0.109,0.02262741699796952,0.0,11,5,0,1
2021-01-09 11:42:00,2.0,0.08549999999999999,0.010606601717798217,0.0,11,5,0,1
2021-01-09 11:43:00,2.0,0.093,0.0,0.0,11,5,0,1
2021-01-09 11:44:00,1.0,0.078,0.0,0.0,11,5,0,1
2021-01-09 11:45:00,1.0,0.093,0.0,0.0,11,5,0,1
2021-01-09 11:46:00,3.0,0.08466666666666667,0.023544284515213735,0.0,11,5,0,1
2021-01-09 11:47:00,2.0,0.0755,0.01909188309203678,0.0,11,5,0,1
2021-01-09 11:48:00,1.0,0.093,0.0,0.0,11,5,0,1
2021-01-09 11:49:00,1.0,0.078,0.0,0.0,11,5,0,1
2021-01-09 11:50:00,4.0,0.10125,0.02027107956342401,0.0,11,5,0,1
2021-01-09 11:51:00,1.0,0.109,0.0,0.0,11,5,0,1
2021-01-09 11:52:00,1.0,0.078,0.0,0.0,11,5,0,1
2021-01-09 11:53:00,5.0,0.0838,0.013809417076763234,0.0,11,5,0,1
2021-01-09 11:54:00,3.0,0.078,0.0,0.0,11,5,0,1
2021-01-09 11:55:00,0.0,0.0,0.0,0.0,11,5,0,1
2021-01-09 11:56:00,2.0,0.1635,0.03323401871576773,0.0,11,5,0,1
2021-01-09 11:57:00,1.0,0.095,0.0,0.0,11,5,0,1
2021-01-09 11:58:00,2.0,0.08549999999999999,0.010606601717798217,0.0,11,5,0,1
2021-01-09 11:59:00,1.0,0.093,0.0,0.0,11,5,0,1
2021-01-09 12:00:00,4.0,0.09325,0.012658988901172164,0.0,12,5,0,1
2021-01-09 12:01:00,0.0,0.0,0.0,0.0,12,5,0,1
2021-01-09 12:02:00,2.0,0.0775,0.021920310216782972,0.0,12,5,0,1
2021-01-09 12:03:00,2.0,0.0775,0.0007071067811865482,0.0,12,5,0,1
2021-01-09 12:04:00,3.0,0.083,0.008660254037844381,0.0,12,5,0,1
2021-01-09 12:05:00,2.0,0.0755,0.024748737341529162,0.0,12,5,0,1
2021-01-09 12:06:00,3.0,0.10333333333333333,0.04387862045841156,0.0,12,5,0,1
2021-01-09 12:07:00,1.0,0.109,0.0,0.0,12,5,0,1
2021-01-09 12:08:00,2.0,0.078,0.0,0.0,12,5,0,1
2021-01-09 12:09:00,2.0,0.078,0.0,0.0,12,5,0,1
2021-01-09 12:10:00,2.0,0.1085,0.021920310216782972,0.0,12,5,0,1
2021-01-09 12:11:00,4.0,0.08549999999999999,0.008660254037844383,0.0,12,5,0,1
2021-01-09 12:12:00,4.0,0.1365,0.07816435675336085,0.0,12,5,0,1
2021-01-09 12:13:00,3.0,0.08433333333333333,0.010969655114602891,0.0,12,5,0,1
2021-01-09 12:14:00,1.0,0.125,0.0,0.0,12,5,0,1
2021-01-09 12:15:00,4.0,0.09325,0.012658988901172164,0.0,12,5,0,1
2021-01-09 12:16:00,5.0,0.08940000000000001,0.006503845016603639,0.0,12,5,0,1
2021-01-09 12:17:00,3.0,0.08800000000000001,0.008660254037844385,0.0,12,5,0,1
2021-01-09 12:18:00,3.0,0.15266666666666664,0.07730674830396976,0.0,12,5,0,1
2021-01-09 12:19:00,3.0,0.07766666666666666,0.015502687938977976,0.0,12,5,0,1
2021-01-09 12:20:00,3.0,0.08833333333333333,0.02335237318418266,0.0,12,5,0,1
2021-01-09 12:21:00,3.0,0.08800000000000001,0.00866025403784439,0.0,12,5,0,1
2021-01-09 12:22:00,1.0,0.078,0.0,0.0,12,5,0,1
2021-01-09 12:23:00,6.0,0.07783333333333332,0.009806460455570433,0.0,12,5,0,1
2021-01-09 12:24:00,1.0,0.112,0.0,0.0,12,5,0,1
2021-01-09 12:25:00,2.0,0.0865,0.009192388155425122,0.0,12,5,0,1
2021-01-09 12:26:00,0.0,0.0,0.0,0.0,12,5,0,1
2021-01-09 12:27:00,1.0,0.093,0.0,0.0,12,5,0,1
2021-01-09 12:28:00,4.0,0.10175000000000001,0.04617629261861546,0.0,12,5,0,1
2021-01-09 12:29:00,5.0,0.11200000000000002,0.05128352561983235,0.0,12,5,0,1
2021-01-09 12:30:00,4.0,0.0835,0.0071414284285428505,0.0,12,5,0,1
2021-01-09 12:31:00,3.0,0.09233333333333334,0.015631165450257806,0.0,12,5,0,1
2021-01-09 12:32:00,2.0,0.078,0.0,0.0,12,5,0,1
2021-01-09 12:33:00,3.0,0.10366666666666667,0.032347076117221686,0.0,12,5,0,1
2021-01-09 12:34:00,3.0,0.08766666666666667,0.008386497083606089,0.0,12,5,0,1
2021-01-09 12:35:00,3.0,0.08833333333333333,0.008962886439832502,0.0,12,5,0,1
2021-01-09 12:36:00,4.0,0.0935,0.0178978583448784,0.0,12,5,0,1
2021-01-09 12:37:00,2.0,0.14800000000000002,0.07778174593052024,0.0,12,5,0,1
2021-01-09 12:38:00,3.0,0.083,0.008660254037844387,0.0,12,5,0,1
2021-01-09 12:39:00,2.0,0.078,0.0,0.0,12,5,0,1
2021-01-09 12:40:00,3.0,0.083,0.008660254037844385,0.0,12,5,0,1
2021-01-09 12:41:00,3.0,0.078,0.0,0.0,12,5,0,1
2021-01-09 12:42:00,6.0,0.09866666666666668,0.0375428643908089,0.0,12,5,0,1
2021-01-09 12:43:00,3.0,0.10833333333333334,0.03200520790954706,0.0,12,5,0,1
2021-01-09 12:44:00,1.0,0.093,0.0,0.0,12,5,0,1
2021-01-09 12:45:00,3.0,0.078,0.0,0.0,12,5,0,1
2021-01-09 12:46:00,5.0,0.09319999999999999,0.018780308836651223,0.0,12,5,0,1
2021-01-09 12:47:00,4.0,0.122,0.035543400700176864,0.0,12,5,0,1
2021-01-09 12:48:00,4.0,0.0735,0.009,0.0,12,5,0,1
2021-01-09 12:49:00,2.0,0.07200000000000001,0.014142135623730947,0.0,12,5,0,1
2021-01-09 12:50:00,1.0,0.078,0.0,0.0,12,5,0,1
2021-01-09 12:51:00,4.0,0.096,0.00886942313043338,0.0,12,5,0,1
2021-01-09 12:52:00,2.0,0.08549999999999999,0.010606601717798208,0.0,12,5,0,1
2021-01-09 12:53:00,4.0,0.09725,0.029364093720052054,0.0,12,5,0,1
2021-01-09 12:54:00,4.0,0.09325,0.012658988901172164,0.0,12,5,0,1
2021-01-09 12:55:00,2.0,0.10300000000000001,0.012727922061357852,0.0,12,5,0,1
2021-01-09 12:56:00,4.0,0.09325,0.012658988901172164,0.0,12,5,0,1
2021-01-09 12:57:00,3.0,0.109,0.031000000000000003,0.0,12,5,0,1
2021-01-09 12:58:00,4.0,0.09,0.015383974345619106,0.0,12,5,0,1
2021-01-09 12:59:00,4.0,0.101,0.016,0.0,12,5,0,1
2021-01-09 13:00:00,6.0,0.13799999999999998,0.1090981209737363,0.0,13,5,0,1
2021-01-09 13:01:00,6.0,0.09866666666666667,0.0335777704242951,0.0,13,5,0,1
2021-01-09 13:02:00,4.0,0.0795,0.011561430130683083,0.0,13,5,0,1
2021-01-09 13:03:00,5.0,0.129,0.09050138120492966,0.0,13,5,0,1
2021-01-09 13:04:00,4.0,0.12875,0.058920143697493925,0.0,13,5,0,1
2021-01-09 13:05:00,2.0,0.0915,0.0021213203435596446,0.0,13,5,0,1
2021-01-09 13:06:00,1.0,0.078,0.0,0.0,13,5,0,1
2021-01-09 13:07:00,3.0,0.08033333333333333,0.0040414518843273845,0.0,13,5,0,1
2021-01-09 13:08:00,3.0,0.08266666666666667,0.008962886439832504,0.0,13,5,0,1
2021-01-09 13:09:00,3.0,0.083,0.008660254037844387,0.0,13,5,0,1
2021-01-09 13:10:00,5.0,0.0972,0.02543029689169988,0.0,13,5,0,1
2021-01-09 13:11:00,7.0,0.24714285714285714,0.3995728671850432,0.0,13,5,0,1
2021-01-09 13:12:00,4.0,0.08449999999999999,0.009949874371066198,0.0,13,5,0,1
2021-01-09 13:13:00,3.0,0.10333333333333333,0.008962886439832504,0.0,13,5,0,1
2021-01-09 13:14:00,5.0,0.0986,0.025412595302329914,0.0,13,5,0,1
2021-01-09 13:15:00,7.0,0.10214285714285716,0.032158091627813634,0.0,13,5,0,1
2021-01-09 13:16:00,2.0,0.11,0.024041630560342617,0.0,13,5,0,1
2021-01-09 13:17:00,6.0,0.09200000000000001,0.01691153452528776,0.0,13,5,0,1
2021-01-09 13:18:00,2.0,0.092,0.0014142135623730963,0.0,13,5,0,1
2021-01-09 13:19:00,4.0,0.12075,0.03734858319490401,0.0,13,5,0,1
2021-01-09 13:20:00,5.0,0.101,0.038800773188172426,0.0,13,5,0,1
2021-01-09 13:21:00,5.0,0.09040000000000001,0.01697939928266015,0.0,13,5,0,1
2021-01-09 13:22:00,5.0,0.081,0.006708203932499368,0.0,13,5,0,1
2021-01-09 13:23:00,5.0,0.08399999999999999,0.008215838362577492,0.0,13,5,0,1
2021-01-09 13:24:00,3.0,0.07766666666666666,0.015502687938977976,0.0,13,5,0,1
2021-01-09 13:25:00,4.0,0.1165,0.041073105555825704,0.0,13,5,0,1
2021-01-09 13:26:00,6.0,0.09333333333333334,0.01386602562620835,0.0,13,5,0,1
2021-01-09 13:27:00,4.0,0.09325,0.012658988901172164,0.0,13,5,0,1
2021-01-09 13:28:00,7.0,0.20214285714285715,0.29998968236225976,0.0,13,5,0,1
2021-01-09 13:29:00,2.0,0.08549999999999999,0.010606601717798208,0.0,13,5,0,1
2021-01-09 13:30:00,4.0,0.08675,0.018264263832230777,0.0,13,5,0,1
2021-01-09 13:31:00,6.0,0.09933333333333333,0.027947569959956564,0.0,13,5,0,1
2021-01-09 13:32:00,6.0,0.09616666666666666,0.02074045965417996,0.0,13,5,0,1
2021-01-09 13:33:00,4.0,0.1205,0.044970360609331704,0.0,13,5,0,1
2021-01-09 13:34:00,5.0,0.0992,0.029192464781172555,0.0,13,5,0,1
2021-01-09 13:35:00,6.0,0.12366666666666666,0.05020225758535831,0.0,13,5,0,1
2021-01-09 13:36:00,6.0,0.09416666666666668,0.023455631875237703,0.0,13,5,0,1
2021-01-09 13:37:00,3.0,0.08800000000000001,0.008660254037844385,0.0,13,5,0,1
2021-01-09 13:38:00,6.0,0.11383333333333334,0.026010895153121254,0.0,13,5,0,1
2021-01-09 13:39:00,4.0,0.08175,0.01436140661634507,0.0,13,5,0,1
2021-01-09 13:40:00,5.0,0.0998,0.01893937696968937,0.0,13,5,0,1
2021-01-09 13:41:00,1.0,0.078,0.0,0.0,13,5,0,1
2021-01-09 13:42:00,4.0,0.086,0.02092844953645635,0.0,13,5,0,1
2021-01-09 13:43:00,7.0,0.07928571428571428,0.006237368187365719,0.0,13,5,0,1
2021-01-09 13:44:00,5.0,0.1268,0.09627408789492632,0.0,13,5,0,1
2021-01-09 13:45:00,7.0,0.11885714285714287,0.05055831145462492,0.0,13,5,0,1
2021-01-09 13:46:00,4.0,0.12100000000000001,0.056023804464411985,0.0,13,5,0,1
2021-01-09 13:47:00,3.0,0.11866666666666666,0.03550117368951812,0.0,13,5,0,1
2021-01-09 13:48:00,6.0,0.1376666666666667,0.10223437125872428,0.0,13,5,0,1
2021-01-09 13:49:00,6.0,0.09816666666666667,0.015625833311112298,0.0,13,5,0,1
2021-01-09 13:50:00,7.0,0.09028571428571429,0.0056188458397991815,0.0,13,5,0,1
2021-01-09 13:51:00,6.0,0.08866666666666667,0.006831300510639731,0.0,13,5,0,1
2021-01-09 13:52:00,4.0,0.09625,0.02962403303625848,0.0,13,5,0,1
2021-01-09 13:53:00,4.0,0.10125,0.026500000000000013,0.0,13,5,0,1
2021-01-09 13:54:00,5.0,0.093,0.0,0.0,13,5,0,1
2021-01-09 13:55:00,5.0,0.0878,0.013367871932360815,0.0,13,5,0,1
2021-01-09 13:56:00,6.0,0.09616666666666666,0.011669047376142865,0.0,13,5,0,1
2021-01-09 13:57:00,7.0,0.11785714285714285,0.06610705603143176,0.0,13,5,0,1
2021-01-09 13:58:00,6.0,0.10616666666666667,0.03324103889271012,0.0,13,5,0,1
2021-01-09 13:59:00,5.0,0.0898,0.024190907382733707,0.0,13,5,0,1
2021-01-09 14:00:00,8.0,0.08524999999999999,0.01684169994813045,0.0,14,5,0,1
2021-01-09 14:01:00,5.0,0.0888,0.02320991167583367,0.0,14,5,0,1
2021-01-09 14:02:00,5.0,0.0902,0.012911235417263524,0.0,14,5,0,1
2021-01-09 14:03:00,6.0,0.107,0.050019996001599204,0.0,14,5,0,1
2021-01-09 14:04:00,6.0,0.09333333333333334,0.017165857586111645,0.0,14,5,0,1
2021-01-09 14:05:00,6.0,0.09249999999999999,0.016034338152851834,0.0,14,5,0,1
2021-01-09 14:06:00,6.0,0.08816666666666667,0.01257643298660899,0.0,14,5,0,1
2021-01-09 14:07:00,5.0,0.09,0.020137030565602267,0.0,14,5,0,1
2021-01-09 14:08:00,6.0,0.11266666666666668,0.024484008386427798,0.0,14,5,0,1
2021-01-09 14:09:00,7.0,0.275,0.47573732247953815,0.0,14,5,0,1
2021-01-09 14:10:00,5.0,0.0994,0.00876356092008266,0.0,14,5,0,1
2021-01-09 14:11:00,6.0,0.0805,0.006123724356957941,0.0,14,5,0,1
2021-01-09 14:12:00,6.0,0.081,0.007348469228349535,0.0,14,5,0,1
2021-01-09 14:13:00,7.0,0.167,0.2295430242895654,0.0,14,5,0,1
2021-01-09 14:14:00,8.0,0.095625,0.026843128942591093,0.0,14,5,0,1
2021-01-09 14:15:00,7.0,0.22171428571428572,0.30367675483739526,0.0,14,5,0,1
2021-01-09 14:16:00,5.0,0.08080000000000001,0.006833739825307952,0.0,14,5,0,1
2021-01-09 14:17:00,3.0,0.083,0.008660254037844385,0.0,14,5,0,1
2021-01-09 14:18:00,5.0,0.0906,0.016801785619391767,0.0,14,5,0,1
2021-01-09 14:19:00,5.0,0.11880000000000002,0.09067359042190842,0.0,14,5,0,1
2021-01-09 14:20:00,7.0,0.08214285714285714,0.007425823667638303,0.0,14,5,0,1
2021-01-09 14:21:00,7.0,0.08871428571428572,0.0171436507752801,0.0,14,5,0,1
2021-01-09 14:22:00,6.0,0.09066666666666667,0.011621818561080133,0.0,14,5,0,1
2021-01-09 14:23:00,7.0,0.08585714285714285,0.008375133261199914,0.0,14,5,0,1
2021-01-09 14:24:00,8.0,0.080125,0.007863795884576712,0.0,14,5,0,1
2021-01-09 14:25:00,5.0,0.1152,0.02668707552355634,0.0,14,5,0,1
2021-01-09 14:26:00,7.0,0.21828571428571428,0.3308351625234306,0.0,14,5,0,1
2021-01-09 14:27:00,5.0,0.0964,0.013030732903409541,0.0,14,5,0,1
2021-01-09 14:28:00,7.0,0.10457142857142857,0.03787196475343885,0.0,14,5,0,1
2021-01-09 14:29:00,5.0,0.11259999999999999,0.02534363825499409,0.0,14,5,0,1
2021-01-09 14:30:00,7.0,0.10442857142857144,0.026488092562867716,0.0,14,5,0,1
2021-01-09 14:31:00,6.0,0.08800000000000001,0.007745966692414836,0.0,14,5,0,1
2021-01-09 14:32:00,6.0,0.08850000000000001,0.015883954167649816,0.0,14,5,0,1
2021-01-09 14:33:00,5.0,0.0868,0.008497058314499204,0.0,14,5,0,1
2021-01-09 14:34:00,7.0,0.08842857142857143,0.011501552690211624,0.0,14,5,0,1
2021-01-09 14:35:00,7.0,0.07942857142857143,0.0052235729425092045,0.0,14,5,0,1
2021-01-09 14:36:00,5.0,0.08399999999999999,0.008215838362577488,0.0,14,5,0,1
2021-01-09 14:37:00,6.0,0.08433333333333333,0.00983192080250175,0.0,14,5,0,1
2021-01-09 14:38:00,6.0,0.09449999999999999,0.017236588989704434,0.0,14,5,0,1
2021-01-09 14:39:00,8.0,0.091375,0.017303488500464707,0.0,14,5,0,1
2021-01-09 14:40:00,4.0,0.0975,0.03899999999999999,0.0,14,5,0,1
2021-01-09 14:41:00,6.0,0.0845,0.010014988766843431,0.0,14,5,0,1
2021-01-09 14:42:00,6.0,0.09249999999999999,0.03287400188598888,0.0,14,5,0,1
2021-01-09 14:43:00,7.0,0.09242857142857143,0.030099042857745176,0.0,14,5,0,1
2021-01-09 14:44:00,7.0,0.09142857142857143,0.01600892608158693,0.0,14,5,0,1
2021-01-09 14:45:00,6.0,0.08016666666666666,0.015445603473696539,0.0,14,5,0,1
2021-01-09 14:46:00,6.0,0.0835,0.016489390528457985,0.0,14,5,0,1
2021-01-09 14:47:00,8.0,0.091375,0.017303488500464707,0.0,14,5,0,1
2021-01-09 14:48:00,6.0,0.12933333333333333,0.10395511852076679,0.0,14,5,0,1
2021-01-09 14:49:00,6.0,0.09333333333333334,0.01386602562620835,0.0,14,5,0,1
2021-01-09 14:50:00,4.0,0.08175,0.007499999999999999,0.0,14,5,0,1
2021-01-09 14:51:00,6.0,0.08316666666666667,0.006968978882638882,0.0,14,5,0,1
2021-01-09 14:52:00,7.0,0.09342857142857143,0.023677395287891104,0.0,14,5,0,1
2021-01-09 14:53:00,6.0,0.147,0.06357672530100933,0.0,14,5,0,1
2021-01-09 14:54:00,5.0,0.1112,0.03620359098211116,0.0,14,5,0,1
2021-01-09 14:55:00,6.0,0.1085,0.03414527785799964,0.0,14,5,0,1
2021-01-09 14:56:00,5.0,0.1192,0.03147538720969131,0.0,14,5,0,1
2021-01-09 14:57:00,7.0,0.09485714285714286,0.028269114898469273,0.0,14,5,0,1
2021-01-09 14:58:00,6.0,0.09100000000000001,0.012247448713915893,0.0,14,5,0,1
2021-01-09 14:59:00,6.0,0.08566666666666667,0.018779421361337697,0.0,14,5,0,1
2021-01-09 15:00:00,8.0,0.093125,0.021296797210580077,0.0,15,5,0,1
2021-01-09 15:01:00,7.0,0.08185714285714285,0.011767590682726455,0.0,15,5,0,1
2021-01-09 15:02:00,8.0,0.08175,0.006943650748294135,0.0,15,5,0,1
2021-01-09 15:03:00,10.0,0.0871,0.013378672912097407,0.0,15,5,0,1
2021-01-09 15:04:00,9.0,0.134,0.08697844560579364,0.0,15,5,0,1
2021-01-09 15:05:00,8.0,0.0985,0.043213754424124874,0.0,15,5,0,1
2021-01-09 15:06:00,8.0,0.11475,0.05620561741117545,0.0,15,5,0,1
2021-01-09 15:07:00,8.0,0.08725,0.007421012637870156,0.0,15,5,0,1
2021-01-09 15:08:00,9.0,0.10588888888888888,0.043961473031634314,0.0,15,5,0,1
2021-01-09 15:09:00,9.0,0.11944444444444444,0.07578936454264396,0.0,15,5,0,1
2021-01-09 15:10:00,8.0,0.09,0.010770329614269008,0.0,15,5,0,1
2021-01-09 15:11:00,10.0,0.0887,0.012841339493993608,0.0,15,5,0,1
2021-01-09 15:12:00,8.0,0.090625,0.01766301624460395,0.0,15,5,0,1
2021-01-09 15:13:00,9.0,0.08988888888888888,0.017017964364491753,0.0,15,5,0,1
2021-01-09 15:14:00,8.0,0.107125,0.03194386817975735,0.0,15,5,0,1
2021-01-09 15:15:00,10.0,0.1583,0.13431476298440007,0.0,15,5,0,1
2021-01-09 15:16:00,8.0,0.108875,0.0362390377513374,0.0,15,5,0,1
2021-01-09 15:17:00,9.0,0.104,0.02070024154448445,0.0,15,5,0,1
2021-01-09 15:18:00,9.0,0.11255555555555555,0.05321445083600673,0.0,15,5,0,1
2021-01-09 15:19:00,9.0,0.102,0.024026027553467926,0.0,15,5,0,1
2021-01-09 15:20:00,8.0,0.09525,0.021042474053345403,0.0,15,5,0,1
2021-01-09 15:21:00,9.0,0.11255555555555558,0.06098383210144946,0.0,15,5,0,1
2021-01-09 15:22:00,9.0,0.10055555555555556,0.01814601272395062,0.0,15,5,0,1
2021-01-09 15:23:00,7.0,0.14285714285714285,0.06451467164252528,0.0,15,5,0,1
2021-01-09 15:24:00,7.0,0.09228571428571429,0.019491145730940546,0.0,15,5,0,1
2021-01-09 15:25:00,7.0,0.0962857142857143,0.024088131833707966,0.0,15,5,0,1
2021-01-09 15:26:00,8.0,0.09175,0.03423344229592712,0.0,15,5,0,1
2021-01-09 15:27:00,7.0,0.09385714285714286,0.025634797778466226,0.0,15,5,0,1
2021-01-09 15:28:00,6.0,0.1025,0.04232138939118139,0.0,15,5,0,1
2021-01-09 15:29:00,8.0,0.08524999999999999,0.008310922245541018,0.0,15,5,0,1
2021-01-09 15:30:00,9.0,0.083,0.010965856099730654,0.0,15,5,0,1
2021-01-09 15:31:00,8.0,0.095375,0.026938753285395908,0.0,15,5,0,1
2021-01-09 15:32:00,8.0,0.0915,0.0132772630570353,0.0,15,5,0,1
2021-01-09 15:33:00,8.0,0.080375,0.009364637129725238,0.0,15,5,0,1
2021-01-09 15:34:00,9.0,0.10433333333333333,0.026086394921491167,0.0,15,5,0,1
2021-01-09 15:35:00,10.0,0.0868,0.01972477291800001,0.0,15,5,0,1
2021-01-09 15:36:00,10.0,0.0846,0.01720594212603438,0.0,15,5,0,1
2021-01-09 15:37:00,10.0,0.08209999999999999,0.010764654094664528,0.0,15,5,0,1
2021-01-09 15:38:00,11.0,0.10127272727272726,0.038262490533395525,0.0,15,5,0,1
2021-01-09 15:39:00,11.0,0.09409090909090909,0.02841638451828292,0.0,15,5,0,1
2021-01-09 15:40:00,9.0,0.08533333333333333,0.019767397400770798,0.0,15,5,0,1
2021-01-09 15:41:00,10.0,0.08399999999999999,0.013046923860520617,0.0,15,5,0,1
2021-01-09 15:42:00,11.0,0.081,0.013084341787036897,0.0,15,5,0,1
2021-01-09 15:43:00,9.0,0.0961111111111111,0.021109502862718274,0.0,15,5,0,1
2021-01-09 15:44:00,12.0,0.10341666666666667,0.04192733613230771,0.0,15,5,0,1
2021-01-09 15:45:00,10.0,0.087,0.01567730135507314,0.0,15,5,0,1
2021-01-09 15:46:00,11.0,0.08518181818181819,0.01750324645211957,0.0,15,5,0,1
2021-01-09 15:47:00,8.0,0.104375,0.03278909879822865,0.0,15,5,0,1
2021-01-09 15:48:00,8.0,0.089625,0.02031844693165021,0.0,15,5,0,1
2021-01-09 15:49:00,7.0,0.09114285714285715,0.010668154658117957,0.0,15,5,0,1
2021-01-09 15:50:00,6.0,0.08583333333333333,0.01918766965180156,0.0,15,5,0,1
2021-01-09 15:51:00,7.0,0.09428571428571429,0.024897886695556357,0.0,15,5,0,1
2021-01-09 15:52:00,8.0,0.086875,0.012088217403736582,0.0,15,5,0,1
2021-01-09 15:53:00,8.0,0.0895,0.01790450861016377,0.0,15,5,0,1
2021-01-09 15:54:00,9.0,0.12000000000000001,0.10734407296166847,0.0,15,5,0,1
2021-01-09 15:55:00,8.0,0.097,0.026284161444815823,0.0,15,5,0,1
2021-01-09 15:56:00,7.0,0.09342857142857143,0.028483077682822735,0.0,15,5,0,1
2021-01-09 15:57:00,9.0,0.09222222222222222,0.020247084838179656,0.0,15,5,0,1
2021-01-09 15:58:00,9.0,0.08822222222222223,0.010449614559611489,0.0,15,5,0,1
2021-01-09 15:59:00,7.0,0.08014285714285714,0.005669467095138408,0.0,15,5,0,1
2021-01-09 16:00:00,9.0,0.08855555555555555,0.019583865241003313,0.0,16,5,0,1
2021-01-09 16:01:00,8.0,0.084875,0.018780213752016474,0.0,16,5,0,1
2021-01-09 16:02:00,6.0,0.0855,0.008215838362577492,0.0,16,5,0,1
2021-01-09 16:03:00,7.0,0.08685714285714285,0.008315218406202998,0.0,16,5,0,1
2021-01-09 16:04:00,6.0,0.08883333333333333,0.010703581954965664,0.0,16,5,0,1
2021-01-09 16:05:00,7.0,0.10828571428571429,0.043087949923051906,0.0,16,5,0,1
2021-01-09 16:06:00,5.0,0.0774,0.010285912696499032,0.0,16,5,0,1
2021-01-09 16:07:00,8.0,0.080125,0.0052491495909881844,0.0,16,5,0,1
2021-01-09 16:08:00,7.0,0.10328571428571429,0.039504068506565605,0.0,16,5,0,1
2021-01-09 16:09:00,8.0,0.083,0.007071067811865474,0.0,16,5,0,1
2021-01-09 16:10:00,9.0,0.08866666666666667,0.020248456731316592,0.0,16,5,0,1
2021-01-09 16:11:00,8.0,0.082,0.007502380574571933,0.0,16,5,0,1
2021-01-09 16:12:00,8.0,0.094375,0.018126046767802727,0.0,16,5,0,1
2021-01-09 16:13:00,10.0,0.08349999999999999,0.015407429665226088,0.0,16,5,0,1
2021-01-09 16:14:00,10.0,0.0973,0.027648789404882735,0.0,16,5,0,1
2021-01-09 16:15:00,10.0,0.08990000000000001,0.018441800345953212,0.0,16,5,0,1
2021-01-09 16:16:00,10.0,0.0968,0.02713669102893719,0.0,16,5,0,1
2021-01-09 16:17:00,9.0,0.09177777777777778,0.012132371756768933,0.0,16,5,0,1
2021-01-09 16:18:00,9.0,0.082,0.012835497652993435,0.0,16,5,0,1
2021-01-09 16:19:00,10.0,0.082,0.008379870059984352,0.0,16,5,0,1
2021-01-09 16:20:00,8.0,0.097625,0.027871836784006284,0.0,16,5,0,1
2021-01-09 16:21:00,11.0,0.0919090909090909,0.01607765247450351,0.0,16,5,0,1
2021-01-09 16:22:00,9.0,0.11055555555555556,0.026077342229947013,0.0,16,5,0,1
2021-01-09 16:23:00,8.0,0.11225,0.04376479341727941,0.0,16,5,0,1
2021-01-09 16:24:00,8.0,0.10087499999999999,0.03640815254072323,0.0,16,5,0,1
2021-01-09 16:25:00,9.0,0.08555555555555555,0.011801600644733656,0.0,16,5,0,1
2021-01-09 16:26:00,8.0,0.10325,0.03795391942869669,0.0,16,5,0,1
2021-01-09 16:27:00,9.0,0.08322222222222223,0.01781697068652369,0.0,16,5,0,1
2021-01-09 16:28:00,8.0,0.108875,0.05540097343136542,0.0,16,5,0,1
2021-01-09 16:29:00,7.0,0.10771428571428572,0.04035556254807295,0.0,16,5,0,1
2021-01-09 16:30:00,10.0,0.097,0.05396295025292816,0.0,16,5,0,1
2021-01-09 16:31:00,8.0,0.093,0.019639610121239312,0.0,16,5,0,1
2021-01-09 16:32:00,8.0,0.08075,0.008207139748849337,0.0,16,5,0,1
2021-01-09 16:33:00,8.0,0.088875,0.013054145482784933,0.0,16,5,0,1
2021-01-09 16:34:00,8.0,0.093125,0.017939879757520278,0.0,16,5,0,1
2021-01-09 16:35:00,8.0,0.11025,0.04357505839681359,0.0,16,5,0,1
2021-01-09 16:36:00,8.0,0.115375,0.05183748643597604,0.0,16,5,0,1
2021-01-09 16:37:00,9.0,0.15777777777777777,0.15708260388866882,0.0,16,5,0,1
2021-01-09 16:38:00,7.0,0.09314285714285715,0.02259372015574661,0.0,16,5,0,1
2021-01-09 16:39:00,7.0,0.08857142857142856,0.011058287131636358,0.0,16,5,0,1
2021-01-09 16:40:00,7.0,0.11371428571428573,0.05309649795643868,0.0,16,5,0,1
2021-01-09 16:41:00,8.0,0.091125,0.016771042219935438,0.0,16,5,0,1
2021-01-09 16:42:00,8.0,0.09175,0.022537270718269588,0.0,16,5,0,1
2021-01-09 16:43:00,7.0,0.09614285714285715,0.03507339243846905,0.0,16,5,0,1
2021-01-09 16:44:00,8.0,0.097125,0.03394296687091452,0.0,16,5,0,1
2021-01-09 16:45:00,7.0,0.25185714285714284,0.2349052493889317,0.0,16,5,0,1
2021-01-09 16:46:00,7.0,0.10842857142857143,0.04929116602007958,0.0,16,5,0,1
2021-01-09 16:47:00,7.0,0.10214285714285713,0.032158091627813634,0.0,16,5,0,1
2021-01-09 16:48:00,7.0,0.09128571428571429,0.016570196998570312,0.0,16,5,0,1
2021-01-09 16:49:00,7.0,0.11385714285714287,0.05937291349717358,0.0,16,5,0,1
2021-01-09 16:50:00,8.0,0.09875,0.027768172942623154,0.0,16,5,0,1
2021-01-09 16:51:00,8.0,0.08524999999999999,0.0160601547759843,0.0,16,5,0,1
2021-01-09 16:52:00,8.0,0.07975,0.009866972324737856,0.0,16,5,0,1
2021-01-09 16:53:00,8.0,0.099,0.039594371894428194,0.0,16,5,0,1
2021-01-09 16:54:00,8.0,0.085625,0.014431488389728107,0.0,16,5,0,1
2021-01-09 16:55:00,10.0,0.0839,0.010524574417365607,0.0,16,5,0,1
2021-01-09 16:56:00,8.0,0.08725,0.011486016342865422,0.0,16,5,0,1
2021-01-09 16:57:00,10.0,0.1059,0.03709881699221987,0.0,16,5,0,1
2021-01-09 16:58:00,8.0,0.093,0.0005345224838248501,0.0,16,5,0,1
2021-01-09 16:59:00,9.0,0.1091111111111111,0.0330016834587436,0.0,16,5,0,1
2021-01-09 17:00:00,8.0,0.08775,0.021874642854227362,0.0,17,5,0,1
2021-01-09 17:01:00,7.0,0.08542857142857142,0.019747211979223318,0.0,17,5,0,1
2021-01-09 17:02:00,10.0,0.2186,0.42608820161505945,0.0,17,5,0,1
2021-01-09 17:03:00,7.0,0.08242857142857142,0.011716898663286042,0.0,17,5,0,1
2021-01-09 17:04:00,8.0,0.09975,0.02028194129902616,0.0,17,5,0,1
2021-01-09 17:05:00,9.0,0.08811111111111111,0.010856385729657508,0.0,17,5,0,1
2021-01-09 17:06:00,7.0,0.09514285714285715,0.02714423555397212,0.0,17,5,0,1
2021-01-09 17:07:00,8.0,0.08612500000000001,0.013579790656917884,0.0,17,5,0,1
2021-01-09 17:08:00,7.0,0.10257142857142856,0.04308850249914758,0.0,17,5,0,1
2021-01-09 17:09:00,10.0,0.0871,0.016789216115643334,0.0,17,5,0,1
2021-01-09 17:10:00,10.0,0.0741,0.0067404253080449875,0.0,17,5,0,1
2021-01-09 17:11:00,7.0,0.076,0.006218252702059208,0.0,17,5,0,1
2021-01-09 17:12:00,10.0,0.0809,0.009700515450222215,0.0,17,5,0,1
2021-01-09 17:13:00,9.0,0.10544444444444445,0.0504333994271433,0.0,17,5,0,1
2021-01-09 17:14:00,9.0,0.0931111111111111,0.023385061708516217,0.0,17,5,0,1
2021-01-09 17:15:00,10.0,0.1056,0.032483158029285815,0.0,17,5,0,1
2021-01-09 17:16:00,8.0,0.097,0.03301947477301409,0.0,17,5,0,1
2021-01-09 17:17:00,10.0,0.0922,0.030396637240911295,0.0,17,5,0,1
2021-01-09 17:18:00,7.0,0.10185714285714285,0.028139110217089737,0.0,17,5,0,1
2021-01-09 17:19:00,10.0,0.08399999999999999,0.007745966692414833,0.0,17,5,0,1
2021-01-09 17:20:00,10.0,0.0876,0.02213192766620708,0.0,17,5,0,1
2021-01-09 17:21:00,8.0,0.1195,0.06473903657873555,0.0,17,5,0,1
2021-01-09 17:22:00,7.0,0.10242857142857142,0.019696506821068074,0.0,17,5,0,1
2021-01-09 17:23:00,10.0,0.09190000000000001,0.03399166564517447,0.0,17,5,0,1
2021-01-09 17:24:00,7.0,0.09442857142857143,0.01703777316100066,0.0,17,5,0,1
2021-01-09 17:25:00,10.0,0.09809999999999999,0.029905220651622384,0.0,17,5,0,1
2021-01-09 17:26:00,10.0,0.0861,0.013477965556995446,0.0,17,5,0,1
2021-01-09 17:27:00,10.0,0.0886,0.01450057470125466,0.0,17,5,0,1
2021-01-09 17:28:00,9.0,0.09266666666666666,0.030091527046662164,0.0,17,5,0,1
2021-01-09 17:29:00,11.0,0.11809090909090908,0.03339896568893877,0.0,17,5,0,1
2021-01-09 17:30:00,10.0,0.10169999999999998,0.0316264657104352,0.0,17,5,0,1
2021-01-09 17:31:00,10.0,0.0891,0.01892940100009037,0.0,17,5,0,1
2021-01-09 17:32:00,10.0,0.08199999999999999,0.013190905958272919,0.0,17,5,0,1
2021-01-09 17:33:00,11.0,0.09127272727272727,0.021977674622629707,0.0,17,5,0,1
2021-01-09 17:34:00,9.0,0.08466666666666667,0.013656500283747666,0.0,17,5,0,1
2021-01-09 17:35:00,9.0,0.13322222222222224,0.08680693776677324,0.0,17,5,0,1
2021-01-09 17:36:00,10.0,0.0905,0.014607836557440284,0.0,17,5,0,1
2021-01-09 17:37:00,7.0,0.09342857142857143,0.02848307768282273,0.0,17,5,0,1
2021-01-09 17:38:00,10.0,0.0959,0.023259167846010502,0.0,17,5,0,1
2021-01-09 17:39:00,10.0,0.0887,0.030203200713390187,0.0,17,5,0,1
2021-01-09 17:40:00,8.0,0.0815,0.006502746672423451,0.0,17,5,0,1
2021-01-09 17:41:00,8.0,0.095,0.019383350734955132,0.0,17,5,0,1
2021-01-09 17:42:00,8.0,0.089375,0.016115099396883305,0.0,17,5,0,1
2021-01-09 17:43:00,8.0,0.083625,0.007763237542601483,0.0,17,5,0,1
2021-01-09 17:44:00,10.0,0.0912,0.024548364960262064,0.0,17,5,0,1
2021-01-09 17:45:00,8.0,0.10325,0.025689074943029216,0.0,17,5,0,1
2021-01-09 17:46:00,9.0,0.08677777777777779,0.007479601890772292,0.0,17,5,0,1
2021-01-09 17:47:00,8.0,0.137125,0.12099048073535136,0.0,17,5,0,1
2021-01-09 17:48:00,9.0,0.08444444444444445,0.008187049393876756,0.0,17,5,0,1
2021-01-09 17:49:00,8.0,0.108875,0.04853993201478552,0.0,17,5,0,1
2021-01-09 17:50:00,8.0,0.096875,0.018035183867730797,0.0,17,5,0,1
2021-01-09 17:51:00,6.0,0.09799999999999999,0.03087393722867234,0.0,17,5,0,1
2021-01-09 17:52:00,10.0,0.0918,0.013554826938523907,0.0,17,5,0,1
2021-01-09 17:53:00,8.0,0.076,0.00565685424949238,0.0,17,5,0,1
2021-01-09 17:54:00,12.0,0.09208333333333334,0.009985975013472497,0.0,17,5,0,1
2021-01-09 17:55:00,8.0,0.0895,0.013700886311267813,0.0,17,5,0,1
2021-01-09 17:56:00,9.0,0.10566666666666666,0.021377558326431952,0.0,17,5,0,1
2021-01-09 17:57:00,8.0,0.109125,0.05719000287263001,0.0,17,5,0,1
2021-01-09 17:58:00,8.0,0.09925,0.016602495509496672,0.0,17,5,0,1
2021-01-09 17:59:00,7.0,0.08742857142857142,0.014774495398683309,0.0,17,5,0,1
2021-01-09 18:00:00,9.0,0.08711111111111111,0.013317699167315317,0.0,18,5,0,1
2021-01-09 18:01:00,8.0,0.0955,0.019784553859730356,0.0,18,5,0,1
2021-01-09 18:02:00,9.0,0.10722222222222222,0.032522214630071614,0.0,18,5,0,1
2021-01-09 18:03:00,8.0,0.09375,0.038843090946598394,0.0,18,5,0,1
2021-01-09 18:04:00,11.0,0.08454545454545455,0.015207653575510169,0.0,18,5,0,1
2021-01-09 18:05:00,7.0,0.10442857142857143,0.030691242740436258,0.0,18,5,0,1
2021-01-09 18:06:00,8.0,0.097,0.02612059942431862,0.0,18,5,0,1
2021-01-09 18:07:00,10.0,0.0975,0.033274114062836695,0.0,18,5,0,1
2021-01-09 18:08:00,9.0,0.08877777777777779,0.020849327194047404,0.0,18,5,0,1
2021-01-09 18:09:00,9.0,0.083,0.010793516572461451,0.0,18,5,0,1
2021-01-09 18:10:00,9.0,0.083,0.007500000000000001,0.0,18,5,0,1
2021-01-09 18:11:00,10.0,0.0931,0.024406055714833473,0.0,18,5,0,1
2021-01-09 18:12:00,9.0,0.13044444444444445,0.05784053749558158,0.0,18,5,0,1
2021-01-09 18:13:00,11.0,0.10745454545454546,0.019091168829401907,0.0,18,5,0,1
2021-01-09 18:14:00,11.0,0.11181818181818182,0.02396171188299443,0.0,18,5,0,1
2021-01-09 18:15:00,11.0,0.10745454545454546,0.012933395813657262,0.0,18,5,0,1
2021-01-09 18:16:00,14.0,0.17285714285714285,0.10667770089447873,0.0,18,5,0,1
2021-01-09 18:17:00,11.0,0.1089090909090909,0.01859814262475985,0.0,18,5,0,1
2021-01-09 18:18:00,13.0,0.10776923076923077,0.018601764460008652,0.0,18,5,0,1
2021-01-09 18:19:00,13.0,0.12346153846153846,0.023397348085539466,0.0,18,5,0,1
2021-01-09 18:20:00,12.0,0.1075,0.008039674348900185,0.0,18,5,0,1
2021-01-09 18:21:00,13.0,0.12053846153846154,0.03581111416077273,0.0,18,5,0,1
2021-01-09 18:22:00,11.0,0.11672727272727274,0.02436017614505654,0.0,18,5,0,1
2021-01-09 18:23:00,12.0,0.11275,0.027396499444603907,0.0,18,5,0,1
2021-01-09 18:24:00,12.0,0.10291666666666667,0.03423570261194202,0.0,18,5,0,1
2021-01-09 18:25:00,11.0,0.0990909090909091,0.03127764231988896,0.0,18,5,0,1
2021-01-09 18:26:00,11.0,0.1100909090909091,0.03110130076204063,0.0,18,5,0,1
2021-01-09 18:27:00,11.0,0.09063636363636364,0.023812907118924934,0.0,18,5,0,1
2021-01-09 18:28:00,9.0,0.08444444444444445,0.01143581119893896,0.0,18,5,0,1
2021-01-09 18:29:00,8.0,0.097125,0.04420225430579629,0.0,18,5,0,1
2021-01-09 18:30:00,9.0,0.0941111111111111,0.020624284499373827,0.0,18,5,0,1
2021-01-09 18:31:00,9.0,0.10066666666666667,0.02233271143412729,0.0,18,5,0,1
2021-01-09 18:32:00,10.0,0.0911,0.015730013774098658,0.0,18,5,0,1
2021-01-09 18:33:00,8.0,0.1185,0.02313932953714458,0.0,18,5,0,1
2021-01-09 18:34:00,9.0,0.09688888888888889,0.02109173087044093,0.0,18,5,0,1
2021-01-09 18:35:00,11.0,0.11072727272727273,0.014799262880906666,0.0,18,5,0,1
2021-01-09 18:36:00,9.0,0.10477777777777778,0.006960204339273696,0.0,18,5,0,1
2021-01-09 18:37:00,10.0,0.1146,0.010986860839708085,0.0,18,5,0,1
2021-01-09 18:38:00,9.0,0.128,0.05354203955771577,0.0,18,5,0,1
2021-01-09 18:39:00,10.0,0.1078,0.015873107936240957,0.0,18,5,0,1
2021-01-09 18:40:00,10.0,0.11300000000000002,0.016316317667360556,0.0,18,5,0,1
2021-01-09 18:41:00,8.0,0.11812500000000001,0.013495369576265777,0.0,18,5,0,1
2021-01-09 18:42:00,8.0,0.106125,0.01181327945274179,0.0,18,5,0,1
2021-01-09 18:43:00,10.0,0.1121,0.01622378226897511,0.0,18,5,0,1
2021-01-09 18:44:00,7.0,0.10885714285714286,0.015667679805133585,0.0,18,5,0,1
2021-01-09 18:45:00,9.0,0.1448888888888889,0.1123236890024144,0.0,18,5,0,1
2021-01-09 18:46:00,9.0,0.125,0.0313966558728792,0.0,18,5,0,1
2021-01-09 18:47:00,11.0,0.11463636363636363,0.021346066275886647,0.0,18,5,0,1
2021-01-09 18:48:00,8.0,0.11025,0.012814612195235785,0.0,18,5,0,1
2021-01-09 18:49:00,9.0,0.127,0.06255397669213364,0.0,18,5,0,1
2021-01-09 18:50:00,8.0,0.14525,0.09786251288706739,0.0,18,5,0,1
2021-01-09 18:51:00,9.0,0.12866666666666665,0.022321514285549716,0.0,18,5,0,1
2021-01-09 18:52:00,8.0,0.115125,0.012052711609544846,0.0,18,5,0,1
2021-01-09 18:53:00,8.0,0.11649999999999999,0.020866925298868817,0.0,18,5,0,1
2021-01-09 18:54:00,7.0,0.10885714285714286,0.015667679805133578,0.0,18,5,0,1
2021-01-09 18:55:00,6.0,0.07966666666666666,0.006831300510639726,0.0,18,5,0,1
2021-01-09 18:56:00,9.0,0.09333333333333332,0.024667792767088022,0.0,18,5,0,1
2021-01-09 18:57:00,6.0,0.112,0.023255106965997814,0.0,18,5,0,1
2021-01-09 18:58:00,7.0,0.09985714285714285,0.032158091627813634,0.0,18,5,0,1
2021-01-09 18:59:00,8.0,0.091875,0.022943642132096518,0.0,18,5,0,1
2021-01-09 19:00:00,7.0,0.09271428571428572,0.025856748221140046,0.0,19,5,0,1
2021-01-09 19:01:00,9.0,0.10500000000000001,0.023048861143232218,0.0,19,5,0,1
2021-01-09 19:02:00,8.0,0.11125,0.013698279349716048,0.0,19,5,0,1
2021-01-09 19:03:00,9.0,0.11777777777777779,0.011734327609387953,0.0,19,5,0,1
2021-01-09 19:04:00,14.0,0.1105,0.011474050991426095,0.0,19,5,0,1
2021-01-09 19:05:00,18.0,0.1061111111111111,0.013503328081663634,0.0,19,5,0,1
2021-01-09 19:06:00,19.0,0.10721052631578946,0.06011708848144079,0.0,19,5,0,1
2021-01-09 19:07:00,21.0,0.08233333333333334,0.021957534773588167,0.0,19,5,0,1
2021-01-09 19:08:00,20.0,0.0964,0.02495764833725958,0.0,19,5,0,1
2021-01-09 19:09:00,17.0,0.13341176470588234,0.11252391902587278,0.0,19,5,0,1
2021-01-09 19:10:00,18.0,0.10622222222222223,0.03785507279015208,0.0,19,5,0,1
2021-01-09 19:11:00,14.0,0.09028571428571429,0.01883298485852199,0.0,19,5,0,1
2021-01-09 19:12:00,16.0,0.0840625,0.00984187482139455,0.0,19,5,0,1
2021-01-09 19:13:00,13.0,0.08646153846153846,0.03426274795511735,0.0,19,5,0,1
2021-01-09 19:14:00,14.0,0.08892857142857144,0.018767665670649473,0.0,19,5,0,1
2021-01-09 19:15:00,12.0,0.08066666666666666,0.011316386616787449,0.0,19,5,0,1
2021-01-09 19:16:00,13.0,0.11846153846153847,0.054588789118608386,0.0,19,5,0,1
2021-01-09 19:17:00,13.0,0.11823076923076922,0.017569641649513166,0.0,19,5,0,1
2021-01-09 19:18:00,12.0,0.13975,0.04105456457846402,0.0,19,5,0,1
2021-01-09 19:19:00,12.0,0.11025,0.010445747286031589,0.0,19,5,0,1
2021-01-09 19:20:00,11.0,0.12118181818181818,0.029992726390970805,0.0,19,5,0,1
2021-01-09 19:21:00,11.0,0.11581818181818182,0.03520743723084139,0.0,19,5,0,1
2021-01-09 19:22:00,12.0,0.07808333333333332,0.010697989049207785,0.0,19,5,0,1
2021-01-09 19:23:00,12.0,0.08141666666666666,0.009802210635021744,0.0,19,5,0,1
2021-01-09 19:24:00,9.0,0.09222222222222222,0.03588445965100275,0.0,19,5,0,1
2021-01-09 19:25:00,10.0,0.09040000000000001,0.02017258866217554,0.0,19,5,0,1
2021-01-09 19:26:00,11.0,0.108,0.03577988261579403,0.0,19,5,0,1
2021-01-09 19:27:00,9.0,0.10655555555555557,0.0215355004069508,0.0,19,5,0,1
2021-01-09 19:28:00,10.0,0.1476,0.1514333003155001,0.0,19,5,0,1
2021-01-09 19:29:00,8.0,0.09125,0.025599944196367755,0.0,19,5,0,1
2021-01-09 19:30:00,9.0,0.0931111111111111,0.015885877725549544,0.0,19,5,0,1
2021-01-09 19:31:00,8.0,0.083875,0.016101796705425678,0.0,19,5,0,1
2021-01-09 19:32:00,8.0,0.088375,0.013319561339838273,0.0,19,5,0,1
2021-01-09 19:33:00,9.0,0.08033333333333333,0.0076321687612368756,0.0,19,5,0,1
2021-01-09 19:34:00,8.0,0.07975,0.015461934826257311,0.0,19,5,0,1
2021-01-09 19:35:00,7.0,0.09257142857142857,0.023908555950099702,0.0,19,5,0,1
2021-01-09 19:36:00,8.0,0.07925,0.010964227547542315,0.0,19,5,0,1
2021-01-09 19:37:00,8.0,0.218125,0.3608460049463127,0.0,19,5,0,1
2021-01-09 19:38:00,10.0,0.0823,0.010231215850414732,0.0,19,5,0,1
2021-01-09 19:39:00,8.0,0.089375,0.025489143347147396,0.0,19,5,0,1
2021-01-09 19:40:00,9.0,0.14366666666666666,0.18640211908666704,0.0,19,5,0,1
2021-01-09 19:41:00,9.0,0.098,0.045417507637473896,0.0,19,5,0,1
2021-01-09 19:42:00,7.0,0.10385714285714286,0.04347960660443228,0.0,19,5,0,1
2021-01-09 19:43:00,9.0,0.08377777777777778,0.02426817760863894,0.0,19,5,0,1
2021-01-09 19:44:00,9.0,0.08,0.011747340124470727,0.0,19,5,0,1
2021-01-09 19:45:00,8.0,0.087375,0.024023426067070443,0.0,19,5,0,1
2021-01-09 19:46:00,9.0,0.08133333333333333,0.006614378277661476,0.0,19,5,0,1
2021-01-09 19:47:00,9.0,0.10633333333333334,0.04878011890104411,0.0,19,5,0,1
2021-01-09 19:48:00,8.0,0.0815,0.010717142476292029,0.0,19,5,0,1
2021-01-09 19:49:00,8.0,0.08499999999999999,0.011301074538037774,0.0,19,5,0,1
2021-01-09 19:50:00,9.0,0.10022222222222223,0.03484888010316034,0.0,19,5,0,1
2021-01-09 19:51:00,8.0,0.110625,0.03448783429393203,0.0,19,5,0,1
2021-01-09 19:52:00,9.0,0.09833333333333333,0.030687945516114302,0.0,19,5,0,1
2021-01-09 19:53:00,9.0,0.08633333333333333,0.011467344941179715,0.0,19,5,0,1
2021-01-09 19:54:00,8.0,0.11499999999999999,0.04734071035739596,0.0,19,5,0,1
2021-01-09 19:55:00,9.0,0.08122222222222222,0.015122646740714557,0.0,19,5,0,1
2021-01-09 19:56:00,9.0,0.08311111111111111,0.010752260744192875,0.0,19,5,0,1
2021-01-09 19:57:00,8.0,0.2185,0.33726293261235474,0.0,19,5,0,1
2021-01-09 19:58:00,8.0,0.1105,0.019198214202665532,0.0,19,5,0,1
2021-01-09 19:59:00,8.0,0.113,0.011006491591004698,0.0,19,5,0,1
2021-01-09 20:00:00,9.0,0.12844444444444447,0.04063899331649073,0.0,20,5,0,1
2021-01-09 20:01:00,10.0,0.10729999999999999,0.017613441836657973,0.0,20,5,0,1
2021-01-09 20:02:00,9.0,0.1291111111111111,0.033609687756822604,0.0,20,5,0,1
2021-01-09 20:03:00,10.0,0.126,0.02486854327145932,0.0,20,5,0,1
2021-01-09 20:04:00,8.0,0.11599999999999999,0.012165525060596443,0.0,20,5,0,1
2021-01-09 20:05:00,10.0,0.1101,0.012714383805578449,0.0,20,5,0,1
2021-01-09 20:06:00,9.0,0.10488888888888888,0.010018039284765811,0.0,20,5,0,1
2021-01-09 20:07:00,10.0,0.1109,0.017660061658379838,0.0,20,5,0,1
2021-01-09 20:08:00,9.0,0.11155555555555556,0.009540847854241143,0.0,20,5,0,1
2021-01-09 20:09:00,8.0,0.138125,0.05869397024275273,0.0,20,5,0,1
2021-01-09 20:10:00,7.0,0.13142857142857142,0.02389460987236203,0.0,20,5,0,1
2021-01-09 20:11:00,9.0,0.10766666666666666,0.014044571905188138,0.0,20,5,0,1
2021-01-09 20:12:00,23.0,0.124,0.021213203435596427,0.0,20,5,0,1
2021-01-09 20:13:00,37.0,0.11186486486486487,0.02555077968169156,0.0,20,5,0,1
2021-01-09 20:14:00,42.0,0.1438095238095238,0.21254568956106173,0.0,20,5,0,1
2021-01-09 20:15:00,44.0,0.12288636363636364,0.061125192122812505,0.0,20,5,0,1
2021-01-09 20:16:00,45.0,0.11746666666666668,0.03232406927578047,0.0,20,5,0,1
2021-01-09 20:17:00,44.0,0.1390681818181818,0.1338625462541356,0.0,20,5,0,1
2021-01-09 20:18:00,44.0,0.13729545454545455,0.07168911550008086,0.0,20,5,0,1
2021-01-09 20:19:00,41.0,0.11548780487804879,0.02453275560472112,0.0,20,5,0,1
2021-01-09 20:20:00,38.0,0.12328947368421052,0.043020992923780116,0.0,20,5,0,1
2021-01-09 20:21:00,36.0,0.11636111111111111,0.02504299477501817,0.0,20,5,0,1
2021-01-09 20:22:00,32.0,0.11787500000000001,0.027707865425752543,0.0,20,5,0,1
2021-01-09 20:23:00,30.0,0.11660000000000001,0.022577987448871066,0.0,20,5,0,1
2021-01-09 20:24:00,24.0,0.12245833333333334,0.04029778197226316,0.0,20,5,0,1
2021-01-09 20:25:00,26.0,0.11753846153846154,0.020989960970389195,0.0,20,5,0,1
2021-01-09 20:26:00,23.0,0.09691304347826088,0.018052733470883327,0.0,20,5,0,1
2021-01-09 20:27:00,25.0,0.09908,0.038408896538866276,0.0,20,5,0,1
2021-01-09 20:28:00,23.0,0.10734782608695652,0.08362394649188394,0.0,20,5,0,1
2021-01-09 20:29:00,20.0,0.11710000000000001,0.0782054648783709,0.0,20,5,0,1
2021-01-09 20:30:00,20.0,0.10129999999999999,0.029984381899494556,0.0,20,5,0,1
2021-01-09 20:31:00,17.0,0.09688235294117648,0.020217202925173573,0.0,20,5,0,1
2021-01-09 20:32:00,20.0,0.0918,0.019184972189052994,0.0,20,5,0,1
2021-01-09 20:33:00,17.0,0.09047058823529412,0.019887551530602076,0.0,20,5,0,1
2021-01-09 20:34:00,18.0,0.09744444444444444,0.025252192035828874,0.0,20,5,0,1
2021-01-09 20:35:00,15.0,0.09519999999999999,0.022897910073067494,0.0,20,5,0,1
2021-01-09 20:36:00,16.0,0.0893125,0.012125558406385526,0.0,20,5,0,1
2021-01-09 20:37:00,15.0,0.10066666666666667,0.024514330114289908,0.0,20,5,0,1
2021-01-09 20:38:00,15.0,0.09086666666666667,0.02477863903407434,0.0,20,5,0,1
2021-01-09 20:39:00,16.0,0.0910625,0.019209264257991077,0.0,20,5,0,1
2021-01-09 20:40:00,16.0,0.0914375,0.0162766448221575,0.0,20,5,0,1
2021-01-09 20:41:00,17.0,0.10088235294117648,0.02203089408348302,0.0,20,5,0,1
2021-01-09 20:42:00,15.0,0.091,0.013228756555322956,0.0,20,5,0,1
2021-01-09 20:43:00,13.0,0.09184615384615384,0.020260166805195833,0.0,20,5,0,1
2021-01-09 20:44:00,14.0,0.1095,0.034573778414372855,0.0,20,5,0,1
2021-01-09 20:45:00,16.0,0.09381250000000001,0.02064693278270003,0.0,20,5,0,1
2021-01-09 20:46:00,14.0,0.109,0.0204638518067648,0.0,20,5,0,1
2021-01-09 20:47:00,15.0,0.10153333333333332,0.02853786123397344,0.0,20,5,0,1
2021-01-09 20:48:00,18.0,0.10677777777777778,0.0379884743442868,0.0,20,5,0,1
2021-01-09 20:49:00,12.0,0.109,0.038162332690280305,0.0,20,5,0,1
2021-01-09 20:50:00,17.0,0.09147058823529411,0.01619072901021918,0.0,20,5,0,1
2021-01-09 20:51:00,15.0,0.09986666666666667,0.024538211212796455,0.0,20,5,0,1
2021-01-09 20:52:00,14.0,0.09471428571428572,0.021663256987274636,0.0,20,5,0,1
2021-01-09 20:53:00,14.0,0.091,0.029964081061266565,0.0,20,5,0,1
2021-01-09 20:54:00,12.0,0.10575,0.046448652001185926,0.0,20,5,0,1
2021-01-09 20:55:00,14.0,0.093,0.018443260182349708,0.0,20,5,0,1
2021-01-09 20:56:00,10.0,0.1028,0.03178678970893412,0.0,20,5,0,1
2021-01-09 20:57:00,14.0,0.09357142857142857,0.013882552889338281,0.0,20,5,0,1
2021-01-09 20:58:00,12.0,0.09008333333333333,0.01675197862578591,0.0,20,5,0,1
2021-01-09 20:59:00,11.0,0.12918181818181818,0.09038231926855847,0.0,20,5,0,1
2021-01-09 21:00:00,11.0,0.08872727272727272,0.01648084287341463,0.0,21,5,0,1
2021-01-09 21:01:00,10.0,0.0984,0.01902162512043128,0.0,21,5,0,1
2021-01-09 21:02:00,14.0,0.10528571428571429,0.0301290265650625,0.0,21,5,0,1
2021-01-09 21:03:00,11.0,0.10945454545454546,0.020602735917171957,0.0,21,5,0,1
2021-01-09 21:04:00,14.0,0.12157142857142857,0.02366664087085217,0.0,21,5,0,1
2021-01-09 21:05:00,12.0,0.11208333333333333,0.016306486904036535,0.0,21,5,0,1
2021-01-09 21:06:00,11.0,0.11790909090909091,0.021612286068135162,0.0,21,5,0,1
2021-01-09 21:07:00,12.0,0.10741666666666666,0.016735690405039565,0.0,21,5,0,1
2021-01-09 21:08:00,12.0,0.11316666666666668,0.016889121476335717,0.0,21,5,0,1
2021-01-09 21:09:00,10.0,0.1346,0.10405788987118873,0.0,21,5,0,1
2021-01-09 21:10:00,11.0,0.11654545454545455,0.043140152147074395,0.0,21,5,0,1
2021-01-09 21:11:00,11.0,0.09445454545454544,0.02539040620535102,0.0,21,5,0,1
2021-01-09 21:12:00,10.0,0.09359999999999999,0.016879968404393812,0.0,21,5,0,1
2021-01-09 21:13:00,12.0,0.10383333333333333,0.0351822096916592,0.0,21,5,0,1
2021-01-09 21:14:00,9.0,0.0961111111111111,0.02925510401812155,0.0,21,5,0,1
2021-01-09 21:15:00,10.0,0.11180000000000001,0.039448419205055325,0.0,21,5,0,1
2021-01-09 21:16:00,8.0,0.07975,0.015461934826257306,0.0,21,5,0,1
2021-01-09 21:17:00,10.0,0.1202,0.026254311815183586,0.0,21,5,0,1
2021-01-09 21:18:00,9.0,0.1358888888888889,0.07526859312562652,0.0,21,5,0,1
2021-01-09 21:19:00,9.0,0.11122222222222224,0.04896881093557862,0.0,21,5,0,1
2021-01-09 21:20:00,12.0,0.09558333333333334,0.027965752865484125,0.0,21,5,0,1
2021-01-09 21:21:00,9.0,0.133,0.0396642156105475,0.0,21,5,0,1
2021-01-09 21:22:00,10.0,0.1045,0.0111280426550824,0.0,21,5,0,1
2021-01-09 21:23:00,9.0,0.11988888888888888,0.023597904803416583,0.0,21,5,0,1
2021-01-09 21:24:00,10.0,0.091,0.015275252316519465,0.0,21,5,0,1
2021-01-09 21:25:00,9.0,0.10477777777777779,0.016716591890826447,0.0,21,5,0,1
2021-01-09 21:26:00,9.0,0.11077777777777778,0.016391901794619333,0.0,21,5,0,1
2021-01-09 21:27:00,9.0,0.108,0.013152946437965902,0.0,21,5,0,1
2021-01-09 21:28:00,10.0,0.12,0.03430581421404962,0.0,21,5,0,1
2021-01-09 21:29:00,9.0,0.097,0.022798026230355997,0.0,21,5,0,1
2021-01-09 21:30:00,11.0,0.08863636363636364,0.012627531249398888,0.0,21,5,0,1
2021-01-09 21:31:00,8.0,0.141125,0.0898847476335271,0.0,21,5,0,1
2021-01-09 21:32:00,9.0,0.09722222222222222,0.02372118134588673,0.0,21,5,0,1
2021-01-09 21:33:00,9.0,0.10266666666666667,0.017825543469975884,0.0,21,5,0,1
2021-01-09 21:34:00,10.0,0.2306,0.3811037187491673,0.0,21,5,0,1
2021-01-09 21:35:00,7.0,0.10528571428571429,0.051477225662469046,0.0,21,5,0,1
2021-01-09 21:36:00,10.0,0.09490000000000001,0.019958011479659553,0.0,21,5,0,1
2021-01-09 21:37:00,10.0,0.0915,0.01913257838231836,0.0,21,5,0,1
2021-01-09 21:38:00,9.0,0.09555555555555556,0.01819416878501949,0.0,21,5,0,1
2021-01-09 21:39:00,8.0,0.10875,0.030022610527020183,0.0,21,5,0,1
2021-01-09 21:40:00,10.0,0.1127,0.04649743123131762,0.0,21,5,0,1
2021-01-09 21:41:00,8.0,0.099,0.016570196998570312,0.0,21,5,0,1
2021-01-09 21:42:00,9.0,0.11766666666666666,0.04850515436528369,0.0,21,5,0,1
2021-01-09 21:43:00,8.0,0.1135,0.022803508501982758,0.0,21,5,0,1
2021-01-09 21:44:00,9.0,0.11577777777777779,0.013179318815646143,0.0,21,5,0,1
2021-01-09 21:45:00,9.0,0.11133333333333334,0.0077620873481300135,0.0,21,5,0,1
2021-01-09 21:46:00,7.0,0.10842857142857143,0.022426599852683443,0.0,21,5,0,1
2021-01-09 21:47:00,10.0,0.1238,0.027663855278845153,0.0,21,5,0,1
2021-01-09 21:48:00,11.0,0.11709090909090909,0.020748274846138635,0.0,21,5,0,1
2021-01-09 21:49:00,9.0,0.13744444444444445,0.055504754551099295,0.0,21,5,0,1
2021-01-09 21:50:00,11.0,0.12527272727272726,0.0435203191833215,0.0,21,5,0,1
2021-01-09 21:51:00,10.0,0.1153,0.03324337862224931,0.0,21,5,0,1
2021-01-09 21:52:00,10.0,0.10740000000000001,0.023519259247594418,0.0,21,5,0,1
2021-01-09 21:53:00,11.0,0.12327272727272726,0.01902677539201485,0.0,21,5,0,1
2021-01-09 21:54:00,10.0,0.1133,0.01963585156459141,0.0,21,5,0,1
2021-01-09 21:55:00,9.0,0.10544444444444444,0.010666666666666666,0.0,21,5,0,1
2021-01-09 21:56:00,9.0,0.10822222222222222,0.011829811682543573,0.0,21,5,0,1
2021-01-09 21:57:00,9.0,0.12688888888888888,0.044962329911950864,0.0,21,5,0,1
2021-01-09 21:58:00,10.0,0.1075,0.020090074940405555,0.0,21,5,0,1
2021-01-09 21:59:00,8.0,0.12037500000000001,0.04095620483254906,0.0,21,5,0,1
2021-01-09 22:00:00,9.0,0.1071111111111111,0.04154047557637143,0.0,22,5,0,1
2021-01-09 22:01:00,11.0,0.092,0.02358813260942884,0.0,22,5,0,1
2021-01-09 22:02:00,9.0,0.11166666666666668,0.02066397831977183,0.0,22,5,0,1
2021-01-09 22:03:00,10.0,0.10880000000000001,0.021928165551282318,0.0,22,5,0,1
2021-01-09 22:04:00,9.0,0.1121111111111111,0.0254825648456177,0.0,22,5,0,1
2021-01-09 22:05:00,11.0,0.10990909090909091,0.014563341274958471,0.0,22,5,0,1
2021-01-09 22:06:00,10.0,0.1192,0.03110484063793144,0.0,22,5,0,1
2021-01-09 22:07:00,9.0,0.11922222222222222,0.031107787520883654,0.0,22,5,0,1
2021-01-09 22:08:00,10.0,0.1041,0.019558743427031414,0.0,22,5,0,1
2021-01-09 22:09:00,10.0,0.093,0.012806248474865696,0.0,22,5,0,1
2021-01-09 22:10:00,10.0,0.09,0.021705094128132943,0.0,22,5,0,1
2021-01-09 22:11:00,11.0,0.08863636363636364,0.024229208518945586,0.0,22,5,0,1
2021-01-09 22:12:00,12.0,0.10366666666666667,0.038393496924096486,0.0,22,5,0,1
2021-01-09 22:13:00,10.0,0.10010000000000001,0.05388351634158014,0.0,22,5,0,1
2021-01-09 22:14:00,11.0,0.10281818181818182,0.033635749380140724,0.0,22,5,0,1
2021-01-09 22:15:00,10.0,0.095,0.02239047416499556,0.0,22,5,0,1
2021-01-09 22:16:00,11.0,0.08663636363636364,0.015035110423756303,0.0,22,5,0,1
2021-01-09 22:17:00,10.0,0.0869,0.007665941994736635,0.0,22,5,0,1
2021-01-09 22:18:00,11.0,0.213,0.2606641517355235,0.0,22,5,0,1
2021-01-09 22:19:00,10.0,0.0949,0.01489556235184754,0.0,22,5,0,1
2021-01-09 22:20:00,13.0,0.09246153846153846,0.022991358465792405,0.0,22,5,0,1
2021-01-09 22:21:00,10.0,0.09219999999999999,0.022582195543293736,0.0,22,5,0,1
2021-01-09 22:22:00,11.0,0.16654545454545455,0.24576182113435097,0.0,22,5,0,1
2021-01-09 22:23:00,11.0,0.09172727272727271,0.015408380246417268,0.0,22,5,0,1
2021-01-09 22:24:00,10.0,0.0911,0.01004932280747757,0.0,22,5,0,1
2021-01-09 22:25:00,12.0,0.10216666666666667,0.0259539218733135,0.0,22,5,0,1
2021-01-09 22:26:00,10.0,0.0902,0.012172829489390614,0.0,22,5,0,1
2021-01-09 22:27:00,11.0,0.08618181818181818,0.012921440955390245,0.0,22,5,0,1
2021-01-09 22:28:00,9.0,0.09955555555555556,0.02024914264303005,0.0,22,5,0,1
2021-01-09 22:29:00,12.0,0.09475,0.02759158303804721,0.0,22,5,0,1
2021-01-09 22:30:00,11.0,0.10336363636363637,0.03295837595292804,0.0,22,5,0,1
2021-01-09 22:31:00,12.0,0.09449999999999999,0.017175564037317667,0.0,22,5,0,1
2021-01-09 22:32:00,12.0,0.09749999999999999,0.026259197522876716,0.0,22,5,0,1
2021-01-09 22:33:00,12.0,0.10383333333333333,0.0482848241420039,0.0,22,5,0,1
2021-01-09 22:34:00,10.0,0.10669999999999999,0.029706153496465274,0.0,22,5,0,1
2021-01-09 22:35:00,12.0,0.09125,0.017524657952828534,0.0,22,5,0,1
2021-01-09 22:36:00,9.0,0.09111111111111111,0.013052245443260373,0.0,22,5,0,1
2021-01-09 22:37:00,12.0,0.09383333333333332,0.018556220879622373,0.0,22,5,0,1
2021-01-09 22:38:00,9.0,0.10933333333333334,0.025656383221335,0.0,22,5,0,1
2021-01-09 22:39:00,12.0,0.09633333333333333,0.02142782105468298,0.0,22,5,0,1
2021-01-09 22:40:00,12.0,0.14641666666666667,0.140983208757338,0.0,22,5,0,1
2021-01-09 22:41:00,11.0,0.094,0.011489125293076058,0.0,22,5,0,1
2021-01-09 22:42:00,12.0,0.10025,0.026101637008920618,0.0,22,5,0,1
2021-01-09 22:43:00,12.0,0.08941666666666666,0.011735403570806458,0.0,22,5,0,1
2021-01-09 22:44:00,11.0,0.08127272727272727,0.01049848473915078,0.0,22,5,0,1
2021-01-09 22:45:00,12.0,0.08658333333333333,0.010193209266541874,0.0,22,5,0,1
2021-01-09 22:46:00,11.0,0.09345454545454546,0.02121020337650555,0.0,22,5,0,1
2021-01-09 22:47:00,10.0,0.0856,0.008016649341630622,0.0,22,5,0,1
2021-01-09 22:48:00,13.0,0.10107692307692308,0.019993588715975678,0.0,22,5,0,1
2021-01-09 22:49:00,10.0,0.1061,0.04599384016728037,0.0,22,5,0,1
2021-01-09 22:50:00,11.0,0.10672727272727273,0.049244473617028155,0.0,22,5,0,1
2021-01-09 22:51:00,10.0,0.0866,0.015564917817536548,0.0,22,5,0,1
2021-01-09 22:52:00,14.0,0.09014285714285715,0.02180634044301069,0.0,22,5,0,1
2021-01-09 22:53:00,11.0,0.10018181818181816,0.018626959933484486,0.0,22,5,0,1
2021-01-09 22:54:00,10.0,0.1069,0.009122012448528623,0.0,22,5,0,1
2021-01-09 22:55:00,13.0,0.11130769230769232,0.05282894505758596,0.0,22,5,0,1
2021-01-09 22:56:00,13.0,0.1146923076923077,0.035558366608963304,0.0,22,5,0,1
2021-01-09 22:57:00,12.0,0.10808333333333332,0.017063828480860983,0.0,22,5,0,1
2021-01-09 22:58:00,11.0,0.10018181818181819,0.025976212894947493,0.0,22,5,0,1
2021-01-09 22:59:00,11.0,0.109,0.03155312979721663,0.0,22,5,0,1
2021-01-09 23:00:00,10.0,0.1263,0.05965837931273546,0.0,23,5,0,1
2021-01-09 23:01:00,11.0,0.11054545454545454,0.013178494878882315,0.0,23,5,0,1
2021-01-09 23:02:00,10.0,0.12150000000000001,0.02968070828744565,0.0,23,5,0,1
2021-01-09 23:03:00,10.0,0.0964,0.01763960191034808,0.0,23,5,0,1
2021-01-09 23:04:00,9.0,0.08366666666666667,0.016271140095272977,0.0,23,5,0,1
2021-01-09 23:05:00,9.0,0.11800000000000001,0.05117860881266704,0.0,23,5,0,1
2021-01-09 23:06:00,9.0,0.10244444444444445,0.013068197189275104,0.0,23,5,0,1
2021-01-09 23:07:00,9.0,0.08622222222222223,0.011355370731263883,0.0,23,5,0,1
2021-01-09 23:08:00,8.0,0.13025,0.11499906831920732,0.0,23,5,0,1
2021-01-09 23:09:00,9.0,0.09466666666666666,0.027294688127912362,0.0,23,5,0,1
2021-01-09 23:10:00,9.0,0.08411111111111111,0.01635882364692251,0.0,23,5,0,1
2021-01-09 23:11:00,9.0,0.10677777777777778,0.03460049774850709,0.0,23,5,0,1
2021-01-09 23:12:00,9.0,0.11466666666666667,0.032310988842807024,0.0,23,5,0,1
2021-01-09 23:13:00,8.0,0.120625,0.05017095773453004,0.0,23,5,0,1
2021-01-09 23:14:00,9.0,0.09333333333333332,0.015628499608087782,0.0,23,5,0,1
2021-01-09 23:15:00,8.0,0.10350000000000001,0.027370474185568233,0.0,23,5,0,1
2021-01-09 23:16:00,9.0,0.08633333333333333,0.007905694150420946,0.0,23,5,0,1
2021-01-09 23:17:00,8.0,0.110875,0.03090740780367802,0.0,23,5,0,1
2021-01-09 23:18:00,10.0,0.11400000000000002,0.03482655436429061,0.0,23,5,0,1
2021-01-09 23:19:00,9.0,0.12255555555555556,0.041033861355931116,0.0,23,5,0,1
2021-01-09 23:20:00,9.0,0.11388888888888887,0.0670381317692484,0.0,23,5,0,1
2021-01-09 23:21:00,10.0,0.1106,0.05217960435947279,0.0,23,5,0,1
2021-01-09 23:22:00,10.0,0.09179999999999999,0.024215697388264498,0.0,23,5,0,1
2021-01-09 23:23:00,7.0,0.09828571428571428,0.02228388270861764,0.0,23,5,0,1
2021-01-09 23:24:00,9.0,0.10211111111111111,0.03923787852459803,0.0,23,5,0,1
2021-01-09 23:25:00,7.0,0.09557142857142857,0.01154494323440849,0.0,23,5,0,1
2021-01-09 23:26:00,9.0,0.11377777777777778,0.05005940914997345,0.0,23,5,0,1
2021-01-09 23:27:00,9.0,0.10555555555555556,0.03285616803246809,0.0,23,5,0,1
2021-01-09 23:28:00,8.0,0.11475,0.01885849562247363,0.0,23,5,0,1
2021-01-09 23:29:00,7.0,0.12028571428571429,0.06535215958103269,0.0,23,5,0,1
2021-01-09 23:30:00,7.0,0.08657142857142856,0.015436505896274398,0.0,23,5,0,1
2021-01-09 23:31:00,6.0,0.09583333333333333,0.011737404596701383,0.0,23,5,0,1
2021-01-09 23:32:00,6.0,0.11416666666666665,0.05368581438952628,0.0,23,5,0,1
2021-01-09 23:33:00,7.0,0.118,0.0455887413001646,0.0,23,5,0,1
2021-01-09 23:34:00,7.0,0.10614285714285714,0.019394402727149325,0.0,23,5,0,1
2021-01-09 23:35:00,6.0,0.09066666666666667,0.018250114154894113,0.0,23,5,0,1
2021-01-09 23:36:00,6.0,0.0855,0.008215838362577488,0.0,23,5,0,1
2021-01-09 23:37:00,5.0,0.0934,0.022097511172075465,0.0,23,5,0,1
2021-01-09 23:38:00,6.0,0.09333333333333334,0.017165857586111645,0.0,23,5,0,1
2021-01-09 23:39:00,5.0,0.1206,0.05202211068382367,0.0,23,5,0,1
2021-01-09 23:40:00,7.0,0.09614285714285715,0.012005950905399255,0.0,23,5,0,1
2021-01-09 23:41:00,6.0,0.14216666666666666,0.08873650132085818,0.0,23,5,0,1
2021-01-09 23:42:00,7.0,0.08985714285714286,0.010807845474909596,0.0,23,5,0,1
2021-01-09 23:43:00,6.0,0.07783333333333332,0.013392784126785089,0.0,23,5,0,1
2021-01-09 23:44:00,7.0,0.08671428571428572,0.012106668764421888,0.0,23,5,0,1
2021-01-09 23:45:00,7.0,0.08885714285714286,0.011625096005747957,0.0,23,5,0,1
2021-01-09 23:46:00,6.0,0.09916666666666667,0.014538454755119841,0.0,23,5,0,1
2021-01-09 23:47:00,6.0,0.08966666666666667,0.00983192080250175,0.0,23,5,0,1
2021-01-09 23:48:00,6.0,0.09599999999999999,0.016480291259562133,0.0,23,5,0,1
2021-01-09 23:49:00,8.0,0.088125,0.010749584709586292,0.0,23,5,0,1
2021-01-09 23:50:00,6.0,0.09549999999999999,0.01186170308176697,0.0,23,5,0,1
2021-01-09 23:51:00,6.0,0.09949999999999999,0.023746578700941316,0.0,23,5,0,1
2021-01-09 23:52:00,7.0,0.097,0.03371943060017474,0.0,23,5,0,1
2021-01-09 23:53:00,8.0,0.15625,0.15869985147171015,0.0,23,5,0,1
2021-01-09 23:54:00,6.0,0.09583333333333333,0.017993517351164737,0.0,23,5,0,1
2021-01-09 23:55:00,7.0,0.09114285714285715,0.010668154658117953,0.0,23,5,0,1
2021-01-09 23:56:00,7.0,0.08399999999999999,0.009237604307034014,0.0,23,5,0,1
2021-01-09 23:57:00,7.0,0.09999999999999999,0.02359378449224852,0.0,23,5,0,1
2021-01-09 23:58:00,6.0,0.09599999999999999,0.018044389709823937,0.0,23,5,0,1
2021-01-09 23:59:00,6.0,0.09083333333333334,0.024822704660585775,0.0,23,5,0,1
2021-01-10 00:00:00,6.0,0.09849999999999999,0.012739701723352868,0.0,0,6,0,1
2021-01-10 00:01:00,6.0,0.09449999999999999,0.015732132722552274,0.0,0,6,0,1
2021-01-10 00:02:00,6.0,0.08833333333333333,0.018446318512556015,0.0,0,6,0,1
2021-01-10 00:03:00,7.0,0.12657142857142858,0.06557656375783742,0.0,0,6,0,1
2021-01-10 00:04:00,6.0,0.08416666666666667,0.012400268814290544,0.0,0,6,0,1
2021-01-10 00:05:00,7.0,0.09571428571428572,0.0339936968947396,0.0,0,6,0,1
2021-01-10 00:06:00,6.0,0.09816666666666667,0.015816657885491064,0.0,0,6,0,1
2021-01-10 00:07:00,7.0,0.11657142857142858,0.05466826362359653,0.0,0,6,0,1
2021-01-10 00:08:00,6.0,0.09333333333333334,0.012564500255349068,0.0,0,6,0,1
2021-01-10 00:09:00,4.0,0.105,0.03880721582386451,0.0,0,6,0,1
2021-01-10 00:10:00,7.0,0.08199999999999999,0.011690451944500121,0.0,0,6,0,1
2021-01-10 00:11:00,6.0,0.09283333333333332,0.031352299224565124,0.0,0,6,0,1
2021-01-10 00:12:00,7.0,0.09071428571428572,0.02426736001102638,0.0,0,6,0,1
2021-01-10 00:13:00,6.0,0.13,0.12099752063575518,0.0,0,6,0,1
2021-01-10 00:14:00,6.0,0.09966666666666667,0.030183880907972496,0.0,0,6,0,1
2021-01-10 00:15:00,6.0,0.10616666666666667,0.03593002458483249,0.0,0,6,0,1
2021-01-10 00:16:00,5.0,0.0902,0.020364184245876386,0.0,0,6,0,1
2021-01-10 00:17:00,7.0,0.08657142857142856,0.00801783725737273,0.0,0,6,0,1
2021-01-10 00:18:00,6.0,0.11966666666666666,0.03640695904173633,0.0,0,6,0,1
2021-01-10 00:19:00,7.0,0.12185714285714286,0.02621976717051831,0.0,0,6,0,1
2021-01-10 00:20:00,5.0,0.10840000000000001,0.010285912696499032,0.0,0,6,0,1
2021-01-10 00:21:00,7.0,0.10457142857142857,0.007568732673685487,0.0,0,6,0,1
2021-01-10 00:22:00,5.0,0.11080000000000001,0.007823042886243178,0.0,0,6,0,1
2021-01-10 00:23:00,6.0,0.11216666666666668,0.006400520812142295,0.0,0,6,0,1
2021-01-10 00:24:00,6.0,0.109,0.014310835055998651,0.0,0,6,0,1
2021-01-10 00:25:00,7.0,0.12457142857142857,0.03623008484145528,0.0,0,6,0,1
2021-01-10 00:26:00,6.0,0.11933333333333333,0.012659647177811345,0.0,0,6,0,1
2021-01-10 00:27:00,6.0,0.107,0.019026297590440444,0.0,0,6,0,1
2021-01-10 00:28:00,8.0,0.12275,0.013155661464610155,0.0,0,6,0,1
2021-01-10 00:29:00,6.0,0.11733333333333333,0.020096434177899976,0.0,0,6,0,1
2021-01-10 00:30:00,7.0,0.14014285714285715,0.04346427104119954,0.0,0,6,0,1
2021-01-10 00:31:00,7.0,0.10885714285714286,0.012863754913561997,0.0,0,6,0,1
2021-01-10 00:32:00,6.0,0.11183333333333334,0.025254042580677392,0.0,0,6,0,1
2021-01-10 00:33:00,6.0,0.11833333333333333,0.029997777695467163,0.0,0,6,0,1
2021-01-10 00:34:00,8.0,0.08825,0.01872927425945048,0.0,0,6,0,1
2021-01-10 00:35:00,6.0,0.10633333333333334,0.03053959178945695,0.0,0,6,0,1
2021-01-10 00:36:00,8.0,0.097,0.013700886311267814,0.0,0,6,0,1
2021-01-10 00:37:00,6.0,0.09599999999999999,0.015257784898208521,0.0,0,6,0,1
2021-01-10 00:38:00,6.0,0.085,0.01316054710108968,0.0,0,6,0,1
2021-01-10 00:39:00,5.0,0.1122,0.006610597552415358,0.0,0,6,0,1
2021-01-10 00:40:00,7.0,0.10371428571428572,0.006600865744084528,0.0,0,6,0,1
2021-01-10 00:41:00,4.0,0.12825,0.041161268202036735,0.0,0,6,0,1
2021-01-10 00:42:00,8.0,0.1255,0.02875015527908378,0.0,0,6,0,1
2021-01-10 00:43:00,7.0,0.11171428571428572,0.01403227572080744,0.0,0,6,0,1
2021-01-10 00:44:00,7.0,0.12,0.03222318006239194,0.0,0,6,0,1
2021-01-10 00:45:00,6.0,0.1065,0.015359036428109674,0.0,0,6,0,1
2021-01-10 00:46:00,7.0,0.11342857142857143,0.017548572048813004,0.0,0,6,0,1
2021-01-10 00:47:00,6.0,0.10099999999999999,0.00876356092008266,0.0,0,6,0,1
2021-01-10 00:48:00,5.0,0.11139999999999999,0.0077974354758471726,0.0,0,6,0,1
2021-01-10 00:49:00,6.0,0.11433333333333333,0.008286535263104034,0.0,0,6,0,1
2021-01-10 00:50:00,6.0,0.1375,0.03468573193692186,0.0,0,6,0,1
2021-01-10 00:51:00,4.0,0.105,0.008,0.0,0,6,0,1
2021-01-10 00:52:00,6.0,0.13733333333333334,0.06430448403234931,0.0,0,6,0,1
2021-01-10 00:53:00,6.0,0.10733333333333334,0.004589843860815602,0.0,0,6,0,1
2021-01-10 00:54:00,6.0,0.14016666666666666,0.02581795241041913,0.0,0,6,0,1
2021-01-10 00:55:00,6.0,0.12083333333333333,0.025576682088704682,0.0,0,6,0,1
2021-01-10 00:56:00,5.0,0.0994,0.008763560920082658,0.0,0,6,0,1
2021-01-10 00:57:00,6.0,0.1055,0.006442049363362563,0.0,0,6,0,1
2021-01-10 00:58:00,6.0,0.10983333333333334,0.011771434350437784,0.0,0,6,0,1
2021-01-10 00:59:00,5.0,0.0962,0.0071554175279993325,0.0,0,6,0,1
2021-01-10 01:00:00,6.0,0.11433333333333333,0.06405206215779993,0.0,1,6,0,1
2021-01-10 01:01:00,5.0,0.1026,0.01781291666179349,0.0,1,6,0,1
2021-01-10 01:02:00,7.0,0.11342857142857143,0.01969650682106807,0.0,1,6,0,1
2021-01-10 01:03:00,7.0,0.11171428571428572,0.014705036390233626,0.0,1,6,0,1
2021-01-10 01:04:00,6.0,0.10583333333333333,0.017600189392920372,0.0,1,6,0,1
2021-01-10 01:05:00,8.0,0.106875,0.01002051467169797,0.0,1,6,0,1
2021-01-10 01:06:00,9.0,0.12144444444444444,0.038888015863216496,0.0,1,6,0,1
2021-01-10 01:07:00,7.0,0.121,0.03724244889907215,0.0,1,6,0,1
2021-01-10 01:08:00,6.0,0.13233333333333333,0.029186754986922865,0.0,1,6,0,1
2021-01-10 01:09:00,7.0,0.12228571428571429,0.01673035450624887,0.0,1,6,0,1
2021-01-10 01:10:00,7.0,0.131,0.05351323823753022,0.0,1,6,0,1
2021-01-10 01:11:00,6.0,0.11933333333333333,0.021472462985569835,0.0,1,6,0,1
2021-01-10 01:12:00,8.0,0.1225,0.04122412608447354,0.0,1,6,0,1
2021-01-10 01:13:00,6.0,0.11983333333333333,0.034654965974109206,0.0,1,6,0,1
2021-01-10 01:14:00,6.0,0.13999999999999999,0.019172897537930986,0.0,1,6,0,1
2021-01-10 01:15:00,6.0,0.1195,0.0124056438768812,0.0,1,6,0,1
2021-01-10 01:16:00,5.0,0.11340000000000001,0.015109599597606813,0.0,1,6,0,1
2021-01-10 01:17:00,6.0,0.105,0.015218409903797435,0.0,1,6,0,1
2021-01-10 01:18:00,5.0,0.1058,0.016843396332094068,0.0,1,6,0,1
2021-01-10 01:19:00,5.0,0.1278,0.030194370336206717,0.0,1,6,0,1
2021-01-10 01:20:00,6.0,0.10933333333333334,0.025176708813239804,0.0,1,6,0,1
2021-01-10 01:21:00,5.0,0.0994,0.00876356092008266,0.0,1,6,0,1
2021-01-10 01:22:00,5.0,0.1256,0.04483079298874826,0.0,1,6,0,1
2021-01-10 01:23:00,6.0,0.11066666666666668,0.014009520572334613,0.0,1,6,0,1
2021-01-10 01:24:00,6.0,0.18166666666666667,0.0851367527373852,0.0,1,6,0,1
2021-01-10 01:25:00,6.0,0.1115,0.0061237243569579386,0.0,1,6,0,1
2021-01-10 01:26:00,5.0,0.11200000000000002,0.006708203932499368,0.0,1,6,0,1
2021-01-10 01:27:00,6.0,0.11916666666666668,0.01888297292977637,0.0,1,6,0,1
2021-01-10 01:28:00,4.0,0.113,0.007348469228349533,0.0,1,6,0,1
2021-01-10 01:29:00,6.0,0.1065,0.006625707509390982,0.0,1,6,0,1
2021-01-10 01:30:00,6.0,0.10666666666666667,0.018467990325605727,0.0,1,6,0,1
2021-01-10 01:31:00,5.0,0.3308,0.5205979254664774,0.0,1,6,0,1
2021-01-10 01:32:00,4.0,0.11699999999999999,0.009237604307034011,0.0,1,6,0,1
2021-01-10 01:33:00,5.0,0.11179999999999998,0.012911235417263517,0.0,1,6,0,1
2021-01-10 01:34:00,6.0,0.10633333333333334,0.012044362443345297,0.0,1,6,0,1
2021-01-10 01:35:00,6.0,0.1635,0.06260271559605063,0.0,1,6,0,1
2021-01-10 01:36:00,6.0,0.10633333333333334,0.011792653080060769,0.0,1,6,0,1
2021-01-10 01:37:00,7.0,0.10099999999999999,0.008,0.0,1,6,0,1
2021-01-10 01:38:00,7.0,0.107,0.014866068747318507,0.0,1,6,0,1
2021-01-10 01:39:00,6.0,0.11,0.012743625857659186,0.0,1,6,0,1
2021-01-10 01:40:00,5.0,0.1186,0.024602845363900495,0.0,1,6,0,1
2021-01-10 01:41:00,6.0,0.10383333333333333,0.018432760690321646,0.0,1,6,0,1
2021-01-10 01:42:00,6.0,0.10583333333333333,0.011669047376142863,0.0,1,6,0,1
2021-01-10 01:43:00,7.0,0.11785714285714285,0.008295150620062532,0.0,1,6,0,1
2021-01-10 01:44:00,6.0,0.112,0.016198765385053274,0.0,1,6,0,1
2021-01-10 01:45:00,7.0,0.10385714285714286,0.01872990987190071,0.0,1,6,0,1
2021-01-10 01:46:00,7.0,0.10414285714285713,0.011538754575033526,0.0,1,6,0,1
2021-01-10 01:47:00,6.0,0.114,0.01866547615251216,0.0,1,6,0,1
2021-01-10 01:48:00,6.0,0.10916666666666668,0.010438710009702668,0.0,1,6,0,1
2021-01-10 01:49:00,6.0,0.1045,0.014963288408635313,0.0,1,6,0,1
2021-01-10 01:50:00,7.0,0.12228571428571429,0.01673035450624887,0.0,1,6,0,1
2021-01-10 01:51:00,5.0,0.122,0.0316227766016838,0.0,1,6,0,1
2021-01-10 01:52:00,7.0,0.11028571428571429,0.013425278218275223,0.0,1,6,0,1
2021-01-10 01:53:00,5.0,0.1424,0.03563425318426079,0.0,1,6,0,1
2021-01-10 01:54:00,6.0,0.16133333333333333,0.10637794257583039,0.0,1,6,0,1
2021-01-10 01:55:00,6.0,0.10633333333333334,0.0120443624433453,0.0,1,6,0,1
2021-01-10 01:56:00,6.0,0.10366666666666667,0.008262364471909155,0.0,1,6,0,1
2021-01-10 01:57:00,6.0,0.1055,0.019511535049810916,0.0,1,6,0,1
2021-01-10 01:58:00,7.0,0.10928571428571429,0.009268482179125221,0.0,1,6,0,1
2021-01-10 01:59:00,7.0,0.106,0.010723805294763607,0.0,1,6,0,1
2021-01-10 02:00:00,6.0,0.11283333333333334,0.01337784237710501,0.0,2,6,0,1
2021-01-10 02:01:00,6.0,0.11183333333333334,0.011214573851318053,0.0,2,6,0,1
2021-01-10 02:02:00,4.0,0.11725,0.016499999999999997,0.0,2,6,0,1
2021-01-10 02:03:00,6.0,0.1435,0.06121029325203402,0.0,2,6,0,1
2021-01-10 02:04:00,7.0,0.12214285714285714,0.019099987534276663,0.0,2,6,0,1
2021-01-10 02:05:00,7.0,0.105,0.015737428845483837,0.0,2,6,0,1
2021-01-10 02:06:00,5.0,0.10640000000000001,0.012157302332343306,0.0,2,6,0,1
2021-01-10 02:07:00,4.0,0.109,0.012675435561221025,0.0,2,6,0,1
2021-01-10 02:08:00,6.0,0.109,0.013431306712304652,0.0,2,6,0,1
2021-01-10 02:09:00,6.0,0.1085,0.017178474903203723,0.0,2,6,0,1
2021-01-10 02:10:00,5.0,0.1076,0.011349008767288886,0.0,2,6,0,1
2021-01-10 02:11:00,6.0,0.11433333333333333,0.00826236447190916,0.0,2,6,0,1
2021-01-10 02:12:00,5.0,0.1312,0.021182539979898534,0.0,2,6,0,1
2021-01-10 02:13:00,7.0,0.12228571428571429,0.016730354506248872,0.0,2,6,0,1
2021-01-10 02:14:00,6.0,0.109,0.010119288512538807,0.0,2,6,0,1
2021-01-10 02:15:00,7.0,0.11514285714285714,0.01782721301296206,0.0,2,6,0,1
2021-01-10 02:16:00,5.0,0.1698,0.14727423399902645,0.0,2,6,0,1
2021-01-10 02:17:00,6.0,0.107,0.016982343772283023,0.0,2,6,0,1
2021-01-10 02:18:00,6.0,0.127,0.01169615321377076,0.0,2,6,0,1
2021-01-10 02:19:00,5.0,0.1528,0.09116029837599261,0.0,2,6,0,1
2021-01-10 02:20:00,5.0,0.1146,0.017529974329701686,0.0,2,6,0,1
2021-01-10 02:21:00,8.0,0.11875,0.020679527488384673,0.0,2,6,0,1
2021-01-10 02:22:00,5.0,0.11200000000000002,0.006745368781616018,0.0,2,6,0,1
2021-01-10 02:23:00,6.0,0.135,0.03661147361142406,0.0,2,6,0,1
2021-01-10 02:24:00,6.0,0.10883333333333334,0.017162944580306337,0.0,2,6,0,1
2021-01-10 02:25:00,6.0,0.12216666666666666,0.03564500900079374,0.0,2,6,0,1
2021-01-10 02:26:00,6.0,0.11666666666666665,0.012909944487358061,0.0,2,6,0,1
2021-01-10 02:27:00,7.0,0.11785714285714285,0.031066748415997082,0.0,2,6,0,1
2021-01-10 02:28:00,6.0,0.11166666666666668,0.006531972647421809,0.0,2,6,0,1
2021-01-10 02:29:00,7.0,0.10971428571428572,0.015829448144879483,0.0,2,6,0,1
2021-01-10 02:30:00,6.0,0.12483333333333334,0.035352039073675325,0.0,2,6,0,1
2021-01-10 02:31:00,6.0,0.10083333333333333,0.013029453813060109,0.0,2,6,0,1
2021-01-10 02:32:00,5.0,0.1252,0.02644239020966146,0.0,2,6,0,1
2021-01-10 02:33:00,6.0,0.11583333333333333,0.01312122961717638,0.0,2,6,0,1
2021-01-10 02:34:00,6.0,0.10583333333333333,0.015432649372893386,0.0,2,6,0,1
2021-01-10 02:35:00,8.0,0.110875,0.019613679628550804,0.0,2,6,0,1
2021-01-10 02:36:00,6.0,0.10099999999999999,0.008763560920082656,0.0,2,6,0,1
2021-01-10 02:37:00,6.0,0.10883333333333334,0.009806460455570435,0.0,2,6,0,1
2021-01-10 02:38:00,6.0,0.10616666666666667,0.018334848422244095,0.0,2,6,0,1
2021-01-10 02:39:00,7.0,0.13785714285714284,0.08048691109207047,0.0,2,6,0,1
2021-01-10 02:40:00,4.0,0.1145,0.011000000000000001,0.0,2,6,0,1
2021-01-10 02:41:00,5.0,0.14020000000000002,0.01918853824552564,0.0,2,6,0,1
2021-01-10 02:42:00,7.0,0.11528571428571428,0.019821825392853248,0.0,2,6,0,1
2021-01-10 02:43:00,5.0,0.118,0.015297058540778351,0.0,2,6,0,1
2021-01-10 02:44:00,4.0,0.11624999999999999,0.008381527307120105,0.0,2,6,0,1
2021-01-10 02:45:00,6.0,0.12383333333333334,0.02457980200625438,0.0,2,6,0,1
2021-01-10 02:46:00,6.0,0.10866666666666668,0.01680079363204806,0.0,2,6,0,1
2021-01-10 02:47:00,6.0,0.10216666666666667,0.012843935014888024,0.0,2,6,0,1
2021-01-10 02:48:00,4.0,0.109,0.0,0.0,2,6,0,1
2021-01-10 02:49:00,5.0,0.11200000000000002,0.013152946437965905,0.0,2,6,0,1
2021-01-10 02:50:00,7.0,0.10757142857142857,0.009980934205726814,0.0,2,6,0,1
2021-01-10 02:51:00,5.0,0.1214,0.0277272429209974,0.0,2,6,0,1
2021-01-10 02:52:00,5.0,0.13,0.026814175355583846,0.0,2,6,0,1
2021-01-10 02:53:00,6.0,0.1575,0.08227454041196461,0.0,2,6,0,1
2021-01-10 02:54:00,4.0,0.13225,0.057662090377185136,0.0,2,6,0,1
2021-01-10 02:55:00,6.0,0.10633333333333334,0.012044362443345297,0.0,2,6,0,1
2021-01-10 02:56:00,5.0,0.10900000000000001,0.0,0.0,2,6,0,1
2021-01-10 02:57:00,7.0,0.12457142857142857,0.03503263784366964,0.0,2,6,0,1
2021-01-10 02:58:00,6.0,0.11383333333333334,0.019559311507991964,0.0,2,6,0,1
2021-01-10 02:59:00,5.0,0.1152,0.017894133116750865,0.0,2,6,0,1
2021-01-10 03:00:00,6.0,0.12183333333333334,0.023077405977853464,0.0,3,6,0,1
2021-01-10 03:01:00,6.0,0.122,0.031843366656181316,0.0,3,6,0,1
2021-01-10 03:02:00,5.0,0.1,0.008306623862918075,0.0,3,6,0,1
2021-01-10 03:03:00,4.0,0.11649999999999999,0.008660254037844385,0.0,3,6,0,1
2021-01-10 03:04:00,6.0,0.12766666666666668,0.037243343924339915,0.0,3,6,0,1
2021-01-10 03:05:00,4.0,0.1245,0.012662279942148387,0.0,3,6,0,1
2021-01-10 03:06:00,6.0,0.11133333333333334,0.011604596790352802,0.0,3,6,0,1
2021-01-10 03:07:00,5.0,0.10840000000000001,0.010285912696499032,0.0,3,6,0,1
2021-01-10 03:08:00,5.0,0.1202,0.027851391347650842,0.0,3,6,0,1
2021-01-10 03:09:00,6.0,0.109,0.010119288512538807,0.0,3,6,0,1
2021-01-10 03:10:00,7.0,0.13542857142857143,0.047727899398070955,0.0,3,6,0,1
2021-01-10 03:11:00,6.0,0.126,0.03915098977037491,0.0,3,6,0,1
2021-01-10 03:12:00,6.0,0.11966666666666666,0.03601481176775281,0.0,3,6,0,1
2021-01-10 03:13:00,5.0,0.127,0.026673957336698275,0.0,3,6,0,1
2021-01-10 03:14:00,6.0,0.11683333333333334,0.013029453813060114,0.0,3,6,0,1
2021-01-10 03:15:00,6.0,0.10666666666666667,0.0067428974978614815,0.0,3,6,0,1
2021-01-10 03:16:00,5.0,0.099,0.009165151389911677,0.0,3,6,0,1
2021-01-10 03:17:00,5.0,0.1206,0.030410524493997147,0.0,3,6,0,1
2021-01-10 03:18:00,4.0,0.11275,0.007499999999999999,0.0,3,6,0,1
2021-01-10 03:19:00,4.0,0.101,0.009237604307034014,0.0,3,6,0,1
2021-01-10 03:20:00,7.0,0.11557142857142857,0.02680085286489433,0.0,3,6,0,1
2021-01-10 03:21:00,5.0,0.10880000000000001,0.015754364474646385,0.0,3,6,0,1
2021-01-10 03:22:00,7.0,0.12328571428571429,0.030815116883948834,0.0,3,6,0,1
2021-01-10 03:23:00,4.0,0.12875,0.030335622624235017,0.0,3,6,0,1
2021-01-10 03:24:00,7.0,0.12014285714285713,0.038155072058764665,0.0,3,6,0,1
2021-01-10 03:25:00,5.0,0.1248,0.04273406135625305,0.0,3,6,0,1
2021-01-10 03:26:00,6.0,0.11816666666666666,0.01989388515767262,0.0,3,6,0,1
2021-01-10 03:27:00,7.0,0.12885714285714286,0.03570447484293145,0.0,3,6,0,1
2021-01-10 03:28:00,5.0,0.11000000000000001,0.017986105748604948,0.0,3,6,0,1
2021-01-10 03:29:00,7.0,0.10685714285714286,0.011081945849422105,0.0,3,6,0,1
2021-01-10 03:30:00,6.0,0.11733333333333333,0.02139781920352321,0.0,3,6,0,1
2021-01-10 03:31:00,5.0,0.1714,0.07931456360593557,0.0,3,6,0,1
2021-01-10 03:32:00,5.0,0.1454,0.04000374982423524,0.0,3,6,0,1
2021-01-10 03:33:00,6.0,0.11866666666666666,0.03216001658374364,0.0,3,6,0,1
2021-01-10 03:34:00,6.0,0.11383333333333334,0.018723425612495882,0.0,3,6,0,1
2021-01-10 03:35:00,6.0,0.12183333333333334,0.03719363744871784,0.0,3,6,0,1
2021-01-10 03:36:00,5.0,0.13640000000000002,0.054275224550433696,0.0,3,6,0,1
2021-01-10 03:37:00,8.0,0.109,0.014995237339140143,0.0,3,6,0,1
2021-01-10 03:38:00,6.0,0.10049999999999999,0.013292855223765889,0.0,3,6,0,1
2021-01-10 03:39:00,4.0,0.10475,0.008499999999999999,0.0,3,6,0,1
2021-01-10 03:40:00,5.0,0.1398,0.03787083310411854,0.0,3,6,0,1
2021-01-10 03:41:00,5.0,0.11720000000000001,0.014463747785411644,0.0,3,6,0,1
2021-01-10 03:42:00,5.0,0.1176,0.009289779329994873,0.0,3,6,0,1
2021-01-10 03:43:00,6.0,0.10816666666666667,0.02178455110087574,0.0,3,6,0,1
2021-01-10 03:44:00,7.0,0.10828571428571429,0.013313079855469026,0.0,3,6,0,1
2021-01-10 03:45:00,6.0,0.11683333333333334,0.030537954526566886,0.0,3,6,0,1
2021-01-10 03:46:00,6.0,0.1075,0.04227410554937857,0.0,3,6,0,1
2021-01-10 03:47:00,6.0,0.09916666666666667,0.019020164738157933,0.0,3,6,0,1
2021-01-10 03:48:00,5.0,0.08399999999999999,0.01854723699099141,0.0,3,6,0,1
2021-01-10 03:49:00,4.0,0.101,0.019882991056008985,0.0,3,6,0,1
2021-01-10 03:50:00,4.0,0.10475,0.014885675440951051,0.0,3,6,0,1
2021-01-10 03:51:00,6.0,0.09116666666666667,0.010998484744121196,0.0,3,6,0,1
2021-01-10 03:52:00,6.0,0.11,0.025043961347997648,0.0,3,6,0,1
2021-01-10 03:53:00,5.0,0.089,0.013765899897936208,0.0,3,6,0,1
2021-01-10 03:54:00,6.0,0.09200000000000001,0.010237187113655783,0.0,3,6,0,1
2021-01-10 03:55:00,4.0,0.17025,0.14200322766284812,0.0,3,6,0,1
2021-01-10 03:56:00,4.0,0.0975,0.007724420150837647,0.0,3,6,0,1
2021-01-10 03:57:00,5.0,0.1056,0.02535350074447314,0.0,3,6,0,1
2021-01-10 03:58:00,5.0,0.0804,0.013049904214207857,0.0,3,6,0,1
2021-01-10 03:59:00,5.0,0.09040000000000001,0.01697939928266015,0.0,3,6,0,1
2021-01-10 04:00:00,4.0,0.10575,0.027873224906111355,0.0,4,6,0,1
2021-01-10 04:01:00,4.0,0.08675,0.007499999999999995,0.0,4,6,0,1
2021-01-10 04:02:00,3.0,0.10666666666666667,0.0040414518843273845,0.0,4,6,0,1
2021-01-10 04:03:00,5.0,0.11259999999999999,0.017038192392387172,0.0,4,6,0,1
2021-01-10 04:04:00,5.0,0.1062,0.012357184145265454,0.0,4,6,0,1
2021-01-10 04:05:00,4.0,0.105,0.008,0.0,4,6,0,1
2021-01-10 04:06:00,6.0,0.09416666666666668,0.023455631875237703,0.0,4,6,0,1
2021-01-10 04:07:00,8.0,0.093375,0.01670703444660362,0.0,4,6,0,1
2021-01-10 04:08:00,5.0,0.0934,0.024825390228554317,0.0,4,6,0,1
2021-01-10 04:09:00,6.0,0.14333333333333334,0.14552204873030983,0.0,4,6,0,1
2021-01-10 04:10:00,6.0,0.104,0.021762352813976708,0.0,4,6,0,1
2021-01-10 04:11:00,5.0,0.0856,0.013427583550289305,0.0,4,6,0,1
2021-01-10 04:12:00,5.0,0.0868,0.013026895255585655,0.0,4,6,0,1
2021-01-10 04:13:00,5.0,0.0836,0.014432601983010551,0.0,4,6,0,1
2021-01-10 04:14:00,3.0,0.09833333333333333,0.009237604307034013,0.0,4,6,0,1
2021-01-10 04:15:00,6.0,0.09100000000000001,0.011189280584559494,0.0,4,6,0,1
2021-01-10 04:16:00,7.0,0.08771428571428572,0.013161994348809576,0.0,4,6,0,1
2021-01-10 04:17:00,4.0,0.1325,0.08953397865242746,0.0,4,6,0,1
2021-01-10 04:18:00,4.0,0.11275,0.01967019742317466,0.0,4,6,0,1
2021-01-10 04:19:00,5.0,0.081,0.006708203932499368,0.0,4,6,0,1
2021-01-10 04:20:00,3.0,0.11366666666666665,0.06177647880328995,0.0,4,6,0,1
2021-01-10 04:21:00,2.0,0.1,0.00989949493661166,0.0,4,6,0,1
2021-01-10 04:22:00,6.0,0.09333333333333334,0.013866025626208351,0.0,4,6,0,1
2021-01-10 04:23:00,5.0,0.1216,0.05646946077305856,0.0,4,6,0,1
2021-01-10 04:24:00,5.0,0.11979999999999999,0.038369258528149854,0.0,4,6,0,1
2021-01-10 04:25:00,4.0,0.10875,0.01265898890117216,0.0,4,6,0,1
2021-01-10 04:26:00,6.0,0.08833333333333333,0.01600833116432399,0.0,4,6,0,1
2021-01-10 04:27:00,4.0,0.109,0.033793490497431605,0.0,4,6,0,1
2021-01-10 04:28:00,4.0,0.13675,0.022911059920192853,0.0,4,6,0,1
2021-01-10 04:29:00,5.0,0.1016,0.013667479650615913,0.0,4,6,0,1
2021-01-10 04:30:00,7.0,0.09057142857142857,0.015020620746794978,0.0,4,6,0,1
2021-01-10 04:31:00,5.0,0.089,0.007035623639735145,0.0,4,6,0,1
2021-01-10 04:32:00,4.0,0.1165,0.02014116845336106,0.0,4,6,0,1
2021-01-10 04:33:00,6.0,0.08733333333333333,0.00845379599154526,0.0,4,6,0,1
2021-01-10 04:34:00,5.0,0.0874,0.022963013739489856,0.0,4,6,0,1
2021-01-10 04:35:00,5.0,0.125,0.07257410006331459,0.0,4,6,0,1
2021-01-10 04:36:00,6.0,0.0855,0.008215838362577492,0.0,4,6,0,1
2021-01-10 04:37:00,4.0,0.13574999999999998,0.10573670129146266,0.0,4,6,0,1
2021-01-10 04:38:00,5.0,0.0838,0.01808867048735202,0.0,4,6,0,1
2021-01-10 04:39:00,5.0,0.0872,0.013809417076763232,0.0,4,6,0,1
2021-01-10 04:40:00,4.0,0.0865,0.015066519173319366,0.0,4,6,0,1
2021-01-10 04:41:00,6.0,0.08066666666666666,0.006055300708194984,0.0,4,6,0,1
2021-01-10 04:42:00,6.0,0.08983333333333333,0.014985548594117822,0.0,4,6,0,1
2021-01-10 04:43:00,3.0,0.107,0.029461839725312466,0.0,4,6,0,1
2021-01-10 04:44:00,8.0,0.093,0.017154757774032088,0.0,4,6,0,1
2021-01-10 04:45:00,6.0,0.08116666666666666,0.010107752800037537,0.0,4,6,0,1
2021-01-10 04:46:00,5.0,0.1044,0.018283872675120005,0.0,4,6,0,1
2021-01-10 04:47:00,3.0,0.083,0.008660254037844387,0.0,4,6,0,1
2021-01-10 04:48:00,6.0,0.10383333333333333,0.04257424886790919,0.0,4,6,0,1
2021-01-10 04:49:00,6.0,0.107,0.015530614926653741,0.0,4,6,0,1
2021-01-10 04:50:00,2.0,0.1015,0.010606601717798217,0.0,4,6,0,1
2021-01-10 04:51:00,6.0,0.08866666666666667,0.011690451944500121,0.0,4,6,0,1
2021-01-10 04:52:00,6.0,0.11716666666666666,0.05262477236688693,0.0,4,6,0,1
2021-01-10 04:53:00,5.0,0.1308,0.05366749481762682,0.0,4,6,0,1
2021-01-10 04:54:00,3.0,0.12466666666666666,0.04119870548128101,0.0,4,6,0,1
2021-01-10 04:55:00,6.0,0.10099999999999999,0.013386560424545207,0.0,4,6,0,1
2021-01-10 04:56:00,4.0,0.11624999999999999,0.06825625734441251,0.0,4,6,0,1
2021-01-10 04:57:00,3.0,0.20199999999999999,0.12416521251944927,0.0,4,6,0,1
2021-01-10 04:58:00,5.0,0.08180000000000001,0.011166915420114902,0.0,4,6,0,1
2021-01-10 04:59:00,5.0,0.09,0.006708203932499373,0.0,4,6,0,1
2021-01-10 05:00:00,3.0,0.119,0.04503332099679082,0.0,5,6,0,1
2021-01-10 05:01:00,5.0,0.0958,0.007429670248402685,0.0,5,6,0,1
2021-01-10 05:02:00,5.0,0.1464,0.07526486564128046,0.0,5,6,0,1
2021-01-10 05:03:00,5.0,0.11320000000000001,0.03247614509143596,0.0,5,6,0,1
2021-01-10 05:04:00,3.0,0.081,0.010816653826391968,0.0,5,6,0,1
2021-01-10 05:05:00,5.0,0.12079999999999999,0.04113635861376163,0.0,5,6,0,1
2021-01-10 05:06:00,5.0,0.11220000000000001,0.05235169529251178,0.0,5,6,0,1
2021-01-10 05:07:00,5.0,0.1246,0.06250039999872001,0.0,5,6,0,1
2021-01-10 05:08:00,4.0,0.0895,0.014798648586948742,0.0,5,6,0,1
2021-01-10 05:09:00,4.0,0.08275,0.007088723439378912,0.0,5,6,0,1
2021-01-10 05:10:00,5.0,0.1028,0.040419054912256426,0.0,5,6,0,1
2021-01-10 05:11:00,5.0,0.07780000000000001,0.010963576058932596,0.0,5,6,0,1
2021-01-10 05:12:00,4.0,0.093,0.0,0.0,5,6,0,1
2021-01-10 05:13:00,6.0,0.169,0.13120823144909774,0.0,5,6,0,1
2021-01-10 05:14:00,3.0,0.08333333333333333,0.008386497083606078,0.0,5,6,0,1
2021-01-10 05:15:00,2.0,0.101,0.011313708498984765,0.0,5,6,0,1
2021-01-10 05:16:00,5.0,0.09620000000000001,0.02807489982172689,0.0,5,6,0,1
2021-01-10 05:17:00,5.0,0.096,0.02825774230188959,0.0,5,6,0,1
2021-01-10 05:18:00,5.0,0.1056,0.025500980373311142,0.0,5,6,0,1
2021-01-10 05:19:00,5.0,0.1214,0.05123768144637304,0.0,5,6,0,1
2021-01-10 05:20:00,2.0,0.094,0.02262741699796952,0.0,5,6,0,1
2021-01-10 05:21:00,3.0,0.08800000000000001,0.008660254037844385,0.0,5,6,0,1
2021-01-10 05:22:00,5.0,0.1052,0.03890629769073384,0.0,5,6,0,1
2021-01-10 05:23:00,4.0,0.1015,0.01989137166378092,0.0,5,6,0,1
2021-01-10 05:24:00,3.0,0.09333333333333334,0.01550268793897798,0.0,5,6,0,1
2021-01-10 05:25:00,5.0,0.0892,0.012833549781724466,0.0,5,6,0,1
2021-01-10 05:26:00,4.0,0.08374999999999999,0.012175795661885917,0.0,5,6,0,1
2021-01-10 05:27:00,5.0,0.11839999999999999,0.06588095324143392,0.0,5,6,0,1
2021-01-10 05:28:00,4.0,0.09275,0.0004999999999999993,0.0,5,6,0,1
2021-01-10 05:29:00,4.0,0.12875,0.10294780230777147,0.0,5,6,0,1
2021-01-10 05:30:00,2.0,0.1255,0.067175144212722,0.0,5,6,0,1
2021-01-10 05:31:00,5.0,0.0974,0.027107194616927816,0.0,5,6,0,1
2021-01-10 05:32:00,6.0,0.08983333333333333,0.006400520812142297,0.0,5,6,0,1
2021-01-10 05:33:00,0.0,0.0,0.0,0.0,5,6,0,1
2021-01-10 05:34:00,3.0,0.083,0.008660254037844381,0.0,5,6,0,1
2021-01-10 05:35:00,6.0,0.10183333333333333,0.04584066608009385,0.0,5,6,0,1
2021-01-10 05:36:00,3.0,0.11966666666666666,0.07216878364870323,0.0,5,6,0,1
2021-01-10 05:37:00,4.0,0.08549999999999999,0.02014116845336105,0.0,5,6,0,1
2021-01-10 05:38:00,4.0,0.106,0.03683295625749671,0.0,5,6,0,1
2021-01-10 05:39:00,5.0,0.0842,0.008497058314499203,0.0,5,6,0,1
2021-01-10 05:40:00,3.0,0.09200000000000001,0.02778488797889961,0.0,5,6,0,1
2021-01-10 05:41:00,4.0,0.09175,0.0025000000000000022,0.0,5,6,0,1
2021-01-10 05:42:00,6.0,0.083,0.02152208168370337,0.0,5,6,0,1
2021-01-10 05:43:00,3.0,0.08266666666666667,0.0178978583448784,0.0,5,6,0,1
2021-01-10 05:44:00,1.0,0.08,0.0,0.0,5,6,0,1
2021-01-10 05:45:00,2.0,0.40599999999999997,0.42002142802480924,0.0,5,6,0,1
2021-01-10 05:46:00,3.0,0.09300000000000001,0.0,0.0,5,6,0,1
2021-01-10 05:47:00,2.0,0.1635,0.010606601717798222,0.0,5,6,0,1
2021-01-10 05:48:00,5.0,0.0902,0.012911235417263526,0.0,5,6,0,1
2021-01-10 05:49:00,4.0,0.10625000000000001,0.04361479106908573,0.0,5,6,0,1
2021-01-10 05:50:00,2.0,0.08549999999999999,0.010606601717798217,0.0,5,6,0,1
2021-01-10 05:51:00,2.0,0.08549999999999999,0.010606601717798217,0.0,5,6,0,1
2021-01-10 05:52:00,5.0,0.0908,0.023424346308915434,0.0,5,6,0,1
2021-01-10 05:53:00,3.0,0.109,0.041388404173149755,0.0,5,6,0,1
2021-01-10 05:54:00,4.0,0.0885,0.014617341299520468,0.0,5,6,0,1
2021-01-10 05:55:00,5.0,0.0964,0.035697338836389474,0.0,5,6,0,1
2021-01-10 05:56:00,2.0,0.125,0.04525483399593904,0.0,5,6,0,1
2021-01-10 05:57:00,2.0,0.078,0.0,0.0,5,6,0,1
2021-01-10 05:58:00,6.0,0.08800000000000001,0.016074825037928096,0.0,5,6,0,1
2021-01-10 05:59:00,3.0,0.09333333333333334,0.015502687938977982,0.0,5,6,0,1
2021-01-10 06:00:00,1.0,0.109,0.0,0.0,6,6,0,1
2021-01-10 06:01:00,3.0,0.103,0.031224989991992,0.0,6,6,0,1
2021-01-10 06:02:00,4.0,0.0825,0.016782927833565477,0.0,6,6,0,1
2021-01-10 06:03:00,2.0,0.078,0.0,0.0,6,6,0,1
2021-01-10 06:04:00,2.0,0.20350000000000001,0.08697413408594536,0.0,6,6,0,1
2021-01-10 06:05:00,5.0,0.1122,0.02630019011338131,0.0,6,6,0,1
2021-01-10 06:06:00,2.0,0.1325,0.07707463914933367,0.0,6,6,0,1
2021-01-10 06:07:00,3.0,0.09300000000000001,0.0,0.0,6,6,0,1
2021-01-10 06:08:00,5.0,0.09640000000000001,0.02550098037331115,0.0,6,6,0,1
2021-01-10 06:09:00,1.0,0.093,0.0,0.0,6,6,0,1
2021-01-10 06:10:00,3.0,0.09333333333333334,0.015502687938977987,0.0,6,6,0,1
2021-01-10 06:11:00,5.0,0.099,0.008689073598491382,0.0,6,6,0,1
2021-01-10 06:12:00,2.0,0.08549999999999999,0.010606601717798217,0.0,6,6,0,1
2021-01-10 06:13:00,3.0,0.08233333333333333,0.007505553499465129,0.0,6,6,0,1
2021-01-10 06:14:00,3.0,0.12966666666666668,0.0768656837173347,0.0,6,6,0,1
2021-01-10 06:15:00,3.0,0.109,0.026851443164195105,0.0,6,6,0,1
2021-01-10 06:16:00,2.0,0.11699999999999999,0.05515432893255071,0.0,6,6,0,1
2021-01-10 06:17:00,5.0,0.0872,0.013809417076763236,0.0,6,6,0,1
2021-01-10 06:18:00,3.0,0.083,0.008660254037844387,0.0,6,6,0,1
2021-01-10 06:19:00,3.0,0.09300000000000001,0.015000000000000003,0.0,6,6,0,1
2021-01-10 06:20:00,1.0,0.093,0.0,0.0,6,6,0,1
2021-01-10 06:21:00,3.0,0.09600000000000002,0.01571623364550171,0.0,6,6,0,1
2021-01-10 06:22:00,2.0,0.0935,0.021920310216782972,0.0,6,6,0,1
2021-01-10 06:23:00,2.0,0.07,0.011313708498984765,0.0,6,6,0,1
2021-01-10 06:24:00,1.0,0.578,0.0,0.0,6,6,0,1
2021-01-10 06:25:00,2.0,0.11049999999999999,0.04596194077712558,0.0,6,6,0,1
2021-01-10 06:26:00,3.0,0.08800000000000001,0.00866025403784439,0.0,6,6,0,1
2021-01-10 06:27:00,4.0,0.083,0.007071067811865475,0.0,6,6,0,1
2021-01-10 06:28:00,3.0,0.08766666666666667,0.008386497083606082,0.0,6,6,0,1
2021-01-10 06:29:00,2.0,0.14800000000000002,0.07778174593052024,0.0,6,6,0,1
2021-01-10 06:30:00,4.0,0.08549999999999999,0.008660254037844383,0.0,6,6,0,1
2021-01-10 06:31:00,2.0,0.10250000000000001,0.009192388155425111,0.0,6,6,0,1
2021-01-10 06:32:00,3.0,0.109,0.0536935750346352,0.0,6,6,0,1
2021-01-10 06:33:00,4.0,0.11599999999999999,0.04869633798688905,0.0,6,6,0,1
2021-01-10 06:34:00,2.0,0.0925,0.026162950903902263,0.0,6,6,0,1
2021-01-10 06:35:00,1.0,0.109,0.0,0.0,6,6,0,1
2021-01-10 06:36:00,4.0,0.08675,0.014952703211571255,0.0,6,6,0,1
2021-01-10 06:37:00,1.0,0.078,0.0,0.0,6,6,0,1
2021-01-10 06:38:00,2.0,0.226,0.16546298679765212,0.0,6,6,0,1
2021-01-10 06:39:00,3.0,0.078,0.0,0.0,6,6,0,1
2021-01-10 06:40:00,1.0,0.125,0.0,0.0,6,6,0,1
2021-01-10 06:41:00,1.0,0.093,0.0,0.0,6,6,0,1
2021-01-10 06:42:00,0.0,0.0,0.0,0.0,6,6,0,1
2021-01-10 06:43:00,1.0,0.062,0.0,0.0,6,6,0,1
2021-01-10 06:44:00,2.0,0.0935,0.021920310216782972,0.0,6,6,0,1
2021-01-10 06:45:00,2.0,0.1005,0.034648232278140824,0.0,6,6,0,1
2021-01-10 06:46:00,1.0,0.078,0.0,0.0,6,6,0,1
2021-01-10 06:47:00,2.0,0.109,0.02262741699796952,0.0,6,6,0,1
2021-01-10 06:48:00,3.0,0.08600000000000001,0.012124355652982144,0.0,6,6,0,1
2021-01-10 06:49:00,1.0,0.093,0.0,0.0,6,6,0,1
2021-01-10 06:50:00,3.0,0.09333333333333334,0.01550268793897798,0.0,6,6,0,1
2021-01-10 06:51:00,3.0,0.114,0.04992995093127972,0.0,6,6,0,1
2021-01-10 06:52:00,2.0,0.101,0.03252691193458118,0.0,6,6,0,1
2021-01-10 06:53:00,4.0,0.10125,0.037178622890042604,0.0,6,6,0,1
2021-01-10 06:54:00,2.0,0.093,0.0,0.0,6,6,0,1
2021-01-10 06:55:00,1.0,0.078,0.0,0.0,6,6,0,1
2021-01-10 06:56:00,1.0,0.187,0.0,0.0,6,6,0,1
2021-01-10 06:57:00,4.0,0.08625,0.016214705259938178,0.0,6,6,0,1
2021-01-10 06:58:00,2.0,0.15,0.10182337649086284,0.0,6,6,0,1
2021-01-10 06:59:00,4.0,0.0935,0.0178978583448784,0.0,6,6,0,1
2021-01-10 07:00:00,2.0,0.0935,0.021920310216782972,0.0,7,6,0,1
2021-01-10 07:01:00,3.0,0.12166666666666666,0.057639685402796334,0.0,7,6,0,1
2021-01-10 07:02:00,3.0,0.09066666666666667,0.0040414518843273845,0.0,7,6,0,1
2021-01-10 07:03:00,2.0,0.08549999999999999,0.010606601717798208,0.0,7,6,0,1
2021-01-10 07:04:00,2.0,0.07,0.011313708498984765,0.0,7,6,0,1
2021-01-10 07:05:00,1.0,0.078,0.0,0.0,7,6,0,1
2021-01-10 07:06:00,1.0,0.109,0.0,0.0,7,6,0,1
2021-01-10 07:07:00,0.0,0.0,0.0,0.0,7,6,0,1
2021-01-10 07:08:00,3.0,0.08433333333333333,0.007094598884597585,0.0,7,6,0,1
2021-01-10 07:09:00,2.0,0.07,0.011313708498984765,0.0,7,6,0,1
2021-01-10 07:10:00,2.0,0.08,0.0028284271247461927,0.0,7,6,0,1
2021-01-10 07:11:00,2.0,0.1015,0.033234018715767734,0.0,7,6,0,1
2021-01-10 07:12:00,1.0,0.101,0.0,0.0,7,6,0,1
2021-01-10 07:13:00,2.0,0.0775,0.0007071067811865482,0.0,7,6,0,1
2021-01-10 07:14:00,2.0,0.093,0.0,0.0,7,6,0,1
2021-01-10 07:15:00,3.0,0.08766666666666667,0.016743157806499147,0.0,7,6,0,1
2021-01-10 07:16:00,2.0,0.08549999999999999,0.010606601717798217,0.0,7,6,0,1
2021-01-10 07:17:00,3.0,0.09833333333333333,0.023459184413217208,0.0,7,6,0,1
2021-01-10 07:18:00,2.0,0.08,0.018384776310850233,0.0,7,6,0,1
2021-01-10 07:19:00,3.0,0.09866666666666667,0.0178978583448784,0.0,7,6,0,1
2021-01-10 07:20:00,5.0,0.0942,0.02160324049766608,0.0,7,6,0,1
2021-01-10 07:21:00,3.0,0.08800000000000001,0.02389560629069705,0.0,7,6,0,1
2021-01-10 07:22:00,4.0,0.09325,0.012658988901172166,0.0,7,6,0,1
2021-01-10 07:23:00,3.0,0.08266666666666667,0.007234178138070236,0.0,7,6,0,1
2021-01-10 07:24:00,2.0,0.101,0.011313708498984765,0.0,7,6,0,1
2021-01-10 07:25:00,3.0,0.07766666666666666,0.015502687938977978,0.0,7,6,0,1
2021-01-10 07:26:00,1.0,0.062,0.0,0.0,7,6,0,1
2021-01-10 07:27:00,2.0,0.16399999999999998,0.10040916292848973,0.0,7,6,0,1
2021-01-10 07:28:00,1.0,0.078,0.0,0.0,7,6,0,1
2021-01-10 07:29:00,2.0,0.0935,0.021920310216782972,0.0,7,6,0,1
2021-01-10 07:30:00,2.0,0.08549999999999999,0.010606601717798208,0.0,7,6,0,1
2021-01-10 07:31:00,1.0,0.124,0.0,0.0,7,6,0,1
2021-01-10 07:32:00,3.0,0.08266666666666667,0.00723417813807023,0.0,7,6,0,1
2021-01-10 07:33:00,1.0,0.14,0.0,0.0,7,6,0,1
2021-01-10 07:34:00,1.0,0.125,0.0,0.0,7,6,0,1
2021-01-10 07:35:00,2.0,0.124,0.0,0.0,7,6,0,1
2021-01-10 07:36:00,2.0,0.079,0.0014142135623730963,0.0,7,6,0,1
2021-01-10 07:37:00,2.0,0.101,0.011313708498984755,0.0,7,6,0,1
2021-01-10 07:38:00,2.0,0.0935,0.021920310216782972,0.0,7,6,0,1
2021-01-10 07:39:00,5.0,0.093,0.013656500283747663,0.0,7,6,0,1
2021-01-10 07:40:00,4.0,0.0875,0.007141428428542848,0.0,7,6,0,1
2021-01-10 07:41:00,0.0,0.0,0.0,0.0,7,6,0,1
2021-01-10 07:42:00,2.0,0.101,0.011313708498984765,0.0,7,6,0,1
2021-01-10 07:43:00,2.0,0.17950000000000002,0.14354267658086917,0.0,7,6,0,1
2021-01-10 07:44:00,0.0,0.0,0.0,0.0,7,6,0,1
2021-01-10 07:45:00,1.0,0.078,0.0,0.0,7,6,0,1
2021-01-10 07:46:00,3.0,0.08833333333333333,0.008962886439832502,0.0,7,6,0,1
2021-01-10 07:47:00,4.0,0.101,0.016,0.0,7,6,0,1
2021-01-10 07:48:00,3.0,0.08833333333333333,0.0178978583448784,0.0,7,6,0,1
2021-01-10 07:49:00,0.0,0.0,0.0,0.0,7,6,0,1
2021-01-10 07:50:00,1.0,0.079,0.0,0.0,7,6,0,1
2021-01-10 07:51:00,3.0,0.08,0.0034641016151377574,0.0,7,6,0,1
2021-01-10 07:52:00,3.0,0.08833333333333333,0.0178978583448784,0.0,7,6,0,1
2021-01-10 07:53:00,3.0,0.083,0.008660254037844385,0.0,7,6,0,1
2021-01-10 07:54:00,2.0,0.11699999999999999,0.05515432893255071,0.0,7,6,0,1
2021-01-10 07:55:00,1.0,0.078,0.0,0.0,7,6,0,1
2021-01-10 07:56:00,1.0,0.172,0.0,0.0,7,6,0,1
2021-01-10 07:57:00,4.0,0.09325,0.012658988901172164,0.0,7,6,0,1
2021-01-10 07:58:00,2.0,0.0935,0.021920310216782972,0.0,7,6,0,1
2021-01-10 07:59:00,3.0,0.083,0.008660254037844381,0.0,7,6,0,1
2021-01-10 08:00:00,2.0,0.12000000000000001,0.07212489168102786,0.0,8,6,0,1
2021-01-10 08:01:00,0.0,0.0,0.0,0.0,8,6,0,1
2021-01-10 08:02:00,3.0,0.09833333333333333,0.009237604307034013,0.0,8,6,0,1
2021-01-10 08:03:00,1.0,0.078,0.0,0.0,8,6,0,1
2021-01-10 08:04:00,2.0,0.093,0.0,0.0,8,6,0,1
2021-01-10 08:05:00,2.0,0.08549999999999999,0.010606601717798208,0.0,8,6,0,1
2021-01-10 08:06:00,1.0,0.093,0.0,0.0,8,6,0,1
2021-01-10 08:07:00,2.0,0.0775,0.0007071067811865482,0.0,8,6,0,1
2021-01-10 08:08:00,1.0,0.093,0.0,0.0,8,6,0,1
2021-01-10 08:09:00,2.0,0.07,0.011313708498984765,0.0,8,6,0,1
2021-01-10 08:10:00,2.0,0.078,0.0,0.0,8,6,0,1
2021-01-10 08:11:00,2.0,0.101,0.03252691193458118,0.0,8,6,0,1
2021-01-10 08:12:00,2.0,0.10949999999999999,0.04454772721475248,0.0,8,6,0,1
2021-01-10 08:13:00,0.0,0.0,0.0,0.0,8,6,0,1
2021-01-10 08:14:00,1.0,0.078,0.0,0.0,8,6,0,1
2021-01-10 08:15:00,1.0,0.07,0.0,0.0,8,6,0,1
2021-01-10 08:16:00,1.0,0.148,0.0,0.0,8,6,0,1
2021-01-10 08:17:00,2.0,0.109,0.02262741699796952,0.0,8,6,0,1
2021-01-10 08:18:00,2.0,0.0935,0.044547727214752496,0.0,8,6,0,1
2021-01-10 08:19:00,3.0,0.08566666666666667,0.0205993527406405,0.0,8,6,0,1
2021-01-10 08:20:00,3.0,0.11333333333333333,0.036963946398258576,0.0,8,6,0,1
2021-01-10 08:21:00,1.0,0.124,0.0,0.0,8,6,0,1
2021-01-10 08:22:00,3.0,0.09166666666666667,0.0023094010767585062,0.0,8,6,0,1
2021-01-10 08:23:00,0.0,0.0,0.0,0.0,8,6,0,1
2021-01-10 08:24:00,1.0,0.109,0.0,0.0,8,6,0,1
2021-01-10 08:25:00,2.0,0.07,0.011313708498984765,0.0,8,6,0,1
2021-01-10 08:26:00,2.0,0.1325,0.033234018715767734,0.0,8,6,0,1
2021-01-10 08:27:00,1.0,0.063,0.0,0.0,8,6,0,1
2021-01-10 08:28:00,3.0,0.07633333333333332,0.0028867513459481303,0.0,8,6,0,1
2021-01-10 08:29:00,2.0,0.08549999999999999,0.010606601717798217,0.0,8,6,0,1
2021-01-10 08:30:00,3.0,0.09333333333333334,0.015502687938977982,0.0,8,6,0,1
2021-01-10 08:31:00,3.0,0.114,0.04992995093127973,0.0,8,6,0,1
2021-01-10 08:32:00,1.0,0.14,0.0,0.0,8,6,0,1
2021-01-10 08:33:00,0.0,0.0,0.0,0.0,8,6,0,1
2021-01-10 08:34:00,2.0,0.094,0.0014142135623730963,0.0,8,6,0,1
2021-01-10 08:35:00,1.0,0.062,0.0,0.0,8,6,0,1
2021-01-10 08:36:00,2.0,0.1495,0.07990306627407986,0.0,8,6,0,1
2021-01-10 08:37:00,2.0,0.08549999999999999,0.010606601717798208,0.0,8,6,0,1
2021-01-10 08:38:00,1.0,0.08,0.0,0.0,8,6,0,1
2021-01-10 08:39:00,1.0,0.078,0.0,0.0,8,6,0,1
2021-01-10 08:40:00,2.0,0.0935,0.021920310216782972,0.0,8,6,0,1
2021-01-10 08:41:00,0.0,0.0,0.0,0.0,8,6,0,1
2021-01-10 08:42:00,1.0,0.093,0.0,0.0,8,6,0,1
2021-01-10 08:43:00,2.0,0.10900000000000001,0.04384062043356595,0.0,8,6,0,1
2021-01-10 08:44:00,2.0,0.1245,0.06576093065034892,0.0,8,6,0,1
2021-01-10 08:45:00,0.0,0.0,0.0,0.0,8,6,0,1
2021-01-10 08:46:00,2.0,0.098,0.03818376618407358,0.0,8,6,0,1
2021-01-10 08:47:00,0.0,0.0,0.0,0.0,8,6,0,1
2021-01-10 08:48:00,2.0,0.08549999999999999,0.010606601717798208,0.0,8,6,0,1
2021-01-10 08:49:00,1.0,0.093,0.0,0.0,8,6,0,1
2021-01-10 08:50:00,1.0,0.144,0.0,0.0,8,6,0,1
2021-01-10 08:51:00,0.0,0.0,0.0,0.0,8,6,0,1
2021-01-10 08:52:00,2.0,0.10200000000000001,0.012727922061357862,0.0,8,6,0,1
2021-01-10 08:53:00,0.0,0.0,0.0,0.0,8,6,0,1
2021-01-10 08:54:00,0.0,0.0,0.0,0.0,8,6,0,1
2021-01-10 08:55:00,1.0,0.156,0.0,0.0,8,6,0,1
2021-01-10 08:56:00,3.0,0.25433333333333336,0.29252407308345296,0.0,8,6,0,1
2021-01-10 08:57:00,2.0,0.08549999999999999,0.010606601717798217,0.0,8,6,0,1
2021-01-10 08:58:00,0.0,0.0,0.0,0.0,8,6,0,1
2021-01-10 08:59:00,1.0,0.078,0.0,0.0,8,6,0,1
2021-01-10 09:00:00,3.0,0.078,0.0,0.0,9,6,0,1
2021-01-10 09:01:00,0.0,0.0,0.0,0.0,9,6,0,1
2021-01-10 09:02:00,1.0,0.074,0.0,0.0,9,6,0,1
2021-01-10 09:03:00,0.0,0.0,0.0,0.0,9,6,0,1
2021-01-10 09:04:00,1.0,0.108,0.0,0.0,9,6,0,1
2021-01-10 09:05:00,2.0,0.075,0.004242640687119289,0.0,9,6,0,1
2021-01-10 09:06:00,2.0,0.08549999999999999,0.010606601717798208,0.0,9,6,0,1
2021-01-10 09:07:00,0.0,0.0,0.0,0.0,9,6,0,1
2021-01-10 09:08:00,1.0,0.066,0.0,0.0,9,6,0,1
2021-01-10 09:09:00,2.0,0.08549999999999999,0.010606601717798208,0.0,9,6,0,1
2021-01-10 09:10:00,1.0,0.093,0.0,0.0,9,6,0,1
2021-01-10 09:11:00,0.0,0.0,0.0,0.0,9,6,0,1
2021-01-10 09:12:00,1.0,0.078,0.0,0.0,9,6,0,1
2021-01-10 09:13:00,2.0,0.1015,0.033234018715767734,0.0,9,6,0,1
2021-01-10 09:14:00,0.0,0.0,0.0,0.0,9,6,0,1
2021-01-10 09:15:00,2.0,0.134,0.07919595949289332,0.0,9,6,0,1
2021-01-10 09:16:00,1.0,0.093,0.0,0.0,9,6,0,1
2021-01-10 09:17:00,2.0,0.1245,0.08838834764831845,0.0,9,6,0,1
2021-01-10 09:18:00,4.0,0.08474999999999999,0.0135,0.0,9,6,0,1
2021-01-10 09:19:00,5.0,0.0876,0.01672722332008514,0.0,9,6,0,1
2021-01-10 09:20:00,4.0,0.08275,0.012658988901172159,0.0,9,6,0,1
2021-01-10 09:21:00,5.0,0.0706,0.008111719916269296,0.0,9,6,0,1
2021-01-10 09:22:00,5.0,0.0982,0.034643902782452204,0.0,9,6,0,1
2021-01-10 09:23:00,2.0,0.08549999999999999,0.010606601717798217,0.0,9,6,0,1
2021-01-10 09:24:00,1.0,0.2,0.0,0.0,9,6,0,1
2021-01-10 09:25:00,2.0,0.078,0.0,0.0,9,6,0,1
2021-01-10 09:26:00,0.0,0.0,0.0,0.0,9,6,0,1
2021-01-10 09:27:00,2.0,0.08549999999999999,0.010606601717798217,0.0,9,6,0,1
2021-01-10 09:28:00,2.0,0.093,0.0,0.0,9,6,0,1
2021-01-10 09:29:00,2.0,0.07200000000000001,0.008485281374238563,0.0,9,6,0,1
2021-01-10 09:30:00,1.0,0.078,0.0,0.0,9,6,0,1
2021-01-10 09:31:00,2.0,0.0935,0.021920310216782972,0.0,9,6,0,1
2021-01-10 09:32:00,3.0,0.15133333333333335,0.07960736984308256,0.0,9,6,0,1
2021-01-10 09:33:00,2.0,0.1635,0.03323401871576773,0.0,9,6,0,1
2021-01-10 09:34:00,4.0,0.08175,0.007499999999999998,0.0,9,6,0,1
2021-01-10 09:35:00,4.0,0.0935,0.03100000000000001,0.0,9,6,0,1
2021-01-10 09:36:00,6.0,0.0805,0.011571516754514068,0.0,9,6,0,1
2021-01-10 09:37:00,4.0,0.15925,0.09298879860857794,0.0,9,6,0,1
2021-01-10 09:38:00,3.0,0.078,0.0,0.0,9,6,0,1
2021-01-10 09:39:00,3.0,0.09866666666666668,0.035795716689756805,0.0,9,6,0,1
2021-01-10 09:40:00,5.0,0.08399999999999999,0.008215838362577492,0.0,9,6,0,1
2021-01-10 09:41:00,4.0,0.0895,0.01479864858694874,0.0,9,6,0,1
2021-01-10 09:42:00,3.0,0.09333333333333334,0.015502687938977983,0.0,9,6,0,1
2021-01-10 09:43:00,3.0,0.08833333333333333,0.0178978583448784,0.0,9,6,0,1
2021-01-10 09:44:00,3.0,0.078,0.0,0.0,9,6,0,1
2021-01-10 09:45:00,4.0,0.15375,0.12780551631287282,0.0,9,6,0,1
2021-01-10 09:46:00,5.0,0.0874,0.021019038988498023,0.0,9,6,0,1
2021-01-10 09:47:00,4.0,0.09325,0.012658988901172166,0.0,9,6,0,1
2021-01-10 09:48:00,3.0,0.08800000000000001,0.008660254037844385,0.0,9,6,0,1
2021-01-10 09:49:00,2.0,0.101,0.011313708498984765,0.0,9,6,0,1
2021-01-10 09:50:00,2.0,0.10250000000000001,0.009192388155425111,0.0,9,6,0,1
2021-01-10 09:51:00,5.0,0.0872,0.013809417076763234,0.0,9,6,0,1
2021-01-10 09:52:00,2.0,0.0775,0.021920310216782972,0.0,9,6,0,1
2021-01-10 09:53:00,1.0,0.078,0.0,0.0,9,6,0,1
2021-01-10 09:54:00,1.0,0.078,0.0,0.0,9,6,0,1
2021-01-10 09:55:00,4.0,0.08975,0.006500000000000004,0.0,9,6,0,1
2021-01-10 09:56:00,6.0,0.104,0.02821347195933177,0.0,9,6,0,1
2021-01-10 09:57:00,3.0,0.16233333333333333,0.12022617574111444,0.0,9,6,0,1
2021-01-10 09:58:00,5.0,0.0934,0.015501612819316576,0.0,9,6,0,1
2021-01-10 09:59:00,4.0,0.0815,0.014798648586948735,0.0,9,6,0,1
2021-01-10 10:00:00,4.0,0.08175,0.007499999999999999,0.0,10,6,0,1
2021-01-10 10:01:00,4.0,0.098,0.018092355660149214,0.0,10,6,0,1
2021-01-10 10:02:00,6.0,0.09333333333333334,0.027840019157081532,0.0,10,6,0,1
2021-01-10 10:03:00,5.0,0.077,0.0022360679774997916,0.0,10,6,0,1
2021-01-10 10:04:00,4.0,0.11275,0.029803523281652453,0.0,10,6,0,1
2021-01-10 10:05:00,4.0,0.12075,0.07583040287378146,0.0,10,6,0,1
2021-01-10 10:06:00,5.0,0.0878,0.009011104260855048,0.0,10,6,0,1
2021-01-10 10:07:00,2.0,0.0935,0.044547727214752496,0.0,10,6,0,1
2021-01-10 10:08:00,4.0,0.09825,0.029736341402398503,0.0,10,6,0,1
2021-01-10 10:09:00,6.0,0.1275,0.05640478703088949,0.0,10,6,0,1
2021-01-10 10:10:00,4.0,0.08275,0.012658988901172159,0.0,10,6,0,1
2021-01-10 10:11:00,5.0,0.09319999999999999,0.026414011433328343,0.0,10,6,0,1
2021-01-10 10:12:00,6.0,0.08416666666666667,0.007359800721939874,0.0,10,6,0,1
2021-01-10 10:13:00,2.0,0.093,0.0,0.0,10,6,0,1
2021-01-10 10:14:00,3.0,0.08800000000000001,0.00866025403784439,0.0,10,6,0,1
2021-01-10 10:15:00,4.0,0.07725,0.0015000000000000013,0.0,10,6,0,1
2021-01-10 10:16:00,4.0,0.0795,0.0030000000000000027,0.0,10,6,0,1
2021-01-10 10:17:00,3.0,0.078,0.0,0.0,10,6,0,1
2021-01-10 10:18:00,6.0,0.078,0.00981835016690686,0.0,10,6,0,1
2021-01-10 10:19:00,4.0,0.07075000000000001,0.00846069343099804,0.0,10,6,0,1
2021-01-10 10:20:00,6.0,0.08083333333333333,0.014891832213218983,0.0,10,6,0,1
2021-01-10 10:21:00,4.0,0.08574999999999999,0.0155,0.0,10,6,0,1
2021-01-10 10:22:00,4.0,0.074,0.008,0.0,10,6,0,1
2021-01-10 10:23:00,4.0,0.07875,0.0045734742446707525,0.0,10,6,0,1
2021-01-10 10:24:00,6.0,0.08316666666666667,0.012921558213569547,0.0,10,6,0,1
2021-01-10 10:25:00,5.0,0.08080000000000001,0.01291123541726352,0.0,10,6,0,1
2021-01-10 10:26:00,4.0,0.07375,0.014885675440951051,0.0,10,6,0,1
2021-01-10 10:27:00,5.0,0.1446,0.10609571150616787,0.0,10,6,0,1
2021-01-10 10:28:00,3.0,0.08233333333333333,0.009291573243177566,0.0,10,6,0,1
2021-01-10 10:29:00,4.0,0.09275,0.02074246851269154,0.0,10,6,0,1
2021-01-10 10:30:00,5.0,0.0716,0.008763560920082658,0.0,10,6,0,1
2021-01-10 10:31:00,6.0,0.08816666666666667,0.013105978279650347,0.0,10,6,0,1
2021-01-10 10:32:00,3.0,0.07733333333333332,0.016010413278030437,0.0,10,6,0,1
2021-01-10 10:33:00,4.0,0.08549999999999999,0.008660254037844388,0.0,10,6,0,1
2021-01-10 10:34:00,4.0,0.08875,0.0072284161474004795,0.0,10,6,0,1
2021-01-10 10:35:00,6.0,0.09283333333333332,0.01698725012080139,0.0,10,6,0,1
2021-01-10 10:36:00,4.0,0.0895,0.014798648586948746,0.0,10,6,0,1
2021-01-10 10:37:00,2.0,0.109,0.06646803743153547,0.0,10,6,0,1
2021-01-10 10:38:00,3.0,0.09300000000000001,0.031,0.0,10,6,0,1
2021-01-10 10:39:00,5.0,0.0934,0.01096813566655701,0.0,10,6,0,1
2021-01-10 10:40:00,5.0,0.087,0.00821583836257749,0.0,10,6,0,1
2021-01-10 10:41:00,5.0,0.07980000000000001,0.014788509052639485,0.0,10,6,0,1
2021-01-10 10:42:00,2.0,0.078,0.0,0.0,10,6,0,1
2021-01-10 10:43:00,1.0,0.093,0.0,0.0,10,6,0,1
2021-01-10 10:44:00,3.0,0.083,0.008660254037844381,0.0,10,6,0,1
2021-01-10 10:45:00,5.0,0.0902,0.01291123541726353,0.0,10,6,0,1
2021-01-10 10:46:00,4.0,0.087,0.015448840301675289,0.0,10,6,0,1
2021-01-10 10:47:00,4.0,0.09725,0.014545904349105744,0.0,10,6,0,1
2021-01-10 10:48:00,6.0,0.11666666666666668,0.058311805551420445,0.0,10,6,0,1
2021-01-10 10:49:00,6.0,0.07616666666666667,0.010590876576878168,0.0,10,6,0,1
2021-01-10 10:50:00,4.0,0.07775,0.012658988901172155,0.0,10,6,0,1
2021-01-10 10:51:00,6.0,0.083,0.007745966692414832,0.0,10,6,0,1
2021-01-10 10:52:00,4.0,0.08499999999999999,0.013999999999999997,0.0,10,6,0,1
2021-01-10 10:53:00,6.0,0.09699999999999999,0.04523715287239019,0.0,10,6,0,1
2021-01-10 10:54:00,6.0,0.09066666666666667,0.011604596790352808,0.0,10,6,0,1
2021-01-10 10:55:00,6.0,0.10133333333333333,0.02163022576550385,0.0,10,6,0,1
2021-01-10 10:56:00,4.0,0.0885,0.02374166520416516,0.0,10,6,0,1
2021-01-10 10:57:00,6.0,0.158,0.18169314791703073,0.0,10,6,0,1
2021-01-10 10:58:00,6.0,0.083,0.007745966692414832,0.0,10,6,0,1
2021-01-10 10:59:00,4.0,0.074,0.008,0.0,10,6,0,1
2021-01-10 11:00:00,5.0,0.087,0.00821583836257749,0.0,11,6,0,1
2021-01-10 11:01:00,4.0,0.079,0.002000000000000003,0.0,11,6,0,1
2021-01-10 11:02:00,4.0,0.09325,0.012658988901172166,0.0,11,6,0,1
2021-01-10 11:03:00,6.0,0.09383333333333332,0.012122980931547598,0.0,11,6,0,1
2021-01-10 11:04:00,6.0,0.12883333333333333,0.08656423433882302,0.0,11,6,0,1
2021-01-10 11:05:00,3.0,0.09833333333333333,0.009237604307034014,0.0,11,6,0,1
2021-01-10 11:06:00,7.0,0.08457142857142856,0.01213613259179852,0.0,11,6,0,1
2021-01-10 11:07:00,6.0,0.09050000000000001,0.015475787540542168,0.0,11,6,0,1
2021-01-10 11:08:00,7.0,0.11957142857142856,0.06285129842959264,0.0,11,6,0,1
2021-01-10 11:09:00,5.0,0.0782,0.002588435821108958,0.0,11,6,0,1
2021-01-10 11:10:00,4.0,0.0865,0.02912616235162698,0.0,11,6,0,1
2021-01-10 11:11:00,7.0,0.109,0.0626258732474047,0.0,11,6,0,1
2021-01-10 11:12:00,5.0,0.0868,0.01302689525558565,0.0,11,6,0,1
2021-01-10 11:13:00,5.0,0.0898,0.026385602134497525,0.0,11,6,0,1
2021-01-10 11:14:00,6.0,0.08616666666666667,0.015197587527850158,0.0,11,6,0,1
2021-01-10 11:15:00,3.0,0.07833333333333332,0.0005773502691896273,0.0,11,6,0,1
2021-01-10 11:16:00,4.0,0.109,0.05247856705360772,0.0,11,6,0,1
2021-01-10 11:17:00,5.0,0.0902,0.012911235417263522,0.0,11,6,0,1
2021-01-10 11:18:00,5.0,0.0758,0.011798304963002099,0.0,11,6,0,1
2021-01-10 11:19:00,4.0,0.11725000000000001,0.04947979385567406,0.0,11,6,0,1
2021-01-10 11:20:00,5.0,0.092,0.027322152184628502,0.0,11,6,0,1
2021-01-10 11:21:00,7.0,0.09414285714285715,0.028967962599100013,0.0,11,6,0,1
2021-01-10 11:22:00,7.0,0.08871428571428572,0.014795430439996059,0.0,11,6,0,1
2021-01-10 11:23:00,6.0,0.09666666666666666,0.03629141312578868,0.0,11,6,0,1
2021-01-10 11:24:00,3.0,0.09999999999999999,0.02523885892824793,0.0,11,6,0,1
2021-01-10 11:25:00,6.0,0.08366666666666667,0.007393691004272943,0.0,11,6,0,1
2021-01-10 11:26:00,6.0,0.07266666666666667,0.008262364471909152,0.0,11,6,0,1
2021-01-10 11:27:00,6.0,0.08833333333333333,0.02531139400875952,0.0,11,6,0,1
2021-01-10 11:28:00,6.0,0.11766666666666666,0.050835683005804766,0.0,11,6,0,1
2021-01-10 11:29:00,4.0,0.11675,0.015500000000000002,0.0,11,6,0,1
2021-01-10 11:30:00,4.0,0.0865,0.02046948949045872,0.0,11,6,0,1
2021-01-10 11:31:00,7.0,0.08771428571428572,0.012658518682614302,0.0,11,6,0,1
2021-01-10 11:32:00,6.0,0.16866666666666666,0.18775906547132865,0.0,11,6,0,1
2021-01-10 11:33:00,5.0,0.0748,0.007155417527999327,0.0,11,6,0,1
2021-01-10 11:34:00,4.0,0.07775,0.0004999999999999993,0.0,11,6,0,1
2021-01-10 11:35:00,4.0,0.131,0.11003635762783136,0.0,11,6,0,1
2021-01-10 11:36:00,5.0,0.07780000000000001,0.010963576058932592,0.0,11,6,0,1
2021-01-10 11:37:00,5.0,0.0776,0.022097511172075462,0.0,11,6,0,1
2021-01-10 11:38:00,6.0,0.08016666666666666,0.01585454719210443,0.0,11,6,0,1
2021-01-10 11:39:00,8.0,0.078,0.0,0.0,11,6,0,1
2021-01-10 11:40:00,6.0,0.11950000000000001,0.05898728676587863,0.0,11,6,0,1
2021-01-10 11:41:00,6.0,0.08966666666666667,0.013079245645933359,0.0,11,6,0,1
2021-01-10 11:42:00,5.0,0.0996,0.017938784797192926,0.0,11,6,0,1
2021-01-10 11:43:00,5.0,0.087,0.013711309200802088,0.0,11,6,0,1
2021-01-10 11:44:00,5.0,0.0748,0.0071554175279993255,0.0,11,6,0,1
2021-01-10 11:45:00,4.0,0.09625,0.038525965270191476,0.0,11,6,0,1
2021-01-10 11:46:00,7.0,0.09542857142857143,0.016460631244043497,0.0,11,6,0,1
2021-01-10 11:47:00,5.0,0.094,0.02266053838724932,0.0,11,6,0,1
2021-01-10 11:48:00,5.0,0.0748,0.012794530081249565,0.0,11,6,0,1
2021-01-10 11:49:00,6.0,0.08850000000000001,0.012755391017134677,0.0,11,6,0,1
2021-01-10 11:50:00,5.0,0.0902,0.018846750383023598,0.0,11,6,0,1
2021-01-10 11:51:00,6.0,0.0815,0.00612372435695794,0.0,11,6,0,1
2021-01-10 11:52:00,4.0,0.08524999999999999,0.008958236433584456,0.0,11,6,0,1
2021-01-10 11:53:00,3.0,0.072,0.008717797887081345,0.0,11,6,0,1
2021-01-10 11:54:00,6.0,0.07783333333333332,0.009806460455570433,0.0,11,6,0,1
2021-01-10 11:55:00,8.0,0.1035,0.04279185503273791,0.0,11,6,0,1
2021-01-10 11:56:00,7.0,0.08328571428571428,0.009516902257112264,0.0,11,6,0,1
2021-01-10 11:57:00,4.0,0.07825,0.013475286020464773,0.0,11,6,0,1
2021-01-10 11:58:00,4.0,0.09725,0.01980530232033836,0.0,11,6,0,1
2021-01-10 11:59:00,7.0,0.08442857142857142,0.012231886511043488,0.0,11,6,0,1
2021-01-10 12:00:00,6.0,0.081,0.007375635565834308,0.0,12,6,0,1
2021-01-10 12:01:00,5.0,0.0842,0.013863621460498694,0.0,12,6,0,1
2021-01-10 12:02:00,4.0,0.08175,0.007499999999999999,0.0,12,6,0,1
2021-01-10 12:03:00,5.0,0.0842,0.013863621460498694,0.0,12,6,0,1
2021-01-10 12:04:00,5.0,0.07139999999999999,0.013921206844235881,0.0,12,6,0,1
2021-01-10 12:05:00,5.0,0.078,0.0,0.0,12,6,0,1
2021-01-10 12:06:00,6.0,0.10383333333333333,0.05290148076062396,0.0,12,6,0,1
2021-01-10 12:07:00,5.0,0.0816,0.013885243966167823,0.0,12,6,0,1
2021-01-10 12:08:00,6.0,0.08033333333333333,0.011604596790352806,0.0,12,6,0,1
2021-01-10 12:09:00,5.0,0.09359999999999999,0.024985996077803264,0.0,12,6,0,1
2021-01-10 12:10:00,7.0,0.08228571428571428,0.021669596871456302,0.0,12,6,0,1
2021-01-10 12:11:00,5.0,0.0746,0.007056911505750941,0.0,12,6,0,1
2021-01-10 12:12:00,6.0,0.07783333333333332,0.00980646045557043,0.0,12,6,0,1
2021-01-10 12:13:00,6.0,0.081,0.012553883861180172,0.0,12,6,0,1
2021-01-10 12:14:00,6.0,0.0805,0.006123724356957945,0.0,12,6,0,1
2021-01-10 12:15:00,6.0,0.08033333333333333,0.011604596790352808,0.0,12,6,0,1
2021-01-10 12:16:00,8.0,0.097125,0.018364853855744594,0.0,12,6,0,1
2021-01-10 12:17:00,7.0,0.08514285714285715,0.008375133261199916,0.0,12,6,0,1
2021-01-10 12:18:00,7.0,0.09114285714285715,0.020836095055044676,0.0,12,6,0,1
2021-01-10 12:19:00,5.0,0.093,0.0,0.0,12,6,0,1
2021-01-10 12:20:00,6.0,0.10366666666666667,0.03735594553302951,0.0,12,6,0,1
2021-01-10 12:21:00,4.0,0.0895,0.014798648586948742,0.0,12,6,0,1
2021-01-10 12:22:00,6.0,0.09366666666666668,0.014334108506170404,0.0,12,6,0,1
2021-01-10 12:23:00,4.0,0.109,0.05247856705360772,0.0,12,6,0,1
2021-01-10 12:24:00,3.0,0.078,0.0,0.0,12,6,0,1
2021-01-10 12:25:00,4.0,0.07925,0.010307764064044149,0.0,12,6,0,1
2021-01-10 12:26:00,3.0,0.078,0.0,0.0,12,6,0,1
2021-01-10 12:27:00,5.0,0.0784,0.0008944271909999155,0.0,12,6,0,1
2021-01-10 12:28:00,6.0,0.11116666666666668,0.015638627390748415,0.0,12,6,0,1
2021-01-10 12:29:00,4.0,0.08175,0.007499999999999998,0.0,12,6,0,1
2021-01-10 12:30:00,5.0,0.0902,0.012911235417263526,0.0,12,6,0,1
2021-01-10 12:31:00,6.0,0.10183333333333333,0.0499015697815877,0.0,12,6,0,1
2021-01-10 12:32:00,5.0,0.0834,0.007469939758793235,0.0,12,6,0,1
2021-01-10 12:33:00,6.0,0.10633333333333334,0.07057667225554537,0.0,12,6,0,1
2021-01-10 12:34:00,5.0,0.09380000000000001,0.02657442379431773,0.0,12,6,0,1
2021-01-10 12:35:00,2.0,0.062,0.0,0.0,12,6,0,1
2021-01-10 12:36:00,8.0,0.089375,0.010861958518478283,0.0,12,6,0,1
2021-01-10 12:37:00,6.0,0.09216666666666667,0.02707335713698371,0.0,12,6,0,1
2021-01-10 12:38:00,6.0,0.0805,0.006123724356957945,0.0,12,6,0,1
2021-01-10 12:39:00,8.0,0.09275,0.03484557770670886,0.0,12,6,0,1
2021-01-10 12:40:00,4.0,0.11375,0.05289218593831544,0.0,12,6,0,1
2021-01-10 12:41:00,6.0,0.0855,0.008215838362577492,0.0,12,6,0,1
2021-01-10 12:42:00,4.0,0.09575,0.009142392101268323,0.0,12,6,0,1
2021-01-10 12:43:00,1.0,0.097,0.0,0.0,12,6,0,1
2021-01-10 12:44:00,1.0,0.078,0.0,0.0,12,6,0,1
2021-01-10 12:45:00,1.0,0.062,0.0,0.0,12,6,0,1
2021-01-10 12:46:00,1.0,0.093,0.0,0.0,12,6,0,1
2021-01-10 12:47:00,1.0,0.109,0.0,0.0,12,6,0,1
2021-01-10 12:48:00,2.0,0.101,0.011313708498984755,0.0,12,6,0,1
2021-01-10 12:49:00,1.0,0.093,0.0,0.0,12,6,0,1
2021-01-10 12:50:00,4.0,0.119,0.04627454303754208,0.0,12,6,0,1
2021-01-10 12:51:00,1.0,0.078,0.0,0.0,12,6,0,1
2021-01-10 12:52:00,2.0,0.08549999999999999,0.010606601717798208,0.0,12,6,0,1
2021-01-10 12:53:00,1.0,0.109,0.0,0.0,12,6,0,1
2021-01-10 12:54:00,3.0,0.07766666666666666,0.01550268793897798,0.0,12,6,0,1
2021-01-10 12:55:00,3.0,0.09333333333333334,0.015502687938977982,0.0,12,6,0,1
2021-01-10 12:56:00,1.0,0.093,0.0,0.0,12,6,0,1
2021-01-10 12:57:00,0.0,0.0,0.0,0.0,12,6,0,1
2021-01-10 12:58:00,2.0,0.08499999999999999,0.011313708498984765,0.0,12,6,0,1
2021-01-10 12:59:00,0.0,0.0,0.0,0.0,12,6,0,1
2021-01-10 13:00:00,1.0,0.124,0.0,0.0,13,6,0,1
2021-01-10 13:01:00,3.0,0.08833333333333333,0.0178978583448784,0.0,13,6,0,1
2021-01-10 13:02:00,2.0,0.0775,0.021920310216782972,0.0,13,6,0,1
2021-01-10 13:03:00,3.0,0.083,0.008660254037844387,0.0,13,6,0,1
2021-01-10 13:04:00,3.0,0.09866666666666667,0.024006943440041117,0.0,13,6,0,1
2021-01-10 13:05:00,2.0,0.08549999999999999,0.010606601717798208,0.0,13,6,0,1
2021-01-10 13:06:00,3.0,0.09300000000000001,0.0,0.0,13,6,0,1
2021-01-10 13:07:00,3.0,0.09400000000000001,0.026,0.0,13,6,0,1
2021-01-10 13:08:00,2.0,0.0935,0.021920310216782972,0.0,13,6,0,1
2021-01-10 13:09:00,0.0,0.0,0.0,0.0,13,6,0,1
2021-01-10 13:10:00,0.0,0.0,0.0,0.0,13,6,0,1
2021-01-10 13:11:00,3.0,0.09533333333333334,0.015631165450257813,0.0,13,6,0,1
2021-01-10 13:12:00,0.0,0.0,0.0,0.0,13,6,0,1
2021-01-10 13:13:00,1.0,0.062,0.0,0.0,13,6,0,1
2021-01-10 13:14:00,2.0,0.148,0.09899494936611665,0.0,13,6,0,1
2021-01-10 13:15:00,2.0,0.1325,0.07707463914933368,0.0,13,6,0,1
2021-01-10 13:16:00,2.0,0.08549999999999999,0.033234018715767734,0.0,13,6,0,1
2021-01-10 13:17:00,3.0,0.07233333333333333,0.0178978583448784,0.0,13,6,0,1
2021-01-10 13:18:00,4.0,0.08225,0.0073654599313281175,0.0,13,6,0,1
2021-01-10 13:19:00,3.0,0.07766666666666666,0.0015275252316519462,0.0,13,6,0,1
2021-01-10 13:20:00,0.0,0.0,0.0,0.0,13,6,0,1
2021-01-10 13:21:00,5.0,0.081,0.006708203932499366,0.0,13,6,0,1
2021-01-10 13:22:00,2.0,0.0775,0.021920310216782972,0.0,13,6,0,1
2021-01-10 13:23:00,4.0,0.1015,0.008698658900466593,0.0,13,6,0,1
2021-01-10 13:24:00,4.0,0.11299999999999999,0.051075108092559794,0.0,13,6,0,1
2021-01-10 13:25:00,4.0,0.12375,0.03879325542754394,0.0,13,6,0,1
2021-01-10 13:26:00,4.0,0.113,0.015340577998671803,0.0,13,6,0,1
2021-01-10 13:27:00,3.0,0.08800000000000001,0.008660254037844385,0.0,13,6,0,1
2021-01-10 13:28:00,3.0,0.09866666666666667,0.02400694344004112,0.0,13,6,0,1
2021-01-10 13:29:00,4.0,0.117,0.059166431924416965,0.0,13,6,0,1
2021-01-10 13:30:00,4.0,0.08549999999999999,0.008660254037844383,0.0,13,6,0,1
2021-01-10 13:31:00,3.0,0.083,0.008660254037844381,0.0,13,6,0,1
2021-01-10 13:32:00,4.0,0.08175,0.007499999999999999,0.0,13,6,0,1
2021-01-10 13:33:00,2.0,0.0935,0.021920310216782972,0.0,13,6,0,1
2021-01-10 13:34:00,3.0,0.08800000000000001,0.01819340539866025,0.0,13,6,0,1
2021-01-10 13:35:00,2.0,0.07,0.011313708498984765,0.0,13,6,0,1
2021-01-10 13:36:00,5.0,0.0856,0.007503332592921625,0.0,13,6,0,1
2021-01-10 13:37:00,4.0,0.07575,0.004499999999999996,0.0,13,6,0,1
2021-01-10 13:38:00,6.0,0.08866666666666667,0.021294756788154838,0.0,13,6,0,1
2021-01-10 13:39:00,4.0,0.1245,0.056008927859761796,0.0,13,6,0,1
2021-01-10 13:40:00,6.0,0.13216666666666665,0.08887613102890263,0.0,13,6,0,1
2021-01-10 13:41:00,4.0,0.08225,0.0085,0.0,13,6,0,1
2021-01-10 13:42:00,5.0,0.0864,0.00909945053286186,0.0,13,6,0,1
2021-01-10 13:43:00,6.0,0.08033333333333333,0.011604596790352804,0.0,13,6,0,1
2021-01-10 13:44:00,5.0,0.10600000000000001,0.02781186797034677,0.0,13,6,0,1
2021-01-10 13:45:00,5.0,0.0842,0.013863621460498696,0.0,13,6,0,1
2021-01-10 13:46:00,5.0,0.09659999999999999,0.019831792657246092,0.0,13,6,0,1
2021-01-10 13:47:00,5.0,0.081,0.006708203932499366,0.0,13,6,0,1
2021-01-10 13:48:00,5.0,0.0824,0.010212737145349425,0.0,13,6,0,1
2021-01-10 13:49:00,4.0,0.07775,0.012658988901172162,0.0,13,6,0,1
2021-01-10 13:50:00,5.0,0.146,0.15205262246998572,0.0,13,6,0,1
2021-01-10 13:51:00,5.0,0.0978,0.01930543964793343,0.0,13,6,0,1
2021-01-10 13:52:00,5.0,0.0876,0.014046351839534706,0.0,13,6,0,1
2021-01-10 13:53:00,4.0,0.0815,0.014798648586948742,0.0,13,6,0,1
2021-01-10 13:54:00,6.0,0.14,0.1010979722843144,0.0,13,6,0,1
2021-01-10 13:55:00,6.0,0.078,0.0,0.0,13,6,0,1
2021-01-10 13:56:00,8.0,0.085625,0.01663848808378591,0.0,13,6,0,1
2021-01-10 13:57:00,6.0,0.11083333333333334,0.06177189220565181,0.0,13,6,0,1
2021-01-10 13:58:00,5.0,0.0958,0.020680909070928195,0.0,13,6,0,1
2021-01-10 13:59:00,6.0,0.09216666666666666,0.02123597576441136,0.0,13,6,0,1
2021-01-10 14:00:00,5.0,0.0936,0.03506137475912774,0.0,14,6,0,1
2021-01-10 14:01:00,6.0,0.09066666666666667,0.010819735055289785,0.0,14,6,0,1
2021-01-10 14:02:00,6.0,0.09316666666666666,0.009806460455570437,0.0,14,6,0,1
2021-01-10 14:03:00,7.0,0.092,0.016062378404209012,0.0,14,6,0,1
2021-01-10 14:04:00,8.0,0.09525,0.03728940868396816,0.0,14,6,0,1
2021-01-10 14:05:00,6.0,0.11183333333333334,0.03278668428900164,0.0,14,6,0,1
2021-01-10 14:06:00,5.0,0.1046,0.03008820366854758,0.0,14,6,0,1
2021-01-10 14:07:00,6.0,0.08766666666666667,0.020402614211582456,0.0,14,6,0,1
2021-01-10 14:08:00,6.0,0.10333333333333333,0.04173567618556894,0.0,14,6,0,1
2021-01-10 14:09:00,6.0,0.083,0.007745966692414834,0.0,14,6,0,1
2021-01-10 14:10:00,5.0,0.1058,0.038635475925630845,0.0,14,6,0,1
2021-01-10 14:11:00,6.0,0.07516666666666667,0.0069402209378856715,0.0,14,6,0,1
2021-01-10 14:12:00,6.0,0.08533333333333333,0.012909944487358056,0.0,14,6,0,1
2021-01-10 14:13:00,4.0,0.074,0.008,0.0,14,6,0,1
2021-01-10 14:14:00,5.0,0.0934,0.019191143790821846,0.0,14,6,0,1
2021-01-10 14:15:00,6.0,0.102,0.028509647489928746,0.0,14,6,0,1
2021-01-10 14:16:00,6.0,0.08416666666666667,0.010107752800037534,0.0,14,6,0,1
2021-01-10 14:17:00,5.0,0.11200000000000002,0.037175260590882206,0.0,14,6,0,1
2021-01-10 14:18:00,6.0,0.09333333333333334,0.013866025626208353,0.0,14,6,0,1
2021-01-10 14:19:00,5.0,0.174,0.19913437674093343,0.0,14,6,0,1
2021-01-10 14:20:00,5.0,0.0996,0.040438842713411076,0.0,14,6,0,1
2021-01-10 14:21:00,4.0,0.23575000000000002,0.30022921798741264,0.0,14,6,0,1
2021-01-10 14:22:00,6.0,0.07616666666666667,0.00722264956000682,0.0,14,6,0,1
2021-01-10 14:23:00,3.0,0.09333333333333334,0.01550268793897798,0.0,14,6,0,1
2021-01-10 14:24:00,5.0,0.1082,0.016021860066796234,0.0,14,6,0,1
2021-01-10 14:25:00,7.0,0.11471428571428573,0.06569047187559315,0.0,14,6,0,1
2021-01-10 14:26:00,4.0,0.079,0.010677078252031303,0.0,14,6,0,1
2021-01-10 14:27:00,2.0,0.125,0.06505382386916238,0.0,14,6,0,1
2021-01-10 14:28:00,5.0,0.088,0.0070710678118654745,0.0,14,6,0,1
2021-01-10 14:29:00,6.0,0.0855,0.0163064404454191,0.0,14,6,0,1
2021-01-10 14:30:00,6.0,0.11916666666666666,0.054418440501972004,0.0,14,6,0,1
2021-01-10 14:31:00,4.0,0.101,0.015999999999999997,0.0,14,6,0,1
2021-01-10 14:32:00,5.0,0.0944,0.038811080891930846,0.0,14,6,0,1
2021-01-10 14:33:00,3.0,0.08966666666666667,0.020207259421636904,0.0,14,6,0,1
2021-01-10 14:34:00,1.0,0.078,0.0,0.0,14,6,0,1
2021-01-10 14:35:00,5.0,0.09359999999999999,0.001341640786499875,0.0,14,6,0,1
2021-01-10 14:36:00,6.0,0.08566666666666667,0.012909944487358055,0.0,14,6,0,1
2021-01-10 14:37:00,8.0,0.077875,0.007827378689117906,0.0,14,6,0,1
2021-01-10 14:38:00,6.0,0.08766666666666667,0.019252705437591534,0.0,14,6,0,1
2021-01-10 14:39:00,6.0,0.08133333333333333,0.013079245645933359,0.0,14,6,0,1
2021-01-10 14:40:00,5.0,0.0902,0.019979989989987484,0.0,14,6,0,1
2021-01-10 14:41:00,6.0,0.09799999999999999,0.014913081505845801,0.0,14,6,0,1
2021-01-10 14:42:00,2.0,0.0915,0.024748737341529166,0.0,14,6,0,1
2021-01-10 14:43:00,5.0,0.0994,0.04202737203299774,0.0,14,6,0,1
2021-01-10 14:44:00,3.0,0.08833333333333333,0.0178978583448784,0.0,14,6,0,1
2021-01-10 14:45:00,6.0,0.1845,0.22598561901147604,0.0,14,6,0,1
2021-01-10 14:46:00,8.0,0.085625,0.017880056727298952,0.0,14,6,0,1
2021-01-10 14:47:00,7.0,0.08471428571428571,0.015702593052468385,0.0,14,6,0,1
2021-01-10 14:48:00,5.0,0.1004,0.027537247502246842,0.0,14,6,0,1
2021-01-10 14:49:00,6.0,0.08183333333333333,0.016630293643428745,0.0,14,6,0,1
2021-01-10 14:50:00,6.0,0.0855,0.02125793969320639,0.0,14,6,0,1
2021-01-10 14:51:00,4.0,0.08549999999999999,0.008660254037844388,0.0,14,6,0,1
2021-01-10 14:52:00,5.0,0.09359999999999999,0.03488266044899672,0.0,14,6,0,1
2021-01-10 14:53:00,6.0,0.08083333333333333,0.006013872850889571,0.0,14,6,0,1
2021-01-10 14:54:00,6.0,0.08566666666666667,0.01640325171015389,0.0,14,6,0,1
2021-01-10 14:55:00,6.0,0.08033333333333333,0.011604596790352806,0.0,14,6,0,1
2021-01-10 14:56:00,6.0,0.09050000000000001,0.011571516754514077,0.0,14,6,0,1
2021-01-10 14:57:00,4.0,0.113,0.03234192325759246,0.0,14,6,0,1
2021-01-10 14:58:00,4.0,0.105,0.01531883372410141,0.0,14,6,0,1
2021-01-10 14:59:00,6.0,0.08366666666666667,0.014514360704718158,0.0,14,6,0,1
2021-01-10 15:00:00,4.0,0.08175,0.007499999999999999,0.0,15,6,0,1
2021-01-10 15:01:00,5.0,0.12079999999999999,0.05631784797024829,0.0,15,6,0,1
2021-01-10 15:02:00,6.0,0.08716666666666667,0.01373195785992175,0.0,15,6,0,1
2021-01-10 15:03:00,8.0,0.087375,0.01590990257669732,0.0,15,6,0,1
2021-01-10 15:04:00,7.0,0.08771428571428572,0.016162861604248648,0.0,15,6,0,1
2021-01-10 15:05:00,7.0,0.10228571428571429,0.0128933353030973,0.0,15,6,0,1
2021-01-10 15:06:00,5.0,0.27199999999999996,0.3851149179141208,0.0,15,6,0,1
2021-01-10 15:07:00,6.0,0.08466666666666667,0.00930949336251263,0.0,15,6,0,1
2021-01-10 15:08:00,6.0,0.09916666666666667,0.017600189392920372,0.0,15,6,0,1
2021-01-10 15:09:00,4.0,0.105,0.019339079605813714,0.0,15,6,0,1
2021-01-10 15:10:00,5.0,0.10200000000000001,0.01804161855266872,0.0,15,6,0,1
2021-01-10 15:11:00,5.0,0.11259999999999999,0.028936136576951665,0.0,15,6,0,1
2021-01-10 15:12:00,5.0,0.0902,0.012911235417263526,0.0,15,6,0,1
2021-01-10 15:13:00,4.0,0.11275,0.029803523281652457,0.0,15,6,0,1
2021-01-10 15:14:00,6.0,0.09583333333333333,0.018594802141100257,0.0,15,6,0,1
2021-01-10 15:15:00,6.0,0.11433333333333334,0.08307265895989287,0.0,15,6,0,1
2021-01-10 15:16:00,9.0,0.10377777777777777,0.030028227460914908,0.0,15,6,0,1
2021-01-10 15:17:00,8.0,0.10475000000000001,0.031381295611967876,0.0,15,6,0,1
2021-01-10 15:18:00,3.0,0.11666666666666665,0.040991869112463435,0.0,15,6,0,1
2021-01-10 15:19:00,6.0,0.09599999999999999,0.017966635745180565,0.0,15,6,0,1
2021-01-10 15:20:00,5.0,0.10979999999999998,0.043522408021615715,0.0,15,6,0,1
2021-01-10 15:21:00,6.0,0.08133333333333333,0.006055300708194982,0.0,15,6,0,1
2021-01-10 15:22:00,6.0,0.10083333333333333,0.040166735822900354,0.0,15,6,0,1
2021-01-10 15:23:00,6.0,0.102,0.031125552203936882,0.0,15,6,0,1
2021-01-10 15:24:00,7.0,0.10814285714285714,0.060261730729179945,0.0,15,6,0,1
2021-01-10 15:25:00,7.0,0.08871428571428572,0.01157172251243357,0.0,15,6,0,1
2021-01-10 15:26:00,6.0,0.0855,0.008215838362577492,0.0,15,6,0,1
2021-01-10 15:27:00,8.0,0.092625,0.032566141488186345,0.0,15,6,0,1
2021-01-10 15:28:00,8.0,0.0955,0.017574331932029248,0.0,15,6,0,1
2021-01-10 15:29:00,6.0,0.09566666666666666,0.030349080161788538,0.0,15,6,0,1
2021-01-10 15:30:00,6.0,0.09316666666666666,0.021921830823785377,0.0,15,6,0,1
2021-01-10 15:31:00,6.0,0.10883333333333334,0.06844097213414393,0.0,15,6,0,1
2021-01-10 15:32:00,8.0,0.10062499999999999,0.0256400217294314,0.0,15,6,0,1
2021-01-10 15:33:00,6.0,0.09716666666666667,0.02470964723881477,0.0,15,6,0,1
2021-01-10 15:34:00,6.0,0.08816666666666667,0.012576432986608991,0.0,15,6,0,1
2021-01-10 15:35:00,9.0,0.14755555555555555,0.04076184217841212,0.0,15,6,0,1
2021-01-10 15:36:00,7.0,0.11485714285714287,0.017827213012962067,0.0,15,6,0,1
2021-01-10 15:37:00,6.0,0.10066666666666667,0.027840019157081536,0.0,15,6,0,1
2021-01-10 15:38:00,6.0,0.1035,0.022133684736166278,0.0,15,6,0,1
2021-01-10 15:39:00,6.0,0.11916666666666666,0.016142077520154178,0.0,15,6,0,1
2021-01-10 15:40:00,8.0,0.124875,0.0345726460824574,0.0,15,6,0,1
2021-01-10 15:41:00,6.0,0.1115,0.011827933040053955,0.0,15,6,0,1
2021-01-10 15:42:00,8.0,0.114,0.026126067989106768,0.0,15,6,0,1
2021-01-10 15:43:00,6.0,0.10099999999999999,0.008763560920082661,0.0,15,6,0,1
2021-01-10 15:44:00,7.0,0.15371428571428572,0.07382798540236236,0.0,15,6,0,1
2021-01-10 15:45:00,6.0,0.12533333333333332,0.040682510574774844,0.0,15,6,0,1
2021-01-10 15:46:00,6.0,0.1195,0.027638740926460452,0.0,15,6,0,1
2021-01-10 15:47:00,6.0,0.11683333333333334,0.03767448296482205,0.0,15,6,0,1
2021-01-10 15:48:00,6.0,0.10116666666666667,0.025623556869932538,0.0,15,6,0,1
2021-01-10 15:49:00,6.0,0.09833333333333333,0.02398888631568099,0.0,15,6,0,1
2021-01-10 15:50:00,6.0,0.13216666666666668,0.06129083672676257,0.0,15,6,0,1
2021-01-10 15:51:00,7.0,0.11371428571428573,0.011842216652219094,0.0,15,6,0,1
2021-01-10 15:52:00,7.0,0.11157142857142857,0.028564880201960952,0.0,15,6,0,1
2021-01-10 15:53:00,6.0,0.10883333333333334,0.009806460455570433,0.0,15,6,0,1
2021-01-10 15:54:00,6.0,0.12733333333333333,0.015616230872610291,0.0,15,6,0,1
2021-01-10 15:55:00,8.0,0.118875,0.020587357424261273,0.0,15,6,0,1
2021-01-10 15:56:00,8.0,0.114375,0.01171003842863037,0.0,15,6,0,1
2021-01-10 15:57:00,5.0,0.11200000000000002,0.013152946437965905,0.0,15,6,0,1
2021-01-10 15:58:00,6.0,0.11783333333333333,0.009786044485218054,0.0,15,6,0,1
2021-01-10 15:59:00,6.0,0.16633333333333333,0.13275340548048728,0.0,15,6,0,1
2021-01-10 16:00:00,7.0,0.12971428571428573,0.047193623459510885,0.0,16,6,0,1
2021-01-10 16:01:00,7.0,0.11785714285714285,0.02819236641024524,0.0,16,6,0,1
2021-01-10 16:02:00,8.0,0.13425,0.07428660713749148,0.0,16,6,0,1
2021-01-10 16:03:00,8.0,0.149,0.08319855767980595,0.0,16,6,0,1
2021-01-10 16:04:00,6.0,0.09883333333333333,0.007960318251594385,0.0,16,6,0,1
2021-01-10 16:05:00,6.0,0.13466666666666668,0.05088287203634114,0.0,16,6,0,1
2021-01-10 16:06:00,5.0,0.11520000000000001,0.02638560213449752,0.0,16,6,0,1
2021-01-10 16:07:00,6.0,0.10633333333333334,0.015121728296285004,0.0,16,6,0,1
2021-01-10 16:08:00,6.0,0.10733333333333334,0.029770231216211054,0.0,16,6,0,1
2021-01-10 16:09:00,6.0,0.14366666666666666,0.04793189613051696,0.0,16,6,0,1
2021-01-10 16:10:00,6.0,0.10899999999999999,0.029624314338056842,0.0,16,6,0,1
2021-01-10 16:11:00,6.0,0.22583333333333333,0.3103781027499631,0.0,16,6,0,1
2021-01-10 16:12:00,6.0,0.09300000000000001,0.019462785001124583,0.0,16,6,0,1
2021-01-10 16:13:00,7.0,0.12214285714285714,0.027954895644165624,0.0,16,6,0,1
2021-01-10 16:14:00,6.0,0.09799999999999999,0.01836300628982085,0.0,16,6,0,1
2021-01-10 16:15:00,6.0,0.10883333333333334,0.014455679391390317,0.0,16,6,0,1
2021-01-10 16:16:00,6.0,0.16833333333333333,0.0948127980109577,0.0,16,6,0,1
2021-01-10 16:17:00,5.0,0.11239999999999999,0.014310835055998655,0.0,16,6,0,1
2021-01-10 16:18:00,6.0,0.09016666666666667,0.01579134784198824,0.0,16,6,0,1
2021-01-10 16:19:00,6.0,0.13,0.04762772301926685,0.0,16,6,0,1
2021-01-10 16:20:00,4.0,0.11275,0.019670197423174655,0.0,16,6,0,1
2021-01-10 16:21:00,4.0,0.1165,0.02014116845336106,0.0,16,6,0,1
2021-01-10 16:22:00,6.0,0.09566666666666666,0.011792653080060765,0.0,16,6,0,1
2021-01-10 16:23:00,6.0,0.10266666666666667,0.014222048610051458,0.0,16,6,0,1
2021-01-10 16:24:00,8.0,0.095375,0.026938753285395904,0.0,16,6,0,1
2021-01-10 16:25:00,6.0,0.08583333333333333,0.013029453813060109,0.0,16,6,0,1
2021-01-10 16:26:00,6.0,0.10116666666666667,0.04697410634239535,0.0,16,6,0,1
2021-01-10 16:27:00,6.0,0.09583333333333333,0.026843372863086093,0.0,16,6,0,1
2021-01-10 16:28:00,6.0,0.13016666666666668,0.0658040019046461,0.0,16,6,0,1
2021-01-10 16:29:00,5.0,0.091,0.006284902544988269,0.0,16,6,0,1
2021-01-10 16:30:00,5.0,0.0964,0.013030732903409541,0.0,16,6,0,1
2021-01-10 16:31:00,5.0,0.0872,0.013809417076763234,0.0,16,6,0,1
2021-01-10 16:32:00,4.0,0.115,0.03847076812334269,0.0,16,6,0,1
2021-01-10 16:33:00,6.0,0.105,0.019078784028338912,0.0,16,6,0,1
2021-01-10 16:34:00,5.0,0.0906,0.037132196272237926,0.0,16,6,0,1
2021-01-10 16:35:00,6.0,0.083,0.007745966692414833,0.0,16,6,0,1
2021-01-10 16:36:00,7.0,0.08557142857142856,0.019406675336570343,0.0,16,6,0,1
2021-01-10 16:37:00,5.0,0.1006,0.018782971010998233,0.0,16,6,0,1
2021-01-10 16:38:00,9.0,0.13855555555555557,0.07184203350252398,0.0,16,6,0,1
2021-01-10 16:39:00,7.0,0.13914285714285715,0.06369047174009776,0.0,16,6,0,1
2021-01-10 16:40:00,6.0,0.119,0.014184498581197708,0.0,16,6,0,1
2021-01-10 16:41:00,6.0,0.10883333333333334,0.009806460455570432,0.0,16,6,0,1
2021-01-10 16:42:00,6.0,0.13,0.018994736112934025,0.0,16,6,0,1
2021-01-10 16:43:00,6.0,0.11399999999999999,0.019677398201998146,0.0,16,6,0,1
2021-01-10 16:44:00,5.0,0.1246,0.02209751117207547,0.0,16,6,0,1
2021-01-10 16:45:00,7.0,0.12657142857142858,0.024622869741070277,0.0,16,6,0,1
2021-01-10 16:46:00,6.0,0.10916666666666668,0.009174239296348592,0.0,16,6,0,1
2021-01-10 16:47:00,5.0,0.10540000000000001,0.012680693987317885,0.0,16,6,0,1
2021-01-10 16:48:00,5.0,0.122,0.03159905061864992,0.0,16,6,0,1
2021-01-10 16:49:00,7.0,0.12057142857142857,0.03341585024534087,0.0,16,6,0,1
2021-01-10 16:50:00,8.0,0.112375,0.01037768898028018,0.0,16,6,0,1
2021-01-10 16:51:00,5.0,0.1142,0.014584238067173759,0.0,16,6,0,1
2021-01-10 16:52:00,6.0,0.11499999999999999,0.00784856674813943,0.0,16,6,0,1
2021-01-10 16:53:00,6.0,0.1325,0.037141620858546276,0.0,16,6,0,1
2021-01-10 16:54:00,5.0,0.10880000000000001,0.01096357605893259,0.0,16,6,0,1
2021-01-10 16:55:00,6.0,0.129,0.04207136793592526,0.0,16,6,0,1
2021-01-10 16:56:00,6.0,0.109,0.01011928851253881,0.0,16,6,0,1
2021-01-10 16:57:00,6.0,0.11466666666666665,0.0437157484971568,0.0,16,6,0,1
2021-01-10 16:58:00,4.0,0.10575,0.016640813281407454,0.0,16,6,0,1
2021-01-10 16:59:00,5.0,0.1464,0.05018266633011842,0.0,16,6,0,1
2021-01-10 17:00:00,4.0,0.11875,0.01184271928232701,0.0,17,6,0,1
2021-01-10 17:01:00,6.0,0.17500000000000002,0.08920762299265686,0.0,17,6,0,1
2021-01-10 17:02:00,4.0,0.143,0.050839617097954884,0.0,17,6,0,1
2021-01-10 17:03:00,5.0,0.11840000000000002,0.013921206844235886,0.0,17,6,0,1
2021-01-10 17:04:00,6.0,0.12533333333333332,0.026204325342711405,0.0,17,6,0,1
2021-01-10 17:05:00,7.0,0.12628571428571428,0.02330031677691877,0.0,17,6,0,1
2021-01-10 17:06:00,6.0,0.1115,0.011827933040053952,0.0,17,6,0,1
2021-01-10 17:07:00,4.0,0.1325,0.02675194696964442,0.0,17,6,0,1
2021-01-10 17:08:00,7.0,0.11042857142857143,0.008383657572069258,0.0,17,6,0,1
2021-01-10 17:09:00,8.0,0.117,0.016587430697454542,0.0,17,6,0,1
2021-01-10 17:10:00,7.0,0.11285714285714286,0.017343861271629332,0.0,17,6,0,1
2021-01-10 17:11:00,5.0,0.119,0.01457737973711325,0.0,17,6,0,1
2021-01-10 17:12:00,5.0,0.11480000000000001,0.02094516650685786,0.0,17,6,0,1
2021-01-10 17:13:00,5.0,0.1366,0.04188436462452307,0.0,17,6,0,1
2021-01-10 17:14:00,6.0,0.10716666666666667,0.010590876576878175,0.0,17,6,0,1
2021-01-10 17:15:00,7.0,0.131,0.041340053217188776,0.0,17,6,0,1
2021-01-10 17:16:00,5.0,0.1058,0.007155417527999321,0.0,17,6,0,1
2021-01-10 17:17:00,5.0,0.1026,0.008763560920082661,0.0,17,6,0,1
2021-01-10 17:18:00,6.0,0.11266666666666668,0.006218252702059209,0.0,17,6,0,1
2021-01-10 17:19:00,5.0,0.11200000000000002,0.013152946437965905,0.0,17,6,0,1
2021-01-10 17:20:00,6.0,0.16116666666666665,0.09712346094876698,0.0,17,6,0,1
2021-01-10 17:21:00,5.0,0.1212,0.029919893047937192,0.0,17,6,0,1
2021-01-10 17:22:00,6.0,0.11383333333333333,0.03664105165885208,0.0,17,6,0,1
2021-01-10 17:23:00,6.0,0.1215,0.01732916616574496,0.0,17,6,0,1
2021-01-10 17:24:00,6.0,0.13083333333333333,0.05122662068365107,0.0,17,6,0,1
2021-01-10 17:25:00,7.0,0.12657142857142858,0.019016283748909714,0.0,17,6,0,1
2021-01-10 17:26:00,6.0,0.12783333333333333,0.04052859073131789,0.0,17,6,0,1
2021-01-10 17:27:00,6.0,0.13799999999999998,0.03839791661014957,0.0,17,6,0,1
2021-01-10 17:28:00,4.0,0.1485,0.05879058881601147,0.0,17,6,0,1
2021-01-10 17:29:00,5.0,0.1288,0.05104115986142948,0.0,17,6,0,1
2021-01-10 17:30:00,6.0,0.11116666666666668,0.0116518954109049,0.0,17,6,0,1
2021-01-10 17:31:00,5.0,0.11579999999999999,0.02367910471280534,0.0,17,6,0,1
2021-01-10 17:32:00,5.0,0.11200000000000002,0.013152946437965904,0.0,17,6,0,1
2021-01-10 17:33:00,7.0,0.15399999999999997,0.08685812186165051,0.0,17,6,0,1
2021-01-10 17:34:00,8.0,0.104125,0.019902889237495145,0.0,17,6,0,1
2021-01-10 17:35:00,2.0,0.101,0.011313708498984755,0.0,17,6,0,1
2021-01-10 17:36:00,6.0,0.11933333333333333,0.02568008307359357,0.0,17,6,0,1
2021-01-10 17:37:00,6.0,0.11666666666666665,0.0164032517101539,0.0,17,6,0,1
2021-01-10 17:38:00,4.0,0.14075,0.034567566687093654,0.0,17,6,0,1
2021-01-10 17:39:00,3.0,0.14033333333333334,0.05427092530382483,0.0,17,6,0,1
2021-01-10 17:40:00,5.0,0.1212,0.01291123541726353,0.0,17,6,0,1
2021-01-10 17:41:00,5.0,0.1564,0.06379890281188227,0.0,17,6,0,1
2021-01-10 17:42:00,6.0,0.13016666666666668,0.05052689053035687,0.0,17,6,0,1
2021-01-10 17:43:00,6.0,0.135,0.03669877382147802,0.0,17,6,0,1
2021-01-10 17:44:00,4.0,0.12425,0.033639015047015476,0.0,17,6,0,1
2021-01-10 17:45:00,4.0,0.10475,0.008500000000000002,0.0,17,6,0,1
2021-01-10 17:46:00,5.0,0.11200000000000002,0.006708203932499369,0.0,17,6,0,1
2021-01-10 17:47:00,6.0,0.16083333333333336,0.07705171423574343,0.0,17,6,0,1
2021-01-10 17:48:00,5.0,0.1182,0.01785217073635585,0.0,17,6,0,1
2021-01-10 17:49:00,5.0,0.10880000000000001,0.019188538245525643,0.0,17,6,0,1
2021-01-10 17:50:00,2.0,0.133,0.009899494936611674,0.0,17,6,0,1
2021-01-10 17:51:00,4.0,0.156,0.06393225581295668,0.0,17,6,0,1
2021-01-10 17:52:00,6.0,0.12383333333333334,0.026072335274514,0.0,17,6,0,1
2021-01-10 17:53:00,6.0,0.13966666666666666,0.057843466931596234,0.0,17,6,0,1
2021-01-10 17:54:00,6.0,0.13016666666666668,0.012671490309614999,0.0,17,6,0,1
2021-01-10 17:55:00,7.0,0.16242857142857142,0.05890064273236512,0.0,17,6,0,1
2021-01-10 17:56:00,6.0,0.12716666666666668,0.04018167077992984,0.0,17,6,0,1
2021-01-10 17:57:00,5.0,0.10900000000000001,0.011313708498984753,0.0,17,6,0,1
2021-01-10 17:58:00,6.0,0.11666666666666668,0.01910671784128993,0.0,17,6,0,1
2021-01-10 17:59:00,6.0,0.122,0.018308467986153293,0.0,17,6,0,1
2021-01-10 18:00:00,5.0,0.1152,0.008497058314499198,0.0,18,6,0,1
2021-01-10 18:01:00,7.0,0.11757142857142858,0.025310453327015852,0.0,18,6,0,1
2021-01-10 18:02:00,7.0,0.12428571428571429,0.029691268557800434,0.0,18,6,0,1
2021-01-10 18:03:00,5.0,0.11520000000000001,0.021170734517252824,0.0,18,6,0,1
2021-01-10 18:04:00,5.0,0.1058,0.007155417527999321,0.0,18,6,0,1
2021-01-10 18:05:00,6.0,0.10566666666666667,0.011360751148875093,0.0,18,6,0,1
2021-01-10 18:06:00,4.0,0.1245,0.04234383071948025,0.0,18,6,0,1
2021-01-10 18:07:00,6.0,0.19299999999999998,0.14912142703179848,0.0,18,6,0,1
2021-01-10 18:08:00,4.0,0.105,0.007999999999999998,0.0,18,6,0,1
2021-01-10 18:09:00,6.0,0.119,0.02137288001182808,0.0,18,6,0,1
2021-01-10 18:10:00,6.0,0.135,0.04953786430600334,0.0,18,6,0,1
2021-01-10 18:11:00,5.0,0.119,0.03140859754907883,0.0,18,6,0,1
2021-01-10 18:12:00,7.0,0.12442857142857143,0.023677395287891107,0.0,18,6,0,1
2021-01-10 18:13:00,4.0,0.109,0.013063945294843613,0.0,18,6,0,1
2021-01-10 18:14:00,6.0,0.1325,0.02368754947224386,0.0,18,6,0,1
2021-01-10 18:15:00,6.0,0.139,0.041206795556073025,0.0,18,6,0,1
2021-01-10 18:16:00,6.0,0.11166666666666668,0.006531972647421807,0.0,18,6,0,1
2021-01-10 18:17:00,6.0,0.127,0.030298514815086237,0.0,18,6,0,1
2021-01-10 18:18:00,5.0,0.1182,0.023805461558222305,0.0,18,6,0,1
2021-01-10 18:19:00,1.0,0.156,0.0,0.0,18,6,0,1
2021-01-10 18:20:00,6.0,0.15033333333333335,0.06224360743615899,0.0,18,6,0,1
2021-01-10 18:21:00,6.0,0.19066666666666668,0.1716154616188957,0.0,18,6,0,1
2021-01-10 18:22:00,6.0,0.18016666666666667,0.08999203668473486,0.0,18,6,0,1
2021-01-10 18:23:00,5.0,0.1152,0.023836946113124476,0.0,18,6,0,1
2021-01-10 18:24:00,5.0,0.1446,0.01645600194457937,0.0,18,6,0,1
2021-01-10 18:25:00,5.0,0.11839999999999999,0.008590692637965807,0.0,18,6,0,1
2021-01-10 18:26:00,4.0,0.1135,0.01592691642053372,0.0,18,6,0,1
2021-01-10 18:27:00,5.0,0.1024,0.011126544836560897,0.0,18,6,0,1
2021-01-10 18:28:00,6.0,0.11699999999999999,0.012696456198483107,0.0,18,6,0,1
2021-01-10 18:29:00,3.0,0.13033333333333333,0.024440403706431153,0.0,18,6,0,1
2021-01-10 18:30:00,4.0,0.11875000000000001,0.019636275953788536,0.0,18,6,0,1
2021-01-10 18:31:00,6.0,0.11399999999999999,0.01274362585765919,0.0,18,6,0,1
2021-01-10 18:32:00,5.0,0.13,0.03300757488819801,0.0,18,6,0,1
2021-01-10 18:33:00,4.0,0.10825,0.01187083260208258,0.0,18,6,0,1
2021-01-10 18:34:00,5.0,0.11139999999999999,0.0077974354758471726,0.0,18,6,0,1
2021-01-10 18:35:00,5.0,0.1182,0.01807484439767048,0.0,18,6,0,1
2021-01-10 18:36:00,4.0,0.12475,0.012658988901172171,0.0,18,6,0,1
2021-01-10 18:37:00,6.0,0.1055,0.011657615536635265,0.0,18,6,0,1
2021-01-10 18:38:00,5.0,0.11439999999999999,0.009370165420097986,0.0,18,6,0,1
2021-01-10 18:39:00,4.0,0.122,0.01542724862054151,0.0,18,6,0,1
2021-01-10 18:40:00,3.0,0.11933333333333333,0.008962886439832505,0.0,18,6,0,1
2021-01-10 18:41:00,6.0,0.1335,0.014335271186831451,0.0,18,6,0,1
2021-01-10 18:42:00,5.0,0.1528,0.06559115794068589,0.0,18,6,0,1
2021-01-10 18:43:00,6.0,0.12716666666666668,0.03624591931054676,0.0,18,6,0,1
2021-01-10 18:44:00,4.0,0.13225,0.008958236433584467,0.0,18,6,0,1
2021-01-10 18:45:00,4.0,0.109,0.022627416997969513,0.0,18,6,0,1
2021-01-10 18:46:00,5.0,0.10979999999999998,0.017005881335585046,0.0,18,6,0,1
2021-01-10 18:47:00,5.0,0.1182,0.013809417076763237,0.0,18,6,0,1
2021-01-10 18:48:00,5.0,0.19619999999999999,0.18108892843020524,0.0,18,6,0,1
2021-01-10 18:49:00,5.0,0.1276,0.0277272429209974,0.0,18,6,0,1
2021-01-10 18:50:00,6.0,0.10633333333333334,0.006531972647421809,0.0,18,6,0,1
2021-01-10 18:51:00,5.0,0.131,0.017762319668331614,0.0,18,6,0,1
2021-01-10 18:52:00,5.0,0.11200000000000002,0.006708203932499362,0.0,18,6,0,1
2021-01-10 18:53:00,6.0,0.22166666666666668,0.23040283563069847,0.0,18,6,0,1
2021-01-10 18:54:00,8.0,0.11075,0.013057564857200592,0.0,18,6,0,1
2021-01-10 18:55:00,7.0,0.11614285714285713,0.017401423039783946,0.0,18,6,0,1
2021-01-10 18:56:00,8.0,0.118625,0.0079988838507096,0.0,18,6,0,1
2021-01-10 18:57:00,7.0,0.12128571428571429,0.026285067279821866,0.0,18,6,0,1
2021-01-10 18:58:00,6.0,0.11,0.007745966692414833,0.0,18,6,0,1
2021-01-10 18:59:00,8.0,0.1075,0.0032071349029490904,0.0,18,6,0,1
2021-01-10 19:00:00,7.0,0.1167142857142857,0.01758516690958876,0.0,19,6,0,1
2021-01-10 19:01:00,8.0,0.10725,0.013413745615172945,0.0,19,6,0,1
2021-01-10 19:02:00,7.0,0.12514285714285714,0.021027193277821394,0.0,19,6,0,1
2021-01-10 19:03:00,8.0,0.1785,0.13022727386051994,0.0,19,6,0,1
2021-01-10 19:04:00,6.0,0.11416666666666668,0.023735346356576873,0.0,19,6,0,1
2021-01-10 19:05:00,6.0,0.13849999999999998,0.031091799561942378,0.0,19,6,0,1
2021-01-10 19:06:00,8.0,0.20350000000000001,0.24034320698296666,0.0,19,6,0,1
2021-01-10 19:07:00,9.0,0.14122222222222222,0.03815684007415243,0.0,19,6,0,1
2021-01-10 19:08:00,6.0,0.14233333333333334,0.053805823724450745,0.0,19,6,0,1
2021-01-10 19:09:00,8.0,0.113875,0.010260012531320665,0.0,19,6,0,1
2021-01-10 19:10:00,7.0,0.122,0.023028967265887847,0.0,19,6,0,1
2021-01-10 19:11:00,9.0,0.10933333333333334,0.011683321445547923,0.0,19,6,0,1
2021-01-10 19:12:00,8.0,0.1095,0.009365590516047866,0.0,19,6,0,1
2021-01-10 19:13:00,7.0,0.12471428571428571,0.05594257259521972,0.0,19,6,0,1
2021-01-10 19:14:00,7.0,0.1362857142857143,0.037681623663329084,0.0,19,6,0,1
2021-01-10 19:15:00,8.0,0.113,0.01112269237704099,0.0,19,6,0,1
2021-01-10 19:16:00,6.0,0.11416666666666668,0.01878740712995454,0.0,19,6,0,1
2021-01-10 19:17:00,7.0,0.11128571428571428,0.019737563896576205,0.0,19,6,0,1
2021-01-10 19:18:00,7.0,0.14185714285714285,0.0800987485782988,0.0,19,6,0,1
2021-01-10 19:19:00,4.0,0.109,0.0,0.0,19,6,0,1
2021-01-10 19:20:00,6.0,0.10633333333333334,0.012044362443345296,0.0,19,6,0,1
2021-01-10 19:21:00,8.0,0.123375,0.016526493881038412,0.0,19,6,0,1
2021-01-10 19:22:00,7.0,0.116,0.011916375287812987,0.0,19,6,0,1
2021-01-10 19:23:00,5.0,0.1364,0.03089983818727859,0.0,19,6,0,1
2021-01-10 19:24:00,7.0,0.13214285714285715,0.038172540616821106,0.0,19,6,0,1
2021-01-10 19:25:00,6.0,0.13216666666666668,0.01708117872591546,0.0,19,6,0,1
2021-01-10 19:26:00,7.0,0.112,0.01123981020005824,0.0,19,6,0,1
2021-01-10 19:27:00,9.0,0.12522222222222223,0.017704362299852672,0.0,19,6,0,1
2021-01-10 19:28:00,7.0,0.16957142857142857,0.12975985144727567,0.0,19,6,0,1
2021-01-10 19:29:00,7.0,0.12185714285714286,0.023010349638286482,0.0,19,6,0,1
2021-01-10 19:30:00,6.0,0.14533333333333334,0.046838730412626116,0.0,19,6,0,1
2021-01-10 19:31:00,9.0,0.111,0.009394147114027964,0.0,19,6,0,1
2021-01-10 19:32:00,6.0,0.11216666666666668,0.02292087840085251,0.0,19,6,0,1
2021-01-10 19:33:00,7.0,0.1335714285714286,0.040082652701874014,0.0,19,6,0,1
2021-01-10 19:34:00,8.0,0.114875,0.011593563485215161,0.0,19,6,0,1
2021-01-10 19:35:00,6.0,0.1115,0.006123724356957945,0.0,19,6,0,1
2021-01-10 19:36:00,6.0,0.114,0.029003448070875987,0.0,19,6,0,1
2021-01-10 19:37:00,6.0,0.10133333333333333,0.008430104783848574,0.0,19,6,0,1
2021-01-10 19:38:00,7.0,0.10885714285714286,0.02227426445795365,0.0,19,6,0,1
2021-01-10 19:39:00,8.0,0.197,0.20692855910054697,0.0,19,6,0,1
2021-01-10 19:40:00,7.0,0.125,0.018929694486000917,0.0,19,6,0,1
2021-01-10 19:41:00,8.0,0.101875,0.011407234546549834,0.0,19,6,0,1
2021-01-10 19:42:00,9.0,0.13733333333333334,0.06682813778641448,0.0,19,6,0,1
2021-01-10 19:43:00,7.0,0.12871428571428573,0.04838289741122127,0.0,19,6,0,1
2021-01-10 19:44:00,8.0,0.1065,0.010239977678547098,0.0,19,6,0,1
2021-01-10 19:45:00,9.0,0.1548888888888889,0.09652129874339194,0.0,19,6,0,1
2021-01-10 19:46:00,7.0,0.1162857142857143,0.02317839716714888,0.0,19,6,0,1
2021-01-10 19:47:00,8.0,0.112375,0.014292230656648986,0.0,19,6,0,1
2021-01-10 19:48:00,6.0,0.11383333333333334,0.021132124045317047,0.0,19,6,0,1
2021-01-10 19:49:00,7.0,0.13557142857142856,0.04817280402487535,0.0,19,6,0,1
2021-01-10 19:50:00,8.0,0.108,0.02014235055087379,0.0,19,6,0,1
2021-01-10 19:51:00,7.0,0.13599999999999998,0.020355179521029373,0.0,19,6,0,1
2021-01-10 19:52:00,6.0,0.133,0.034991427521608776,0.0,19,6,0,1
2021-01-10 19:53:00,6.0,0.11433333333333333,0.016145174717749778,0.0,19,6,0,1
2021-01-10 19:54:00,8.0,0.1615,0.10616563877800979,0.0,19,6,0,1
2021-01-10 19:55:00,7.0,0.10685714285714286,0.011081945849422103,0.0,19,6,0,1
2021-01-10 19:56:00,8.0,0.11475,0.022095571631308517,0.0,19,6,0,1
2021-01-10 19:57:00,7.0,0.11142857142857143,0.011012979355547448,0.0,19,6,0,1
2021-01-10 19:58:00,8.0,0.116,0.01800793475903649,0.0,19,6,0,1
2021-01-10 19:59:00,6.0,0.15933333333333333,0.10298284646807285,0.0,19,6,0,1
2021-01-10 20:00:00,9.0,0.11566666666666665,0.02840774542268359,0.0,20,6,0,1
2021-01-10 20:01:00,7.0,0.11985714285714286,0.030846007691047974,0.0,20,6,0,1
2021-01-10 20:02:00,8.0,0.110625,0.019529739227283974,0.0,20,6,0,1
2021-01-10 20:03:00,6.0,0.10099999999999999,0.008763560920082661,0.0,20,6,0,1
2021-01-10 20:04:00,9.0,0.11088888888888888,0.01722240143275934,0.0,20,6,0,1
2021-01-10 20:05:00,7.0,0.11357142857142857,0.014875675254781348,0.0,20,6,0,1
2021-01-10 20:06:00,7.0,0.10942857142857143,0.001133893419027683,0.0,20,6,0,1
2021-01-10 20:07:00,7.0,0.13014285714285714,0.03491145261672055,0.0,20,6,0,1
2021-01-10 20:08:00,6.0,0.11416666666666668,0.01265569700437976,0.0,20,6,0,1
2021-01-10 20:09:00,5.0,0.1494,0.05369636859229869,0.0,20,6,0,1
2021-01-10 20:10:00,7.0,0.11771428571428573,0.015228419547174358,0.0,20,6,0,1
2021-01-10 20:11:00,5.0,0.11200000000000002,0.020518284528683196,0.0,20,6,0,1
2021-01-10 20:12:00,7.0,0.12871428571428573,0.018236541025409083,0.0,20,6,0,1
2021-01-10 20:13:00,6.0,0.23516666666666666,0.1768020550408469,0.0,20,6,0,1
2021-01-10 20:14:00,6.0,0.22016666666666665,0.21830750483358713,0.0,20,6,0,1
2021-01-10 20:15:00,6.0,0.11816666666666666,0.012351787994726384,0.0,20,6,0,1
2021-01-10 20:16:00,6.0,0.11433333333333333,0.013063945294843617,0.0,20,6,0,1
2021-01-10 20:17:00,6.0,0.11649999999999999,0.02380546155822231,0.0,20,6,0,1
2021-01-10 20:18:00,8.0,0.120625,0.023451698080461957,0.0,20,6,0,1
2021-01-10 20:19:00,6.0,0.12733333333333333,0.03412135206387148,0.0,20,6,0,1
2021-01-10 20:20:00,5.0,0.1236,0.030500819661117305,0.0,20,6,0,1
2021-01-10 20:21:00,6.0,0.10366666666666667,0.008262364471909159,0.0,20,6,0,1
2021-01-10 20:22:00,6.0,0.11183333333333334,0.018356651837049882,0.0,20,6,0,1
2021-01-10 20:23:00,8.0,0.1225,0.031563993953327804,0.0,20,6,0,1
2021-01-10 20:24:00,6.0,0.12983333333333333,0.032276410374554775,0.0,20,6,0,1
2021-01-10 20:25:00,6.0,0.10133333333333333,0.008115828156551038,0.0,20,6,0,1
2021-01-10 20:26:00,6.0,0.11033333333333334,0.00280475786239502,0.0,20,6,0,1
2021-01-10 20:27:00,6.0,0.11066666666666668,0.016717256553234652,0.0,20,6,0,1
2021-01-10 20:28:00,6.0,0.119,0.02137288001182808,0.0,20,6,0,1
2021-01-10 20:29:00,6.0,0.11516666666666665,0.013658940905746191,0.0,20,6,0,1
2021-01-10 20:30:00,7.0,0.10385714285714286,0.012226045578035052,0.0,20,6,0,1
2021-01-10 20:31:00,6.0,0.1376666666666667,0.07094410945714004,0.0,20,6,0,1
2021-01-10 20:32:00,6.0,0.122,0.023099783548769456,0.0,20,6,0,1
2021-01-10 20:33:00,1.0,0.109,0.0,0.0,20,6,0,1
2021-01-10 20:34:00,6.0,0.10716666666666667,0.0072226495600068155,0.0,20,6,0,1
2021-01-10 20:35:00,6.0,0.12966666666666668,0.030683328806807568,0.0,20,6,0,1
2021-01-10 20:36:00,4.0,0.10875,0.012658988901172162,0.0,20,6,0,1
2021-01-10 20:37:00,6.0,0.11933333333333333,0.02147246298556984,0.0,20,6,0,1
2021-01-10 20:38:00,3.0,0.13633333333333333,0.03137408697210698,0.0,20,6,0,1
2021-01-10 20:39:00,4.0,0.11725,0.021045585443666477,0.0,20,6,0,1
2021-01-10 20:40:00,1.0,0.14,0.0,0.0,20,6,0,1
2021-01-10 20:41:00,4.0,0.11674999999999999,0.008958236433584461,0.0,20,6,0,1
2021-01-10 20:42:00,6.0,0.1325,0.03868720718790645,0.0,20,6,0,1
2021-01-10 20:43:00,3.0,0.11933333333333333,0.032746501085357704,0.0,20,6,0,1
2021-01-10 20:44:00,5.0,0.11520000000000001,0.013863621460498703,0.0,20,6,0,1
2021-01-10 20:45:00,2.0,0.148,0.055154328932550706,0.0,20,6,0,1
2021-01-10 20:46:00,3.0,0.13,0.050862559904118074,0.0,20,6,0,1
2021-01-10 20:47:00,4.0,0.097,0.008000000000000005,0.0,20,6,0,1
2021-01-10 20:48:00,5.0,0.11839999999999999,0.014205632685663808,0.0,20,6,0,1
2021-01-10 20:49:00,2.0,0.109,0.0,0.0,20,6,0,1
2021-01-10 20:50:00,4.0,0.12675,0.033149912015971734,0.0,20,6,0,1
2021-01-10 20:51:00,4.0,0.1185,0.007505553499465132,0.0,20,6,0,1
2021-01-10 20:52:00,3.0,0.11066666666666668,0.03056686659331201,0.0,20,6,0,1
2021-01-10 20:53:00,2.0,0.11900000000000001,0.029698484809835002,0.0,20,6,0,1
2021-01-10 20:54:00,5.0,0.11499999999999999,0.017762319668331618,0.0,20,6,0,1
2021-01-10 20:55:00,4.0,0.10475,0.014885675440951051,0.0,20,6,0,1
2021-01-10 20:56:00,4.0,0.1235,0.0017320508075688802,0.0,20,6,0,1
2021-01-10 20:57:00,4.0,0.112,0.014375905768565215,0.0,20,6,0,1
2021-01-10 20:58:00,4.0,0.13925,0.042429353047153576,0.0,20,6,0,1
2021-01-10 20:59:00,1.0,0.109,0.0,0.0,20,6,0,1
2021-01-10 21:00:00,2.0,0.1245,0.021920310216782986,0.0,21,6,0,1
2021-01-10 21:01:00,4.0,0.1095,0.0009999999999999998,0.0,21,6,0,1
2021-01-10 21:02:00,4.0,0.12775,0.02229162772582269,0.0,21,6,0,1
2021-01-10 21:03:00,3.0,0.11933333333333333,0.017897858344878406,0.0,21,6,0,1
2021-01-10 21:04:00,6.0,0.11683333333333333,0.01918766965180156,0.0,21,6,0,1
2021-01-10 21:05:00,5.0,0.10900000000000001,0.011313708498984762,0.0,21,6,0,1
2021-01-10 21:06:00,3.0,0.09333333333333334,0.015502687938977983,0.0,21,6,0,1
2021-01-10 21:07:00,1.0,0.093,0.0,0.0,21,6,0,1
2021-01-10 21:08:00,2.0,0.156,0.06646803743153548,0.0,21,6,0,1
2021-01-10 21:09:00,3.0,0.333,0.3862486245930204,0.0,21,6,0,1
2021-01-10 21:10:00,2.0,0.1165,0.03323401871576774,0.0,21,6,0,1
2021-01-10 21:11:00,3.0,0.14,0.04138840417314976,0.0,21,6,0,1
2021-01-10 21:12:00,4.0,0.43125,0.23538249014458712,0.0,21,6,0,1
2021-01-10 21:13:00,1.0,0.796,0.0,0.0,21,6,0,1
2021-01-10 21:14:00,3.0,0.12433333333333334,0.015502687938977983,0.0,21,6,0,1
2021-01-10 21:15:00,4.0,0.44725,0.6456956842558782,0.0,21,6,0,1
2021-01-10 21:16:00,2.0,0.195,0.1216223663640862,0.0,21,6,0,1
2021-01-10 21:17:00,2.0,0.109,0.0,0.0,21,6,0,1
2021-01-10 21:18:00,2.0,0.11649999999999999,0.010606601717798208,0.0,21,6,0,1
2021-01-10 21:19:00,3.0,0.14066666666666666,0.054848275573014436,0.0,21,6,0,1
2021-01-10 21:20:00,2.0,0.149,0.0565685424949238,0.0,21,6,0,1
2021-01-10 21:21:00,4.0,0.22825,0.21832296413036048,0.0,21,6,0,1
2021-01-10 21:22:00,4.0,0.10875,0.012658988901172159,0.0,21,6,0,1
2021-01-10 21:23:00,6.0,0.13033333333333333,0.03760673698510238,0.0,21,6,0,1
2021-01-10 21:24:00,2.0,0.109,0.0,0.0,21,6,0,1
2021-01-10 21:25:00,6.0,0.11166666666666668,0.012110601416389966,0.0,21,6,0,1
2021-01-10 21:26:00,6.0,0.12466666666666666,0.019765289440498122,0.0,21,6,0,1
2021-01-10 21:27:00,7.0,0.12057142857142857,0.01129686007787331,0.0,21,6,0,1
2021-01-10 21:28:00,5.0,0.10500000000000001,0.006928203230275509,0.0,21,6,0,1
2021-01-10 21:29:00,5.0,0.10900000000000001,0.0,0.0,21,6,0,1
2021-01-10 21:30:00,6.0,0.11133333333333334,0.011604596790352808,0.0,21,6,0,1
2021-01-10 21:31:00,4.0,0.1205,0.01479864858694875,0.0,21,6,0,1
2021-01-10 21:32:00,4.0,0.11699999999999999,0.009237604307034011,0.0,21,6,0,1
2021-01-10 21:33:00,4.0,0.113,0.008,0.0,21,6,0,1
2021-01-10 21:34:00,6.0,0.11733333333333333,0.009223159256278014,0.0,21,6,0,1
2021-01-10 21:35:00,5.0,0.11120000000000001,0.017383900597967083,0.0,21,6,0,1
2021-01-10 21:36:00,5.0,0.1276,0.027727242920997406,0.0,21,6,0,1
2021-01-10 21:37:00,5.0,0.1364,0.05079173161056826,0.0,21,6,0,1
2021-01-10 21:38:00,6.0,0.122,0.02076535576386786,0.0,21,6,0,1
2021-01-10 21:39:00,5.0,0.1276,0.03567632268045573,0.0,21,6,0,1
2021-01-10 21:40:00,6.0,0.12233333333333334,0.02526394004637176,0.0,21,6,0,1
2021-01-10 21:41:00,2.0,0.11699999999999999,0.011313708498984765,0.0,21,6,0,1
2021-01-10 21:42:00,6.0,0.11216666666666668,0.012812754062521714,0.0,21,6,0,1
2021-01-10 21:43:00,4.0,0.105,0.014023789311975083,0.0,21,6,0,1
2021-01-10 21:44:00,4.0,0.105,0.007999999999999998,0.0,21,6,0,1
2021-01-10 21:45:00,5.0,0.1092,0.011670475568716128,0.0,21,6,0,1
2021-01-10 21:46:00,4.0,0.1255,0.024501700621249397,0.0,21,6,0,1
2021-01-10 21:47:00,3.0,0.12466666666666666,0.01550268793897799,0.0,21,6,0,1
2021-01-10 21:48:00,6.0,0.11399999999999999,0.012743625857659192,0.0,21,6,0,1
2021-01-10 21:49:00,4.0,0.109,0.013063945294843619,0.0,21,6,0,1
2021-01-10 21:50:00,6.0,0.11933333333333333,0.02531139400875951,0.0,21,6,0,1
2021-01-10 21:51:00,5.0,0.0994,0.008763560920082658,0.0,21,6,0,1
2021-01-10 21:52:00,6.0,0.10366666666666667,0.008262364471909154,0.0,21,6,0,1
2021-01-10 21:53:00,4.0,0.137,0.03459287017098562,0.0,21,6,0,1
2021-01-10 21:54:00,1.0,0.093,0.0,0.0,21,6,0,1
2021-01-10 21:55:00,2.0,0.1325,0.010606601717798222,0.0,21,6,0,1
2021-01-10 21:56:00,3.0,0.11433333333333333,0.008386497083606078,0.0,21,6,0,1
2021-01-10 21:57:00,4.0,0.1245,0.012662279942148398,0.0,21,6,0,1
2021-01-10 21:58:00,6.0,0.13283333333333333,0.03842611958898096,0.0,21,6,0,1
2021-01-10 21:59:00,5.0,0.12179999999999999,0.03117210291270064,0.0,21,6,0,1
2021-01-10 22:00:00,5.0,0.11499999999999999,0.008215838362577492,0.0,22,6,0,1
2021-01-10 22:01:00,3.0,0.128,0.0266270539113887,0.0,22,6,0,1
2021-01-10 22:02:00,6.0,0.11699999999999999,0.021918029108475973,0.0,22,6,0,1
2021-01-10 22:03:00,7.0,0.11142857142857143,0.013673053095500686,0.0,22,6,0,1
2021-01-10 22:04:00,3.0,0.109,0.015999999999999997,0.0,22,6,0,1
2021-01-10 22:05:00,8.0,0.11925,0.019337232775880092,0.0,22,6,0,1
2021-01-10 22:06:00,6.0,0.13733333333333334,0.031778399372319986,0.0,22,6,0,1
2021-01-10 22:07:00,3.0,0.109,0.0,0.0,22,6,0,1
2021-01-10 22:08:00,3.0,0.09933333333333333,0.00850490054811538,0.0,22,6,0,1
2021-01-10 22:09:00,4.0,0.105,0.008,0.0,22,6,0,1
2021-01-10 22:10:00,6.0,0.12233333333333334,0.033073655175481685,0.0,22,6,0,1
2021-01-10 22:11:00,4.0,0.13225,0.041387397437706405,0.0,22,6,0,1
2021-01-10 22:12:00,5.0,0.10899999999999999,0.020211382931407732,0.0,22,6,0,1
2021-01-10 22:13:00,4.0,0.10275000000000001,0.011615363389350623,0.0,22,6,0,1
2021-01-10 22:14:00,7.0,0.11114285714285714,0.02092389838939016,0.0,22,6,0,1
2021-01-10 22:15:00,6.0,0.1415,0.04383491758860737,0.0,22,6,0,1
2021-01-10 22:16:00,5.0,0.1192,0.018198901065723718,0.0,22,6,0,1
2021-01-10 22:17:00,5.0,0.10740000000000001,0.0067305274681855355,0.0,22,6,0,1
2021-01-10 22:18:00,5.0,0.1152,0.0138636214604987,0.0,22,6,0,1
2021-01-10 22:19:00,4.0,0.104,0.015383974345619097,0.0,22,6,0,1
2021-01-10 22:20:00,5.0,0.1096,0.014825653442597396,0.0,22,6,0,1
2021-01-10 22:21:00,6.0,0.11916666666666668,0.025639162752840953,0.0,22,6,0,1
2021-01-10 22:22:00,4.0,0.10925,0.0005000000000000016,0.0,22,6,0,1
2021-01-10 22:23:00,4.0,0.11649999999999999,0.015673757260678333,0.0,22,6,0,1
2021-01-10 22:24:00,5.0,0.11520000000000001,0.01789413311675087,0.0,22,6,0,1
2021-01-10 22:25:00,5.0,0.12120000000000002,0.020364184245876393,0.0,22,6,0,1
2021-01-10 22:26:00,5.0,0.1022,0.015254507530562894,0.0,22,6,0,1
2021-01-10 22:27:00,5.0,0.1258,0.05544095958765504,0.0,22,6,0,1
2021-01-10 22:28:00,5.0,0.1244,0.026847718711279743,0.0,22,6,0,1
2021-01-10 22:29:00,2.0,0.1635,0.09970205614730321,0.0,22,6,0,1
2021-01-10 22:30:00,6.0,0.1285,0.03262974103482895,0.0,22,6,0,1
2021-01-10 22:31:00,6.0,0.1435,0.09074745175485646,0.0,22,6,0,1
2021-01-10 22:32:00,6.0,0.10633333333333334,0.018370265830049026,0.0,22,6,0,1
2021-01-10 22:33:00,6.0,0.11616666666666668,0.020536958554437088,0.0,22,6,0,1
2021-01-10 22:34:00,3.0,0.10433333333333333,0.017925772879665004,0.0,22,6,0,1
2021-01-10 22:35:00,5.0,0.11199999999999999,0.025865034312755122,0.0,22,6,0,1
2021-01-10 22:36:00,6.0,0.112,0.0454752680036083,0.0,22,6,0,1
2021-01-10 22:37:00,5.0,0.1082,0.034346761128234496,0.0,22,6,0,1
2021-01-10 22:38:00,4.0,0.0935,0.0178978583448784,0.0,22,6,0,1
2021-01-10 22:39:00,4.0,0.092,0.002000000000000003,0.0,22,6,0,1
2021-01-10 22:40:00,6.0,0.13433333333333333,0.09135352574841689,0.0,22,6,0,1
2021-01-10 22:41:00,4.0,0.0895,0.014798648586948742,0.0,22,6,0,1
2021-01-10 22:42:00,5.0,0.0938,0.0185930094390338,0.0,22,6,0,1
2021-01-10 22:43:00,5.0,0.0994,0.01758692696294608,0.0,22,6,0,1
2021-01-10 22:44:00,3.0,0.08266666666666667,0.008962886439832502,0.0,22,6,0,1
2021-01-10 22:45:00,6.0,0.12483333333333334,0.05241151273018808,0.0,22,6,0,1
2021-01-10 22:46:00,4.0,0.21,0.2024220014392375,0.0,22,6,0,1
2021-01-10 22:47:00,6.0,0.11299999999999999,0.032930229273419875,0.0,22,6,0,1
2021-01-10 22:48:00,7.0,0.08242857142857142,0.011716898663286042,0.0,22,6,0,1
2021-01-10 22:49:00,5.0,0.0794,0.008354639429682164,0.0,22,6,0,1
2021-01-10 22:50:00,4.0,0.10200000000000001,0.028879058156387298,0.0,22,6,0,1
2021-01-10 22:51:00,3.0,0.09866666666666667,0.0178978583448784,0.0,22,6,0,1
2021-01-10 22:52:00,2.0,0.078,0.0,0.0,22,6,0,1
2021-01-10 22:53:00,1.0,0.127,0.0,0.0,22,6,0,1
2021-01-10 22:54:00,5.0,0.1026,0.03054995908344232,0.0,22,6,0,1
2021-01-10 22:55:00,6.0,0.09300000000000001,0.013236313686219438,0.0,22,6,0,1
2021-01-10 22:56:00,3.0,0.10366666666666667,0.018475208614068022,0.0,22,6,0,1
2021-01-10 22:57:00,5.0,0.155,0.06881860213634101,0.0,22,6,0,1
2021-01-10 22:58:00,5.0,0.10900000000000001,0.015016657417681201,0.0,22,6,0,1
2021-01-10 22:59:00,4.0,0.113,0.01531883372410141,0.0,22,6,0,1
2021-01-10 23:00:00,3.0,0.111,0.012124355652982139,0.0,23,6,0,1
2021-01-10 23:01:00,5.0,0.11679999999999999,0.020425474290698856,0.0,23,6,0,1
2021-01-10 23:02:00,3.0,0.12433333333333334,0.04119870548128101,0.0,23,6,0,1
2021-01-10 23:03:00,5.0,0.1058,0.007155417527999327,0.0,23,6,0,1
2021-01-10 23:04:00,1.0,0.109,0.0,0.0,23,6,0,1
2021-01-10 23:05:00,3.0,0.10566666666666667,0.011372481406154655,0.0,23,6,0,1
2021-01-10 23:06:00,5.0,0.11200000000000002,0.006708203932499366,0.0,23,6,0,1
2021-01-10 23:07:00,3.0,0.10866666666666668,0.02713546265191242,0.0,23,6,0,1
2021-01-10 23:08:00,5.0,0.1026,0.008763560920082658,0.0,23,6,0,1
2021-01-10 23:09:00,4.0,0.11,0.002000000000000003,0.0,23,6,0,1
2021-01-10 23:10:00,3.0,0.11433333333333333,0.018502252115170557,0.0,23,6,0,1
2021-01-10 23:11:00,4.0,0.10225000000000001,0.008057087976847881,0.0,23,6,0,1
2021-01-10 23:12:00,4.0,0.13225,0.037178622890042604,0.0,23,6,0,1
2021-01-10 23:13:00,5.0,0.11200000000000002,0.017117242768623694,0.0,23,6,0,1
2021-01-10 23:14:00,6.0,0.11933333333333333,0.021768478740294802,0.0,23,6,0,1
2021-01-10 23:15:00,3.0,0.10666666666666667,0.0040414518843273845,0.0,23,6,0,1
2021-01-10 23:16:00,3.0,0.10366666666666667,0.018475208614068026,0.0,23,6,0,1
2021-01-10 23:17:00,5.0,0.11820000000000001,0.02094516650685786,0.0,23,6,0,1
2021-01-10 23:18:00,4.0,0.10875,0.01265898890117216,0.0,23,6,0,1
2021-01-10 23:19:00,4.0,0.10975,0.0015000000000000013,0.0,23,6,0,1
2021-01-10 23:20:00,2.0,0.1245,0.044547727214752496,0.0,23,6,0,1
2021-01-10 23:21:00,4.0,0.11125,0.026911893281595774,0.0,23,6,0,1
2021-01-10 23:22:00,3.0,0.09799999999999999,0.009539392014169463,0.0,23,6,0,1
2021-01-10 23:23:00,4.0,0.1245,0.04234383071948026,0.0,23,6,0,1
2021-01-10 23:24:00,6.0,0.10233333333333333,0.018927933502278234,0.0,23,6,0,1
2021-01-10 23:25:00,3.0,0.11299999999999999,0.009643650760992955,0.0,23,6,0,1
2021-01-10 23:26:00,5.0,0.11520000000000001,0.013863621460498703,0.0,23,6,0,1
2021-01-10 23:27:00,3.0,0.10366666666666667,0.009237604307034014,0.0,23,6,0,1
2021-01-10 23:28:00,4.0,0.0965,0.025304808502206323,0.0,23,6,0,1
2021-01-10 23:29:00,6.0,0.1305,0.06278136666241027,0.0,23,6,0,1
2021-01-10 23:30:00,3.0,0.122,0.07621023553303059,0.0,23,6,0,1
2021-01-10 23:31:00,6.0,0.09883333333333333,0.021738598544217762,0.0,23,6,0,1
2021-01-10 23:32:00,2.0,0.078,0.0,0.0,23,6,0,1
2021-01-10 23:33:00,2.0,0.101,0.03252691193458118,0.0,23,6,0,1
2021-01-10 23:34:00,4.0,0.13574999999999998,0.07671321050944659,0.0,23,6,0,1
2021-01-10 23:35:00,5.0,0.10640000000000001,0.023628372775119325,0.0,23,6,0,1
2021-01-10 23:36:00,5.0,0.1514,0.08363791006475471,0.0,23,6,0,1
2021-01-10 23:37:00,2.0,0.093,0.0,0.0,23,6,0,1
2021-01-10 23:38:00,6.0,0.09050000000000001,0.006123724356957945,0.0,23,6,0,1
2021-01-10 23:39:00,2.0,0.08249999999999999,0.006363961030678929,0.0,23,6,0,1
2021-01-10 23:40:00,3.0,0.08833333333333333,0.0178978583448784,0.0,23,6,0,1
2021-01-10 23:41:00,3.0,0.12966666666666668,0.06350852961085886,0.0,23,6,0,1
2021-01-10 23:42:00,4.0,0.10250000000000001,0.026514147167125714,0.0,23,6,0,1
2021-01-10 23:43:00,4.0,0.16725,0.0641268274593403,0.0,23,6,0,1
2021-01-10 23:44:00,3.0,0.08766666666666667,0.009237604307034018,0.0,23,6,0,1
2021-01-10 23:45:00,4.0,0.09325,0.012658988901172162,0.0,23,6,0,1
2021-01-10 23:46:00,3.0,0.083,0.008660254037844381,0.0,23,6,0,1
2021-01-10 23:47:00,5.0,0.128,0.07031002773431397,0.0,23,6,0,1
2021-01-10 23:48:00,2.0,0.08549999999999999,0.010606601717798208,0.0,23,6,0,1
2021-01-10 23:49:00,2.0,0.078,0.0,0.0,23,6,0,1
2021-01-10 23:50:00,4.0,0.13275,0.0638820527743643,0.0,23,6,0,1
2021-01-10 23:51:00,3.0,0.07833333333333332,0.0005773502691896243,0.0,23,6,0,1
2021-01-10 23:52:00,6.0,0.09000000000000001,0.011558546621439911,0.0,23,6,0,1
2021-01-10 23:53:00,6.0,0.10383333333333333,0.016203908993408553,0.0,23,6,0,1
2021-01-10 23:54:00,4.0,0.09875,0.04284370821174718,0.0,23,6,0,1
2021-01-10 23:55:00,3.0,0.136,0.009643650760992963,0.0,23,6,0,1
2021-01-10 23:56:00,1.0,0.093,0.0,0.0,23,6,0,1
2021-01-10 23:57:00,3.0,0.074,0.006928203230275505,0.0,23,6,0,1
2021-01-10 23:58:00,2.0,0.078,0.0,0.0,23,6,0,1
2021-01-10 23:59:00,4.0,0.097,0.01933907960581372,0.0,23,6,0,1
2021-01-11 00:00:00,2.0,0.1245,0.044547727214752496,0.0,0,0,0,0
2021-01-11 00:01:00,3.0,0.08566666666666667,0.0075055534994651315,0.0,0,0,0,0
2021-01-11 00:02:00,3.0,0.08800000000000001,0.008660254037844385,0.0,0,0,0,0
2021-01-11 00:03:00,5.0,0.0842,0.013863621460498698,0.0,0,0,0,0
2021-01-11 00:04:00,5.0,0.09040000000000001,0.01697939928266015,0.0,0,0,0,0
2021-01-11 00:05:00,3.0,0.122,0.05532630477449222,0.0,0,0,0,0
2021-01-11 00:06:00,4.0,0.0815,0.007681145747868602,0.0,0,0,0,0
2021-01-11 00:07:00,4.0,0.22975,0.2835881697109384,0.0,0,0,0,0
2021-01-11 00:08:00,6.0,0.0855,0.008215838362577492,0.0,0,0,0,0
2021-01-11 00:09:00,5.0,0.0996,0.025967287112827173,0.0,0,0,0,0
2021-01-11 00:10:00,5.0,0.0902,0.012911235417263524,0.0,0,0,0,0
2021-01-11 00:11:00,4.0,0.09325,0.02168524844220144,0.0,0,0,0,0
2021-01-11 00:12:00,6.0,0.09849999999999999,0.01626960356001338,0.0,0,0,0,0
2021-01-11 00:13:00,4.0,0.08825,0.016235249715767643,0.0,0,0,0,0
2021-01-11 00:14:00,4.0,0.09325,0.012658988901172166,0.0,0,0,0,0
2021-01-11 00:15:00,5.0,0.0998,0.013535139452550905,0.0,0,0,0,0
2021-01-11 00:16:00,3.0,0.08833333333333333,0.008962886439832502,0.0,0,0,0,0
2021-01-11 00:17:00,3.0,0.083,0.015620499351813305,0.0,0,0,0,0
2021-01-11 00:18:00,5.0,0.1004,0.023373061416938953,0.0,0,0,0,0
2021-01-11 00:19:00,1.0,0.093,0.0,0.0,0,0,0,0
2021-01-11 00:20:00,5.0,0.22000000000000003,0.24011143246417904,0.0,0,0,0,0
2021-01-11 00:21:00,3.0,0.135,0.045033320996790804,0.0,0,0,0,0
2021-01-11 00:22:00,4.0,0.12075,0.01488567544095106,0.0,0,0,0,0
2021-01-11 00:23:00,5.0,0.1166,0.00776530746332687,0.0,0,0,0,0
2021-01-11 00:24:00,5.0,0.1036,0.007987490219086343,0.0,0,0,0,0
2021-01-11 00:25:00,4.0,0.105,0.007999999999999998,0.0,0,0,0,0
2021-01-11 00:26:00,3.0,0.213,0.18084247288731703,0.0,0,0,0,0
2021-01-11 00:27:00,2.0,0.132,0.05515432893255071,0.0,0,0,0,0
2021-01-11 00:28:00,5.0,0.122,0.030066592756745822,0.0,0,0,0,0
2021-01-11 00:29:00,2.0,0.11699999999999999,0.011313708498984765,0.0,0,0,0,0
2021-01-11 00:30:00,3.0,0.14033333333333334,0.027135462651912412,0.0,0,0,0,0
2021-01-11 00:31:00,3.0,0.127,0.053777318638995014,0.0,0,0,0,0
2021-01-11 00:32:00,4.0,0.1675,0.11772708552693671,0.0,0,0,0,0
2021-01-11 00:33:00,3.0,0.11499999999999999,0.010392304845413265,0.0,0,0,0,0
2021-01-11 00:34:00,4.0,0.175,0.05007993610219565,0.0,0,0,0,0
2021-01-11 00:35:00,3.0,0.14,0.03100000000000001,0.0,0,0,0,0
2021-01-11 00:36:00,5.0,0.1396,0.023511699215496954,0.0,0,0,0,0
2021-01-11 00:37:00,4.0,0.11275,0.007499999999999999,0.0,0,0,0,0
2021-01-11 00:38:00,3.0,0.11933333333333333,0.017897858344878406,0.0,0,0,0,0
2021-01-11 00:39:00,1.0,0.126,0.0,0.0,0,0,0,0
2021-01-11 00:40:00,4.0,0.11674999999999999,0.008958236433584456,0.0,0,0,0,0
2021-01-11 00:41:00,5.0,0.10880000000000001,0.01154123043700281,0.0,0,0,0,0
2021-01-11 00:42:00,4.0,0.10525000000000001,0.01575595125658873,0.0,0,0,0,0
2021-01-11 00:43:00,2.0,0.109,0.0,0.0,0,0,0,0
2021-01-11 00:44:00,5.0,0.10880000000000001,0.015754364474646385,0.0,0,0,0,0
2021-01-11 00:45:00,2.0,0.1175,0.012020815280171303,0.0,0,0,0,0
2021-01-11 00:46:00,4.0,0.1245,0.031000000000000007,0.0,0,0,0,0
2021-01-11 00:47:00,1.0,0.125,0.0,0.0,0,0,0,0
2021-01-11 00:48:00,5.0,0.13,0.0391152144312159,0.0,0,0,0,0
2021-01-11 00:49:00,5.0,0.13679999999999998,0.0728162069871811,0.0,0,0,0,0
2021-01-11 00:50:00,4.0,0.11674999999999999,0.008958236433584456,0.0,0,0,0,0
2021-01-11 00:51:00,4.0,0.10775,0.002500000000000001,0.0,0,0,0,0
2021-01-11 00:52:00,5.0,0.11539999999999999,0.008763560920082658,0.0,0,0,0,0
2021-01-11 00:53:00,5.0,0.13899999999999998,0.0885211839053229,0.0,0,0,0,0
2021-01-11 00:54:00,3.0,0.10366666666666667,0.009237604307034008,0.0,0,0,0,0
2021-01-11 00:55:00,3.0,0.11033333333333334,0.013650396819628846,0.0,0,0,0,0
2021-01-11 00:56:00,4.0,0.10975,0.014314910641239317,0.0,0,0,0,0
2021-01-11 00:57:00,4.0,0.11474999999999999,0.011056672193747995,0.0,0,0,0,0
2021-01-11 00:58:00,3.0,0.17666666666666667,0.1313024498375157,0.0,0,0,0,0
2021-01-11 00:59:00,5.0,0.11839999999999999,0.013921206844235891,0.0,0,0,0,0
2021-01-11 01:00:00,7.0,0.1167142857142857,0.0202049027525028,0.0,1,0,0,0
2021-01-11 01:01:00,4.0,0.12875,0.019687136240025712,0.0,1,0,0,0
2021-01-11 01:02:00,3.0,0.11933333333333333,0.008962886439832505,0.0,1,0,0,0
2021-01-11 01:03:00,2.0,0.1245,0.021920310216782986,0.0,1,0,0,0
2021-01-11 01:04:00,2.0,0.101,0.011313708498984755,0.0,1,0,0,0
2021-01-11 01:05:00,4.0,0.1335,0.050711602880077325,0.0,1,0,0,0
2021-01-11 01:06:00,3.0,0.11766666666666666,0.012701705922171772,0.0,1,0,0,0
2021-01-11 01:07:00,4.0,0.12575,0.032836717253708535,0.0,1,0,0,0
2021-01-11 01:08:00,5.0,0.1654,0.07391075699788223,0.0,1,0,0,0
2021-01-11 01:09:00,4.0,0.11499999999999999,0.021786846184490914,0.0,1,0,0,0
2021-01-11 01:10:00,4.0,0.10925,0.012711543310445562,0.0,1,0,0,0
2021-01-11 01:11:00,1.0,0.109,0.0,0.0,1,0,0,0
2021-01-11 01:12:00,2.0,0.14,0.04384062043356596,0.0,1,0,0,0
2021-01-11 01:13:00,4.0,0.10875,0.022156639336024478,0.0,1,0,0,0
2021-01-11 01:14:00,2.0,0.8099999999999999,0.8994398256692884,0.0,1,0,0,0
2021-01-11 01:15:00,5.0,0.9038,0.6183584720855695,0.0,1,0,0,0
2021-01-11 01:16:00,5.0,0.5014000000000001,0.5525552461066676,0.0,1,0,0,0
2021-01-11 01:17:00,5.0,0.11779999999999999,0.013026895255585662,0.0,1,0,0,0
2021-01-11 01:18:00,3.0,0.13066666666666668,0.047374395334751594,0.0,1,0,0,0
2021-01-11 01:19:00,4.0,0.098,0.02423496097239138,0.0,1,0,0,0
2021-01-11 01:20:00,5.0,0.0902,0.012911235417263524,0.0,1,0,0,0
2021-01-11 01:21:00,3.0,0.10333333333333333,0.0178978583448784,0.0,1,0,0,0
2021-01-11 01:22:00,3.0,0.09333333333333334,0.015502687938977982,0.0,1,0,0,0
2021-01-11 01:23:00,5.0,0.1006,0.01372224471433155,0.0,1,0,0,0
2021-01-11 01:24:00,3.0,0.314,0.3827832284727219,0.0,1,0,0,0
2021-01-11 01:25:00,4.0,0.3665,0.2807958926575197,0.0,1,0,0,0
2021-01-11 01:26:00,5.0,0.40440000000000004,0.3631271127305148,0.0,1,0,0,0
2021-01-11 01:27:00,4.0,0.43024999999999997,0.6426328008020339,0.0,1,0,0,0
2021-01-11 01:28:00,2.0,0.203,0.11030865786510143,0.0,1,0,0,0
2021-01-11 01:29:00,4.0,0.33,0.39261940858801164,0.0,1,0,0,0
2021-01-11 01:30:00,4.0,0.27649999999999997,0.26021721695537364,0.0,1,0,0,0
2021-01-11 01:31:00,3.0,0.135,0.045033320996790804,0.0,1,0,0,0
2021-01-11 01:32:00,5.0,0.1306,0.017544229820656138,0.0,1,0,0,0
2021-01-11 01:33:00,4.0,0.46149999999999997,0.5037277703945522,0.0,1,0,0,0
2021-01-11 01:34:00,3.0,0.11933333333333333,0.01789785834487841,0.0,1,0,0,0
2021-01-11 01:35:00,4.0,0.818,0.2794196366280175,0.0,1,0,0,0
2021-01-11 01:36:00,5.0,0.8253999999999999,0.5024886068360157,0.0,1,0,0,0
2021-01-11 01:37:00,3.0,0.213,0.14372195378577346,0.0,1,0,0,0
2021-01-11 01:38:00,3.0,0.11933333333333333,0.008962886439832502,0.0,1,0,0,0
2021-01-11 01:39:00,5.0,0.1026,0.008763560920082661,0.0,1,0,0,0
2021-01-11 01:40:00,3.0,0.12466666666666666,0.027135462651912415,0.0,1,0,0,0
2021-01-11 01:41:00,5.0,0.10900000000000001,0.010977249200050073,0.0,1,0,0,0
2021-01-11 01:42:00,4.0,0.11699999999999999,0.016,0.0,1,0,0,0
2021-01-11 01:43:00,4.0,0.11675,0.015500000000000007,0.0,1,0,0,0
2021-01-11 01:44:00,3.0,0.11433333333333333,0.009237604307034014,0.0,1,0,0,0
2021-01-11 01:45:00,4.0,0.11275,0.01967019742317466,0.0,1,0,0,0
2021-01-11 01:46:00,3.0,0.11399999999999999,0.008660254037844381,0.0,1,0,0,0
2021-01-11 01:47:00,4.0,0.10975,0.013149778198382917,0.0,1,0,0,0
2021-01-11 01:48:00,7.0,0.11557142857142857,0.015087049003004123,0.0,1,0,0,0
2021-01-11 01:49:00,4.0,0.23575,0.2544816627316528,0.0,1,0,0,0
2021-01-11 01:50:00,3.0,0.609,0.4852432379745235,0.0,1,0,0,0
2021-01-11 01:51:00,3.0,0.514,0.68889113798916,0.0,1,0,0,0
2021-01-11 01:52:00,4.0,0.57175,0.44491000962741517,0.0,1,0,0,0
2021-01-11 01:53:00,4.0,0.27825,0.29832351008036,0.0,1,0,0,0
2021-01-11 01:54:00,4.0,0.33299999999999996,0.4693939354813466,0.0,1,0,0,0
2021-01-11 01:55:00,3.0,0.11033333333333334,0.002309401076758503,0.0,1,0,0,0
2021-01-11 01:56:00,5.0,0.11339999999999999,0.02299565176288769,0.0,1,0,0,0
2021-01-11 01:57:00,3.0,0.13466666666666668,0.036087855759705835,0.0,1,0,0,0
2021-01-11 01:58:00,5.0,0.1432,0.05235169529251178,0.0,1,0,0,0
2021-01-11 01:59:00,4.0,0.11775,0.007973915809270456,0.0,1,0,0,0
2021-01-11 02:00:00,3.0,0.11933333333333333,0.03274650108535771,0.0,2,0,0,0
2021-01-11 02:01:00,6.0,0.11499999999999999,0.03136877428271624,0.0,2,0,0,0
2021-01-11 02:02:00,4.0,0.12525,0.013913422775626908,0.0,2,0,0,0
2021-01-11 02:03:00,4.0,0.108,0.01851125783588643,0.0,2,0,0,0
2021-01-11 02:04:00,5.0,0.1052,0.012930583900195688,0.0,2,0,0,0
2021-01-11 02:05:00,5.0,0.1122,0.007155417527999321,0.0,2,0,0,0
2021-01-11 02:06:00,5.0,0.1464,0.0750053331437172,0.0,2,0,0,0
2021-01-11 02:07:00,4.0,0.1105,0.0030000000000000027,0.0,2,0,0,0
2021-01-11 02:08:00,3.0,0.12566666666666668,0.03156474826976026,0.0,2,0,0,0
2021-01-11 02:09:00,5.0,0.10900000000000001,0.011313708498984762,0.0,2,0,0,0
2021-01-11 02:10:00,6.0,0.1115,0.018392933425639316,0.0,2,0,0,0
2021-01-11 02:11:00,5.0,0.1172,0.025193253065056927,0.0,2,0,0,0
2021-01-11 02:12:00,4.0,0.109,0.013063945294843619,0.0,2,0,0,0
2021-01-11 02:13:00,4.0,0.1125,0.023444971031474256,0.0,2,0,0,0
2021-01-11 02:14:00,4.0,0.1205,0.01479864858694875,0.0,2,0,0,0
2021-01-11 02:15:00,3.0,0.12966666666666668,0.0502924779001128,0.0,2,0,0,0
2021-01-11 02:16:00,6.0,0.13749999999999998,0.0651022273044479,0.0,2,0,0,0
2021-01-11 02:17:00,2.0,0.0935,0.021920310216782972,0.0,2,0,0,0
2021-01-11 02:18:00,4.0,0.10925,0.012711543310445564,0.0,2,0,0,0
2021-01-11 02:19:00,5.0,0.1234,0.01990728509867682,0.0,2,0,0,0
2021-01-11 02:20:00,3.0,0.16233333333333333,0.054537448907455634,0.0,2,0,0,0
2021-01-11 02:21:00,3.0,0.11933333333333333,0.032746501085357704,0.0,2,0,0,0
2021-01-11 02:22:00,4.0,0.101,0.02994439290863428,0.0,2,0,0,0
2021-01-11 02:23:00,6.0,0.111,0.03051556979641705,0.0,2,0,0,0
2021-01-11 02:24:00,4.0,0.109,0.025311394008759508,0.0,2,0,0,0
2021-01-11 02:25:00,3.0,0.12,0.009539392014169456,0.0,2,0,0,0
2021-01-11 02:26:00,5.0,0.1234,0.029194177501686878,0.0,2,0,0,0
2021-01-11 02:27:00,5.0,0.1482,0.06565592128665929,0.0,2,0,0,0
2021-01-11 02:28:00,3.0,0.204,0.0437149859887888,0.0,2,0,0,0
2021-01-11 02:29:00,4.0,0.12425,0.012658988901172171,0.0,2,0,0,0
2021-01-11 02:30:00,3.0,0.13033333333333333,0.024440403706431153,0.0,2,0,0,0
2021-01-11 02:31:00,5.0,0.1058,0.020290391814846754,0.0,2,0,0,0
2021-01-11 02:32:00,5.0,0.13140000000000002,0.029228410836034183,0.0,2,0,0,0
2021-01-11 02:33:00,3.0,0.12933333333333333,0.009237604307034018,0.0,2,0,0,0
2021-01-11 02:34:00,3.0,0.09833333333333333,0.009237604307034013,0.0,2,0,0,0
2021-01-11 02:35:00,4.0,0.10875,0.012658988901172162,0.0,2,0,0,0
2021-01-11 02:36:00,4.0,0.16,0.06309252464964979,0.0,2,0,0,0
2021-01-11 02:37:00,6.0,0.13183333333333333,0.016042651484921892,0.0,2,0,0,0
2021-01-11 02:38:00,3.0,0.12066666666666666,0.016862186493255656,0.0,2,0,0,0
2021-01-11 02:39:00,1.0,0.106,0.0,0.0,2,0,0,0
2021-01-11 02:40:00,5.0,0.1026,0.008763560920082658,0.0,2,0,0,0
2021-01-11 02:41:00,4.0,0.12075,0.01488567544095106,0.0,2,0,0,0
2021-01-11 02:42:00,4.0,0.11575,0.01627626083185776,0.0,2,0,0,0
2021-01-11 02:43:00,5.0,0.10880000000000001,0.010963576058932594,0.0,2,0,0,0
2021-01-11 02:44:00,4.0,0.0945,0.016822603841260723,0.0,2,0,0,0
2021-01-11 02:45:00,6.0,0.14266666666666666,0.07859940627426308,0.0,2,0,0,0
2021-01-11 02:46:00,4.0,0.141,0.0502858495669176,0.0,2,0,0,0
2021-01-11 02:47:00,5.0,0.11220000000000001,0.017935997323817825,0.0,2,0,0,0
2021-01-11 02:48:00,5.0,0.128,0.020518284528683192,0.0,2,0,0,0
2021-01-11 02:49:00,4.0,0.14775,0.07918491017864453,0.0,2,0,0,0
2021-01-11 02:50:00,5.0,0.11499999999999999,0.008215838362577488,0.0,2,0,0,0
2021-01-11 02:51:00,5.0,0.1278,0.027833433133553617,0.0,2,0,0,0
2021-01-11 02:52:00,4.0,0.1005,0.008698658900466592,0.0,2,0,0,0
2021-01-11 02:53:00,4.0,0.12075,0.023500000000000007,0.0,2,0,0,0
2021-01-11 02:54:00,6.0,0.14533333333333334,0.04163972462284864,0.0,2,0,0,0
2021-01-11 02:55:00,4.0,0.105,0.008,0.0,2,0,0,0
2021-01-11 02:56:00,5.0,0.10540000000000001,0.013277801022759753,0.0,2,0,0,0
2021-01-11 02:57:00,3.0,0.14033333333333334,0.041198705481280996,0.0,2,0,0,0
2021-01-11 02:58:00,5.0,0.1222,0.014446452851824904,0.0,2,0,0,0
2021-01-11 02:59:00,3.0,0.124,0.015000000000000012,0.0,2,0,0,0
2021-01-11 03:00:00,2.0,0.1325,0.07707463914933368,0.0,3,0,0,0
2021-01-11 03:01:00,4.0,0.12075,0.01488567544095106,0.0,3,0,0,0
2021-01-11 03:02:00,2.0,0.1245,0.02192031021678298,0.0,3,0,0,0
2021-01-11 03:03:00,4.0,0.11275,0.023171462333367455,0.0,3,0,0,0
2021-01-11 03:04:00,6.0,0.11416666666666665,0.023120697798004856,0.0,3,0,0,0
2021-01-11 03:05:00,6.0,0.1205,0.04093775763277711,0.0,3,0,0,0
2021-01-11 03:06:00,4.0,0.1065,0.01611417595369576,0.0,3,0,0,0
2021-01-11 03:07:00,5.0,0.121,0.04334166586553866,0.0,3,0,0,0
2021-01-11 03:08:00,5.0,0.11879999999999999,0.04026412795529042,0.0,3,0,0,0
2021-01-11 03:09:00,5.0,0.14020000000000002,0.05580501769554418,0.0,3,0,0,0
2021-01-11 03:10:00,4.0,0.113,0.008,0.0,3,0,0,0
2021-01-11 03:11:00,4.0,0.13675,0.03769504830434187,0.0,3,0,0,0
2021-01-11 03:12:00,3.0,0.10866666666666668,0.02713546265191242,0.0,3,0,0,0
2021-01-11 03:13:00,6.0,0.113,0.022512218904408333,0.0,3,0,0,0
2021-01-11 03:14:00,4.0,0.1085,0.013076696830622014,0.0,3,0,0,0
2021-01-11 03:15:00,3.0,0.10333333333333333,0.0178978583448784,0.0,3,0,0,0
2021-01-11 03:16:00,2.0,0.17149999999999999,0.021920310216782982,0.0,3,0,0,0
2021-01-11 03:17:00,4.0,0.125,0.021924111536540464,0.0,3,0,0,0
2021-01-11 03:18:00,5.0,0.1214,0.025774017925034507,0.0,3,0,0,0
2021-01-11 03:19:00,2.0,0.22499999999999998,0.18950461735799473,0.0,3,0,0,0
2021-01-11 03:20:00,1.0,0.171,0.0,0.0,3,0,0,0
2021-01-11 03:21:00,3.0,0.11466666666666665,0.008144527815247073,0.0,3,0,0,0
2021-01-11 03:22:00,6.0,0.11683333333333333,0.021692548643870012,0.0,3,0,0,0
2021-01-11 03:23:00,2.0,0.1245,0.021920310216782986,0.0,3,0,0,0
2021-01-11 03:24:00,4.0,0.15225,0.05901059226952396,0.0,3,0,0,0
2021-01-11 03:25:00,4.0,0.12075,0.026887109674836134,0.0,3,0,0,0
2021-01-11 03:26:00,1.0,0.143,0.0,0.0,3,0,0,0
2021-01-11 03:27:00,3.0,0.11066666666666668,0.01193035344544885,0.0,3,0,0,0
2021-01-11 03:28:00,3.0,0.09833333333333333,0.009237604307034013,0.0,3,0,0,0
2021-01-11 03:29:00,3.0,0.14533333333333334,0.06293117934166921,0.0,3,0,0,0
2021-01-11 03:30:00,3.0,0.10366666666666667,0.009237604307034014,0.0,3,0,0,0
2021-01-11 03:31:00,4.0,0.1315,0.049655479724464116,0.0,3,0,0,0
2021-01-11 03:32:00,4.0,0.106,0.005999999999999992,0.0,3,0,0,0
2021-01-11 03:33:00,3.0,0.10633333333333334,0.01665332799572906,0.0,3,0,0,0
2021-01-11 03:34:00,5.0,0.12,0.017521415467935234,0.0,3,0,0,0
2021-01-11 03:35:00,2.0,0.109,0.0,0.0,3,0,0,0
2021-01-11 03:36:00,2.0,0.14800000000000002,0.0325269119345812,0.0,3,0,0,0
2021-01-11 03:37:00,5.0,0.1276,0.03383489323169204,0.0,3,0,0,0
2021-01-11 03:38:00,3.0,0.11433333333333333,0.009237604307034014,0.0,3,0,0,0
2021-01-11 03:39:00,5.0,0.1498,0.05131958690402721,0.0,3,0,0,0
2021-01-11 03:40:00,4.0,0.13,0.03478505426185217,0.0,3,0,0,0
2021-01-11 03:41:00,6.0,0.12183333333333334,0.028540614335831438,0.0,3,0,0,0
2021-01-11 03:42:00,4.0,0.09675,0.008180260794538685,0.0,3,0,0,0
2021-01-11 03:43:00,4.0,0.11275,0.015063753405664432,0.0,3,0,0,0
2021-01-11 03:44:00,5.0,0.0994,0.018036074961032957,0.0,3,0,0,0
2021-01-11 03:45:00,4.0,0.12125,0.06743577191174824,0.0,3,0,0,0
2021-01-11 03:46:00,3.0,0.10366666666666667,0.009237604307034014,0.0,3,0,0,0
2021-01-11 03:47:00,0.0,0.0,0.0,0.0,3,0,0,0
2021-01-11 03:48:00,4.0,0.122,0.024262453846770452,0.0,3,0,0,0
2021-01-11 03:49:00,4.0,0.09825,0.02168524844220144,0.0,3,0,0,0
2021-01-11 03:50:00,5.0,0.0996,0.01793878479719293,0.0,3,0,0,0
2021-01-11 03:51:00,1.0,0.08,0.0,0.0,3,0,0,0
2021-01-11 03:52:00,1.0,0.156,0.0,0.0,3,0,0,0
2021-01-11 03:53:00,3.0,0.10366666666666667,0.009237604307034008,0.0,3,0,0,0
2021-01-11 03:54:00,2.0,0.101,0.011313708498984755,0.0,3,0,0,0
2021-01-11 03:55:00,2.0,0.11649999999999999,0.010606601717798208,0.0,3,0,0,0
2021-01-11 03:56:00,3.0,0.09833333333333333,0.009237604307034013,0.0,3,0,0,0
2021-01-11 03:57:00,4.0,0.10475,0.014885675440951053,0.0,3,0,0,0
2021-01-11 03:58:00,2.0,0.1165,0.03323401871576774,0.0,3,0,0,0
2021-01-11 03:59:00,5.0,0.14340000000000003,0.07774831187877973,0.0,3,0,0,0
2021-01-11 04:00:00,5.0,0.135,0.023313086453749524,0.0,4,0,0,0
2021-01-11 04:01:00,4.0,0.13624999999999998,0.05604388161669985,0.0,4,0,0,0
2021-01-11 04:02:00,3.0,0.111,0.019078784028338916,0.0,4,0,0,0
2021-01-11 04:03:00,3.0,0.109,0.0,0.0,4,0,0,0
2021-01-11 04:04:00,5.0,0.11200000000000002,0.0131529464379659,0.0,4,0,0,0
2021-01-11 04:05:00,4.0,0.1485,0.049000000000000016,0.0,4,0,0,0
2021-01-11 04:06:00,4.0,0.10475,0.014885675440951051,0.0,4,0,0,0
2021-01-11 04:07:00,5.0,0.1182,0.01380941707676324,0.0,4,0,0,0
2021-01-11 04:08:00,4.0,0.0985,0.014617341299520466,0.0,4,0,0,0
2021-01-11 04:09:00,4.0,0.11775,0.029159046623646663,0.0,4,0,0,0
2021-01-11 04:10:00,5.0,0.1156,0.02372340616353394,0.0,4,0,0,0
2021-01-11 04:11:00,3.0,0.09599999999999999,0.011789826122551602,0.0,4,0,0,0
2021-01-11 04:12:00,4.0,0.10875,0.012658988901172154,0.0,4,0,0,0
2021-01-11 04:13:00,3.0,0.12966666666666668,0.06350852961085884,0.0,4,0,0,0
2021-01-11 04:14:00,4.0,0.09325,0.012658988901172166,0.0,4,0,0,0
2021-01-11 04:15:00,1.0,0.093,0.0,0.0,4,0,0,0
2021-01-11 04:16:00,3.0,0.10933333333333334,0.01450287327853806,0.0,4,0,0,0
2021-01-11 04:17:00,3.0,0.12466666666666666,0.015502687938977994,0.0,4,0,0,0
2021-01-11 04:18:00,4.0,0.12075,0.027280945731407484,0.0,4,0,0,0
2021-01-11 04:19:00,4.0,0.14450000000000002,0.027233557730613648,0.0,4,0,0,0
2021-01-11 04:20:00,3.0,0.09833333333333333,0.009237604307034013,0.0,4,0,0,0
2021-01-11 04:21:00,3.0,0.14033333333333334,0.07124839179471586,0.0,4,0,0,0
2021-01-11 04:22:00,5.0,0.13399999999999998,0.06650563885867122,0.0,4,0,0,0
2021-01-11 04:23:00,4.0,0.10425,0.0076321687612368695,0.0,4,0,0,0
2021-01-11 04:24:00,4.0,0.09725,0.01980530232033836,0.0,4,0,0,0
2021-01-11 04:25:00,3.0,0.09500000000000001,0.014106735979665887,0.0,4,0,0,0
2021-01-11 04:26:00,2.0,0.109,0.0,0.0,4,0,0,0
2021-01-11 04:27:00,2.0,0.08549999999999999,0.010606601717798208,0.0,4,0,0,0
2021-01-11 04:28:00,5.0,0.1262,0.07312455128067454,0.0,4,0,0,0
2021-01-11 04:29:00,4.0,0.078,0.0,0.0,4,0,0,0
2021-01-11 04:30:00,2.0,0.07,0.011313708498984755,0.0,4,0,0,0
2021-01-11 04:31:00,5.0,0.1278,0.06190880389734566,0.0,4,0,0,0
2021-01-11 04:32:00,4.0,0.12825,0.06030685422625414,0.0,4,0,0,0
2021-01-11 04:33:00,3.0,0.104,0.023895606290697036,0.0,4,0,0,0
2021-01-11 04:34:00,3.0,0.083,0.023895606290697043,0.0,4,0,0,0
2021-01-11 04:35:00,3.0,0.26333333333333336,0.1096464013697364,0.0,4,0,0,0
2021-01-11 04:36:00,2.0,0.08399999999999999,0.012727922061357852,0.0,4,0,0,0
2021-01-11 04:37:00,3.0,0.104,0.019052558883257648,0.0,4,0,0,0
2021-01-11 04:38:00,1.0,0.109,0.0,0.0,4,0,0,0
2021-01-11 04:39:00,2.0,0.1015,0.033234018715767734,0.0,4,0,0,0
2021-01-11 04:40:00,2.0,0.1005,0.031819805153394644,0.0,4,0,0,0
2021-01-11 04:41:00,1.0,0.078,0.0,0.0,4,0,0,0
2021-01-11 04:42:00,1.0,0.11,0.0,0.0,4,0,0,0
2021-01-11 04:43:00,5.0,0.094,0.0022360679774997925,0.0,4,0,0,0
2021-01-11 04:44:00,5.0,0.0882,0.013141537200799608,0.0,4,0,0,0
2021-01-11 04:45:00,2.0,0.078,0.02262741699796952,0.0,4,0,0,0
2021-01-11 04:46:00,3.0,0.078,0.0,0.0,4,0,0,0
2021-01-11 04:47:00,0.0,0.0,0.0,0.0,4,0,0,0
2021-01-11 04:48:00,4.0,0.08925,0.026399179280172075,0.0,4,0,0,0
2021-01-11 04:49:00,2.0,0.08549999999999999,0.010606601717798208,0.0,4,0,0,0
2021-01-11 04:50:00,4.0,0.16725,0.12130230830450014,0.0,4,0,0,0
2021-01-11 04:51:00,3.0,0.16733333333333333,0.12881899445863307,0.0,4,0,0,0
2021-01-11 04:52:00,2.0,0.0935,0.021920310216782972,0.0,4,0,0,0
2021-01-11 04:53:00,6.0,0.083,0.016074825037928096,0.0,4,0,0,0
2021-01-11 04:54:00,4.0,0.0815,0.007681145747868606,0.0,4,0,0,0
2021-01-11 04:55:00,5.0,0.087,0.00821583836257749,0.0,4,0,0,0
2021-01-11 04:56:00,1.0,0.257,0.0,0.0,4,0,0,0
2021-01-11 04:57:00,4.0,0.121,0.03920034013457876,0.0,4,0,0,0
2021-01-11 04:58:00,2.0,0.078,0.0,0.0,4,0,0,0
2021-01-11 04:59:00,1.0,0.125,0.0,0.0,4,0,0,0
2021-01-11 05:00:00,3.0,0.07766666666666666,0.015502687938977976,0.0,5,0,0,0
2021-01-11 05:01:00,3.0,0.09366666666666668,0.015502687938977982,0.0,5,0,0,0
2021-01-11 05:02:00,3.0,0.156,0.1215072014326723,0.0,5,0,0,0
2021-01-11 05:03:00,3.0,0.09833333333333333,0.023459184413217208,0.0,5,0,0,0
2021-01-11 05:04:00,4.0,0.1075,0.03666515148384544,0.0,5,0,0,0
2021-01-11 05:05:00,3.0,0.10633333333333334,0.05632347053700912,0.0,5,0,0,0
2021-01-11 05:06:00,3.0,0.104,0.03290896534380867,0.0,5,0,0,0
2021-01-11 05:07:00,3.0,0.079,0.0017320508075688787,0.0,5,0,0,0
2021-01-11 05:08:00,1.0,0.093,0.0,0.0,5,0,0,0
2021-01-11 05:09:00,3.0,0.09300000000000001,0.031,0.0,5,0,0,0
2021-01-11 05:10:00,3.0,0.22833333333333336,0.2621189297500914,0.0,5,0,0,0
2021-01-11 05:11:00,4.0,0.078,0.0,0.0,5,0,0,0
2021-01-11 05:12:00,2.0,0.078,0.0,0.0,5,0,0,0
2021-01-11 05:13:00,5.0,0.132,0.10424730212336433,0.0,5,0,0,0
2021-01-11 05:14:00,2.0,0.1605,0.11667261889578034,0.0,5,0,0,0
2021-01-11 05:15:00,3.0,0.09866666666666667,0.024006943440041117,0.0,5,0,0,0
2021-01-11 05:16:00,2.0,0.109,0.0,0.0,5,0,0,0
2021-01-11 05:17:00,4.0,0.09725,0.01980530232033836,0.0,5,0,0,0
2021-01-11 05:18:00,2.0,0.101,0.03252691193458119,0.0,5,0,0,0
2021-01-11 05:19:00,4.0,0.152,0.1076630546349737,0.0,5,0,0,0
2021-01-11 05:20:00,3.0,0.09833333333333333,0.009237604307034014,0.0,5,0,0,0
2021-01-11 05:21:00,2.0,0.219,0.13576450198781712,0.0,5,0,0,0
2021-01-11 05:22:00,3.0,0.08366666666666667,0.023028967265887827,0.0,5,0,0,0
2021-01-11 05:23:00,2.0,0.08549999999999999,0.01343502884254441,0.0,5,0,0,0
2021-01-11 05:24:00,1.0,0.109,0.0,0.0,5,0,0,0
2021-01-11 05:25:00,3.0,0.09866666666666667,0.008962886439832502,0.0,5,0,0,0
2021-01-11 05:26:00,2.0,0.08499999999999999,0.011313708498984755,0.0,5,0,0,0
2021-01-11 05:27:00,1.0,0.066,0.0,0.0,5,0,0,0
2021-01-11 05:28:00,0.0,0.0,0.0,0.0,5,0,0,0
2021-01-11 05:29:00,4.0,0.08549999999999999,0.008660254037844385,0.0,5,0,0,0
2021-01-11 05:30:00,3.0,0.10133333333333333,0.024785748593361735,0.0,5,0,0,0
2021-01-11 05:31:00,1.0,0.078,0.0,0.0,5,0,0,0
2021-01-11 05:32:00,4.0,0.08675,0.012499999999999997,0.0,5,0,0,0
2021-01-11 05:33:00,1.0,0.14,0.0,0.0,5,0,0,0
2021-01-11 05:34:00,2.0,0.093,0.0,0.0,5,0,0,0
2021-01-11 05:35:00,5.0,0.0922,0.028708883642524316,0.0,5,0,0,0
2021-01-11 05:36:00,3.0,0.09833333333333333,0.01761628034896508,0.0,5,0,0,0
2021-01-11 05:37:00,3.0,0.08800000000000001,0.03218695387886216,0.0,5,0,0,0
2021-01-11 05:38:00,3.0,0.083,0.008660254037844381,0.0,5,0,0,0
2021-01-11 05:39:00,3.0,0.104,0.009539392014169451,0.0,5,0,0,0
2021-01-11 05:40:00,3.0,0.08266666666666667,0.008962886439832497,0.0,5,0,0,0
2021-01-11 05:41:00,2.0,0.101,0.03252691193458119,0.0,5,0,0,0
2021-01-11 05:42:00,3.0,0.09833333333333333,0.023459184413217215,0.0,5,0,0,0
2021-01-11 05:43:00,4.0,0.078,0.0,0.0,5,0,0,0
2021-01-11 05:44:00,1.0,0.078,0.0,0.0,5,0,0,0
2021-01-11 05:45:00,3.0,0.078,0.0,0.0,5,0,0,0
2021-01-11 05:46:00,2.0,0.1085,0.021920310216782972,0.0,5,0,0,0
2021-01-11 05:47:00,2.0,0.1245,0.021920310216782986,0.0,5,0,0,0
2021-01-11 05:48:00,1.0,0.109,0.0,0.0,5,0,0,0
2021-01-11 05:49:00,1.0,0.124,0.0,0.0,5,0,0,0
2021-01-11 05:50:00,3.0,0.09833333333333333,0.023459184413217215,0.0,5,0,0,0
2021-01-11 05:51:00,1.0,0.078,0.0,0.0,5,0,0,0
2021-01-11 05:52:00,1.0,0.078,0.0,0.0,5,0,0,0
2021-01-11 05:53:00,4.0,0.09325,0.012658988901172162,0.0,5,0,0,0
2021-01-11 05:54:00,3.0,0.10666666666666667,0.01582192571507442,0.0,5,0,0,0
2021-01-11 05:55:00,0.0,0.0,0.0,0.0,5,0,0,0
2021-01-11 05:56:00,3.0,0.08800000000000001,0.00866025403784439,0.0,5,0,0,0
2021-01-11 05:57:00,1.0,0.125,0.0,0.0,5,0,0,0
2021-01-11 05:58:00,1.0,0.093,0.0,0.0,5,0,0,0
2021-01-11 05:59:00,2.0,0.6755,0.8237794000823279,0.0,5,0,0,0
2021-01-11 06:00:00,0.0,0.0,0.0,0.0,6,0,0,0
2021-01-11 06:01:00,3.0,0.085,0.007549834435270742,0.0,6,0,0,0
2021-01-11 06:02:00,2.0,0.078,0.0,0.0,6,0,0,0
2021-01-11 06:03:00,0.0,0.0,0.0,0.0,6,0,0,0
2021-01-11 06:04:00,1.0,0.078,0.0,0.0,6,0,0,0
2021-01-11 06:05:00,3.0,0.15166666666666664,0.1148491764590993,0.0,6,0,0,0
2021-01-11 06:06:00,3.0,0.10333333333333333,0.0178978583448784,0.0,6,0,0,0
2021-01-11 06:07:00,2.0,0.101,0.011313708498984765,0.0,6,0,0,0
2021-01-11 06:08:00,1.0,0.126,0.0,0.0,6,0,0,0
2021-01-11 06:09:00,1.0,0.109,0.0,0.0,6,0,0,0
2021-01-11 06:10:00,2.0,0.125,0.04525483399593904,0.0,6,0,0,0
2021-01-11 06:11:00,0.0,0.0,0.0,0.0,6,0,0,0
2021-01-11 06:12:00,2.0,0.101,0.011313708498984765,0.0,6,0,0,0
2021-01-11 06:13:00,2.0,0.134,0.031112698372208095,0.0,6,0,0,0
2021-01-11 06:14:00,2.0,0.101,0.011313708498984765,0.0,6,0,0,0
2021-01-11 06:15:00,0.0,0.0,0.0,0.0,6,0,0,0
2021-01-11 06:16:00,1.0,0.076,0.0,0.0,6,0,0,0
2021-01-11 06:17:00,2.0,0.08549999999999999,0.010606601717798217,0.0,6,0,0,0
2021-01-11 06:18:00,1.0,0.071,0.0,0.0,6,0,0,0
2021-01-11 06:19:00,2.0,0.10900000000000001,0.04384062043356596,0.0,6,0,0,0
2021-01-11 06:20:00,3.0,0.11033333333333334,0.056002976111393696,0.0,6,0,0,0
2021-01-11 06:21:00,2.0,0.078,0.0,0.0,6,0,0,0
2021-01-11 06:22:00,2.0,0.0795,0.01909188309203678,0.0,6,0,0,0
2021-01-11 06:23:00,5.0,0.09659999999999999,0.01697939928266015,0.0,6,0,0,0
2021-01-11 06:24:00,3.0,0.08800000000000001,0.008660254037844385,0.0,6,0,0,0
2021-01-11 06:25:00,0.0,0.0,0.0,0.0,6,0,0,0
2021-01-11 06:26:00,2.0,0.132,0.05515432893255071,0.0,6,0,0,0
2021-01-11 06:27:00,1.0,0.093,0.0,0.0,6,0,0,0
2021-01-11 06:28:00,2.0,0.093,0.0,0.0,6,0,0,0
2021-01-11 06:29:00,4.0,0.10125,0.029680240340446484,0.0,6,0,0,0
2021-01-11 06:30:00,0.0,0.0,0.0,0.0,6,0,0,0
2021-01-11 06:31:00,1.0,0.078,0.0,0.0,6,0,0,0
2021-01-11 06:32:00,2.0,0.086,0.00989949493661166,0.0,6,0,0,0
2021-01-11 06:33:00,1.0,0.078,0.0,0.0,6,0,0,0
2021-01-11 06:34:00,3.0,0.08833333333333333,0.0178978583448784,0.0,6,0,0,0
2021-01-11 06:35:00,1.0,0.125,0.0,0.0,6,0,0,0
2021-01-11 06:36:00,2.0,0.08549999999999999,0.010606601717798208,0.0,6,0,0,0
2021-01-11 06:37:00,1.0,0.078,0.0,0.0,6,0,0,0
2021-01-11 06:38:00,0.0,0.0,0.0,0.0,6,0,0,0
2021-01-11 06:39:00,0.0,0.0,0.0,0.0,6,0,0,0
2021-01-11 06:40:00,0.0,0.0,0.0,0.0,6,0,0,0
2021-01-11 06:41:00,0.0,0.0,0.0,0.0,6,0,0,0
2021-01-11 06:42:00,1.0,0.093,0.0,0.0,6,0,0,0
2021-01-11 06:43:00,2.0,0.39999999999999997,0.41153614665057064,0.0,6,0,0,0
2021-01-11 06:44:00,3.0,0.078,0.0,0.0,6,0,0,0
2021-01-11 06:45:00,1.0,0.203,0.0,0.0,6,0,0,0
2021-01-11 06:46:00,3.0,0.13466666666666668,0.07216878364870322,0.0,6,0,0,0
2021-01-11 06:47:00,0.0,0.0,0.0,0.0,6,0,0,0
2021-01-11 06:48:00,1.0,0.093,0.0,0.0,6,0,0,0
2021-01-11 06:49:00,2.0,0.11699999999999999,0.011313708498984755,0.0,6,0,0,0
2021-01-11 06:50:00,2.0,0.0935,0.021920310216782972,0.0,6,0,0,0
2021-01-11 06:51:00,1.0,0.093,0.0,0.0,6,0,0,0
2021-01-11 06:52:00,3.0,0.09166666666666667,0.01305118130030126,0.0,6,0,0,0
2021-01-11 06:53:00,2.0,0.08549999999999999,0.010606601717798208,0.0,6,0,0,0
2021-01-11 06:54:00,2.0,0.093,0.0,0.0,6,0,0,0
2021-01-11 06:55:00,2.0,0.101,0.011313708498984765,0.0,6,0,0,0
2021-01-11 06:56:00,1.0,0.078,0.0,0.0,6,0,0,0
2021-01-11 06:57:00,0.0,0.0,0.0,0.0,6,0,0,0
2021-01-11 06:58:00,3.0,0.09333333333333334,0.01550268793897798,0.0,6,0,0,0
2021-01-11 06:59:00,1.0,0.078,0.0,0.0,6,0,0,0
2021-01-11 07:00:00,1.0,0.078,0.0,0.0,7,0,0,0
2021-01-11 07:01:00,4.0,0.148,0.10314714408714054,0.0,7,0,0,0
2021-01-11 07:02:00,2.0,0.08549999999999999,0.010606601717798208,0.0,7,0,0,0
2021-01-11 07:03:00,0.0,0.0,0.0,0.0,7,0,0,0
2021-01-11 07:04:00,4.0,0.10875,0.02215663933602447,0.0,7,0,0,0
2021-01-11 07:05:00,1.0,0.105,0.0,0.0,7,0,0,0
2021-01-11 07:06:00,3.0,0.083,0.008660254037844387,0.0,7,0,0,0
2021-01-11 07:07:00,3.0,0.083,0.008660254037844387,0.0,7,0,0,0
2021-01-11 07:08:00,0.0,0.0,0.0,0.0,7,0,0,0
2021-01-11 07:09:00,4.0,0.08925,0.007499999999999999,0.0,7,0,0,0
2021-01-11 07:10:00,2.0,0.20350000000000001,0.1534421715174808,0.0,7,0,0,0
2021-01-11 07:11:00,2.0,0.15350000000000003,0.024748737341529176,0.0,7,0,0,0
2021-01-11 07:12:00,4.0,0.10475,0.02305609102457165,0.0,7,0,0,0
2021-01-11 07:13:00,3.0,0.09433333333333334,0.02573583752927682,0.0,7,0,0,0
2021-01-11 07:14:00,1.0,0.078,0.0,0.0,7,0,0,0
2021-01-11 07:15:00,2.0,0.093,0.0,0.0,7,0,0,0
2021-01-11 07:16:00,2.0,0.14750000000000002,0.0770746391493337,0.0,7,0,0,0
2021-01-11 07:17:00,3.0,0.10566666666666667,0.039106691669499906,0.0,7,0,0,0
2021-01-11 07:18:00,3.0,0.12033333333333333,0.0473427220735493,0.0,7,0,0,0
2021-01-11 07:19:00,1.0,0.078,0.0,0.0,7,0,0,0
2021-01-11 07:20:00,4.0,0.10525,0.03685444342274077,0.0,7,0,0,0
2021-01-11 07:21:00,1.0,0.093,0.0,0.0,7,0,0,0
2021-01-11 07:22:00,1.0,0.14,0.0,0.0,7,0,0,0
2021-01-11 07:23:00,4.0,0.08175,0.007499999999999999,0.0,7,0,0,0
2021-01-11 07:24:00,4.0,0.08275,0.007088723439378912,0.0,7,0,0,0
2021-01-11 07:25:00,2.0,0.14100000000000001,0.10889444430272831,0.0,7,0,0,0
2021-01-11 07:26:00,1.0,0.093,0.0,0.0,7,0,0,0
2021-01-11 07:27:00,2.0,0.08549999999999999,0.010606601717798217,0.0,7,0,0,0
2021-01-11 07:28:00,1.0,0.078,0.0,0.0,7,0,0,0
2021-01-11 07:29:00,1.0,0.093,0.0,0.0,7,0,0,0
2021-01-11 07:30:00,1.0,0.078,0.0,0.0,7,0,0,0
2021-01-11 07:31:00,1.0,0.062,0.0,0.0,7,0,0,0
2021-01-11 07:32:00,2.0,0.10250000000000001,0.0134350288425444,0.0,7,0,0,0
2021-01-11 07:33:00,1.0,0.093,0.0,0.0,7,0,0,0
2021-01-11 07:34:00,3.0,0.08833333333333333,0.032746501085357704,0.0,7,0,0,0
2021-01-11 07:35:00,1.0,0.078,0.0,0.0,7,0,0,0
2021-01-11 07:36:00,2.0,0.078,0.0,0.0,7,0,0,0
2021-01-11 07:37:00,1.0,0.109,0.0,0.0,7,0,0,0
2021-01-11 07:38:00,3.0,0.07266666666666667,0.009237604307034008,0.0,7,0,0,0
2021-01-11 07:39:00,0.0,0.0,0.0,0.0,7,0,0,0
2021-01-11 07:40:00,0.0,0.0,0.0,0.0,7,0,0,0
2021-01-11 07:41:00,1.0,0.312,0.0,0.0,7,0,0,0
2021-01-11 07:42:00,2.0,0.093,0.0,0.0,7,0,0,0
2021-01-11 07:43:00,1.0,0.14,0.0,0.0,7,0,0,0
2021-01-11 07:44:00,2.0,0.093,0.0,0.0,7,0,0,0
2021-01-11 07:45:00,2.0,0.08549999999999999,0.010606601717798208,0.0,7,0,0,0
2021-01-11 07:46:00,1.0,0.109,0.0,0.0,7,0,0,0
2021-01-11 07:47:00,0.0,0.0,0.0,0.0,7,0,0,0
2021-01-11 07:48:00,1.0,0.062,0.0,0.0,7,0,0,0
2021-01-11 07:49:00,0.0,0.0,0.0,0.0,7,0,0,0
2021-01-11 07:50:00,2.0,0.0935,0.021920310216782972,0.0,7,0,0,0
2021-01-11 07:51:00,0.0,0.0,0.0,0.0,7,0,0,0
2021-01-11 07:52:00,1.0,0.124,0.0,0.0,7,0,0,0
2021-01-11 07:53:00,2.0,0.0915,0.024748737341529166,0.0,7,0,0,0
2021-01-11 07:54:00,0.0,0.0,0.0,0.0,7,0,0,0
2021-01-11 07:55:00,2.0,0.197,0.1682914139223983,0.0,7,0,0,0
2021-01-11 07:56:00,0.0,0.0,0.0,0.0,7,0,0,0
2021-01-11 07:57:00,3.0,0.10866666666666668,0.015502687938977976,0.0,7,0,0,0
2021-01-11 07:58:00,1.0,0.078,0.0,0.0,7,0,0,0
2021-01-11 07:59:00,2.0,0.10949999999999999,0.04454772721475249,0.0,7,0,0,0
2021-01-11 08:00:00,1.0,0.078,0.0,0.0,8,0,0,0
2021-01-11 08:01:00,1.0,0.078,0.0,0.0,8,0,0,0
2021-01-11 08:02:00,1.0,0.075,0.0,0.0,8,0,0,0
2021-01-11 08:03:00,2.0,0.101,0.03252691193458119,0.0,8,0,0,0
2021-01-11 08:04:00,1.0,0.078,0.0,0.0,8,0,0,0
2021-01-11 08:05:00,2.0,0.08549999999999999,0.010606601717798217,0.0,8,0,0,0
2021-01-11 08:06:00,0.0,0.0,0.0,0.0,8,0,0,0
2021-01-11 08:07:00,0.0,0.0,0.0,0.0,8,0,0,0
2021-01-11 08:08:00,3.0,0.26233333333333336,0.1642599565729071,0.0,8,0,0,0
2021-01-11 08:09:00,1.0,0.062,0.0,0.0,8,0,0,0
2021-01-11 08:10:00,2.0,0.08549999999999999,0.010606601717798217,0.0,8,0,0,0
2021-01-11 08:11:00,0.0,0.0,0.0,0.0,8,0,0,0
2021-01-11 08:12:00,1.0,0.14,0.0,0.0,8,0,0,0
2021-01-11 08:13:00,2.0,0.08549999999999999,0.033234018715767734,0.0,8,0,0,0
2021-01-11 08:14:00,1.0,0.062,0.0,0.0,8,0,0,0
2021-01-11 08:15:00,1.0,0.107,0.0,0.0,8,0,0,0
2021-01-11 08:16:00,1.0,0.272,0.0,0.0,8,0,0,0
2021-01-11 08:17:00,0.0,0.0,0.0,0.0,8,0,0,0
2021-01-11 08:18:00,1.0,0.125,0.0,0.0,8,0,0,0
2021-01-11 08:19:00,2.0,0.123,0.042426406871192854,0.0,8,0,0,0
2021-01-11 08:20:00,1.0,0.093,0.0,0.0,8,0,0,0
2021-01-11 08:21:00,0.0,0.0,0.0,0.0,8,0,0,0
2021-01-11 08:22:00,3.0,0.12433333333333334,0.015502687938977987,0.0,8,0,0,0
2021-01-11 08:23:00,2.0,0.17300000000000001,0.13435028842544405,0.0,8,0,0,0
2021-01-11 08:24:00,0.0,0.0,0.0,0.0,8,0,0,0
2021-01-11 08:25:00,1.0,0.111,0.0,0.0,8,0,0,0
2021-01-11 08:26:00,2.0,0.0935,0.021920310216782972,0.0,8,0,0,0
2021-01-11 08:27:00,0.0,0.0,0.0,0.0,8,0,0,0
2021-01-11 08:28:00,2.0,0.109,0.0,0.0,8,0,0,0
2021-01-11 08:29:00,1.0,0.111,0.0,0.0,8,0,0,0
2021-01-11 08:30:00,3.0,0.08466666666666667,0.007637626158259736,0.0,8,0,0,0
2021-01-11 08:31:00,1.0,0.093,0.0,0.0,8,0,0,0
2021-01-11 08:32:00,1.0,0.093,0.0,0.0,8,0,0,0
2021-01-11 08:33:00,2.0,0.078,0.0,0.0,8,0,0,0
2021-01-11 08:34:00,1.0,0.109,0.0,0.0,8,0,0,0
2021-01-11 08:35:00,1.0,0.093,0.0,0.0,8,0,0,0
2021-01-11 08:36:00,2.0,0.093,0.0,0.0,8,0,0,0
2021-01-11 08:37:00,2.0,0.1245,0.021920310216782986,0.0,8,0,0,0
2021-01-11 08:38:00,0.0,0.0,0.0,0.0,8,0,0,0
2021-01-11 08:39:00,2.0,0.08549999999999999,0.010606601717798208,0.0,8,0,0,0
2021-01-11 08:40:00,0.0,0.0,0.0,0.0,8,0,0,0
2021-01-11 08:41:00,0.0,0.0,0.0,0.0,8,0,0,0
2021-01-11 08:42:00,0.0,0.0,0.0,0.0,8,0,0,0
2021-01-11 08:43:00,0.0,0.0,0.0,0.0,8,0,0,0
2021-01-11 08:44:00,0.0,0.0,0.0,0.0,8,0,0,0
2021-01-11 08:45:00,3.0,0.109,0.03100000000000001,0.0,8,0,0,0
2021-01-11 08:46:00,5.0,0.087,0.00821583836257749,0.0,8,0,0,0
2021-01-11 08:47:00,2.0,0.132,0.05515432893255071,0.0,8,0,0,0
2021-01-11 08:48:00,0.0,0.0,0.0,0.0,8,0,0,0
2021-01-11 08:49:00,1.0,0.109,0.0,0.0,8,0,0,0
2021-01-11 08:50:00,1.0,0.078,0.0,0.0,8,0,0,0
2021-01-11 08:51:00,2.0,0.08399999999999999,0.012727922061357852,0.0,8,0,0,0
2021-01-11 08:52:00,1.0,0.079,0.0,0.0,8,0,0,0
2021-01-11 08:53:00,1.0,0.093,0.0,0.0,8,0,0,0
2021-01-11 08:54:00,0.0,0.0,0.0,0.0,8,0,0,0
2021-01-11 08:55:00,2.0,0.1795,0.07848885271170676,0.0,8,0,0,0
2021-01-11 08:56:00,0.0,0.0,0.0,0.0,8,0,0,0
2021-01-11 08:57:00,1.0,0.092,0.0,0.0,8,0,0,0
2021-01-11 08:58:00,0.0,0.0,0.0,0.0,8,0,0,0
2021-01-11 08:59:00,0.0,0.0,0.0,0.0,8,0,0,0
2021-01-11 09:00:00,1.0,0.062,0.0,0.0,9,0,1,0
2021-01-11 09:01:00,2.0,0.1085,0.021920310216782972,0.0,9,0,1,0
2021-01-11 09:02:00,0.0,0.0,0.0,0.0,9,0,1,0
2021-01-11 09:03:00,0.0,0.0,0.0,0.0,9,0,1,0
2021-01-11 09:04:00,1.0,0.083,0.0,0.0,9,0,1,0
2021-01-11 09:05:00,0.0,0.0,0.0,0.0,9,0,1,0
2021-01-11 09:06:00,0.0,0.0,0.0,0.0,9,0,1,0
2021-01-11 09:07:00,0.0,0.0,0.0,0.0,9,0,1,0
2021-01-11 09:08:00,0.0,0.0,0.0,0.0,9,0,1,0
2021-01-11 09:09:00,1.0,0.093,0.0,0.0,9,0,1,0
2021-01-11 09:10:00,2.0,0.10250000000000001,0.030405591591021536,0.0,9,0,1,0
2021-01-11 09:11:00,0.0,0.0,0.0,0.0,9,0,1,0
2021-01-11 09:12:00,1.0,0.093,0.0,0.0,9,0,1,0
2021-01-11 09:13:00,1.0,0.124,0.0,0.0,9,0,1,0
2021-01-11 09:14:00,1.0,0.093,0.0,0.0,9,0,1,0
2021-01-11 09:15:00,0.0,0.0,0.0,0.0,9,0,1,0
2021-01-11 09:16:00,0.0,0.0,0.0,0.0,9,0,1,0
2021-01-11 09:17:00,0.0,0.0,0.0,0.0,9,0,1,0
2021-01-11 09:18:00,0.0,0.0,0.0,0.0,9,0,1,0
2021-01-11 09:19:00,0.0,0.0,0.0,0.0,9,0,1,0
2021-01-11 09:20:00,0.0,0.0,0.0,0.0,9,0,1,0
2021-01-11 09:21:00,0.0,0.0,0.0,0.0,9,0,1,0
2021-01-11 09:22:00,0.0,0.0,0.0,0.0,9,0,1,0
2021-01-11 09:23:00,0.0,0.0,0.0,0.0,9,0,1,0
2021-01-11 09:24:00,0.0,0.0,0.0,0.0,9,0,1,0
2021-01-11 09:25:00,0.0,0.0,0.0,0.0,9,0,1,0
2021-01-11 09:26:00,1.0,0.171,0.0,1.0,9,0,1,0
2021-01-11 09:27:00,0.0,0.0,0.0,0.0,9,0,1,0
2021-01-11 09:28:00,1.0,0.109,0.0,0.0,9,0,1,0
2021-01-11 09:29:00,1.0,0.093,0.0,0.0,9,0,1,0
2021-01-11 09:30:00,3.0,0.11933333333333333,0.032746501085357704,0.0,9,0,1,0
2021-01-11 09:31:00,1.0,0.109,0.0,0.0,9,0,1,0
2021-01-11 09:32:00,1.0,0.078,0.0,0.0,9,0,1,0
2021-01-11 09:33:00,1.0,0.121,0.0,0.0,9,0,1,0
2021-01-11 09:34:00,2.0,0.093,0.0,0.0,9,0,1,0
2021-01-11 09:35:00,1.0,0.078,0.0,0.0,9,0,1,0
2021-01-11 09:36:00,0.0,0.0,0.0,0.0,9,0,1,0
2021-01-11 09:37:00,0.0,0.0,0.0,0.0,9,0,1,0
2021-01-11 09:38:00,0.0,0.0,0.0,0.0,9,0,1,0
2021-01-11 09:39:00,2.0,0.08549999999999999,0.010606601717798208,0.0,9,0,1,0
2021-01-11 09:40:00,0.0,0.0,0.0,0.0,9,0,1,0
2021-01-11 09:41:00,0.0,0.0,0.0,0.0,9,0,1,0
2021-01-11 09:42:00,1.0,0.078,0.0,0.0,9,0,1,0
2021-01-11 09:43:00,1.0,0.078,0.0,0.0,9,0,1,0
2021-01-11 09:44:00,1.0,0.078,0.0,0.0,9,0,1,0
2021-01-11 09:45:00,3.0,0.09433333333333334,0.025735837529276818,0.0,9,0,1,0
2021-01-11 09:46:00,0.0,0.0,0.0,0.0,9,0,1,0
2021-01-11 09:47:00,1.0,0.078,0.0,0.0,9,0,1,0
2021-01-11 09:48:00,0.0,0.0,0.0,0.0,9,0,1,0
2021-01-11 09:49:00,0.0,0.0,0.0,0.0,9,0,1,0
2021-01-11 09:50:00,0.0,0.0,0.0,0.0,9,0,1,0
2021-01-11 09:51:00,0.0,0.0,0.0,0.0,9,0,1,0
2021-01-11 09:52:00,1.0,0.093,0.0,0.0,9,0,1,0
2021-01-11 09:53:00,1.0,0.104,0.0,0.0,9,0,1,0
2021-01-11 09:54:00,1.0,0.093,0.0,0.0,9,0,1,0
2021-01-11 09:55:00,0.0,0.0,0.0,0.0,9,0,1,0
2021-01-11 09:56:00,0.0,0.0,0.0,0.0,9,0,1,0
2021-01-11 09:57:00,0.0,0.0,0.0,0.0,9,0,1,0
2021-01-11 09:58:00,2.0,0.172,0.1117228714274745,0.0,9,0,1,0
2021-01-11 09:59:00,2.0,0.092,0.0014142135623730963,0.0,9,0,1,0
2021-01-11 10:00:00,1.0,0.088,0.0,0.0,10,0,1,0
2021-01-11 10:01:00,0.0,0.0,0.0,0.0,10,0,1,0
2021-01-11 10:02:00,1.0,0.093,0.0,0.0,10,0,1,0
2021-01-11 10:03:00,1.0,0.093,0.0,0.0,10,0,1,0
2021-01-11 10:04:00,2.0,0.10200000000000001,0.012727922061357862,0.0,10,0,1,0
2021-01-11 10:05:00,2.0,0.0935,0.021920310216782972,0.0,10,0,1,0
2021-01-11 10:06:00,1.0,0.078,0.0,0.0,10,0,1,0
2021-01-11 10:07:00,1.0,0.109,0.0,0.0,10,0,1,0
2021-01-11 10:08:00,0.0,0.0,0.0,0.0,10,0,1,0
2021-01-11 10:09:00,1.0,0.124,0.0,0.0,10,0,1,0
2021-01-11 10:10:00,0.0,0.0,0.0,0.0,10,0,1,0
2021-01-11 10:11:00,1.0,0.109,0.0,0.0,10,0,1,0
2021-01-11 10:12:00,1.0,0.115,0.0,0.0,10,0,1,0
2021-01-11 10:13:00,1.0,0.093,0.0,0.0,10,0,1,0
2021-01-11 10:14:00,3.0,0.108,0.04084115571332428,0.0,10,0,1,0
2021-01-11 10:15:00,1.0,0.078,0.0,0.0,10,0,1,0
2021-01-11 10:16:00,0.0,0.0,0.0,0.0,10,0,1,0
2021-01-11 10:17:00,0.0,0.0,0.0,0.0,10,0,1,0
2021-01-11 10:18:00,0.0,0.0,0.0,0.0,10,0,1,0
2021-01-11 10:19:00,1.0,0.078,0.0,0.0,10,0,1,0
2021-01-11 10:20:00,0.0,0.0,0.0,0.0,10,0,1,0
2021-01-11 10:21:00,1.0,0.389,0.0,0.0,10,0,1,0
2021-01-11 10:22:00,0.0,0.0,0.0,0.0,10,0,1,0
2021-01-11 10:23:00,1.0,0.098,0.0,0.0,10,0,1,0
2021-01-11 10:24:00,1.0,0.109,0.0,0.0,10,0,1,0
2021-01-11 10:25:00,0.0,0.0,0.0,0.0,10,0,1,0
2021-01-11 10:26:00,0.0,0.0,0.0,0.0,10,0,1,0
2021-01-11 10:27:00,1.0,0.078,0.0,0.0,10,0,1,0
2021-01-11 10:28:00,1.0,0.078,0.0,0.0,10,0,1,0
2021-01-11 10:29:00,0.0,0.0,0.0,0.0,10,0,1,0
2021-01-11 10:30:00,1.0,0.109,0.0,0.0,10,0,1,0
2021-01-11 10:31:00,2.0,0.157,0.09050966799187808,0.0,10,0,1,0
2021-01-11 10:32:00,0.0,0.0,0.0,0.0,10,0,1,0
2021-01-11 10:33:00,0.0,0.0,0.0,0.0,10,0,1,0
2021-01-11 10:34:00,1.0,0.109,0.0,0.0,10,0,1,0
2021-01-11 10:35:00,0.0,0.0,0.0,0.0,10,0,1,0
2021-01-11 10:36:00,0.0,0.0,0.0,0.0,10,0,1,0
2021-01-11 10:37:00,2.0,0.078,0.0,0.0,10,0,1,0
2021-01-11 10:38:00,1.0,0.093,0.0,0.0,10,0,1,0
2021-01-11 10:39:00,0.0,0.0,0.0,0.0,10,0,1,0
2021-01-11 10:40:00,1.0,0.109,0.0,0.0,10,0,1,0
2021-01-11 10:41:00,0.0,0.0,0.0,0.0,10,0,1,0
2021-01-11 10:42:00,1.0,0.08,0.0,0.0,10,0,1,0
2021-01-11 10:43:00,1.0,0.093,0.0,0.0,10,0,1,0
2021-01-11 10:44:00,0.0,0.0,0.0,0.0,10,0,1,0
2021-01-11 10:45:00,0.0,0.0,0.0,0.0,10,0,1,0
2021-01-11 10:46:00,1.0,0.078,0.0,0.0,10,0,1,0
2021-01-11 10:47:00,1.0,0.187,0.0,0.0,10,0,1,0
2021-01-11 10:48:00,1.0,0.078,0.0,0.0,10,0,1,0
2021-01-11 10:49:00,3.0,0.09433333333333334,0.017039170558842746,0.0,10,0,1,0
2021-01-11 10:50:00,2.0,0.125,0.0,0.0,10,0,1,0
2021-01-11 10:51:00,1.0,0.093,0.0,0.0,10,0,1,0
2021-01-11 10:52:00,1.0,0.093,0.0,0.0,10,0,1,0
2021-01-11 10:53:00,1.0,0.078,0.0,0.0,10,0,1,0
2021-01-11 10:54:00,0.0,0.0,0.0,0.0,10,0,1,0
2021-01-11 10:55:00,0.0,0.0,0.0,0.0,10,0,1,0
2021-01-11 10:56:00,0.0,0.0,0.0,0.0,10,0,1,0
2021-01-11 10:57:00,0.0,0.0,0.0,0.0,10,0,1,0
2021-01-11 10:58:00,2.0,0.101,0.03252691193458119,0.0,10,0,1,0
2021-01-11 10:59:00,0.0,0.0,0.0,0.0,10,0,1,0
2021-01-11 11:00:00,0.0,0.0,0.0,0.0,11,0,1,0
2021-01-11 11:01:00,0.0,0.0,0.0,0.0,11,0,1,0
2021-01-11 11:02:00,1.0,0.093,0.0,0.0,11,0,1,0
2021-01-11 11:03:00,0.0,0.0,0.0,0.0,11,0,1,0
2021-01-11 11:04:00,0.0,0.0,0.0,0.0,11,0,1,0
2021-01-11 11:05:00,1.0,0.109,0.0,0.0,11,0,1,0
2021-01-11 11:06:00,0.0,0.0,0.0,0.0,11,0,1,0
2021-01-11 11:07:00,1.0,0.093,0.0,0.0,11,0,1,0
2021-01-11 11:08:00,1.0,0.109,0.0,0.0,11,0,1,0
2021-01-11 11:09:00,1.0,0.109,0.0,0.0,11,0,1,0
2021-01-11 11:10:00,2.0,0.259,0.19091883092036785,0.0,11,0,1,0
2021-01-11 11:11:00,1.0,0.085,0.0,0.0,11,0,1,0
2021-01-11 11:12:00,1.0,0.078,0.0,0.0,11,0,1,0
2021-01-11 11:13:00,1.0,0.156,0.0,0.0,11,0,1,0
2021-01-11 11:14:00,2.0,0.14800000000000002,0.011313708498984741,0.0,11,0,1,0
2021-01-11 11:15:00,0.0,0.0,0.0,0.0,11,0,1,0
2021-01-11 11:16:00,0.0,0.0,0.0,0.0,11,0,1,0
2021-01-11 11:17:00,1.0,0.093,0.0,0.0,11,0,1,0
2021-01-11 11:18:00,0.0,0.0,0.0,0.0,11,0,1,0
2021-01-11 11:19:00,1.0,0.093,0.0,0.0,11,0,1,0
2021-01-11 11:20:00,0.0,0.0,0.0,0.0,11,0,1,0
2021-01-11 11:21:00,1.0,0.093,0.0,0.0,11,0,1,0
2021-01-11 11:22:00,1.0,0.078,0.0,0.0,11,0,1,0
2021-01-11 11:23:00,2.0,0.08549999999999999,0.010606601717798217,0.0,11,0,1,0
2021-01-11 11:24:00,1.0,0.441,0.0,0.0,11,0,1,0
2021-01-11 11:25:00,1.0,0.218,0.0,0.0,11,0,1,0
2021-01-11 11:26:00,2.0,0.078,0.0,0.0,11,0,1,0
2021-01-11 11:27:00,1.0,0.218,0.0,0.0,11,0,1,0
2021-01-11 11:28:00,1.0,0.156,0.0,0.0,11,0,1,0
2021-01-11 11:29:00,0.0,0.0,0.0,0.0,11,0,1,0
2021-01-11 11:30:00,2.0,0.1085,0.021920310216782972,0.0,11,0,1,0
2021-01-11 11:31:00,1.0,0.093,0.0,0.0,11,0,1,0
2021-01-11 11:32:00,0.0,0.0,0.0,0.0,11,0,1,0
2021-01-11 11:33:00,1.0,0.125,0.0,0.0,11,0,1,0
2021-01-11 11:34:00,0.0,0.0,0.0,0.0,11,0,1,0
2021-01-11 11:35:00,1.0,0.093,0.0,0.0,11,0,1,0
2021-01-11 11:36:00,1.0,0.109,0.0,0.0,11,0,1,0
2021-01-11 11:37:00,1.0,0.109,0.0,0.0,11,0,1,0
2021-01-11 11:38:00,2.0,0.1005,0.012020815280171314,0.0,11,0,1,0
2021-01-11 11:39:00,0.0,0.0,0.0,0.0,11,0,1,0
2021-01-11 11:40:00,0.0,0.0,0.0,0.0,11,0,1,0
2021-01-11 11:41:00,1.0,0.103,0.0,0.0,11,0,1,0
2021-01-11 11:42:00,0.0,0.0,0.0,0.0,11,0,1,0
2021-01-11 11:43:00,1.0,0.14,0.0,0.0,11,0,1,0
2021-01-11 11:44:00,1.0,0.078,0.0,0.0,11,0,1,0
2021-01-11 11:45:00,2.0,0.1005,0.012020815280171314,0.0,11,0,1,0
2021-01-11 11:46:00,2.0,0.141,0.08909545442950498,0.0,11,0,1,0
2021-01-11 11:47:00,0.0,0.0,0.0,0.0,11,0,1,0
2021-01-11 11:48:00,0.0,0.0,0.0,0.0,11,0,1,0
2021-01-11 11:49:00,0.0,0.0,0.0,0.0,11,0,1,0
2021-01-11 11:50:00,1.0,0.305,0.0,0.0,11,0,1,0
2021-01-11 11:51:00,1.0,0.157,0.0,0.0,11,0,1,0
2021-01-11 11:52:00,1.0,0.078,0.0,0.0,11,0,1,0
2021-01-11 11:53:00,1.0,0.078,0.0,0.0,11,0,1,0
2021-01-11 11:54:00,2.0,0.08549999999999999,0.010606601717798217,0.0,11,0,1,0
2021-01-11 11:55:00,2.0,0.093,0.0,0.0,11,0,1,0
2021-01-11 11:56:00,0.0,0.0,0.0,0.0,11,0,1,0
2021-01-11 11:57:00,1.0,0.078,0.0,0.0,11,0,1,0
2021-01-11 11:58:00,0.0,0.0,0.0,0.0,11,0,1,0
2021-01-11 11:59:00,2.0,0.08549999999999999,0.010606601717798208,0.0,11,0,1,0
2021-01-11 12:00:00,1.0,0.109,0.0,0.0,12,0,1,0
2021-01-11 12:01:00,2.0,0.10900000000000001,0.04384062043356595,0.0,12,0,1,0
2021-01-11 12:02:00,2.0,0.101,0.011313708498984755,0.0,12,0,1,0
2021-01-11 12:03:00,0.0,0.0,0.0,0.0,12,0,1,0
2021-01-11 12:04:00,2.0,0.078,0.0,0.0,12,0,1,0
2021-01-11 12:05:00,1.0,0.078,0.0,0.0,12,0,1,0
2021-01-11 12:06:00,1.0,0.109,0.0,0.0,12,0,1,0
2021-01-11 12:07:00,1.0,0.109,0.0,0.0,12,0,1,0
2021-01-11 12:08:00,0.0,0.0,0.0,0.0,12,0,1,0
2021-01-11 12:09:00,2.0,0.101,0.011313708498984755,0.0,12,0,1,0
2021-01-11 12:10:00,0.0,0.0,0.0,0.0,12,0,1,0
2021-01-11 12:11:00,1.0,0.078,0.0,0.0,12,0,1,0
2021-01-11 12:12:00,1.0,0.156,0.0,0.0,12,0,1,0
2021-01-11 12:13:00,0.0,0.0,0.0,0.0,12,0,1,0
2021-01-11 12:14:00,1.0,0.095,0.0,0.0,12,0,1,0
2021-01-11 12:15:00,3.0,0.10333333333333333,0.04562163229580166,0.0,12,0,1,0
2021-01-11 12:16:00,1.0,0.078,0.0,0.0,12,0,1,0
2021-01-11 12:17:00,0.0,0.0,0.0,0.0,12,0,1,0
2021-01-11 12:18:00,0.0,0.0,0.0,0.0,12,0,1,0
2021-01-11 12:19:00,3.0,0.104,0.023895606290697043,0.0,12,0,1,0
2021-01-11 12:20:00,2.0,0.086,0.011313708498984755,0.0,12,0,1,0
2021-01-11 12:21:00,1.0,0.093,0.0,0.0,12,0,1,0
2021-01-11 12:22:00,0.0,0.0,0.0,0.0,12,0,1,0
2021-01-11 12:23:00,0.0,0.0,0.0,0.0,12,0,1,0
2021-01-11 12:24:00,2.0,0.078,0.0,0.0,12,0,1,0
2021-01-11 12:25:00,0.0,0.0,0.0,0.0,12,0,1,0
2021-01-11 12:26:00,1.0,0.093,0.0,0.0,12,0,1,0
2021-01-11 12:27:00,1.0,0.077,0.0,0.0,12,0,1,0
2021-01-11 12:28:00,1.0,0.093,0.0,0.0,12,0,1,0
2021-01-11 12:29:00,1.0,0.124,0.0,0.0,12,0,1,0
2021-01-11 12:30:00,2.0,0.11699999999999999,0.05515432893255071,0.0,12,0,1,0
2021-01-11 12:31:00,2.0,0.08549999999999999,0.010606601717798217,0.0,12,0,1,0
2021-01-11 12:32:00,3.0,0.12466666666666666,0.04119870548128101,0.0,12,0,1,0
2021-01-11 12:33:00,0.0,0.0,0.0,0.0,12,0,1,0
2021-01-11 12:34:00,2.0,0.0935,0.021920310216782972,0.0,12,0,1,0
2021-01-11 12:35:00,1.0,0.096,0.0,0.0,12,0,1,0
2021-01-11 12:36:00,2.0,0.07,0.011313708498984765,0.0,12,0,1,0
2021-01-11 12:37:00,2.0,0.077,0.0014142135623730963,0.0,12,0,1,0
2021-01-11 12:38:00,2.0,0.10300000000000001,0.008485281374238573,0.0,12,0,1,0
2021-01-11 12:39:00,1.0,0.078,0.0,0.0,12,0,1,0
2021-01-11 12:40:00,4.0,0.109,0.013063945294843613,0.0,12,0,1,0
2021-01-11 12:41:00,1.0,0.093,0.0,0.0,12,0,1,0
2021-01-11 12:42:00,1.0,0.125,0.0,0.0,12,0,1,0
2021-01-11 12:43:00,1.0,0.078,0.0,0.0,12,0,1,0
2021-01-11 12:44:00,0.0,0.0,0.0,0.0,12,0,1,0
2021-01-11 12:45:00,1.0,0.235,0.0,0.0,12,0,1,0
2021-01-11 12:46:00,2.0,0.132,0.05515432893255071,0.0,12,0,1,0
2021-01-11 12:47:00,2.0,0.1355,0.02899137802864845,0.0,12,0,1,0
2021-01-11 12:48:00,3.0,0.081,0.010583005244258365,0.0,12,0,1,0
2021-01-11 12:49:00,0.0,0.0,0.0,0.0,12,0,1,0
2021-01-11 12:50:00,1.0,0.078,0.0,0.0,12,0,1,0
2021-01-11 12:51:00,4.0,0.09325,0.012658988901172168,0.0,12,0,1,0
2021-01-11 12:52:00,1.0,0.093,0.0,0.0,12,0,1,0
2021-01-11 12:53:00,2.0,0.08549999999999999,0.010606601717798208,0.0,12,0,1,0
2021-01-11 12:54:00,1.0,0.187,0.0,0.0,12,0,1,0
2021-01-11 12:55:00,2.0,0.189,0.15697770542341355,0.0,12,0,1,0
2021-01-11 12:56:00,2.0,0.093,0.0,0.0,12,0,1,0
2021-01-11 12:57:00,4.0,0.105,0.015318833724101408,0.0,12,0,1,0
2021-01-11 12:58:00,1.0,0.093,0.0,0.0,12,0,1,0
2021-01-11 12:59:00,3.0,0.09833333333333333,0.009237604307034014,0.0,12,0,1,0
2021-01-11 13:00:00,2.0,0.10600000000000001,0.03959797974644667,0.0,13,0,1,0
2021-01-11 13:01:00,1.0,0.308,0.0,0.0,13,0,1,0
2021-01-11 13:02:00,1.0,0.093,0.0,0.0,13,0,1,0
2021-01-11 13:03:00,2.0,0.1165,0.03323401871576774,0.0,13,0,1,0
2021-01-11 13:04:00,1.0,0.298,0.0,0.0,13,0,1,0
2021-01-11 13:05:00,0.0,0.0,0.0,0.0,13,0,1,0
2021-01-11 13:06:00,1.0,0.125,0.0,0.0,13,0,1,0
2021-01-11 13:07:00,2.0,0.0945,0.0021213203435596446,0.0,13,0,1,0
2021-01-11 13:08:00,3.0,0.08833333333333333,0.008962886439832502,0.0,13,0,1,0
2021-01-11 13:09:00,1.0,0.093,0.0,0.0,13,0,1,0
2021-01-11 13:10:00,1.0,0.093,0.0,0.0,13,0,1,0
2021-01-11 13:11:00,0.0,0.0,0.0,0.0,13,0,1,0
2021-01-11 13:12:00,3.0,0.09866666666666667,0.008962886439832505,0.0,13,0,1,0
2021-01-11 13:13:00,2.0,0.0935,0.021920310216782972,0.0,13,0,1,0
2021-01-11 13:14:00,2.0,0.078,0.0,0.0,13,0,1,0
2021-01-11 13:15:00,1.0,0.109,0.0,0.0,13,0,1,0
2021-01-11 13:16:00,2.0,0.0775,0.021920310216782972,0.0,13,0,1,0
2021-01-11 13:17:00,1.0,0.169,0.0,0.0,13,0,1,0
2021-01-11 13:18:00,1.0,0.125,0.0,0.0,13,0,1,0
2021-01-11 13:19:00,1.0,0.093,0.0,0.0,13,0,1,0
2021-01-11 13:20:00,1.0,0.077,0.0,0.0,13,0,1,0
2021-01-11 13:21:00,1.0,0.077,0.0,0.0,13,0,1,0
2021-01-11 13:22:00,2.0,0.093,0.0,0.0,13,0,1,0
2021-01-11 13:23:00,3.0,0.081,0.010816653826391966,0.0,13,0,1,0
2021-01-11 13:24:00,0.0,0.0,0.0,0.0,13,0,1,0
2021-01-11 13:25:00,3.0,0.09333333333333334,0.015502687938977983,0.0,13,0,1,0
2021-01-11 13:26:00,3.0,0.109,0.016,0.0,13,0,1,0
2021-01-11 13:27:00,3.0,0.10333333333333333,0.0178978583448784,0.0,13,0,1,0
2021-01-11 13:28:00,3.0,0.083,0.008660254037844381,0.0,13,0,1,0
2021-01-11 13:29:00,1.0,0.111,0.0,0.0,13,0,1,0
2021-01-11 13:30:00,2.0,0.08549999999999999,0.010606601717798217,0.0,13,0,1,0
2021-01-11 13:31:00,2.0,0.0935,0.021920310216782972,0.0,13,0,1,0
2021-01-11 13:32:00,2.0,0.1015,0.03323401871576773,0.0,13,0,1,0
2021-01-11 13:33:00,2.0,0.101,0.011313708498984755,0.0,13,0,1,0
2021-01-11 13:34:00,2.0,0.2025,0.15485638507985391,0.0,13,0,1,0
2021-01-11 13:35:00,4.0,0.1285,0.046493727175466015,0.0,13,0,1,0
2021-01-11 13:36:00,5.0,0.1338,0.05232781287231484,0.0,13,0,1,0
2021-01-11 13:37:00,2.0,0.093,0.0,0.0,13,0,1,0
2021-01-11 13:38:00,2.0,0.08549999999999999,0.010606601717798208,0.0,13,0,1,0
2021-01-11 13:39:00,1.0,0.078,0.0,0.0,13,0,1,0
2021-01-11 13:40:00,2.0,0.0965,0.026162950903902263,0.0,13,0,1,0
2021-01-11 13:41:00,1.0,0.093,0.0,0.0,13,0,1,0
2021-01-11 13:42:00,4.0,0.08574999999999999,0.0155,0.0,13,0,1,0
2021-01-11 13:43:00,0.0,0.0,0.0,0.0,13,0,1,0
2021-01-11 13:44:00,2.0,0.088,0.014142135623730947,0.0,13,0,1,0
2021-01-11 13:45:00,2.0,0.093,0.0,0.0,13,0,1,0
2021-01-11 13:46:00,3.0,0.083,0.008660254037844381,0.0,13,0,1,0
2021-01-11 13:47:00,2.0,0.08549999999999999,0.010606601717798217,0.0,13,0,1,0
2021-01-11 13:48:00,4.0,0.101,0.02694438717061497,0.0,13,0,1,0
2021-01-11 13:49:00,1.0,0.093,0.0,0.0,13,0,1,0
2021-01-11 13:50:00,2.0,0.0925,0.0007071067811865482,0.0,13,0,1,0
2021-01-11 13:51:00,2.0,0.078,0.0,0.0,13,0,1,0
2021-01-11 13:52:00,3.0,0.11433333333333333,0.039272551907577044,0.0,13,0,1,0
2021-01-11 13:53:00,2.0,0.101,0.011313708498984765,0.0,13,0,1,0
2021-01-11 13:54:00,2.0,0.1495,0.057275649276110355,0.0,13,0,1,0
2021-01-11 13:55:00,3.0,0.11933333333333333,0.059079043097644474,0.0,13,0,1,0
2021-01-11 13:56:00,2.0,0.21050000000000002,0.1661700935788387,0.0,13,0,1,0
2021-01-11 13:57:00,2.0,0.093,0.0,0.0,13,0,1,0
2021-01-11 13:58:00,1.0,0.062,0.0,0.0,13,0,1,0
2021-01-11 13:59:00,3.0,0.09366666666666668,0.027135462651912412,0.0,13,0,1,0
2021-01-11 14:00:00,0.0,0.0,0.0,0.0,14,0,1,0
2021-01-11 14:01:00,2.0,0.093,0.0,0.0,14,0,1,0
2021-01-11 14:02:00,2.0,0.2015,0.17465537495307726,0.0,14,0,1,0
2021-01-11 14:03:00,1.0,0.093,0.0,0.0,14,0,1,0
2021-01-11 14:04:00,1.0,0.078,0.0,0.0,14,0,1,0
2021-01-11 14:05:00,4.0,0.11175,0.0389476143899298,0.0,14,0,1,0
2021-01-11 14:06:00,2.0,0.2185,0.15485638507985391,0.0,14,0,1,0
2021-01-11 14:07:00,1.0,0.086,0.0,0.0,14,0,1,0
2021-01-11 14:08:00,4.0,0.0895,0.014798648586948746,0.0,14,0,1,0
2021-01-11 14:09:00,2.0,0.093,0.0,0.0,14,0,1,0
2021-01-11 14:10:00,2.0,0.08549999999999999,0.010606601717798217,0.0,14,0,1,0
2021-01-11 14:11:00,4.0,0.10975,0.02922755549135096,0.0,14,0,1,0
2021-01-11 14:12:00,0.0,0.0,0.0,0.0,14,0,1,0
2021-01-11 14:13:00,2.0,0.1015,0.033234018715767734,0.0,14,0,1,0
2021-01-11 14:14:00,3.0,0.11933333333333333,0.032746501085357704,0.0,14,0,1,0
2021-01-11 14:15:00,3.0,0.078,0.0,0.0,14,0,1,0
2021-01-11 14:16:00,3.0,0.09333333333333334,0.015502687938977983,0.0,14,0,1,0
2021-01-11 14:17:00,3.0,0.118,0.023643180835073784,0.0,14,0,1,0
2021-01-11 14:18:00,4.0,0.0895,0.014798648586948742,0.0,14,0,1,0
2021-01-11 14:19:00,3.0,0.09266666666666667,0.016502525059315428,0.0,14,0,1,0
2021-01-11 14:20:00,2.0,0.0695,0.010606601717798217,0.0,14,0,1,0
2021-01-11 14:21:00,3.0,0.07966666666666666,0.012583057392117906,0.0,14,0,1,0
2021-01-11 14:22:00,0.0,0.0,0.0,0.0,14,0,1,0
2021-01-11 14:23:00,2.0,0.08549999999999999,0.010606601717798208,0.0,14,0,1,0
2021-01-11 14:24:00,3.0,0.23399999999999999,0.25731886833265843,0.0,14,0,1,0
2021-01-11 14:25:00,3.0,0.14033333333333334,0.04195632649950819,0.0,14,0,1,0
2021-01-11 14:26:00,2.0,0.109,0.0,0.0,14,0,1,0
2021-01-11 14:27:00,2.0,0.093,0.0,0.0,14,0,1,0
2021-01-11 14:28:00,2.0,0.11699999999999999,0.05515432893255071,0.0,14,0,1,0
2021-01-11 14:29:00,2.0,0.1245,0.06576093065034892,0.0,14,0,1,0
2021-01-11 14:30:00,4.0,0.08549999999999999,0.008660254037844383,0.0,14,0,1,0
2021-01-11 14:31:00,1.0,0.062,0.0,0.0,14,0,1,0
2021-01-11 14:32:00,3.0,0.07766666666666666,0.015502687938977978,0.0,14,0,1,0
2021-01-11 14:33:00,5.0,0.0878,0.020278066969018523,0.0,14,0,1,0
2021-01-11 14:34:00,2.0,0.08549999999999999,0.010606601717798208,0.0,14,0,1,0
2021-01-11 14:35:00,2.0,0.093,0.0,0.0,14,0,1,0
2021-01-11 14:36:00,4.0,0.10125,0.008958236433584458,0.0,14,0,1,0
2021-01-11 14:37:00,3.0,0.104,0.01819340539866025,0.0,14,0,1,0
2021-01-11 14:38:00,2.0,0.1405,0.08838834764831845,0.0,14,0,1,0
2021-01-11 14:39:00,3.0,0.13466666666666668,0.08548879068821441,0.0,14,0,1,0
2021-01-11 14:40:00,4.0,0.08175,0.019670197423174652,0.0,14,0,1,0
2021-01-11 14:41:00,4.0,0.08574999999999999,0.0155,0.0,14,0,1,0
2021-01-11 14:42:00,3.0,0.07266666666666667,0.009237604307034014,0.0,14,0,1,0
2021-01-11 14:43:00,2.0,0.093,0.0,0.0,14,0,1,0
2021-01-11 14:44:00,2.0,0.124,0.02121320343559643,0.0,14,0,1,0
2021-01-11 14:45:00,4.0,0.098,0.013613718571108093,0.0,14,0,1,0
2021-01-11 14:46:00,2.0,0.093,0.0,0.0,14,0,1,0
2021-01-11 14:47:00,1.0,0.078,0.0,0.0,14,0,1,0
2021-01-11 14:48:00,4.0,0.1285,0.07146327728281149,0.0,14,0,1,0
2021-01-11 14:49:00,5.0,0.10899999999999999,0.031630681307869425,0.0,14,0,1,0
2021-01-11 14:50:00,4.0,0.14800000000000002,0.12022478945708327,0.0,14,0,1,0
2021-01-11 14:51:00,2.0,0.078,0.0,0.0,14,0,1,0
2021-01-11 14:52:00,5.0,0.1012,0.01513935269422045,0.0,14,0,1,0
2021-01-11 14:53:00,4.0,0.09325,0.012658988901172164,0.0,14,0,1,0
2021-01-11 14:54:00,3.0,0.11433333333333333,0.02444040370643114,0.0,14,0,1,0
2021-01-11 14:55:00,3.0,0.109,0.015999999999999997,0.0,14,0,1,0
2021-01-11 14:56:00,3.0,0.09400000000000001,0.027730849247724093,0.0,14,0,1,0
2021-01-11 14:57:00,4.0,0.10075,0.009535023160258532,0.0,14,0,1,0
2021-01-11 14:58:00,2.0,0.109,0.02262741699796952,0.0,14,0,1,0
2021-01-11 14:59:00,2.0,0.08549999999999999,0.010606601717798217,0.0,14,0,1,0
2021-01-11 15:00:00,3.0,0.10533333333333333,0.037434387043643894,0.0,15,0,1,0
2021-01-11 15:01:00,4.0,0.1445,0.04227292277569649,0.0,15,0,1,0
2021-01-11 15:02:00,3.0,0.163,0.0694190175672344,0.0,15,0,1,0
2021-01-11 15:03:00,6.0,0.42383333333333334,0.46520594005952537,0.0,15,0,1,0
2021-01-11 15:04:00,3.0,0.16033333333333333,0.07710598766200544,0.0,15,0,1,0
2021-01-11 15:05:00,5.0,0.1152,0.008497058314499201,0.0,15,0,1,0
2021-01-11 15:06:00,6.0,0.14083333333333334,0.05462020383215964,0.0,15,0,1,0
2021-01-11 15:07:00,6.0,0.10883333333333334,0.01012752026246636,0.0,15,0,1,0
2021-01-11 15:08:00,6.0,0.122,0.040194526990623994,0.0,15,0,1,0
2021-01-11 15:09:00,8.0,0.11075,0.017669586461326305,0.0,15,0,1,0
2021-01-11 15:10:00,5.0,0.1752,0.09838038422368557,0.0,15,0,1,0
2021-01-11 15:11:00,6.0,0.11666666666666665,0.035336477847497286,0.0,15,0,1,0
2021-01-11 15:12:00,4.0,0.1205,0.014798648586948744,0.0,15,0,1,0
2021-01-11 15:13:00,4.0,0.1085,0.01226104943849968,0.0,15,0,1,0
2021-01-11 15:14:00,6.0,0.11433333333333334,0.030263289092011578,0.0,15,0,1,0
2021-01-11 15:15:00,4.0,0.13625,0.06560170221368752,0.0,15,0,1,0
2021-01-11 15:16:00,4.0,0.1365,0.02344497103147425,0.0,15,0,1,0
2021-01-11 15:17:00,4.0,0.081,0.029416548630546945,0.0,15,0,1,0
2021-01-11 15:18:00,3.0,0.078,0.0,0.0,15,0,1,0
2021-01-11 15:19:00,5.0,0.11699999999999999,0.05716205034811121,0.0,15,0,1,0
2021-01-11 15:20:00,6.0,0.09316666666666666,0.009806460455570437,0.0,15,0,1,0
2021-01-11 15:21:00,3.0,0.09300000000000001,0.0,0.0,15,0,1,0
2021-01-11 15:22:00,2.0,0.101,0.03252691193458119,0.0,15,0,1,0
2021-01-11 15:23:00,2.0,0.077,0.0014142135623730963,0.0,15,0,1,0
2021-01-11 15:24:00,6.0,0.09583333333333334,0.02285096642741105,0.0,15,0,1,0
2021-01-11 15:25:00,5.0,0.0838,0.0071203932475671595,0.0,15,0,1,0
2021-01-11 15:26:00,1.0,0.156,0.0,0.0,15,0,1,0
2021-01-11 15:27:00,1.0,0.093,0.0,0.0,15,0,1,0
2021-01-11 15:28:00,3.0,0.09500000000000001,0.01571623364550171,0.0,15,0,1,0
2021-01-11 15:29:00,3.0,0.079,0.01352774925846868,0.0,15,0,1,0
2021-01-11 15:30:00,5.0,0.0856,0.015820872289478854,0.0,15,0,1,0
2021-01-11 15:31:00,5.0,0.0996,0.03240833226193536,0.0,15,0,1,0
2021-01-11 15:32:00,5.0,0.0836,0.008619744775803982,0.0,15,0,1,0
2021-01-11 15:33:00,4.0,0.21699999999999997,0.23166498800351049,0.0,15,0,1,0
2021-01-11 15:34:00,3.0,0.08866666666666667,0.00665832811847939,0.0,15,0,1,0
2021-01-11 15:35:00,5.0,0.08399999999999999,0.008215838362577492,0.0,15,0,1,0
2021-01-11 15:36:00,3.0,0.20133333333333334,0.2310180368138673,0.0,15,0,1,0
2021-01-11 15:37:00,3.0,0.3013333333333333,0.2456101246555877,0.0,15,0,1,0
2021-01-11 15:38:00,4.0,0.08549999999999999,0.02014116845336106,0.0,15,0,1,0
2021-01-11 15:39:00,4.0,0.08175,0.007499999999999994,0.0,15,0,1,0
2021-01-11 15:40:00,3.0,0.109,0.031000000000000003,0.0,15,0,1,0
2021-01-11 15:41:00,2.0,0.078,0.0,0.0,15,0,1,0
2021-01-11 15:42:00,4.0,0.0995,0.022956480566497992,0.0,15,0,1,0
2021-01-11 15:43:00,4.0,0.10675,0.013225606476327149,0.0,15,0,1,0
2021-01-11 15:44:00,5.0,0.0964,0.020057417580536138,0.0,15,0,1,0
2021-01-11 15:45:00,6.0,0.08016666666666666,0.010684880283216402,0.0,15,0,1,0
2021-01-11 15:46:00,5.0,0.094,0.0017320508075688787,0.0,15,0,1,0
2021-01-11 15:47:00,4.0,0.13475,0.04945283948706416,0.0,15,0,1,0
2021-01-11 15:48:00,4.0,0.0935,0.0178978583448784,0.0,15,0,1,0
2021-01-11 15:49:00,5.0,0.0902,0.029919893047937192,0.0,15,0,1,0
2021-01-11 15:50:00,3.0,0.09300000000000001,0.0,0.0,15,0,1,0
2021-01-11 15:51:00,5.0,0.0772,0.004381780460041327,0.0,15,0,1,0
2021-01-11 15:52:00,6.0,0.09583333333333333,0.011889771514485326,0.0,15,0,1,0
2021-01-11 15:53:00,2.0,0.101,0.011313708498984765,0.0,15,0,1,0
2021-01-11 15:54:00,4.0,0.08574999999999999,0.0155,0.0,15,0,1,0
2021-01-11 15:55:00,2.0,0.093,0.0,0.0,15,0,1,0
2021-01-11 15:56:00,3.0,0.078,0.0,0.0,15,0,1,0
2021-01-11 15:57:00,2.0,0.078,0.0,0.0,15,0,1,0
2021-01-11 15:58:00,3.0,0.12533333333333332,0.02829016319029167,0.0,15,0,1,0
2021-01-11 15:59:00,4.0,0.097,0.019339079605813714,0.0,15,0,1,0
2021-01-11 16:00:00,4.0,0.09725,0.029364093720052054,0.0,16,0,1,0
2021-01-11 16:01:00,6.0,0.1135,0.034512316642033754,0.0,16,0,1,0
2021-01-11 16:02:00,4.0,0.14625,0.0543284762655215,0.0,16,0,1,0
2021-01-11 16:03:00,4.0,0.11175,0.017839562774911277,0.0,16,0,1,0
2021-01-11 16:04:00,1.0,0.11,0.0,0.0,16,0,1,0
2021-01-11 16:05:00,6.0,0.12483333333333334,0.026179508526071812,0.0,16,0,1,0
2021-01-11 16:06:00,5.0,0.1272,0.020873428084528908,0.0,16,0,1,0
2021-01-11 16:07:00,6.0,0.11716666666666668,0.013302881893284133,0.0,16,0,1,0
2021-01-11 16:08:00,4.0,0.11175,0.009708243919473798,0.0,16,0,1,0
2021-01-11 16:09:00,4.0,0.113,0.008,0.0,16,0,1,0
2021-01-11 16:10:00,2.0,0.08549999999999999,0.033234018715767734,0.0,16,0,1,0
2021-01-11 16:11:00,4.0,0.11225,0.009358596760910979,0.0,16,0,1,0
2021-01-11 16:12:00,4.0,0.109,0.0,0.0,16,0,1,0
2021-01-11 16:13:00,4.0,0.15,0.021556128285632983,0.0,16,0,1,0
2021-01-11 16:14:00,7.0,0.11342857142857143,0.011942321701371456,0.0,16,0,1,0
2021-01-11 16:15:00,2.0,0.11699999999999999,0.011313708498984765,0.0,16,0,1,0
2021-01-11 16:16:00,4.0,0.1165,0.02014116845336106,0.0,16,0,1,0
2021-01-11 16:17:00,4.0,0.15675,0.07519031409253013,0.0,16,0,1,0
2021-01-11 16:18:00,3.0,0.109,0.0,0.0,16,0,1,0
2021-01-11 16:19:00,3.0,0.11066666666666668,0.016258331197676258,0.0,16,0,1,0
2021-01-11 16:20:00,1.0,0.407,0.0,0.0,16,0,1,0
2021-01-11 16:21:00,3.0,0.11133333333333334,0.019604421270043488,0.0,16,0,1,0
2021-01-11 16:22:00,5.0,0.11839999999999999,0.013921206844235891,0.0,16,0,1,0
2021-01-11 16:23:00,6.0,0.14300000000000002,0.06357043337904815,0.0,16,0,1,0
2021-01-11 16:24:00,3.0,0.07633333333333332,0.013576941236277527,0.0,16,0,1,0
2021-01-11 16:25:00,4.0,0.09725,0.023056091024571648,0.0,16,0,1,0
2021-01-11 16:26:00,6.0,0.09933333333333333,0.02358530616012153,0.0,16,0,1,0
2021-01-11 16:27:00,4.0,0.08975,0.03456756668709366,0.0,16,0,1,0
2021-01-11 16:28:00,6.0,0.1255,0.03425054744088042,0.0,16,0,1,0
2021-01-11 16:29:00,1.0,0.093,0.0,0.0,16,0,1,0
2021-01-11 16:30:00,4.0,0.13225,0.04497684589504545,0.0,16,0,1,0
2021-01-11 16:31:00,4.0,0.1215,0.008504900548115384,0.0,16,0,1,0
2021-01-11 16:32:00,4.0,0.105,0.007999999999999998,0.0,16,0,1,0
2021-01-11 16:33:00,2.0,0.1875,0.021920310216782993,0.0,16,0,1,0
2021-01-11 16:34:00,4.0,0.20775000000000002,0.1584389998285355,0.0,16,0,1,0
2021-01-11 16:35:00,3.0,0.22366666666666668,0.10986506875860652,0.0,16,0,1,0
2021-01-11 16:36:00,3.0,0.13533333333333333,0.05514828495368948,0.0,16,0,1,0
2021-01-11 16:37:00,2.0,0.0935,0.021920310216782972,0.0,16,0,1,0
2021-01-11 16:38:00,4.0,0.10475,0.014885675440951053,0.0,16,0,1,0
2021-01-11 16:39:00,5.0,0.134,0.03768288736283354,0.0,16,0,1,0
2021-01-11 16:40:00,5.0,0.14120000000000002,0.07278873539222948,0.0,16,0,1,0
2021-01-11 16:41:00,6.0,0.11383333333333334,0.03200260406071148,0.0,16,0,1,0
2021-01-11 16:42:00,3.0,0.132,0.035679125549822555,0.0,16,0,1,0
2021-01-11 16:43:00,5.0,0.10600000000000001,0.020712315177207976,0.0,16,0,1,0
2021-01-11 16:44:00,3.0,0.09833333333333333,0.009237604307034018,0.0,16,0,1,0
2021-01-11 16:45:00,5.0,0.17200000000000001,0.08864254057730972,0.0,16,0,1,0
2021-01-11 16:46:00,3.0,0.17566666666666667,0.11807765806168978,0.0,16,0,1,0
2021-01-11 16:47:00,2.0,0.11449999999999999,0.01343502884254441,0.0,16,0,1,0
2021-01-11 16:48:00,5.0,0.1396,0.09738993787861248,0.0,16,0,1,0
2021-01-11 16:49:00,6.0,0.11133333333333334,0.011877148928369411,0.0,16,0,1,0
2021-01-11 16:50:00,4.0,0.1185,0.019,0.0,16,0,1,0
2021-01-11 16:51:00,4.0,0.112,0.01568438714135812,0.0,16,0,1,0
2021-01-11 16:52:00,5.0,0.1396,0.024684002916869067,0.0,16,0,1,0
2021-01-11 16:53:00,6.0,0.10983333333333334,0.019374381710564763,0.0,16,0,1,0
2021-01-11 16:54:00,2.0,0.109,0.02262741699796952,0.0,16,0,1,0
2021-01-11 16:55:00,2.0,0.1325,0.010606601717798222,0.0,16,0,1,0
2021-01-11 16:56:00,2.0,0.1605,0.05444722215136417,0.0,16,0,1,0
2021-01-11 16:57:00,3.0,0.12966666666666668,0.02400694344004112,0.0,16,0,1,0
2021-01-11 16:58:00,3.0,0.124,0.015000000000000008,0.0,16,0,1,0
2021-01-11 16:59:00,3.0,0.15533333333333335,0.04119870548128101,0.0,16,0,1,0
2021-01-11 17:00:00,6.0,0.12966666666666668,0.008016649341630629,0.0,17,0,1,0
2021-01-11 17:01:00,5.0,0.1182,0.008408329203831165,0.0,17,0,1,0
2021-01-11 17:02:00,5.0,0.153,0.09159967248849746,0.0,17,0,1,0
2021-01-11 17:03:00,4.0,0.17275,0.053767245295501864,0.0,17,0,1,0
2021-01-11 17:04:00,3.0,0.135,0.01819340539866025,0.0,17,0,1,0
2021-01-11 17:05:00,4.0,0.17149999999999999,0.04234383071948026,0.0,17,0,1,0
2021-01-11 17:06:00,5.0,0.1498,0.027905196648653093,0.0,17,0,1,0
2021-01-11 17:07:00,2.0,0.16499999999999998,0.055154328932550685,0.0,17,0,1,0
2021-01-11 17:08:00,5.0,0.11579999999999999,0.02413917977065501,0.0,17,0,1,0
2021-01-11 17:09:00,6.0,0.1035,0.016269603560013376,0.0,17,0,1,0
2021-01-11 17:10:00,4.0,0.10125,0.020271079563424013,0.0,17,0,1,0
2021-01-11 17:11:00,6.0,0.11416666666666668,0.02543553944123589,0.0,17,0,1,0
2021-01-11 17:12:00,4.0,0.101,0.016,0.0,17,0,1,0
2021-01-11 17:13:00,6.0,0.11416666666666668,0.0516659139730119,0.0,17,0,1,0
2021-01-11 17:14:00,6.0,0.125,0.025969212541007092,0.0,17,0,1,0
2021-01-11 17:15:00,4.0,0.10675,0.0012583057392117941,0.0,17,0,1,0
2021-01-11 17:16:00,3.0,0.16866666666666666,0.09066605391949811,0.0,17,0,1,0
2021-01-11 17:17:00,5.0,0.1246,0.01919114379082185,0.0,17,0,1,0
2021-01-11 17:18:00,5.0,0.16820000000000002,0.1615571106451214,0.0,17,0,1,0
2021-01-11 17:19:00,4.0,0.09375,0.022632940595512557,0.0,17,0,1,0
2021-01-11 17:20:00,3.0,0.11166666666666665,0.0583123771881522,0.0,17,0,1,0
2021-01-11 17:21:00,5.0,0.0902,0.012911235417263524,0.0,17,0,1,0
2021-01-11 17:22:00,3.0,0.13033333333333333,0.06565312889218101,0.0,17,0,1,0
2021-01-11 17:23:00,4.0,0.0895,0.014798648586948742,0.0,17,0,1,0
2021-01-11 17:24:00,2.0,0.132,0.01131370849898477,0.0,17,0,1,0
2021-01-11 17:25:00,5.0,0.125,0.07234638899074369,0.0,17,0,1,0
2021-01-11 17:26:00,4.0,0.10550000000000001,0.02666458325194677,0.0,17,0,1,0
2021-01-11 17:27:00,0.0,0.0,0.0,0.0,17,0,1,0
2021-01-11 17:28:00,5.0,0.1434,0.030104816890325046,0.0,17,0,1,0
2021-01-11 17:29:00,4.0,0.12475,0.012658988901172171,0.0,17,0,1,0
2021-01-11 17:30:00,3.0,0.12966666666666668,0.024006943440041124,0.0,17,0,1,0
2021-01-11 17:31:00,2.0,0.148,0.055154328932550706,0.0,17,0,1,0
2021-01-11 17:32:00,6.0,0.1406666666666667,0.02278303462374286,0.0,17,0,1,0
2021-01-11 17:33:00,2.0,0.1325,0.03323401871576773,0.0,17,0,1,0
2021-01-11 17:34:00,6.0,0.11933333333333333,0.016812693617224653,0.0,17,0,1,0
2021-01-11 17:35:00,4.0,0.14400000000000002,0.09164423968077136,0.0,17,0,1,0
2021-01-11 17:36:00,4.0,0.10475000000000001,0.02350000000000001,0.0,17,0,1,0
2021-01-11 17:37:00,3.0,0.10366666666666667,0.032347076117221686,0.0,17,0,1,0
2021-01-11 17:38:00,3.0,0.07733333333333332,0.0011547005383792516,0.0,17,0,1,0
2021-01-11 17:39:00,3.0,0.13466666666666668,0.04789919971495696,0.0,17,0,1,0
2021-01-11 17:40:00,5.0,0.14079999999999998,0.04167973128512227,0.0,17,0,1,0
2021-01-11 17:41:00,5.0,0.11000000000000001,0.022034064536530708,0.0,17,0,1,0
2021-01-11 17:42:00,6.0,0.12833333333333333,0.05459914529245551,0.0,17,0,1,0
2021-01-11 17:43:00,1.0,0.156,0.0,0.0,17,0,1,0
2021-01-11 17:44:00,3.0,0.08800000000000001,0.008660254037844385,0.0,17,0,1,0
2021-01-11 17:45:00,4.0,0.105,0.026545558322752735,0.0,17,0,1,0
2021-01-11 17:46:00,2.0,0.101,0.011313708498984765,0.0,17,0,1,0
2021-01-11 17:47:00,4.0,0.11725,0.00953502316025854,0.0,17,0,1,0
2021-01-11 17:48:00,3.0,0.121,0.01058300524425837,0.0,17,0,1,0
2021-01-11 17:49:00,5.0,0.137,0.025563646062328436,0.0,17,0,1,0
2021-01-11 17:50:00,2.0,0.14,0.0,0.0,17,0,1,0
2021-01-11 17:51:00,4.0,0.11275,0.007499999999999999,0.0,17,0,1,0
2021-01-11 17:52:00,5.0,0.1246,0.026847718711279743,0.0,17,0,1,0
2021-01-11 17:53:00,3.0,0.129,0.036386810797320514,0.0,17,0,1,0
2021-01-11 17:54:00,4.0,0.12075,0.007847504911329042,0.0,17,0,1,0
2021-01-11 17:55:00,5.0,0.2558,0.25154065277803506,0.0,17,0,1,0
2021-01-11 17:56:00,4.0,0.164,0.05426478293208835,0.0,17,0,1,0
2021-01-11 17:57:00,4.0,0.1215,0.025,0.0,17,0,1,0
2021-01-11 17:58:00,6.0,0.15333333333333335,0.045605555217173556,0.0,17,0,1,0
2021-01-11 17:59:00,5.0,0.1296,0.015339491516996265,0.0,17,0,1,0
2021-01-11 18:00:00,2.0,0.14100000000000001,0.0014142135623730866,0.0,18,0,0,0
2021-01-11 18:01:00,6.0,0.13633333333333333,0.016978417672641542,0.0,18,0,0,0
2021-01-11 18:02:00,5.0,0.16920000000000002,0.033862959114643244,0.0,18,0,0,0
2021-01-11 18:03:00,6.0,0.1185,0.013910427743243565,0.0,18,0,0,0
2021-01-11 18:04:00,4.0,0.11674999999999999,0.008958236433584454,0.0,18,0,0,0
2021-01-11 18:05:00,5.0,0.31779999999999997,0.44180334991939574,0.0,18,0,0,0
2021-01-11 18:06:00,5.0,0.1524,0.03384228124698453,0.0,18,0,0,0
2021-01-11 18:07:00,4.0,0.12975,0.024308777564218793,0.0,18,0,0,0
2021-01-11 18:08:00,5.0,0.1274,0.029971653274385786,0.0,18,0,0,0
2021-01-11 18:09:00,3.0,0.11299999999999999,0.009643650760992953,0.0,18,0,0,0
2021-01-11 18:10:00,4.0,0.1245,0.022158519806160345,0.0,18,0,0,0
2021-01-11 18:11:00,4.0,0.11649999999999999,0.015673757260678333,0.0,18,0,0,0
2021-01-11 18:12:00,2.0,0.109,0.0,0.0,18,0,0,0
2021-01-11 18:13:00,4.0,0.14400000000000002,0.041817061908587826,0.0,18,0,0,0
2021-01-11 18:14:00,4.0,0.136,0.01531883372410142,0.0,18,0,0,0
2021-01-11 18:15:00,5.0,0.1352,0.027289191999764296,0.0,18,0,0,0
2021-01-11 18:16:00,5.0,0.2024,0.16358575732624156,0.0,18,0,0,0
2021-01-11 18:17:00,6.0,0.15733333333333335,0.04375690421712518,0.0,18,0,0,0
2021-01-11 18:18:00,3.0,0.12,0.02487971060924945,0.0,18,0,0,0
2021-01-11 18:19:00,5.0,0.1444,0.03401911227530783,0.0,18,0,0,0
2021-01-11 18:20:00,2.0,0.1085,0.021920310216782972,0.0,18,0,0,0
2021-01-11 18:21:00,3.0,0.11733333333333333,0.02939954648176283,0.0,18,0,0,0
2021-01-11 18:22:00,1.0,0.109,0.0,0.0,18,0,0,0
2021-01-11 18:23:00,3.0,0.12966666666666668,0.024006943440041128,0.0,18,0,0,0
2021-01-11 18:24:00,3.0,0.15133333333333332,0.047689970993211275,0.0,18,0,0,0
2021-01-11 18:25:00,4.0,0.11275,0.015063753405664427,0.0,18,0,0,0
2021-01-11 18:26:00,4.0,0.11549999999999999,0.01515475722889241,0.0,18,0,0,0
2021-01-11 18:27:00,4.0,0.14350000000000002,0.027428695436227616,0.0,18,0,0,0
2021-01-11 18:28:00,3.0,0.12333333333333334,0.017559422921421236,0.0,18,0,0,0
2021-01-11 18:29:00,4.0,0.21050000000000002,0.11132385189167683,0.0,18,0,0,0
2021-01-11 18:30:00,3.0,0.146,0.05008991914547278,0.0,18,0,0,0
2021-01-11 18:31:00,2.0,0.16499999999999998,0.012727922061357838,0.0,18,0,0,0
2021-01-11 18:32:00,4.0,0.1635,0.09925220400575496,0.0,18,0,0,0
2021-01-11 18:33:00,3.0,0.14533333333333334,0.039272551907577044,0.0,18,0,0,0
2021-01-11 18:34:00,4.0,0.132,0.03250640962435974,0.0,18,0,0,0
2021-01-11 18:35:00,6.0,0.11833333333333333,0.018800709206481196,0.0,18,0,0,0
2021-01-11 18:36:00,5.0,0.14020000000000002,0.031003225638633156,0.0,18,0,0,0
2021-01-11 18:37:00,5.0,0.1276,0.020403431084011343,0.0,18,0,0,0
2021-01-11 18:38:00,5.0,0.11499999999999999,0.008689073598491383,0.0,18,0,0,0
2021-01-11 18:39:00,3.0,0.11433333333333333,0.009237604307034014,0.0,18,0,0,0
2021-01-11 18:40:00,5.0,0.1286,0.01800833140521354,0.0,18,0,0,0
2021-01-11 18:41:00,3.0,0.11533333333333334,0.022188585654190168,0.0,18,0,0,0
2021-01-11 18:42:00,4.0,0.11275,0.015063753405664427,0.0,18,0,0,0
2021-01-11 18:43:00,6.0,0.12733333333333333,0.01859749087018641,0.0,18,0,0,0
2021-01-11 18:44:00,4.0,0.1205,0.01479864858694875,0.0,18,0,0,0
2021-01-11 18:45:00,2.0,0.11699999999999999,0.011313708498984765,0.0,18,0,0,0
2021-01-11 18:46:00,5.0,0.13479999999999998,0.03750599952007679,0.0,18,0,0,0
2021-01-11 18:47:00,2.0,0.1395,0.020506096654409885,0.0,18,0,0,0
2021-01-11 18:48:00,2.0,0.132,0.01131370849898477,0.0,18,0,0,0
2021-01-11 18:49:00,4.0,0.139,0.027796882319185846,0.0,18,0,0,0
2021-01-11 18:50:00,4.0,0.12875,0.01543534904043313,0.0,18,0,0,0
2021-01-11 18:51:00,4.0,0.11649999999999999,0.015673757260678333,0.0,18,0,0,0
2021-01-11 18:52:00,4.0,0.17925000000000002,0.13195043261265446,0.0,18,0,0,0
2021-01-11 18:53:00,4.0,0.11675,0.015500000000000007,0.0,18,0,0,0
2021-01-11 18:54:00,2.0,0.122,0.025455844122715718,0.0,18,0,0,0
2021-01-11 18:55:00,5.0,0.1122,0.0071554175279993255,0.0,18,0,0,0
2021-01-11 18:56:00,4.0,0.1665,0.04646504062195578,0.0,18,0,0,0
2021-01-11 18:57:00,2.0,0.1355,0.016263455967290577,0.0,18,0,0,0
2021-01-11 18:58:00,3.0,0.12533333333333332,0.042899106439800494,0.0,18,0,0,0
2021-01-11 18:59:00,2.0,0.11649999999999999,0.010606601717798208,0.0,18,0,0,0
2021-01-11 19:00:00,3.0,0.124,0.015524174696260029,0.0,19,0,0,0
2021-01-11 19:01:00,4.0,0.1245,0.01789785834487841,0.0,19,0,0,0
2021-01-11 19:02:00,2.0,0.156,0.0,0.0,19,0,0,0
2021-01-11 19:03:00,4.0,0.1285,0.02344497103147425,0.0,19,0,0,0
2021-01-11 19:04:00,2.0,0.132,0.01131370849898477,0.0,19,0,0,0
2021-01-11 19:05:00,3.0,0.11933333333333333,0.025146238950056386,0.0,19,0,0,0
2021-01-11 19:06:00,4.0,0.14100000000000001,0.02851899951494325,0.0,19,0,0,0
2021-01-11 19:07:00,4.0,0.13225,0.03020347662107791,0.0,19,0,0,0
2021-01-11 19:08:00,1.0,0.176,0.0,0.0,19,0,0,0
2021-01-11 19:09:00,4.0,0.546,0.6470672298919178,0.0,19,0,0,0
2021-01-11 19:10:00,5.0,0.1526,0.04877294331901655,0.0,19,0,0,0
2021-01-11 19:11:00,2.0,0.11649999999999999,0.010606601717798208,0.0,19,0,0,0
2021-01-11 19:12:00,5.0,0.10900000000000001,0.011313708498984762,0.0,19,0,0,0
2021-01-11 19:13:00,3.0,0.19766666666666666,0.06379916404885987,0.0,19,0,0,0
2021-01-11 19:14:00,5.0,0.1268,0.01889973544788392,0.0,19,0,0,0
2021-01-11 19:15:00,5.0,0.1278,0.023306651411131547,0.0,19,0,0,0
2021-01-11 19:16:00,1.0,0.093,0.0,0.0,19,0,0,0
2021-01-11 19:17:00,4.0,0.11325,0.015628499608087786,0.0,19,0,0,0
2021-01-11 19:18:00,3.0,0.11399999999999999,0.008660254037844381,0.0,19,0,0,0
2021-01-11 19:19:00,6.0,0.11666666666666665,0.021620977467882132,0.0,19,0,0,0
2021-01-11 19:20:00,4.0,0.12825,0.007847504911329045,0.0,19,0,0,0
2021-01-11 19:21:00,4.0,0.1675,0.10876427109426454,0.0,19,0,0,0
2021-01-11 19:22:00,1.0,0.125,0.0,0.0,19,0,0,0
2021-01-11 19:23:00,4.0,0.11225,0.015261607604268517,0.0,19,0,0,0
2021-01-11 19:24:00,2.0,0.10250000000000001,0.009192388155425122,0.0,19,0,0,0
2021-01-11 19:25:00,2.0,0.109,0.0,0.0,19,0,0,0
2021-01-11 19:26:00,4.0,0.1285,0.02344497103147425,0.0,19,0,0,0
2021-01-11 19:27:00,6.0,0.11633333333333333,0.025374527910222624,0.0,19,0,0,0
2021-01-11 19:28:00,5.0,0.1308,0.02380546155822231,0.0,19,0,0,0
2021-01-11 19:29:00,5.0,0.11539999999999999,0.008763560920082656,0.0,19,0,0,0
2021-01-11 19:30:00,4.0,0.12825,0.00784750491132904,0.0,19,0,0,0
2021-01-11 19:31:00,4.0,0.15275,0.04236645685759746,0.0,19,0,0,0
2021-01-11 19:32:00,3.0,0.11933333333333333,0.017897858344878403,0.0,19,0,0,0
2021-01-11 19:33:00,4.0,0.12075,0.014885675440951061,0.0,19,0,0,0
2021-01-11 19:34:00,4.0,0.1365,0.02000833159794523,0.0,19,0,0,0
2021-01-11 19:35:00,3.0,0.12433333333333334,0.015502687938977987,0.0,19,0,0,0
2021-01-11 19:36:00,4.0,0.10925,0.013073510112692257,0.0,19,0,0,0
2021-01-11 19:37:00,3.0,0.171,0.05284884104689526,0.0,19,0,0,0
2021-01-11 19:38:00,7.0,0.169,0.14384829972347024,0.0,19,0,0,0
2021-01-11 19:39:00,2.0,0.146,0.05798275605729691,0.0,19,0,0,0
2021-01-11 19:40:00,2.0,0.1275,0.019091883092036764,0.0,19,0,0,0
2021-01-11 19:41:00,2.0,0.1255,0.023334523779156055,0.0,19,0,0,0
2021-01-11 19:42:00,0.0,0.0,0.0,0.0,19,0,0,0
2021-01-11 19:43:00,3.0,0.11133333333333334,0.011676186592091325,0.0,19,0,0,0
2021-01-11 19:44:00,1.0,0.14,0.0,0.0,19,0,0,0
2021-01-11 19:45:00,4.0,0.13525,0.02703547052793177,0.0,19,0,0,0
2021-01-11 19:46:00,4.0,0.12225,0.018246004128758344,0.0,19,0,0,0
2021-01-11 19:47:00,4.0,0.112,0.007393691004272941,0.0,19,0,0,0
2021-01-11 19:48:00,3.0,0.109,0.0,0.0,19,0,0,0
2021-01-11 19:49:00,2.0,0.10250000000000001,0.01343502884254441,0.0,19,0,0,0
2021-01-11 19:50:00,2.0,0.1085,0.021920310216782972,0.0,19,0,0,0
2021-01-11 19:51:00,2.0,0.11699999999999999,0.011313708498984765,0.0,19,0,0,0
2021-01-11 19:52:00,2.0,0.1245,0.0007071067811865482,0.0,19,0,0,0
2021-01-11 19:53:00,4.0,0.13225,0.03020347662107791,0.0,19,0,0,0
2021-01-11 19:54:00,2.0,0.11,0.0014142135623730963,0.0,19,0,0,0
2021-01-11 19:55:00,1.0,0.109,0.0,0.0,19,0,0,0
2021-01-11 19:56:00,1.0,0.109,0.0,0.0,19,0,0,0
2021-01-11 19:57:00,1.0,0.109,0.0,0.0,19,0,0,0
2021-01-11 19:58:00,4.0,0.11699999999999999,0.009237604307034011,0.0,19,0,0,0
2021-01-11 19:59:00,5.0,0.119,0.020724381776062704,0.0,19,0,0,0
2021-01-11 20:00:00,4.0,0.15775,0.05781219594514638,0.0,20,0,0,0
2021-01-11 20:01:00,0.0,0.0,0.0,0.0,20,0,0,0
2021-01-11 20:02:00,1.0,0.104,0.0,0.0,20,0,0,0
2021-01-11 20:03:00,2.0,0.112,0.004242640687119289,0.0,20,0,0,0
2021-01-11 20:04:00,0.0,0.0,0.0,0.0,20,0,0,0
2021-01-11 20:05:00,0.0,0.0,0.0,0.0,20,0,0,0
2021-01-11 20:06:00,0.0,0.0,0.0,0.0,20,0,0,0
2021-01-11 20:07:00,1.0,0.093,0.0,0.0,20,0,0,0
2021-01-11 20:08:00,5.0,0.1322,0.026994443872767598,0.0,20,0,0,0
2021-01-11 20:09:00,2.0,0.126,0.0028284271247461927,0.0,20,0,0,0
2021-01-11 20:10:00,0.0,0.0,0.0,0.0,20,0,0,0
2021-01-11 20:11:00,4.0,0.125,0.012247448713915894,0.0,20,0,0,0
2021-01-11 20:12:00,1.0,0.159,0.0,0.0,20,0,0,0
2021-01-11 20:13:00,4.0,0.122,0.015427248620541524,0.0,20,0,0,0
2021-01-11 20:14:00,5.0,0.13999999999999999,0.019196353820452462,0.0,20,0,0,0
2021-01-11 20:15:00,3.0,0.16133333333333333,0.039272551907577044,0.0,20,0,0,0
2021-01-11 20:16:00,4.0,0.28625,0.2883046710223983,0.0,20,0,0,0
2021-01-11 20:17:00,4.0,0.14775,0.04705581791872287,0.0,20,0,0,0
2021-01-11 20:18:00,3.0,0.15566666666666668,0.05616345193569687,0.0,20,0,0,0
2021-01-11 20:19:00,3.0,0.165,0.05624055476255547,0.0,20,0,0,0
2021-01-11 20:20:00,4.0,0.105,0.008,0.0,20,0,0,0
2021-01-11 20:21:00,3.0,0.12166666666666666,0.02193931022920578,0.0,20,0,0,0
2021-01-11 20:22:00,4.0,0.12825,0.034538625720585164,0.0,20,0,0,0
2021-01-11 20:23:00,3.0,0.11433333333333333,0.009237604307034008,0.0,20,0,0,0
2021-01-11 20:24:00,3.0,0.152,0.0407308237088326,0.0,20,0,0,0
2021-01-11 20:25:00,5.0,0.1042,0.010733126291998987,0.0,20,0,0,0
2021-01-11 20:26:00,3.0,0.119,0.00866025403784439,0.0,20,0,0,0
2021-01-11 20:27:00,2.0,0.101,0.011313708498984765,0.0,20,0,0,0
2021-01-11 20:28:00,3.0,0.21933333333333335,0.15222461474194424,0.0,20,0,0,0
2021-01-11 20:29:00,2.0,0.1195,0.006363961030678929,0.0,20,0,0,0
2021-01-11 20:30:00,3.0,0.13666666666666666,0.03572580766523457,0.0,20,0,0,0
2021-01-11 20:31:00,3.0,0.10733333333333334,0.017559422921421226,0.0,20,0,0,0
2021-01-11 20:32:00,5.0,0.1204,0.01633401359127634,0.0,20,0,0,0
2021-01-11 20:33:00,2.0,0.30300000000000005,0.05656854249492383,0.0,20,0,0,0
2021-01-11 20:34:00,4.0,0.20249999999999999,0.1469795904198947,0.0,20,0,0,0
2021-01-11 20:35:00,5.0,0.1256,0.011126544836560903,0.0,20,0,0,0
2021-01-11 20:36:00,3.0,0.13533333333333333,0.008082903768654764,0.0,20,0,0,0
2021-01-11 20:37:00,5.0,0.1416,0.02444994887520218,0.0,20,0,0,0
2021-01-11 20:38:00,5.0,0.267,0.2889290570364982,0.0,20,0,0,0
2021-01-11 20:39:00,4.0,0.15225,0.05105144464165534,0.0,20,0,0,0
2021-01-11 20:40:00,4.0,0.1285,0.014456832294800968,0.0,20,0,0,0
2021-01-11 20:41:00,1.0,0.14,0.0,0.0,20,0,0,0
2021-01-11 20:42:00,3.0,0.19633333333333333,0.1100923854466481,0.0,20,0,0,0
2021-01-11 20:43:00,0.0,0.0,0.0,0.0,20,0,0,0
2021-01-11 20:44:00,3.0,0.14100000000000001,0.01752141546793524,0.0,20,0,0,0
2021-01-11 20:45:00,1.0,0.14,0.0,0.0,20,0,0,0
2021-01-11 20:46:00,3.0,0.12433333333333334,0.015502687938977983,0.0,20,0,0,0
2021-01-11 20:47:00,2.0,0.1325,0.03323401871576773,0.0,20,0,0,0
2021-01-11 20:48:00,1.0,0.125,0.0,0.0,20,0,0,0
2021-01-11 20:49:00,2.0,0.138,0.02687005768508882,0.0,20,0,0,0
2021-01-11 20:50:00,1.0,0.109,0.0,0.0,20,0,0,0
2021-01-11 20:51:00,4.0,0.18275,0.10702764440398878,0.0,20,0,0,0
2021-01-11 20:52:00,5.0,0.1906,0.17581325319781782,0.0,20,0,0,0
2021-01-11 20:53:00,4.0,0.13425,0.035696638497203066,0.0,20,0,0,0
2021-01-11 20:54:00,4.0,0.11674999999999999,0.008958236433584463,0.0,20,0,0,0
2021-01-11 20:55:00,4.0,0.1325,0.03710795063055895,0.0,20,0,0,0
2021-01-11 20:56:00,4.0,0.15875,0.11042455946633128,0.0,20,0,0,0
2021-01-11 20:57:00,3.0,0.11933333333333333,0.01789785834487841,0.0,20,0,0,0
2021-01-11 20:58:00,2.0,0.1085,0.021920310216782972,0.0,20,0,0,0
2021-01-11 20:59:00,4.0,0.1245,0.012662279942148394,0.0,20,0,0,0
2021-01-11 21:00:00,4.0,0.1325,0.04700000000000001,0.0,21,0,0,0
2021-01-11 21:01:00,5.0,0.13740000000000002,0.039399238571322666,0.0,21,0,0,0
2021-01-11 21:02:00,1.0,0.149,0.0,0.0,21,0,0,0
2021-01-11 21:03:00,3.0,0.135,0.0594306318324145,0.0,21,0,0,0
2021-01-11 21:04:00,1.0,0.187,0.0,0.0,21,0,0,0
2021-01-11 21:05:00,4.0,0.105,0.007999999999999998,0.0,21,0,0,0
2021-01-11 21:06:00,2.0,0.101,0.011313708498984755,0.0,21,0,0,0
2021-01-11 21:07:00,1.0,0.109,0.0,0.0,21,0,0,0
2021-01-11 21:08:00,1.0,0.093,0.0,0.0,21,0,0,0
2021-01-11 21:09:00,3.0,0.12433333333333334,0.01550268793897799,0.0,21,0,0,0
2021-01-11 21:10:00,4.0,0.1255,0.012871156384205218,0.0,21,0,0,0
2021-01-11 21:11:00,2.0,0.1185,0.0134350288425444,0.0,21,0,0,0
2021-01-11 21:12:00,3.0,0.108,0.014525839046333948,0.0,21,0,0,0
2021-01-11 21:13:00,0.0,0.0,0.0,0.0,21,0,0,0
2021-01-11 21:14:00,3.0,0.14,0.04700000000000001,0.0,21,0,0,0
2021-01-11 21:15:00,4.0,0.12075,0.007847504911329033,0.0,21,0,0,0
2021-01-11 21:16:00,4.0,0.14025,0.02215663933602447,0.0,21,0,0,0
2021-01-11 21:17:00,2.0,0.14,0.04384062043356596,0.0,21,0,0,0
2021-01-11 21:18:00,2.0,0.1165,0.03323401871576774,0.0,21,0,0,0
2021-01-11 21:19:00,5.0,0.128,0.020712315177207983,0.0,21,0,0,0
2021-01-11 21:20:00,5.0,0.11259999999999999,0.017038192392387175,0.0,21,0,0,0
2021-01-11 21:21:00,3.0,0.119,0.008660254037844385,0.0,21,0,0,0
2021-01-11 21:22:00,4.0,0.11649999999999999,0.008660254037844383,0.0,21,0,0,0
2021-01-11 21:23:00,4.0,0.13175,0.01899780689097209,0.0,21,0,0,0
2021-01-11 21:24:00,5.0,0.13,0.032318725222384624,0.0,21,0,0,0
2021-01-11 21:25:00,2.0,0.109,0.0,0.0,21,0,0,0
2021-01-11 21:26:00,3.0,0.12433333333333334,0.01450287327853807,0.0,21,0,0,0
2021-01-11 21:27:00,2.0,0.109,0.02262741699796952,0.0,21,0,0,0
2021-01-11 21:28:00,2.0,0.124,0.0,0.0,21,0,0,0
2021-01-11 21:29:00,2.0,0.109,0.0,0.0,21,0,0,0
2021-01-11 21:30:00,3.0,0.14566666666666667,0.05107184482014854,0.0,21,0,0,0
2021-01-11 21:31:00,1.0,0.109,0.0,0.0,21,0,0,0
2021-01-11 21:32:00,0.0,0.0,0.0,0.0,21,0,0,0
2021-01-11 21:33:00,4.0,0.13025,0.04446253104206582,0.0,21,0,0,0
2021-01-11 21:34:00,3.0,0.11399999999999999,0.02389560629069705,0.0,21,0,0,0
2021-01-11 21:35:00,3.0,0.11433333333333333,0.009237604307034008,0.0,21,0,0,0
2021-01-11 21:36:00,2.0,0.10400000000000001,0.007071067811865467,0.0,21,0,0,0
2021-01-11 21:37:00,2.0,0.109,0.0,0.0,21,0,0,0
2021-01-11 21:38:00,3.0,0.10066666666666667,0.01443375672974064,0.0,21,0,0,0
2021-01-11 21:39:00,3.0,0.109,0.0,0.0,21,0,0,0
2021-01-11 21:40:00,3.0,0.15033333333333335,0.05907904309764446,0.0,21,0,0,0
2021-01-11 21:41:00,5.0,0.12840000000000001,0.02718087562975114,0.0,21,0,0,0
2021-01-11 21:42:00,5.0,0.1464,0.0549026411022275,0.0,21,0,0,0
2021-01-11 21:43:00,1.0,0.14,0.0,0.0,21,0,0,0
2021-01-11 21:44:00,2.0,0.11699999999999999,0.011313708498984755,0.0,21,0,0,0
2021-01-11 21:45:00,2.0,0.11599999999999999,0.009899494936611668,0.0,21,0,0,0
2021-01-11 21:46:00,2.0,0.109,0.0,0.0,21,0,0,0
2021-01-11 21:47:00,3.0,0.12966666666666668,0.01789785834487841,0.0,21,0,0,0
2021-01-11 21:48:00,1.0,0.112,0.0,0.0,21,0,0,0
2021-01-11 21:49:00,5.0,0.11440000000000002,0.014415269681833922,0.0,21,0,0,0
2021-01-11 21:50:00,4.0,0.11275,0.007499999999999994,0.0,21,0,0,0
2021-01-11 21:51:00,3.0,0.14033333333333334,0.05427092530382483,0.0,21,0,0,0
2021-01-11 21:52:00,1.0,0.125,0.0,0.0,21,0,0,0
2021-01-11 21:53:00,2.0,0.1165,0.03323401871576774,0.0,21,0,0,0
2021-01-11 21:54:00,1.0,0.156,0.0,0.0,21,0,0,0
2021-01-11 21:55:00,4.0,0.12875,0.023613202521753238,0.0,21,0,0,0
2021-01-11 21:56:00,3.0,0.13466666666666668,0.047899199714956965,0.0,21,0,0,0
2021-01-11 21:57:00,6.0,0.137,0.041545156155681974,0.0,21,0,0,0
2021-01-11 21:58:00,3.0,0.13,0.023895606290697043,0.0,21,0,0,0
2021-01-11 21:59:00,3.0,0.10366666666666667,0.009237604307034014,0.0,21,0,0,0
2021-01-11 22:00:00,1.0,0.109,0.0,0.0,22,0,0,0
2021-01-11 22:01:00,2.0,0.109,0.0,0.0,22,0,0,0
2021-01-11 22:02:00,2.0,0.125,0.0,0.0,22,0,0,0
2021-01-11 22:03:00,0.0,0.0,0.0,0.0,22,0,0,0
2021-01-11 22:04:00,2.0,0.101,0.011313708498984755,0.0,22,0,0,0
2021-01-11 22:05:00,5.0,0.11820000000000001,0.02094516650685786,0.0,22,0,0,0
2021-01-11 22:06:00,2.0,0.0975,0.01626345596729059,0.0,22,0,0,0
2021-01-11 22:07:00,7.0,0.19571428571428573,0.1546659995880524,0.0,22,0,0,0
2021-01-11 22:08:00,3.0,0.109,0.015999999999999997,0.0,22,0,0,0
2021-01-11 22:09:00,4.0,0.13625,0.02361320252175324,0.0,22,0,0,0
2021-01-11 22:10:00,1.0,0.109,0.0,0.0,22,0,0,0
2021-01-11 22:11:00,5.0,0.11200000000000002,0.006708203932499368,0.0,22,0,0,0
2021-01-11 22:12:00,3.0,0.11433333333333333,0.018475208614068026,0.0,22,0,0,0
2021-01-11 22:13:00,2.0,0.3355,0.055861435713737244,0.0,22,0,0,0
2021-01-11 22:14:00,3.0,0.12933333333333333,0.024440403706431153,0.0,22,0,0,0
2021-01-11 22:15:00,3.0,0.12466666666666666,0.01550268793897799,0.0,22,0,0,0
2021-01-11 22:16:00,2.0,0.11699999999999999,0.011313708498984765,0.0,22,0,0,0
2021-01-11 22:17:00,3.0,0.147,0.03328663395418648,0.0,22,0,0,0
2021-01-11 22:18:00,4.0,0.1445,0.051906968061459086,0.0,22,0,0,0
2021-01-11 22:19:00,2.0,0.13949999999999999,0.04737615433949867,0.0,22,0,0,0
2021-01-11 22:20:00,3.0,0.11366666666666665,0.008082903768654762,0.0,22,0,0,0
2021-01-11 22:21:00,1.0,0.109,0.0,0.0,22,0,0,0
2021-01-11 22:22:00,3.0,0.16366666666666665,0.06697263122599659,0.0,22,0,0,0
2021-01-11 22:23:00,4.0,0.121,0.0220454076850486,0.0,22,0,0,0
2021-01-11 22:24:00,2.0,0.11699999999999999,0.011313708498984765,0.0,22,0,0,0
2021-01-11 22:25:00,2.0,0.109,0.0,0.0,22,0,0,0
2021-01-11 22:26:00,3.0,0.11433333333333333,0.009237604307034014,0.0,22,0,0,0
2021-01-11 22:27:00,1.0,0.125,0.0,0.0,22,0,0,0
2021-01-11 22:28:00,0.0,0.0,0.0,0.0,22,0,0,0
2021-01-11 22:29:00,2.0,0.11649999999999999,0.010606601717798208,0.0,22,0,0,0
2021-01-11 22:30:00,3.0,0.12266666666666666,0.011930353445448858,0.0,22,0,0,0
2021-01-11 22:31:00,2.0,0.1245,0.02192031021678298,0.0,22,0,0,0
2021-01-11 22:32:00,5.0,0.2408,0.34734233833496314,0.0,22,0,0,0
2021-01-11 22:33:00,4.0,0.08574999999999999,0.008958236433584458,0.0,22,0,0,0
2021-01-11 22:34:00,3.0,0.08966666666666667,0.010115993936995683,0.0,22,0,0,0
2021-01-11 22:35:00,3.0,0.09833333333333333,0.009237604307034018,0.0,22,0,0,0
2021-01-11 22:36:00,1.0,0.093,0.0,0.0,22,0,0,0
2021-01-11 22:37:00,4.0,0.136,0.056112981266964124,0.0,22,0,0,0
2021-01-11 22:38:00,3.0,0.18700000000000003,0.13604411049361895,0.0,22,0,0,0
2021-01-11 22:39:00,3.0,0.11966666666666666,0.009237604307034013,0.0,22,0,0,0
2021-01-11 22:40:00,3.0,0.151,0.08697125962063561,0.0,22,0,0,0
2021-01-11 22:41:00,1.0,0.14,0.0,0.0,22,0,0,0
2021-01-11 22:42:00,1.0,0.156,0.0,0.0,22,0,0,0
2021-01-11 22:43:00,1.0,0.125,0.0,0.0,22,0,0,0
2021-01-11 22:44:00,2.0,0.109,0.02262741699796952,0.0,22,0,0,0
2021-01-11 22:45:00,2.0,0.11399999999999999,0.007071067811865477,0.0,22,0,0,0
2021-01-11 22:46:00,2.0,0.1245,0.02192031021678298,0.0,22,0,0,0
2021-01-11 22:47:00,4.0,0.14,0.01847520861406803,0.0,22,0,0,0
2021-01-11 22:48:00,4.0,0.109,0.0,0.0,22,0,0,0
2021-01-11 22:49:00,3.0,0.135,0.02389560629069705,0.0,22,0,0,0
2021-01-11 22:50:00,5.0,0.13599999999999998,0.03327160951922825,0.0,22,0,0,0
2021-01-11 22:51:00,2.0,0.1325,0.033234018715767734,0.0,22,0,0,0
2021-01-11 22:52:00,3.0,0.11399999999999999,0.006999999999999992,0.0,22,0,0,0
2021-01-11 22:53:00,2.0,0.109,0.0,0.0,22,0,0,0
2021-01-11 22:54:00,1.0,0.156,0.0,0.0,22,0,0,0
2021-01-11 22:55:00,3.0,0.12466666666666666,0.0011547005383792516,0.0,22,0,0,0
2021-01-11 22:56:00,2.0,0.11699999999999999,0.011313708498984765,0.0,22,0,0,0
2021-01-11 22:57:00,2.0,0.1405,0.023334523779156062,0.0,22,0,0,0
2021-01-11 22:58:00,0.0,0.0,0.0,0.0,22,0,0,0
2021-01-11 22:59:00,3.0,0.107,0.01808314132002513,0.0,22,0,0,0
2021-01-11 23:00:00,3.0,0.10366666666666667,0.018475208614068026,0.0,23,0,0,0
2021-01-11 23:01:00,3.0,0.14533333333333334,0.032347076117221686,0.0,23,0,0,0
2021-01-11 23:02:00,1.0,0.14,0.0,0.0,23,0,0,0
2021-01-11 23:03:00,2.0,0.11699999999999999,0.00989949493661166,0.0,23,0,0,0
2021-01-11 23:04:00,0.0,0.0,0.0,0.0,23,0,0,0
2021-01-11 23:05:00,2.0,0.1245,0.021920310216782986,0.0,23,0,0,0
2021-01-11 23:06:00,2.0,0.1265,0.024748737341529162,0.0,23,0,0,0
2021-01-11 23:07:00,2.0,0.1175,0.010606601717798217,0.0,23,0,0,0
2021-01-11 23:08:00,2.0,0.237,0.13576450198781714,0.0,23,0,0,0
2021-01-11 23:09:00,2.0,0.1255,0.0007071067811865482,0.0,23,0,0,0
2021-01-11 23:10:00,7.0,0.11442857142857144,0.013289809916588263,0.0,23,0,0,0
2021-01-11 23:11:00,2.0,0.1245,0.021920310216782986,0.0,23,0,0,0
2021-01-11 23:12:00,4.0,0.11425,0.007544313531837509,0.0,23,0,0,0
2021-01-11 23:13:00,5.0,0.10840000000000001,0.015757537878742348,0.0,23,0,0,0
2021-01-11 23:14:00,2.0,0.109,0.0,0.0,23,0,0,0
2021-01-11 23:15:00,6.0,0.11933333333333333,0.021472462985569835,0.0,23,0,0,0
2021-01-11 23:16:00,2.0,0.1085,0.021920310216782972,0.0,23,0,0,0
2021-01-11 23:17:00,3.0,0.09366666666666668,0.015011106998930272,0.0,23,0,0,0
2021-01-11 23:18:00,3.0,0.109,0.016,0.0,23,0,0,0
2021-01-11 23:19:00,2.0,0.109,0.0,0.0,23,0,0,0
2021-01-11 23:20:00,5.0,0.1152,0.02668707552355634,0.0,23,0,0,0
2021-01-11 23:21:00,4.0,0.216,0.24162643343254753,0.0,23,0,0,0
2021-01-11 23:22:00,3.0,0.08800000000000001,0.008660254037844385,0.0,23,0,0,0
2021-01-11 23:23:00,2.0,0.154,0.10748023074035523,0.0,23,0,0,0
2021-01-11 23:24:00,3.0,0.09333333333333334,0.015502687938977982,0.0,23,0,0,0
2021-01-11 23:25:00,5.0,0.11500000000000002,0.03904484601070928,0.0,23,0,0,0
2021-01-11 23:26:00,2.0,0.4885,0.51406662992262,0.0,23,0,0,0
2021-01-11 23:27:00,0.0,0.0,0.0,0.0,23,0,0,0
2021-01-11 23:28:00,4.0,0.0935,0.0178978583448784,0.0,23,0,0,0
2021-01-11 23:29:00,4.0,0.0975,0.029849623113198595,0.0,23,0,0,0
2021-01-11 23:30:00,5.0,0.0996,0.01392120684423589,0.0,23,0,0,0
2021-01-11 23:31:00,5.0,0.1076,0.022445489524623868,0.0,23,0,0,0
2021-01-11 23:32:00,3.0,0.14033333333333334,0.09526979234433826,0.0,23,0,0,0
2021-01-11 23:33:00,1.0,0.125,0.0,0.0,23,0,0,0
2021-01-11 23:34:00,3.0,0.12466666666666666,0.06825198409814423,0.0,23,0,0,0
2021-01-11 23:35:00,3.0,0.09333333333333334,0.01550268793897798,0.0,23,0,0,0
2021-01-11 23:36:00,2.0,0.101,0.011313708498984765,0.0,23,0,0,0
2021-01-11 23:37:00,2.0,0.0925,0.020506096654409875,0.0,23,0,0,0
2021-01-11 23:38:00,3.0,0.124,0.040632499307820105,0.0,23,0,0,0
2021-01-11 23:39:00,2.0,0.08549999999999999,0.010606601717798217,0.0,23,0,0,0
2021-01-11 23:40:00,2.0,0.08549999999999999,0.010606601717798208,0.0,23,0,0,0
2021-01-11 23:41:00,3.0,0.09833333333333333,0.023459184413217215,0.0,23,0,0,0
2021-01-11 23:42:00,2.0,0.2105,0.21001071401240462,0.0,23,0,0,0
2021-01-11 23:43:00,3.0,0.19633333333333333,0.178978583448784,0.0,23,0,0,0
2021-01-11 23:44:00,3.0,0.083,0.008660254037844381,0.0,23,0,0,0
2021-01-11 23:45:00,5.0,0.0998,0.014669696656713799,0.0,23,0,0,0
2021-01-11 23:46:00,4.0,0.08925,0.0075,0.0,23,0,0,0
2021-01-11 23:47:00,3.0,0.077,0.015524174696260024,0.0,23,0,0,0
2021-01-11 23:48:00,2.0,0.101,0.011313708498984755,0.0,23,0,0,0
2021-01-11 23:49:00,5.0,0.11099999999999999,0.0366674242345982,0.0,23,0,0,0
2021-01-11 23:50:00,7.0,0.11328571428571428,0.04437234230807252,0.0,23,0,0,0
2021-01-11 23:51:00,5.0,0.1186,0.04097316194779212,0.0,23,0,0,0
2021-01-11 23:52:00,3.0,0.09866666666666667,0.0178978583448784,0.0,23,0,0,0
2021-01-11 23:53:00,4.0,0.089,0.00734846922834954,0.0,23,0,0,0
2021-01-11 23:54:00,3.0,0.10366666666666667,0.018475208614068026,0.0,23,0,0,0
2021-01-11 23:55:00,4.0,0.0895,0.014798648586948742,0.0,23,0,0,0
2021-01-11 23:56:00,4.0,0.10225000000000001,0.025902059120206385,0.0,23,0,0,0
2021-01-11 23:57:00,3.0,0.08333333333333333,0.009237604307034014,0.0,23,0,0,0
2021-01-11 23:58:00,4.0,0.08925,0.007499999999999999,0.0,23,0,0,0
2021-01-11 23:59:00,2.0,0.1085,0.021920310216782972,0.0,23,0,0,0
2021-01-12 00:00:00,1.0,0.109,0.0,0.0,0,1,0,0
2021-01-12 00:01:00,2.0,0.08549999999999999,0.010606601717798217,0.0,0,1,0,0
2021-01-12 00:02:00,1.0,0.093,0.0,0.0,0,1,0,0
2021-01-12 00:03:00,2.0,0.126,0.04666904755831214,0.0,0,1,0,0
2021-01-12 00:04:00,2.0,0.11699999999999999,0.011313708498984755,0.0,0,1,0,0
2021-01-12 00:05:00,3.0,0.08800000000000001,0.008660254037844385,0.0,0,1,0,0
2021-01-12 00:06:00,0.0,0.0,0.0,0.0,0,1,0,0
2021-01-12 00:07:00,1.0,0.25,0.0,0.0,0,1,0,0
2021-01-12 00:08:00,4.0,0.1365,0.049047595931571056,0.0,0,1,0,0
2021-01-12 00:09:00,4.0,0.108,0.03385262175962152,0.0,0,1,0,0
2021-01-12 00:10:00,3.0,0.11433333333333333,0.039272551907577044,0.0,0,1,0,0
2021-01-12 00:11:00,2.0,0.101,0.011313708498984765,0.0,0,1,0,0
2021-01-12 00:12:00,3.0,0.08733333333333333,0.009814954576223642,0.0,0,1,0,0
2021-01-12 00:13:00,3.0,0.125,0.04233202097703344,0.0,0,1,0,0
2021-01-12 00:14:00,3.0,0.09333333333333334,0.01550268793897798,0.0,0,1,0,0
2021-01-12 00:15:00,1.0,0.078,0.0,0.0,0,1,0,0
2021-01-12 00:16:00,4.0,0.11725,0.03242812565248466,0.0,0,1,0,0
2021-01-12 00:17:00,4.0,0.08549999999999999,0.02014116845336106,0.0,0,1,0,0
2021-01-12 00:18:00,2.0,0.08549999999999999,0.010606601717798208,0.0,0,1,0,0
2021-01-12 00:19:00,4.0,0.097,0.008000000000000005,0.0,0,1,0,0
2021-01-12 00:20:00,5.0,0.09319999999999999,0.010963576058932598,0.0,0,1,0,0
2021-01-12 00:21:00,4.0,0.14300000000000002,0.03698648401781387,0.0,0,1,0,0
2021-01-12 00:22:00,4.0,0.13225,0.032428125652484666,0.0,0,1,0,0
2021-01-12 00:23:00,3.0,0.125,0.04158124577258359,0.0,0,1,0,0
2021-01-12 00:24:00,5.0,0.11339999999999999,0.03873370625179057,0.0,0,1,0,0
2021-01-12 00:25:00,3.0,0.14566666666666667,0.06429878174066234,0.0,0,1,0,0
2021-01-12 00:26:00,2.0,0.099,0.014142135623730958,0.0,0,1,0,0
2021-01-12 00:27:00,4.0,0.09825,0.022647663602823727,0.0,0,1,0,0
2021-01-12 00:28:00,1.0,0.064,0.0,0.0,0,1,0,0
2021-01-12 00:29:00,2.0,0.078,0.0,0.0,0,1,0,0
2021-01-12 00:30:00,1.0,0.093,0.0,0.0,0,1,0,0
2021-01-12 00:31:00,5.0,0.0994,0.00876356092008266,0.0,0,1,0,0
2021-01-12 00:32:00,2.0,0.109,0.02262741699796952,0.0,0,1,0,0
2021-01-12 00:33:00,2.0,0.101,0.011313708498984755,0.0,0,1,0,0
2021-01-12 00:34:00,3.0,0.12433333333333334,0.01550268793897799,0.0,0,1,0,0
2021-01-12 00:35:00,3.0,0.08833333333333333,0.008962886439832505,0.0,0,1,0,0
2021-01-12 00:36:00,3.0,0.09833333333333333,0.009237604307034018,0.0,0,1,0,0
2021-01-12 00:37:00,6.0,0.09000000000000001,0.012553883861180176,0.0,0,1,0,0
2021-01-12 00:38:00,4.0,0.125,0.062016126934854615,0.0,0,1,0,0
2021-01-12 00:39:00,3.0,0.09333333333333334,0.015502687938977985,0.0,0,1,0,0
2021-01-12 00:40:00,2.0,0.132,0.05515432893255071,0.0,0,1,0,0
2021-01-12 00:41:00,0.0,0.0,0.0,0.0,0,1,0,0
2021-01-12 00:42:00,3.0,0.11533333333333333,0.03356088993655164,0.0,0,1,0,0
2021-01-12 00:43:00,2.0,0.1245,0.021920310216782986,0.0,0,1,0,0
2021-01-12 00:44:00,1.0,0.078,0.0,0.0,0,1,0,0
2021-01-12 00:45:00,4.0,0.12825,0.0267004993711104,0.0,0,1,0,0
2021-01-12 00:46:00,3.0,0.13066666666666665,0.03752776749732567,0.0,0,1,0,0
2021-01-12 00:47:00,5.0,0.11579999999999999,0.02382645588416372,0.0,0,1,0,0
2021-01-12 00:48:00,5.0,0.1338,0.07533724178651618,0.0,0,1,0,0
2021-01-12 00:49:00,4.0,0.1285,0.023444971031474256,0.0,0,1,0,0
2021-01-12 00:50:00,4.0,0.125,0.03395094500402996,0.0,0,1,0,0
2021-01-12 00:51:00,2.0,0.08549999999999999,0.010606601717798208,0.0,0,1,0,0
2021-01-12 00:52:00,2.0,0.1245,0.044547727214752496,0.0,0,1,0,0
2021-01-12 00:53:00,6.0,0.09816666666666667,0.006145459028149701,0.0,0,1,0,0
2021-01-12 00:54:00,3.0,0.106,0.016822603841260723,0.0,0,1,0,0
2021-01-12 00:55:00,4.0,0.086,0.01208304597359457,0.0,0,1,0,0
2021-01-12 00:56:00,4.0,0.104,0.022226110770892867,0.0,0,1,0,0
2021-01-12 00:57:00,5.0,0.0964,0.017256882684888373,0.0,0,1,0,0
2021-01-12 00:58:00,3.0,0.132,0.0675499814951862,0.0,0,1,0,0
2021-01-12 00:59:00,3.0,0.106,0.022516660498395413,0.0,0,1,0,0
2021-01-12 01:00:00,4.0,0.11275,0.03461574786134196,0.0,1,1,0,0
2021-01-12 01:01:00,2.0,0.101,0.011313708498984755,0.0,1,1,0,0
2021-01-12 01:02:00,4.0,0.0915,0.013178264933847198,0.0,1,1,0,0
2021-01-12 01:03:00,4.0,0.101,0.015999999999999997,0.0,1,1,0,0
2021-01-12 01:04:00,3.0,0.07966666666666666,0.012583057392117908,0.0,1,1,0,0
2021-01-12 01:05:00,3.0,0.12433333333333334,0.02713546265191242,0.0,1,1,0,0
2021-01-12 01:06:00,4.0,0.11025,0.01664081328140745,0.0,1,1,0,0
2021-01-12 01:07:00,3.0,0.09866666666666667,0.0178978583448784,0.0,1,1,0,0
2021-01-12 01:08:00,1.0,0.093,0.0,0.0,1,1,0,0
2021-01-12 01:09:00,2.0,0.1085,0.021920310216782972,0.0,1,1,0,0
2021-01-12 01:10:00,2.0,0.078,0.0,0.0,1,1,0,0
2021-01-12 01:11:00,3.0,0.127,0.03724244889907215,0.0,1,1,0,0
2021-01-12 01:12:00,5.0,0.13040000000000002,0.050267285584164975,0.0,1,1,0,0
2021-01-12 01:13:00,5.0,0.1264,0.025764316408552358,0.0,1,1,0,0
2021-01-12 01:14:00,4.0,0.14500000000000002,0.11427160627207443,0.0,1,1,0,0
2021-01-12 01:15:00,3.0,0.09566666666666668,0.019139836293274128,0.0,1,1,0,0
2021-01-12 01:16:00,8.0,0.127125,0.05749642846050775,0.0,1,1,0,0
2021-01-12 01:17:00,5.0,0.13140000000000002,0.045047752441159584,0.0,1,1,0,0
2021-01-12 01:18:00,2.0,0.10400000000000001,0.015556349186104055,0.0,1,1,0,0
2021-01-12 01:19:00,4.0,0.109,0.0337934904974316,0.0,1,1,0,0
2021-01-12 01:20:00,2.0,0.093,0.0,0.0,1,1,0,0
2021-01-12 01:21:00,5.0,0.1226,0.01952690451658941,0.0,1,1,0,0
2021-01-12 01:22:00,4.0,0.1355,0.025093159758521184,0.0,1,1,0,0
2021-01-12 01:23:00,3.0,0.107,0.013114877048603995,0.0,1,1,0,0
2021-01-12 01:24:00,3.0,0.11399999999999999,0.008660254037844381,0.0,1,1,0,0
2021-01-12 01:25:00,2.0,0.14200000000000002,0.06929646455628168,0.0,1,1,0,0
2021-01-12 01:26:00,4.0,0.11275,0.02980352328165246,0.0,1,1,0,0
2021-01-12 01:27:00,2.0,0.109,0.02262741699796952,0.0,1,1,0,0
2021-01-12 01:28:00,3.0,0.12466666666666666,0.01550268793897799,0.0,1,1,0,0
2021-01-12 01:29:00,2.0,0.125,0.0,0.0,1,1,0,0
2021-01-12 01:30:00,1.0,0.15,0.0,0.0,1,1,0,0
2021-01-12 01:31:00,3.0,0.123,0.013114877048604003,0.0,1,1,0,0
2021-01-12 01:32:00,5.0,0.12179999999999999,0.013141537200799617,0.0,1,1,0,0
2021-01-12 01:33:00,4.0,0.105,0.008,0.0,1,1,0,0
2021-01-12 01:34:00,5.0,0.15299999999999997,0.07325639903789975,0.0,1,1,0,0
2021-01-12 01:35:00,3.0,0.12466666666666666,0.03150132272355136,0.0,1,1,0,0
2021-01-12 01:36:00,3.0,0.109,0.0,0.0,1,1,0,0
2021-01-12 01:37:00,3.0,0.109,0.0,0.0,1,1,0,0
2021-01-12 01:38:00,3.0,0.12533333333333332,0.028290163190291668,0.0,1,1,0,0
2021-01-12 01:39:00,4.0,0.11425,0.0070887234393789125,0.0,1,1,0,0
2021-01-12 01:40:00,3.0,0.12966666666666668,0.024006943440041124,0.0,1,1,0,0
2021-01-12 01:41:00,2.0,0.14800000000000002,0.01131370849898476,0.0,1,1,0,0
2021-01-12 01:42:00,3.0,0.11933333333333333,0.008962886439832502,0.0,1,1,0,0
2021-01-12 01:43:00,5.0,0.1122,0.007155417527999321,0.0,1,1,0,0
2021-01-12 01:44:00,5.0,0.10900000000000001,0.0,0.0,1,1,0,0
2021-01-12 01:45:00,3.0,0.10866666666666668,0.015502687938977976,0.0,1,1,0,0
2021-01-12 01:46:00,5.0,0.172,0.1011632344283238,0.0,1,1,0,0
2021-01-12 01:47:00,4.0,0.12,0.015340577998671813,0.0,1,1,0,0
2021-01-12 01:48:00,6.0,0.127,0.028558711455526152,0.0,1,1,0,0
2021-01-12 01:49:00,4.0,0.12825,0.026887109674836134,0.0,1,1,0,0
2021-01-12 01:50:00,4.0,0.12075,0.014885675440951063,0.0,1,1,0,0
2021-01-12 01:51:00,1.0,0.126,0.0,0.0,1,1,0,0
2021-01-12 01:52:00,4.0,0.1165,0.02014116845336106,0.0,1,1,0,0
2021-01-12 01:53:00,7.0,0.12628571428571428,0.02092617408664953,0.0,1,1,0,0
2021-01-12 01:54:00,6.0,0.119,0.013784048752090218,0.0,1,1,0,0
2021-01-12 01:55:00,4.0,0.109,0.013063945294843613,0.0,1,1,0,0
2021-01-12 01:56:00,5.0,0.118,0.00821583836257749,0.0,1,1,0,0
2021-01-12 01:57:00,6.0,0.11399999999999999,0.007745966692414832,0.0,1,1,0,0
2021-01-12 01:58:00,5.0,0.10900000000000001,0.011313708498984753,0.0,1,1,0,0
2021-01-12 01:59:00,4.0,0.11275,0.019670197423174655,0.0,1,1,0,0
2021-01-12 02:00:00,3.0,0.10933333333333334,0.016502525059315414,0.0,2,1,0,0
2021-01-12 02:01:00,8.0,0.113,0.007111359122659223,0.0,2,1,0,0
2021-01-12 02:02:00,14.0,0.1315,0.030012177015850898,0.0,2,1,0,0
2021-01-12 02:03:00,12.0,0.13675,0.03985456515427516,0.0,2,1,0,0
2021-01-12 02:04:00,10.0,0.1137,0.010687999500997991,0.0,2,1,0,0
2021-01-12 02:05:00,9.0,0.11777777777777779,0.01495641816894822,0.0,2,1,0,0
2021-01-12 02:06:00,11.0,0.12063636363636364,0.025808032576206688,0.0,2,1,0,0
2021-01-12 02:07:00,8.0,0.110125,0.013324922942687941,0.0,2,1,0,0
2021-01-12 02:08:00,8.0,0.1055,0.0065683222471843725,0.0,2,1,0,0
2021-01-12 02:09:00,6.0,0.12316666666666666,0.039275522487506986,0.0,2,1,0,0
2021-01-12 02:10:00,9.0,0.11588888888888887,0.02944675043381037,0.0,2,1,0,0
2021-01-12 02:11:00,7.0,0.12757142857142859,0.033024521913557627,0.0,2,1,0,0
2021-01-12 02:12:00,6.0,0.1275,0.05259562719466325,0.0,2,1,0,0
2021-01-12 02:13:00,4.0,0.11674999999999999,0.008958236433584456,0.0,2,1,0,0
2021-01-12 02:14:00,6.0,0.12133333333333333,0.023053560824017334,0.0,2,1,0,0
2021-01-12 02:15:00,5.0,0.1224,0.0175014285131243,0.0,2,1,0,0
2021-01-12 02:16:00,7.0,0.11342857142857143,0.007568732673685488,0.0,2,1,0,0
2021-01-12 02:17:00,7.0,0.1315714285714286,0.03361476432986525,0.0,2,1,0,0
2021-01-12 02:18:00,7.0,0.12228571428571429,0.036700201115317646,0.0,2,1,0,0
2021-01-12 02:19:00,4.0,0.109,0.013063945294843613,0.0,2,1,0,0
2021-01-12 02:20:00,7.0,0.12514285714285714,0.03301731147660053,0.0,2,1,0,0
2021-01-12 02:21:00,5.0,0.1274,0.02789802860418636,0.0,2,1,0,0
2021-01-12 02:22:00,6.0,0.1305,0.029049956970708238,0.0,2,1,0,0
2021-01-12 02:23:00,3.0,0.11933333333333333,0.008962886439832505,0.0,2,1,0,0
2021-01-12 02:24:00,6.0,0.127,0.018308467986153296,0.0,2,1,0,0
2021-01-12 02:25:00,3.0,0.19333333333333333,0.13329040975754156,0.0,2,1,0,0
2021-01-12 02:26:00,5.0,0.1306,0.017938784797192932,0.0,2,1,0,0
2021-01-12 02:27:00,3.0,0.109,0.0,0.0,2,1,0,0
2021-01-12 02:28:00,6.0,0.11516666666666668,0.014190372323045895,0.0,2,1,0,0
2021-01-12 02:29:00,6.0,0.11916666666666668,0.012576432986608991,0.0,2,1,0,0
2021-01-12 02:30:00,5.0,0.1152,0.008497058314499203,0.0,2,1,0,0
2021-01-12 02:31:00,7.0,0.12485714285714286,0.026034775278644597,0.0,2,1,0,0
2021-01-12 02:32:00,4.0,0.1235,0.012871156384205223,0.0,2,1,0,0
2021-01-12 02:33:00,6.0,0.11683333333333334,0.008588752334691382,0.0,2,1,0,0
2021-01-12 02:34:00,6.0,0.1175,0.017660690813215658,0.0,2,1,0,0
2021-01-12 02:35:00,5.0,0.137,0.04722816956012588,0.0,2,1,0,0
2021-01-12 02:36:00,6.0,0.12183333333333334,0.020894177817436767,0.0,2,1,0,0
2021-01-12 02:37:00,5.0,0.1058,0.0071554175279993255,0.0,2,1,0,0
2021-01-12 02:38:00,3.0,0.11366666666666665,0.0178978583448784,0.0,2,1,0,0
2021-01-12 02:39:00,5.0,0.1402,0.0535228922985296,0.0,2,1,0,0
2021-01-12 02:40:00,4.0,0.12175,0.01693861466196887,0.0,2,1,0,0
2021-01-12 02:41:00,4.0,0.11649999999999999,0.008660254037844388,0.0,2,1,0,0
2021-01-12 02:42:00,3.0,0.10933333333333334,0.0005773502691896243,0.0,2,1,0,0
2021-01-12 02:43:00,5.0,0.134,0.032310988842807024,0.0,2,1,0,0
2021-01-12 02:44:00,5.0,0.13920000000000002,0.024621129137389293,0.0,2,1,0,0
2021-01-12 02:45:00,5.0,0.1308,0.0135351394525509,0.0,2,1,0,0
2021-01-12 02:46:00,6.0,0.11266666666666668,0.013750151514316723,0.0,2,1,0,0
2021-01-12 02:47:00,4.0,0.1365,0.03226453160980337,0.0,2,1,0,0
2021-01-12 02:48:00,5.0,0.1308,0.024304320603547022,0.0,2,1,0,0
2021-01-12 02:49:00,3.0,0.13133333333333333,0.01628905563049415,0.0,2,1,0,0
2021-01-12 02:50:00,3.0,0.119,0.008660254037844385,0.0,2,1,0,0
2021-01-12 02:51:00,7.0,0.13257142857142856,0.05004616916027686,0.0,2,1,0,0
2021-01-12 02:52:00,5.0,0.124,0.02758622844826745,0.0,2,1,0,0
2021-01-12 02:53:00,3.0,0.11399999999999999,0.008660254037844387,0.0,2,1,0,0
2021-01-12 02:54:00,5.0,0.11379999999999998,0.006220932405998317,0.0,2,1,0,0
2021-01-12 02:55:00,4.0,0.16725,0.02910183270288431,0.0,2,1,0,0
2021-01-12 02:56:00,5.0,0.11179999999999998,0.012911235417263522,0.0,2,1,0,0
2021-01-12 02:57:00,5.0,0.11200000000000002,0.006708203932499362,0.0,2,1,0,0
2021-01-12 02:58:00,6.0,0.11566666666666665,0.01720077517633047,0.0,2,1,0,0
2021-01-12 02:59:00,5.0,0.13319999999999999,0.03537230555109463,0.0,2,1,0,0
2021-01-12 03:00:00,4.0,0.1955,0.12382110751671811,0.0,3,1,0,0
2021-01-12 03:01:00,5.0,0.118,0.008215838362577494,0.0,3,1,0,0
2021-01-12 03:02:00,2.0,0.1325,0.03323401871576773,0.0,3,1,0,0
2021-01-12 03:03:00,3.0,0.11066666666666668,0.0015275252316519462,0.0,3,1,0,0
2021-01-12 03:04:00,4.0,0.11275,0.007499999999999999,0.0,3,1,0,0
2021-01-12 03:05:00,2.0,0.109,0.0,0.0,3,1,0,0
2021-01-12 03:06:00,4.0,0.1075,0.014798648586948744,0.0,3,1,0,0
2021-01-12 03:07:00,3.0,0.13433333333333333,0.01703917055884274,0.0,3,1,0,0
2021-01-12 03:08:00,4.0,0.13225,0.02684989137159901,0.0,3,1,0,0
2021-01-12 03:09:00,4.0,0.13524999999999998,0.055198882838936765,0.0,3,1,0,0
2021-01-12 03:10:00,5.0,0.1434,0.06884257403671075,0.0,3,1,0,0
2021-01-12 03:11:00,3.0,0.11933333333333333,0.017897858344878406,0.0,3,1,0,0
2021-01-12 03:12:00,4.0,0.14575,0.06328441092928548,0.0,3,1,0,0
2021-01-12 03:13:00,5.0,0.1082,0.01103177229641729,0.0,3,1,0,0
2021-01-12 03:14:00,5.0,0.10939999999999998,0.02041568024827975,0.0,3,1,0,0
2021-01-12 03:15:00,5.0,0.10900000000000001,0.010606601717798213,0.0,3,1,0,0
2021-01-12 03:16:00,4.0,0.12475,0.02215663933602447,0.0,3,1,0,0
2021-01-12 03:17:00,3.0,0.137,0.0533572862878164,0.0,3,1,0,0
2021-01-12 03:18:00,5.0,0.1046,0.006949820141557626,0.0,3,1,0,0
2021-01-12 03:19:00,4.0,0.10925,0.0020615528128088323,0.0,3,1,0,0
2021-01-12 03:20:00,4.0,0.10475,0.014885675440951047,0.0,3,1,0,0
2021-01-12 03:21:00,2.0,0.11649999999999999,0.010606601717798208,0.0,3,1,0,0
2021-01-12 03:22:00,4.0,0.105,0.01531883372410141,0.0,3,1,0,0
2021-01-12 03:23:00,5.0,0.119,0.018316659084014208,0.0,3,1,0,0
2021-01-12 03:24:00,4.0,0.11275,0.007499999999999994,0.0,3,1,0,0
2021-01-12 03:25:00,4.0,0.1565,0.09566782809980234,0.0,3,1,0,0
2021-01-12 03:26:00,4.0,0.10875,0.012658988901172162,0.0,3,1,0,0
2021-01-12 03:27:00,3.0,0.09833333333333333,0.009237604307034013,0.0,3,1,0,0
2021-01-12 03:28:00,4.0,0.109,0.013063945294843619,0.0,3,1,0,0
2021-01-12 03:29:00,5.0,0.118,0.032310988842807024,0.0,3,1,0,0
2021-01-12 03:30:00,6.0,0.12233333333333334,0.02818273703291904,0.0,3,1,0,0
2021-01-12 03:31:00,5.0,0.1214,0.023330237889914455,0.0,3,1,0,0
2021-01-12 03:32:00,4.0,0.1125,0.008386497083606085,0.0,3,1,0,0
2021-01-12 03:33:00,5.0,0.10880000000000001,0.011322543883774527,0.0,3,1,0,0
2021-01-12 03:34:00,2.0,0.118,0.012727922061357862,0.0,3,1,0,0
2021-01-12 03:35:00,5.0,0.1596,0.12064327581759375,0.0,3,1,0,0
2021-01-12 03:36:00,3.0,0.11933333333333333,0.01789785834487841,0.0,3,1,0,0
2021-01-12 03:37:00,3.0,0.11399999999999999,0.008660254037844385,0.0,3,1,0,0
2021-01-12 03:38:00,4.0,0.38075,0.5129895223101539,0.0,3,1,0,0
2021-01-12 03:39:00,4.0,0.11275,0.007499999999999998,0.0,3,1,0,0
2021-01-12 03:40:00,2.0,0.10500000000000001,0.00565685424949238,0.0,3,1,0,0
2021-01-12 03:41:00,5.0,0.10540000000000001,0.007503332592921625,0.0,3,1,0,0
2021-01-12 03:42:00,4.0,0.11325,0.007228416147400478,0.0,3,1,0,0
2021-01-12 03:43:00,4.0,0.12825,0.02688710967483613,0.0,3,1,0,0
2021-01-12 03:44:00,6.0,0.1115,0.011827933040053955,0.0,3,1,0,0
2021-01-12 03:45:00,7.0,0.10871428571428572,0.01267167820659239,0.0,3,1,0,0
2021-01-12 03:46:00,4.0,0.15275,0.059985414893955674,0.0,3,1,0,0
2021-01-12 03:47:00,6.0,0.11666666666666665,0.0164032517101539,0.0,3,1,0,0
2021-01-12 03:48:00,3.0,0.15566666666666668,0.015502687938977987,0.0,3,1,0,0
2021-01-12 03:49:00,5.0,0.11839999999999999,0.01392120684423589,0.0,3,1,0,0
2021-01-12 03:50:00,4.0,0.113,0.007999999999999998,0.0,3,1,0,0
2021-01-12 03:51:00,3.0,0.11933333333333333,0.008962886439832502,0.0,3,1,0,0
2021-01-12 03:52:00,4.0,0.10925,0.01271154331044556,0.0,3,1,0,0
2021-01-12 03:53:00,5.0,0.1056,0.02044015655517345,0.0,3,1,0,0
2021-01-12 03:54:00,1.0,0.102,0.0,0.0,3,1,0,0
2021-01-12 03:55:00,2.0,0.11699999999999999,0.011313708498984765,0.0,3,1,0,0
2021-01-12 03:56:00,2.0,0.109,0.0,0.0,3,1,0,0
2021-01-12 03:57:00,5.0,0.10880000000000001,0.01061602562167217,0.0,3,1,0,0
2021-01-12 03:58:00,5.0,0.1096,0.01684636459299157,0.0,3,1,0,0
2021-01-12 03:59:00,6.0,0.11916666666666666,0.021423507338124325,0.0,3,1,0,0
2021-01-12 04:00:00,4.0,0.109,0.013063945294843613,0.0,4,1,0,0
2021-01-12 04:01:00,2.0,0.101,0.011313708498984755,0.0,4,1,0,0
2021-01-12 04:02:00,4.0,0.18025,0.10482803378231735,0.0,4,1,0,0
2021-01-12 04:03:00,5.0,0.11839999999999999,0.023870483866063545,0.0,4,1,0,0
2021-01-12 04:04:00,6.0,0.13183333333333333,0.02026244473568446,0.0,4,1,0,0
2021-01-12 04:05:00,3.0,0.14033333333333334,0.031005375877955967,0.0,4,1,0,0
2021-01-12 04:06:00,6.0,0.11933333333333333,0.00801664934163062,0.0,4,1,0,0
2021-01-12 04:07:00,5.0,0.11200000000000002,0.017117242768623694,0.0,4,1,0,0
2021-01-12 04:08:00,2.0,0.101,0.011313708498984765,0.0,4,1,0,0
2021-01-12 04:09:00,4.0,0.13975,0.07320006830597905,0.0,4,1,0,0
2021-01-12 04:10:00,4.0,0.113,0.007348469228349531,0.0,4,1,0,0
2021-01-12 04:11:00,4.0,0.1365,0.044970360609331725,0.0,4,1,0,0
2021-01-12 04:12:00,5.0,0.13,0.026617663308412337,0.0,4,1,0,0
2021-01-12 04:13:00,4.0,0.12825,0.03213902093509799,0.0,4,1,0,0
2021-01-12 04:14:00,2.0,0.2915,0.2722361107568208,0.0,4,1,0,0
2021-01-12 04:15:00,5.0,0.11259999999999999,0.01663730747446834,0.0,4,1,0,0
2021-01-12 04:16:00,4.0,0.11775,0.010307764064044156,0.0,4,1,0,0
2021-01-12 04:17:00,4.0,0.11649999999999999,0.008660254037844388,0.0,4,1,0,0
2021-01-12 04:18:00,4.0,0.15075,0.02282359889821643,0.0,4,1,0,0
2021-01-12 04:19:00,5.0,0.11499999999999999,0.017762319668331614,0.0,4,1,0,0
2021-01-12 04:20:00,3.0,0.10866666666666668,0.015502687938977973,0.0,4,1,0,0
2021-01-12 04:21:00,3.0,0.11399999999999999,0.008660254037844381,0.0,4,1,0,0
2021-01-12 04:22:00,3.0,0.14066666666666666,0.04082074635933711,0.0,4,1,0,0
2021-01-12 04:23:00,4.0,0.10475,0.014885675440951053,0.0,4,1,0,0
2021-01-12 04:24:00,4.0,0.10475,0.014885675440951053,0.0,4,1,0,0
2021-01-12 04:25:00,0.0,0.0,0.0,0.0,4,1,0,0
2021-01-12 04:26:00,3.0,0.11933333333333333,0.008962886439832502,0.0,4,1,0,0
2021-01-12 04:27:00,5.0,0.11479999999999999,0.01380941707676323,0.0,4,1,0,0
2021-01-12 04:28:00,5.0,0.1092,0.011009087155618307,0.0,4,1,0,0
2021-01-12 04:29:00,3.0,0.11399999999999999,0.008660254037844381,0.0,4,1,0,0
2021-01-12 04:30:00,2.0,0.109,0.0,0.0,4,1,0,0
2021-01-12 04:31:00,2.0,0.1325,0.010606601717798222,0.0,4,1,0,0
2021-01-12 04:32:00,3.0,0.124,0.015524174696260032,0.0,4,1,0,0
2021-01-12 04:33:00,2.0,0.101,0.011313708498984755,0.0,4,1,0,0
2021-01-12 04:34:00,2.0,0.093,0.0,0.0,4,1,0,0
2021-01-12 04:35:00,3.0,0.2813333333333333,0.29849008917103653,0.0,4,1,0,0
2021-01-12 04:36:00,4.0,0.09325,0.012658988901172164,0.0,4,1,0,0
2021-01-12 04:37:00,2.0,0.078,0.0,0.0,4,1,0,0
2021-01-12 04:38:00,2.0,0.093,0.0,0.0,4,1,0,0
2021-01-12 04:39:00,2.0,0.1245,0.044547727214752496,0.0,4,1,0,0
2021-01-12 04:40:00,6.0,0.09833333333333333,0.02355985285749185,0.0,4,1,0,0
2021-01-12 04:41:00,2.0,0.11699999999999999,0.055154328932550706,0.0,4,1,0,0
2021-01-12 04:42:00,5.0,0.0978,0.02554799405041421,0.0,4,1,0,0
2021-01-12 04:43:00,5.0,0.0902,0.012911235417263524,0.0,4,1,0,0
2021-01-12 04:44:00,4.0,0.0905,0.013868429375143144,0.0,4,1,0,0
2021-01-12 04:45:00,3.0,0.20533333333333334,0.06061627944152738,0.0,4,1,0,0
2021-01-12 04:46:00,4.0,0.23575,0.22536248578678753,0.0,4,1,0,0
2021-01-12 04:47:00,2.0,0.08549999999999999,0.010606601717798208,0.0,4,1,0,0
2021-01-12 04:48:00,4.0,0.09225,0.03192047409840065,0.0,4,1,0,0
2021-01-12 04:49:00,2.0,0.0905,0.0035355339059327407,0.0,4,1,0,0
2021-01-12 04:50:00,3.0,0.10333333333333333,0.022744962812309304,0.0,4,1,0,0
2021-01-12 04:51:00,3.0,0.09333333333333334,0.012503332889007372,0.0,4,1,0,0
2021-01-12 04:52:00,3.0,0.08800000000000001,0.008660254037844385,0.0,4,1,0,0
2021-01-12 04:53:00,2.0,0.08549999999999999,0.010606601717798208,0.0,4,1,0,0
2021-01-12 04:54:00,4.0,0.1165,0.03710795063055895,0.0,4,1,0,0
2021-01-12 04:55:00,5.0,0.0962,0.016902662512160622,0.0,4,1,0,0
2021-01-12 04:56:00,3.0,0.114,0.04992995093127972,0.0,4,1,0,0
2021-01-12 04:57:00,3.0,0.083,0.008660254037844385,0.0,4,1,0,0
2021-01-12 04:58:00,3.0,0.08800000000000001,0.008660254037844385,0.0,4,1,0,0
2021-01-12 04:59:00,2.0,0.0865,0.019091883092036795,0.0,4,1,0,0
2021-01-12 05:00:00,1.0,0.078,0.0,0.0,5,1,0,0
2021-01-12 05:01:00,2.0,0.0775,0.0007071067811865482,0.0,5,1,0,0
2021-01-12 05:02:00,2.0,0.08499999999999999,0.011313708498984765,0.0,5,1,0,0
2021-01-12 05:03:00,3.0,0.10433333333333333,0.009865765724632498,0.0,5,1,0,0
2021-01-12 05:04:00,3.0,0.09933333333333333,0.03695041722813604,0.0,5,1,0,0
2021-01-12 05:05:00,2.0,0.093,0.0,0.0,5,1,0,0
2021-01-12 05:06:00,1.0,0.14,0.0,0.0,5,1,0,0
2021-01-12 05:07:00,2.0,0.11649999999999999,0.010606601717798217,0.0,5,1,0,0
2021-01-12 05:08:00,2.0,0.0945,0.0021213203435596446,0.0,5,1,0,0
2021-01-12 05:09:00,3.0,0.08366666666666667,0.009814954576223639,0.0,5,1,0,0
2021-01-12 05:10:00,3.0,0.08433333333333333,0.015011106998930268,0.0,5,1,0,0
2021-01-12 05:11:00,4.0,0.09775,0.014032699906527845,0.0,5,1,0,0
2021-01-12 05:12:00,2.0,0.08549999999999999,0.010606601717798208,0.0,5,1,0,0
2021-01-12 05:13:00,3.0,0.10033333333333333,0.009073771725877474,0.0,5,1,0,0
2021-01-12 05:14:00,5.0,0.1058,0.020290391814846754,0.0,5,1,0,0
2021-01-12 05:15:00,4.0,0.12475,0.09435526835670952,0.0,5,1,0,0
2021-01-12 05:16:00,5.0,0.11839999999999999,0.0397215306855111,0.0,5,1,0,0
2021-01-12 05:17:00,3.0,0.09866666666666667,0.0178978583448784,0.0,5,1,0,0
2021-01-12 05:18:00,4.0,0.08925,0.007499999999999999,0.0,5,1,0,0
2021-01-12 05:19:00,4.0,0.101,0.016,0.0,5,1,0,0
2021-01-12 05:20:00,5.0,0.0938,0.016315636671610463,0.0,5,1,0,0
2021-01-12 05:21:00,3.0,0.09999999999999999,0.02621068484416232,0.0,5,1,0,0
2021-01-12 05:22:00,1.0,0.078,0.0,0.0,5,1,0,0
2021-01-12 05:23:00,2.0,0.08549999999999999,0.010606601717798217,0.0,5,1,0,0
2021-01-12 05:24:00,2.0,0.093,0.0,0.0,5,1,0,0
2021-01-12 05:25:00,2.0,0.109,0.02262741699796952,0.0,5,1,0,0
2021-01-12 05:26:00,2.0,0.109,0.0,0.0,5,1,0,0
2021-01-12 05:27:00,3.0,0.08800000000000001,0.008660254037844385,0.0,5,1,0,0
2021-01-12 05:28:00,4.0,0.14875,0.11155379868027804,0.0,5,1,0,0
2021-01-12 05:29:00,2.0,0.087,0.009899494936611668,0.0,5,1,0,0
2021-01-12 05:30:00,2.0,0.101,0.03252691193458119,0.0,5,1,0,0
2021-01-12 05:31:00,3.0,0.09033333333333333,0.016441816606851362,0.0,5,1,0,0
2021-01-12 05:32:00,4.0,0.113,0.03472751070837067,0.0,5,1,0,0
2021-01-12 05:33:00,1.0,0.078,0.0,0.0,5,1,0,0
2021-01-12 05:34:00,2.0,0.08,0.0028284271247461927,0.0,5,1,0,0
2021-01-12 05:35:00,2.0,0.101,0.011313708498984765,0.0,5,1,0,0
2021-01-12 05:36:00,3.0,0.109,0.016,0.0,5,1,0,0
2021-01-12 05:37:00,4.0,0.10525,0.0154137384606504,0.0,5,1,0,0
2021-01-12 05:38:00,3.0,0.08800000000000001,0.008660254037844385,0.0,5,1,0,0
2021-01-12 05:39:00,0.0,0.0,0.0,0.0,5,1,0,0
2021-01-12 05:40:00,4.0,0.105,0.007999999999999998,0.0,5,1,0,0
2021-01-12 05:41:00,3.0,0.08133333333333333,0.014364307617610157,0.0,5,1,0,0
2021-01-12 05:42:00,4.0,0.148,0.11006361796706485,0.0,5,1,0,0
2021-01-12 05:43:00,5.0,0.08399999999999999,0.008215838362577488,0.0,5,1,0,0
2021-01-12 05:44:00,3.0,0.08800000000000001,0.008660254037844385,0.0,5,1,0,0
2021-01-12 05:45:00,4.0,0.08549999999999999,0.02014116845336106,0.0,5,1,0,0
2021-01-12 05:46:00,2.0,0.149,0.07919595949289332,0.0,5,1,0,0
2021-01-12 05:47:00,4.0,0.0945,0.010754843869934451,0.0,5,1,0,0
2021-01-12 05:48:00,3.0,0.12433333333333334,0.05427092530382483,0.0,5,1,0,0
2021-01-12 05:49:00,2.0,0.08349999999999999,0.0134350288425444,0.0,5,1,0,0
2021-01-12 05:50:00,3.0,0.10333333333333335,0.03274650108535771,0.0,5,1,0,0
2021-01-12 05:51:00,3.0,0.08800000000000001,0.008660254037844385,0.0,5,1,0,0
2021-01-12 05:52:00,4.0,0.10575000000000001,0.039903007405457554,0.0,5,1,0,0
2021-01-12 05:53:00,2.0,0.093,0.0,0.0,5,1,0,0
2021-01-12 05:54:00,4.0,0.09725,0.023056091024571648,0.0,5,1,0,0
2021-01-12 05:55:00,2.0,0.1165,0.03323401871576774,0.0,5,1,0,0
2021-01-12 05:56:00,2.0,0.08549999999999999,0.010606601717798208,0.0,5,1,0,0
2021-01-12 05:57:00,4.0,0.0915,0.015609825965290796,0.0,5,1,0,0
2021-01-12 05:58:00,3.0,0.08800000000000001,0.008660254037844385,0.0,5,1,0,0
2021-01-12 05:59:00,2.0,0.08549999999999999,0.010606601717798208,0.0,5,1,0,0
2021-01-12 06:00:00,4.0,0.138,0.06001666435249463,0.0,6,1,0,0
2021-01-12 06:01:00,1.0,0.078,0.0,0.0,6,1,0,0
2021-01-12 06:02:00,1.0,0.077,0.0,0.0,6,1,0,0
2021-01-12 06:03:00,0.0,0.0,0.0,0.0,6,1,0,0
2021-01-12 06:04:00,0.0,0.0,0.0,0.0,6,1,0,0
2021-01-12 06:05:00,2.0,0.08549999999999999,0.010606601717798217,0.0,6,1,0,0
2021-01-12 06:06:00,4.0,0.17124999999999999,0.146028250691433,0.0,6,1,0,0
2021-01-12 06:07:00,1.0,0.078,0.0,0.0,6,1,0,0
2021-01-12 06:08:00,2.0,0.101,0.011313708498984765,0.0,6,1,0,0
2021-01-12 06:09:00,2.0,0.08549999999999999,0.010606601717798217,0.0,6,1,0,0
2021-01-12 06:10:00,2.0,0.101,0.011313708498984765,0.0,6,1,0,0
2021-01-12 06:11:00,4.0,0.10300000000000001,0.026545558322752724,0.0,6,1,0,0
2021-01-12 06:12:00,4.0,0.109,0.05553977553669682,0.0,6,1,0,0
2021-01-12 06:13:00,1.0,0.078,0.0,0.0,6,1,0,0
2021-01-12 06:14:00,2.0,0.1105,0.024748737341529166,0.0,6,1,0,0
2021-01-12 06:15:00,5.0,0.0944,0.00904433524367601,0.0,6,1,0,0
2021-01-12 06:16:00,1.0,0.124,0.0,0.0,6,1,0,0
2021-01-12 06:17:00,1.0,0.078,0.0,0.0,6,1,0,0
2021-01-12 06:18:00,3.0,0.09333333333333334,0.015502687938977983,0.0,6,1,0,0
2021-01-12 06:19:00,3.0,0.08366666666666667,0.00981495457622364,0.0,6,1,0,0
2021-01-12 06:20:00,1.0,0.171,0.0,0.0,6,1,0,0
2021-01-12 06:21:00,1.0,0.078,0.0,0.0,6,1,0,0
2021-01-12 06:22:00,1.0,0.097,0.0,0.0,6,1,0,0
2021-01-12 06:23:00,2.0,0.17300000000000001,0.13435028842544405,0.0,6,1,0,0
2021-01-12 06:24:00,2.0,0.10999999999999999,0.04525483399593903,0.0,6,1,0,0
2021-01-12 06:25:00,0.0,0.0,0.0,0.0,6,1,0,0
2021-01-12 06:26:00,2.0,0.078,0.0,0.0,6,1,0,0
2021-01-12 06:27:00,2.0,0.093,0.0,0.0,6,1,0,0
2021-01-12 06:28:00,0.0,0.0,0.0,0.0,6,1,0,0
2021-01-12 06:29:00,1.0,0.109,0.0,0.0,6,1,0,0
2021-01-12 06:30:00,0.0,0.0,0.0,0.0,6,1,0,0
2021-01-12 06:31:00,1.0,0.109,0.0,0.0,6,1,0,0
2021-01-12 06:32:00,3.0,0.09699999999999999,0.010583005244258361,0.0,6,1,0,0
2021-01-12 06:33:00,2.0,0.078,0.0,0.0,6,1,0,0
2021-01-12 06:34:00,0.0,0.0,0.0,0.0,6,1,0,0
2021-01-12 06:35:00,4.0,0.1005,0.009848857801796106,0.0,6,1,0,0
2021-01-12 06:36:00,3.0,0.09300000000000001,0.0,0.0,6,1,0,0
2021-01-12 06:37:00,2.0,0.0935,0.021920310216782972,0.0,6,1,0,0
2021-01-12 06:38:00,0.0,0.0,0.0,0.0,6,1,0,0
2021-01-12 06:39:00,0.0,0.0,0.0,0.0,6,1,0,0
2021-01-12 06:40:00,1.0,0.078,0.0,0.0,6,1,0,0
2021-01-12 06:41:00,3.0,0.112,0.03143246729100343,0.0,6,1,0,0
2021-01-12 06:42:00,3.0,0.09833333333333334,0.03521836642056718,0.0,6,1,0,0
2021-01-12 06:43:00,1.0,0.093,0.0,0.0,6,1,0,0
2021-01-12 06:44:00,2.0,0.08299999999999999,0.014142135623730947,0.0,6,1,0,0
2021-01-12 06:45:00,2.0,0.093,0.021213203435596427,0.0,6,1,0,0
2021-01-12 06:46:00,3.0,0.10933333333333334,0.030501366089625125,0.0,6,1,0,0
2021-01-12 06:47:00,1.0,0.125,0.0,0.0,6,1,0,0
2021-01-12 06:48:00,4.0,0.0895,0.01479864858694874,0.0,6,1,0,0
2021-01-12 06:49:00,1.0,0.109,0.0,0.0,6,1,0,0
2021-01-12 06:50:00,2.0,0.086,0.009899494936611668,0.0,6,1,0,0
2021-01-12 06:51:00,2.0,0.08499999999999999,0.011313708498984765,0.0,6,1,0,0
2021-01-12 06:52:00,0.0,0.0,0.0,0.0,6,1,0,0
2021-01-12 06:53:00,3.0,0.09066666666666667,0.0300721354967241,0.0,6,1,0,0
2021-01-12 06:54:00,1.0,0.093,0.0,0.0,6,1,0,0
2021-01-12 06:55:00,2.0,0.08549999999999999,0.010606601717798208,0.0,6,1,0,0
2021-01-12 06:56:00,0.0,0.0,0.0,0.0,6,1,0,0
2021-01-12 06:57:00,0.0,0.0,0.0,0.0,6,1,0,0
2021-01-12 06:58:00,3.0,0.09300000000000001,0.015524174696260027,0.0,6,1,0,0
2021-01-12 06:59:00,4.0,0.09325,0.012658988901172166,0.0,6,1,0,0
2021-01-12 07:00:00,1.0,0.093,0.0,0.0,7,1,0,0
2021-01-12 07:01:00,0.0,0.0,0.0,0.0,7,1,0,0
2021-01-12 07:02:00,4.0,0.291,0.27806114435497814,0.0,7,1,0,0
2021-01-12 07:03:00,1.0,0.09,0.0,0.0,7,1,0,0
2021-01-12 07:04:00,0.0,0.0,0.0,0.0,7,1,0,0
2021-01-12 07:05:00,0.0,0.0,0.0,0.0,7,1,0,0
2021-01-12 07:06:00,3.0,0.09833333333333334,0.03927255190757705,0.0,7,1,0,0
2021-01-12 07:07:00,1.0,0.093,0.0,0.0,7,1,0,0
2021-01-12 07:08:00,1.0,0.095,0.0,0.0,7,1,0,0
2021-01-12 07:09:00,0.0,0.0,0.0,0.0,7,1,0,0
2021-01-12 07:10:00,2.0,0.11699999999999999,0.05515432893255071,0.0,7,1,0,0
2021-01-12 07:11:00,1.0,0.08,0.0,0.0,7,1,0,0
2021-01-12 07:12:00,0.0,0.0,0.0,0.0,7,1,0,0
2021-01-12 07:13:00,1.0,0.071,0.0,0.0,7,1,0,0
2021-01-12 07:14:00,1.0,0.093,0.0,0.0,7,1,0,0
2021-01-12 07:15:00,0.0,0.0,0.0,0.0,7,1,0,0
2021-01-12 07:16:00,3.0,0.12433333333333334,0.04119870548128101,0.0,7,1,0,0
2021-01-12 07:17:00,2.0,0.093,0.0,0.0,7,1,0,0
2021-01-12 07:18:00,0.0,0.0,0.0,0.0,7,1,0,0
2021-01-12 07:19:00,4.0,0.16275,0.06618849346122532,0.0,7,1,0,0
2021-01-12 07:20:00,3.0,0.09200000000000001,0.0017320508075688787,0.0,7,1,0,0
2021-01-12 07:21:00,1.0,0.095,0.0,0.0,7,1,0,0
2021-01-12 07:22:00,2.0,0.08549999999999999,0.010606601717798208,0.0,7,1,0,0
2021-01-12 07:23:00,2.0,0.0755,0.0035355339059327407,0.0,7,1,0,0
2021-01-12 07:24:00,0.0,0.0,0.0,0.0,7,1,0,0
2021-01-12 07:25:00,1.0,0.078,0.0,0.0,7,1,0,0
2021-01-12 07:26:00,2.0,0.2105,0.14354267658086914,0.0,7,1,0,0
2021-01-12 07:27:00,2.0,0.2015,0.17606958851545035,0.0,7,1,0,0
2021-01-12 07:28:00,2.0,0.07,0.011313708498984765,0.0,7,1,0,0
2021-01-12 07:29:00,0.0,0.0,0.0,0.0,7,1,0,0
2021-01-12 07:30:00,1.0,0.078,0.0,0.0,7,1,0,0
2021-01-12 07:31:00,2.0,0.078,0.0,0.0,7,1,0,0
2021-01-12 07:32:00,2.0,0.08199999999999999,0.015556349186104055,0.0,7,1,0,0
2021-01-12 07:33:00,0.0,0.0,0.0,0.0,7,1,0,0
2021-01-12 07:34:00,0.0,0.0,0.0,0.0,7,1,0,0
2021-01-12 07:35:00,1.0,0.078,0.0,0.0,7,1,0,0
2021-01-12 07:36:00,0.0,0.0,0.0,0.0,7,1,0,0
2021-01-12 07:37:00,1.0,0.091,0.0,0.0,7,1,0,0
2021-01-12 07:38:00,1.0,0.093,0.0,0.0,7,1,0,0
2021-01-12 07:39:00,2.0,0.11649999999999999,0.010606601717798217,0.0,7,1,0,0
2021-01-12 07:40:00,3.0,0.083,0.008660254037844387,0.0,7,1,0,0
2021-01-12 07:41:00,4.0,0.10925,0.0625,0.0,7,1,0,0
2021-01-12 07:42:00,1.0,0.101,0.0,0.0,7,1,0,0
2021-01-12 07:43:00,1.0,0.077,0.0,0.0,7,1,0,0
2021-01-12 07:44:00,0.0,0.0,0.0,0.0,7,1,0,0
2021-01-12 07:45:00,0.0,0.0,0.0,0.0,7,1,0,0
2021-01-12 07:46:00,0.0,0.0,0.0,0.0,7,1,0,0
2021-01-12 07:47:00,0.0,0.0,0.0,0.0,7,1,0,0
2021-01-12 07:48:00,2.0,0.17149999999999999,0.11101576464628796,0.0,7,1,0,0
2021-01-12 07:49:00,3.0,0.114,0.04992995093127972,0.0,7,1,0,0
2021-01-12 07:50:00,1.0,0.116,0.0,0.0,7,1,0,0
2021-01-12 07:51:00,3.0,0.08233333333333333,0.010066445913694336,0.0,7,1,0,0
2021-01-12 07:52:00,2.0,0.08549999999999999,0.010606601717798208,0.0,7,1,0,0
2021-01-12 07:53:00,1.0,0.078,0.0,0.0,7,1,0,0
2021-01-12 07:54:00,0.0,0.0,0.0,0.0,7,1,0,0
2021-01-12 07:55:00,2.0,0.132,0.05515432893255071,0.0,7,1,0,0
2021-01-12 07:56:00,0.0,0.0,0.0,0.0,7,1,0,0
2021-01-12 07:57:00,1.0,0.109,0.0,0.0,7,1,0,0
2021-01-12 07:58:00,0.0,0.0,0.0,0.0,7,1,0,0
2021-01-12 07:59:00,2.0,0.08549999999999999,0.010606601717798208,0.0,7,1,0,0
2021-01-12 08:00:00,2.0,0.094,0.02262741699796952,0.0,8,1,0,0
2021-01-12 08:01:00,1.0,0.109,0.0,0.0,8,1,0,0
2021-01-12 08:02:00,1.0,0.124,0.0,0.0,8,1,0,0
2021-01-12 08:03:00,0.0,0.0,0.0,0.0,8,1,0,0
2021-01-12 08:04:00,1.0,0.14,0.0,0.0,8,1,0,0
2021-01-12 08:05:00,2.0,0.08549999999999999,0.010606601717798217,0.0,8,1,0,0
2021-01-12 08:06:00,0.0,0.0,0.0,0.0,8,1,0,0
2021-01-12 08:07:00,1.0,0.093,0.0,0.0,8,1,0,0
2021-01-12 08:08:00,2.0,0.2025,0.19869700551341987,0.0,8,1,0,0
2021-01-12 08:09:00,1.0,0.093,0.0,0.0,8,1,0,0
2021-01-12 08:10:00,1.0,0.125,0.0,0.0,8,1,0,0
2021-01-12 08:11:00,3.0,0.129,0.06322183167229499,0.0,8,1,0,0
2021-01-12 08:12:00,1.0,0.082,0.0,0.0,8,1,0,0
2021-01-12 08:13:00,2.0,0.11699999999999999,0.055154328932550706,0.0,8,1,0,0
2021-01-12 08:14:00,1.0,0.073,0.0,0.0,8,1,0,0
2021-01-12 08:15:00,1.0,0.096,0.0,0.0,8,1,0,0
2021-01-12 08:16:00,0.0,0.0,0.0,0.0,8,1,0,0
2021-01-12 08:17:00,1.0,0.093,0.0,0.0,8,1,0,0
2021-01-12 08:18:00,2.0,0.101,0.03252691193458118,0.0,8,1,0,0
2021-01-12 08:19:00,1.0,0.081,0.0,0.0,8,1,0,0
2021-01-12 08:20:00,1.0,0.128,0.0,0.0,8,1,0,0
2021-01-12 08:21:00,0.0,0.0,0.0,0.0,8,1,0,0
2021-01-12 08:22:00,0.0,0.0,0.0,0.0,8,1,0,0
2021-01-12 08:23:00,0.0,0.0,0.0,0.0,8,1,0,0
2021-01-12 08:24:00,0.0,0.0,0.0,0.0,8,1,0,0
2021-01-12 08:25:00,0.0,0.0,0.0,0.0,8,1,0,0
2021-01-12 08:26:00,0.0,0.0,0.0,0.0,8,1,0,0
2021-01-12 08:27:00,1.0,0.109,0.0,0.0,8,1,0,0
2021-01-12 08:28:00,1.0,0.14,0.0,0.0,8,1,0,0
2021-01-12 08:29:00,1.0,0.093,0.0,0.0,8,1,0,0
2021-01-12 08:30:00,1.0,0.109,0.0,0.0,8,1,0,0
2021-01-12 08:31:00,4.0,0.0995,0.02718455443813638,0.0,8,1,0,0
2021-01-12 08:32:00,1.0,0.078,0.0,0.0,8,1,0,0
2021-01-12 08:33:00,1.0,0.093,0.0,0.0,8,1,0,0
2021-01-12 08:34:00,2.0,0.07,0.011313708498984765,0.0,8,1,0,0
2021-01-12 08:35:00,1.0,0.093,0.0,0.0,8,1,0,0
2021-01-12 08:36:00,1.0,0.079,0.0,0.0,8,1,0,0
2021-01-12 08:37:00,1.0,0.218,0.0,0.0,8,1,0,0
2021-01-12 08:38:00,1.0,0.734,0.0,0.0,8,1,0,0
2021-01-12 08:39:00,2.0,0.10900000000000001,0.04384062043356596,0.0,8,1,0,0
2021-01-12 08:40:00,0.0,0.0,0.0,0.0,8,1,0,0
2021-01-12 08:41:00,1.0,0.093,0.0,0.0,8,1,0,0
2021-01-12 08:42:00,3.0,0.08533333333333333,0.018147543451754934,0.0,8,1,0,0
2021-01-12 08:43:00,0.0,0.0,0.0,0.0,8,1,0,0
2021-01-12 08:44:00,1.0,0.109,0.0,0.0,8,1,0,0
2021-01-12 08:45:00,1.0,0.093,0.0,0.0,8,1,0,0
2021-01-12 08:46:00,1.0,0.156,0.0,0.0,8,1,0,0
2021-01-12 08:47:00,1.0,0.078,0.0,0.0,8,1,0,0
2021-01-12 08:48:00,1.0,0.109,0.0,0.0,8,1,0,0
2021-01-12 08:49:00,1.0,0.078,0.0,0.0,8,1,0,0
2021-01-12 08:50:00,0.0,0.0,0.0,0.0,8,1,0,0
2021-01-12 08:51:00,1.0,0.14,0.0,0.0,8,1,0,0
2021-01-12 08:52:00,1.0,0.171,0.0,0.0,8,1,0,0
2021-01-12 08:53:00,0.0,0.0,0.0,0.0,8,1,0,0
2021-01-12 08:54:00,1.0,0.249,0.0,0.0,8,1,0,0
2021-01-12 08:55:00,0.0,0.0,0.0,0.0,8,1,0,0
2021-01-12 08:56:00,0.0,0.0,0.0,0.0,8,1,0,0
2021-01-12 08:57:00,0.0,0.0,0.0,0.0,8,1,0,0
2021-01-12 08:58:00,0.0,0.0,0.0,0.0,8,1,0,0
2021-01-12 08:59:00,1.0,0.625,0.0,0.0,8,1,0,0
2021-01-12 09:00:00,1.0,0.408,0.0,0.0,9,1,1,0
2021-01-12 09:01:00,0.0,0.0,0.0,0.0,9,1,1,0
2021-01-12 09:02:00,1.0,0.126,0.0,0.0,9,1,1,0
2021-01-12 09:03:00,1.0,0.124,0.0,0.0,9,1,1,0
2021-01-12 09:04:00,1.0,0.078,0.0,0.0,9,1,1,0
2021-01-12 09:05:00,0.0,0.0,0.0,0.0,9,1,1,0
2021-01-12 09:06:00,1.0,0.093,0.0,0.0,9,1,1,0
2021-01-12 09:07:00,2.0,0.1245,0.0007071067811865482,0.0,9,1,1,0
2021-01-12 09:08:00,2.0,0.08549999999999999,0.010606601717798208,0.0,9,1,1,0
2021-01-12 09:09:00,2.0,0.1905,0.13788582233137675,0.0,9,1,1,0
2021-01-12 09:10:00,1.0,0.093,0.0,0.0,9,1,1,0
2021-01-12 09:11:00,0.0,0.0,0.0,0.0,9,1,1,0
2021-01-12 09:12:00,0.0,0.0,0.0,0.0,9,1,1,0
2021-01-12 09:13:00,0.0,0.0,0.0,0.0,9,1,1,0
2021-01-12 09:14:00,2.0,0.235,0.024041630560342607,0.0,9,1,1,0
2021-01-12 09:15:00,1.0,0.124,0.0,0.0,9,1,1,0
2021-01-12 09:16:00,3.0,0.08800000000000001,0.008660254037844385,0.0,9,1,1,0
2021-01-12 09:17:00,1.0,0.076,0.0,0.0,9,1,1,0
2021-01-12 09:18:00,1.0,0.109,0.0,0.0,9,1,1,0
2021-01-12 09:19:00,0.0,0.0,0.0,0.0,9,1,1,0
2021-01-12 09:20:00,0.0,0.0,0.0,0.0,9,1,1,0
2021-01-12 09:21:00,0.0,0.0,0.0,0.0,9,1,1,0
2021-01-12 09:22:00,0.0,0.0,0.0,0.0,9,1,1,0
2021-01-12 09:23:00,2.0,0.10900000000000001,0.04384062043356596,0.0,9,1,1,0
2021-01-12 09:24:00,0.0,0.0,0.0,0.0,9,1,1,0
2021-01-12 09:25:00,2.0,0.0775,0.021920310216782972,0.0,9,1,1,0
2021-01-12 09:26:00,1.0,0.125,0.0,0.0,9,1,1,0
2021-01-12 09:27:00,0.0,0.0,0.0,0.0,9,1,1,0
2021-01-12 09:28:00,1.0,0.128,0.0,0.0,9,1,1,0
2021-01-12 09:29:00,1.0,0.093,0.0,0.0,9,1,1,0
2021-01-12 09:30:00,1.0,0.109,0.0,0.0,9,1,1,0
2021-01-12 09:31:00,2.0,0.0935,0.021920310216782972,0.0,9,1,1,0
2021-01-12 09:32:00,1.0,0.14,0.0,0.0,9,1,1,0
2021-01-12 09:33:00,0.0,0.0,0.0,0.0,9,1,1,0
2021-01-12 09:34:00,1.0,0.109,0.0,0.0,9,1,1,0
2021-01-12 09:35:00,0.0,0.0,0.0,0.0,9,1,1,0
2021-01-12 09:36:00,0.0,0.0,0.0,0.0,9,1,1,0
2021-01-12 09:37:00,0.0,0.0,0.0,0.0,9,1,1,0
2021-01-12 09:38:00,1.0,0.078,0.0,0.0,9,1,1,0
2021-01-12 09:39:00,0.0,0.0,0.0,0.0,9,1,1,0
2021-01-12 09:40:00,1.0,0.156,0.0,0.0,9,1,1,0
2021-01-12 09:41:00,0.0,0.0,0.0,0.0,9,1,1,0
2021-01-12 09:42:00,0.0,0.0,0.0,0.0,9,1,1,0
2021-01-12 09:43:00,0.0,0.0,0.0,0.0,9,1,1,0
2021-01-12 09:44:00,2.0,0.11699999999999999,0.011313708498984755,0.0,9,1,1,0
2021-01-12 09:45:00,0.0,0.0,0.0,0.0,9,1,1,0
2021-01-12 09:46:00,2.0,0.1325,0.05444722215136417,0.0,9,1,1,0
2021-01-12 09:47:00,0.0,0.0,0.0,0.0,9,1,1,0
2021-01-12 09:48:00,1.0,0.082,0.0,0.0,9,1,1,0
2021-01-12 09:49:00,1.0,0.08,0.0,0.0,9,1,1,0
2021-01-12 09:50:00,0.0,0.0,0.0,0.0,9,1,1,0
2021-01-12 09:51:00,1.0,0.078,0.0,0.0,9,1,1,0
2021-01-12 09:52:00,1.0,0.315,0.0,0.0,9,1,1,0
2021-01-12 09:53:00,0.0,0.0,0.0,0.0,9,1,1,0
2021-01-12 09:54:00,0.0,0.0,0.0,0.0,9,1,1,0
2021-01-12 09:55:00,0.0,0.0,0.0,0.0,9,1,1,0
2021-01-12 09:56:00,1.0,0.122,0.0,0.0,9,1,1,0
2021-01-12 09:57:00,1.0,0.118,0.0,0.0,9,1,1,0
2021-01-12 09:58:00,0.0,0.0,0.0,0.0,9,1,1,0
2021-01-12 09:59:00,1.0,0.093,0.0,0.0,9,1,1,0
2021-01-12 10:00:00,0.0,0.0,0.0,0.0,10,1,1,0
2021-01-12 10:01:00,1.0,0.078,0.0,0.0,10,1,1,0
2021-01-12 10:02:00,2.0,0.109,0.0,0.0,10,1,1,0
2021-01-12 10:03:00,0.0,0.0,0.0,0.0,10,1,1,0
2021-01-12 10:04:00,0.0,0.0,0.0,0.0,10,1,1,0
2021-01-12 10:05:00,0.0,0.0,0.0,0.0,10,1,1,0
2021-01-12 10:06:00,1.0,0.218,0.0,0.0,10,1,1,0
2021-01-12 10:07:00,1.0,0.425,0.0,0.0,10,1,1,0
2021-01-12 10:08:00,0.0,0.0,0.0,0.0,10,1,1,0
2021-01-12 10:09:00,0.0,0.0,0.0,0.0,10,1,1,0
2021-01-12 10:10:00,0.0,0.0,0.0,0.0,10,1,1,0
2021-01-12 10:11:00,1.0,0.203,0.0,0.0,10,1,1,0
2021-01-12 10:12:00,0.0,0.0,0.0,0.0,10,1,1,0
2021-01-12 10:13:00,1.0,0.093,0.0,0.0,10,1,1,0
2021-01-12 10:14:00,1.0,0.093,0.0,0.0,10,1,1,0
2021-01-12 10:15:00,0.0,0.0,0.0,0.0,10,1,1,0
2021-01-12 10:16:00,0.0,0.0,0.0,0.0,10,1,1,0
2021-01-12 10:17:00,0.0,0.0,0.0,0.0,10,1,1,0
2021-01-12 10:18:00,0.0,0.0,0.0,0.0,10,1,1,0
2021-01-12 10:19:00,0.0,0.0,0.0,0.0,10,1,1,0
2021-01-12 10:20:00,1.0,0.11,0.0,0.0,10,1,1,0
2021-01-12 10:21:00,2.0,0.08549999999999999,0.010606601717798217,0.0,10,1,1,0
2021-01-12 10:22:00,1.0,0.093,0.0,0.0,10,1,1,0
2021-01-12 10:23:00,0.0,0.0,0.0,0.0,10,1,1,0
2021-01-12 10:24:00,1.0,0.109,0.0,0.0,10,1,1,0
2021-01-12 10:25:00,1.0,0.111,0.0,0.0,10,1,1,0
2021-01-12 10:26:00,0.0,0.0,0.0,0.0,10,1,1,0
2021-01-12 10:27:00,1.0,0.109,0.0,0.0,10,1,1,0
2021-01-12 10:28:00,0.0,0.0,0.0,0.0,10,1,1,0
2021-01-12 10:29:00,1.0,0.14,0.0,0.0,10,1,1,0
2021-01-12 10:30:00,0.0,0.0,0.0,0.0,10,1,1,0
2021-01-12 10:31:00,1.0,0.093,0.0,0.0,10,1,1,0
2021-01-12 10:32:00,0.0,0.0,0.0,0.0,10,1,1,0
2021-01-12 10:33:00,0.0,0.0,0.0,0.0,10,1,1,0
2021-01-12 10:34:00,0.0,0.0,0.0,0.0,10,1,1,0
2021-01-12 10:35:00,0.0,0.0,0.0,0.0,10,1,1,0
2021-01-12 10:36:00,0.0,0.0,0.0,0.0,10,1,1,0
2021-01-12 10:37:00,0.0,0.0,0.0,0.0,10,1,1,0
2021-01-12 10:38:00,0.0,0.0,0.0,0.0,10,1,1,0
2021-01-12 10:39:00,0.0,0.0,0.0,0.0,10,1,1,0
2021-01-12 10:40:00,0.0,0.0,0.0,0.0,10,1,1,0
2021-01-12 10:41:00,1.0,0.328,0.0,0.0,10,1,1,0
2021-01-12 10:42:00,1.0,0.093,0.0,0.0,10,1,1,0
2021-01-12 10:43:00,0.0,0.0,0.0,0.0,10,1,1,0
2021-01-12 10:44:00,0.0,0.0,0.0,0.0,10,1,1,0
2021-01-12 10:45:00,0.0,0.0,0.0,0.0,10,1,1,0
2021-01-12 10:46:00,1.0,0.115,0.0,0.0,10,1,1,0
2021-01-12 10:47:00,2.0,0.08549999999999999,0.010606601717798217,0.0,10,1,1,0
2021-01-12 10:48:00,1.0,0.078,0.0,0.0,10,1,1,0
2021-01-12 10:49:00,3.0,0.149,0.08352245207128439,0.0,10,1,1,0
2021-01-12 10:50:00,1.0,0.078,0.0,0.0,10,1,1,0
2021-01-12 10:51:00,3.0,0.09433333333333334,0.016010413278030437,0.0,10,1,1,0
2021-01-12 10:52:00,3.0,0.07766666666666666,0.0005773502691896243,0.0,10,1,1,0
2021-01-12 10:53:00,1.0,0.093,0.0,0.0,10,1,1,0
2021-01-12 10:54:00,2.0,0.08549999999999999,0.010606601717798217,0.0,10,1,1,0
2021-01-12 10:55:00,3.0,0.20766666666666667,0.19860849260123126,0.0,10,1,1,0
2021-01-12 10:56:00,4.0,0.09425,0.014361406616345072,0.0,10,1,1,0
2021-01-12 10:57:00,1.0,0.109,0.0,0.0,10,1,1,0
2021-01-12 10:58:00,2.0,0.109,0.02262741699796952,0.0,10,1,1,0
2021-01-12 10:59:00,4.0,0.0895,0.014798648586948742,0.0,10,1,1,0
2021-01-12 11:00:00,3.0,0.11233333333333334,0.04864497233356531,0.0,11,1,1,0
2021-01-12 11:01:00,1.0,0.078,0.0,0.0,11,1,1,0
2021-01-12 11:02:00,0.0,0.0,0.0,0.0,11,1,1,0
2021-01-12 11:03:00,3.0,0.09333333333333334,0.01550268793897798,0.0,11,1,1,0
2021-01-12 11:04:00,2.0,0.1325,0.03323401871576773,0.0,11,1,1,0
2021-01-12 11:05:00,1.0,0.078,0.0,0.0,11,1,1,0
2021-01-12 11:06:00,1.0,0.078,0.0,0.0,11,1,1,0
2021-01-12 11:07:00,2.0,0.0935,0.0007071067811865482,0.0,11,1,1,0
2021-01-12 11:08:00,1.0,0.093,0.0,0.0,11,1,1,0
2021-01-12 11:09:00,2.0,0.0695,0.010606601717798208,0.0,11,1,1,0
2021-01-12 11:10:00,1.0,0.093,0.0,0.0,11,1,1,0
2021-01-12 11:11:00,0.0,0.0,0.0,0.0,11,1,1,0
2021-01-12 11:12:00,1.0,0.078,0.0,0.0,11,1,1,0
2021-01-12 11:13:00,3.0,0.08233333333333333,0.007505553499465129,0.0,11,1,1,0
2021-01-12 11:14:00,4.0,0.0895,0.02605762844159077,0.0,11,1,1,0
2021-01-12 11:15:00,1.0,0.093,0.0,0.0,11,1,1,0
2021-01-12 11:16:00,2.0,0.1085,0.021920310216782972,0.0,11,1,1,0
2021-01-12 11:17:00,2.0,0.08549999999999999,0.010606601717798208,0.0,11,1,1,0
2021-01-12 11:18:00,0.0,0.0,0.0,0.0,11,1,1,0
2021-01-12 11:19:00,3.0,0.09866666666666667,0.0178978583448784,0.0,11,1,1,0
2021-01-12 11:20:00,3.0,0.10366666666666667,0.009237604307034014,0.0,11,1,1,0
2021-01-12 11:21:00,3.0,0.09866666666666667,0.024006943440041117,0.0,11,1,1,0
2021-01-12 11:22:00,3.0,0.09466666666666668,0.017559422921421236,0.0,11,1,1,0
2021-01-12 11:23:00,3.0,0.083,0.008660254037844385,0.0,11,1,1,0
2021-01-12 11:24:00,5.0,0.0934,0.015501612819316578,0.0,11,1,1,0
2021-01-12 11:25:00,2.0,0.077,0.0014142135623730963,0.0,11,1,1,0
2021-01-12 11:26:00,2.0,0.08549999999999999,0.010606601717798208,0.0,11,1,1,0
2021-01-12 11:27:00,0.0,0.0,0.0,0.0,11,1,1,0
2021-01-12 11:28:00,2.0,0.078,0.0,0.0,11,1,1,0
2021-01-12 11:29:00,3.0,0.08800000000000001,0.008660254037844385,0.0,11,1,1,0
2021-01-12 11:30:00,3.0,0.082,0.006928203230275502,0.0,11,1,1,0
2021-01-12 11:31:00,2.0,0.0775,0.021920310216782972,0.0,11,1,1,0
2021-01-12 11:32:00,1.0,0.093,0.0,0.0,11,1,1,0
2021-01-12 11:33:00,3.0,0.07733333333333332,0.01601041327803043,0.0,11,1,1,0
2021-01-12 11:34:00,4.0,0.08175,0.007499999999999999,0.0,11,1,1,0
2021-01-12 11:35:00,2.0,0.08549999999999999,0.010606601717798208,0.0,11,1,1,0
2021-01-12 11:36:00,3.0,0.09300000000000001,0.0,0.0,11,1,1,0
2021-01-12 11:37:00,2.0,0.093,0.0,0.0,11,1,1,0
2021-01-12 11:38:00,2.0,0.11699999999999999,0.055154328932550706,0.0,11,1,1,0
2021-01-12 11:39:00,4.0,0.10475,0.015239750654128165,0.0,11,1,1,0
2021-01-12 11:40:00,2.0,0.08549999999999999,0.010606601717798208,0.0,11,1,1,0
2021-01-12 11:41:00,1.0,0.093,0.0,0.0,11,1,1,0
2021-01-12 11:42:00,5.0,0.0796,0.007893034904268448,0.0,11,1,1,0
2021-01-12 11:43:00,1.0,0.078,0.0,0.0,11,1,1,0
2021-01-12 11:44:00,3.0,0.07766666666666666,0.015502687938977978,0.0,11,1,1,0
2021-01-12 11:45:00,4.0,0.09325,0.02168524844220144,0.0,11,1,1,0
2021-01-12 11:46:00,3.0,0.12466666666666666,0.0410162569395762,0.0,11,1,1,0
2021-01-12 11:47:00,6.0,0.09466666666666666,0.024212944196579374,0.0,11,1,1,0
2021-01-12 11:48:00,4.0,0.09325,0.012658988901172166,0.0,11,1,1,0
2021-01-12 11:49:00,3.0,0.17400000000000002,0.14029611541307907,0.0,11,1,1,0
2021-01-12 11:50:00,1.0,0.078,0.0,0.0,11,1,1,0
2021-01-12 11:51:00,3.0,0.10233333333333333,0.008326663997864527,0.0,11,1,1,0
2021-01-12 11:52:00,5.0,0.08399999999999999,0.008215838362577488,0.0,11,1,1,0
2021-01-12 11:53:00,2.0,0.08549999999999999,0.010606601717798208,0.0,11,1,1,0
2021-01-12 11:54:00,4.0,0.0825,0.007141428428542844,0.0,11,1,1,0
2021-01-12 11:55:00,3.0,0.169,0.15761662348876782,0.0,11,1,1,0
2021-01-12 11:56:00,5.0,0.09059999999999999,0.020827865949251737,0.0,11,1,1,0
2021-01-12 11:57:00,2.0,0.132,0.05515432893255071,0.0,11,1,1,0
2021-01-12 11:58:00,1.0,0.078,0.0,0.0,11,1,1,0
2021-01-12 11:59:00,4.0,0.08175,0.007499999999999999,0.0,11,1,1,0
2021-01-12 12:00:00,2.0,0.08549999999999999,0.010606601717798217,0.0,12,1,1,0
2021-01-12 12:01:00,4.0,0.078,0.0,0.0,12,1,1,0
2021-01-12 12:02:00,3.0,0.08800000000000001,0.00866025403784439,0.0,12,1,1,0
2021-01-12 12:03:00,1.0,0.109,0.0,0.0,12,1,1,0
2021-01-12 12:04:00,1.0,0.078,0.0,0.0,12,1,1,0
2021-01-12 12:05:00,1.0,0.093,0.0,0.0,12,1,1,0
2021-01-12 12:06:00,1.0,0.093,0.0,0.0,12,1,1,0
2021-01-12 12:07:00,2.0,0.107,0.01979898987322333,0.0,12,1,1,0
2021-01-12 12:08:00,1.0,0.067,0.0,0.0,12,1,1,0
2021-01-12 12:09:00,2.0,0.08549999999999999,0.010606601717798217,0.0,12,1,1,0
2021-01-12 12:10:00,2.0,0.0935,0.021920310216782972,0.0,12,1,1,0
2021-01-12 12:11:00,2.0,0.08549999999999999,0.010606601717798208,0.0,12,1,1,0
2021-01-12 12:12:00,2.0,0.0935,0.0007071067811865482,0.0,12,1,1,0
2021-01-12 12:13:00,5.0,0.096,0.008485281374238573,0.0,12,1,1,0
2021-01-12 12:14:00,3.0,0.103,0.017320508075688773,0.0,12,1,1,0
2021-01-12 12:15:00,3.0,0.11900000000000001,0.03551056180912941,0.0,12,1,1,0
2021-01-12 12:16:00,1.0,0.078,0.0,0.0,12,1,1,0
2021-01-12 12:17:00,2.0,0.0775,0.021920310216782972,0.0,12,1,1,0
2021-01-12 12:18:00,3.0,0.09433333333333334,0.029022979401386984,0.0,12,1,1,0
2021-01-12 12:19:00,4.0,0.0895,0.01479864858694874,0.0,12,1,1,0
2021-01-12 12:20:00,4.0,0.09325,0.012658988901172162,0.0,12,1,1,0
2021-01-12 12:21:00,1.0,0.142,0.0,0.0,12,1,1,0
2021-01-12 12:22:00,3.0,0.08800000000000001,0.008660254037844385,0.0,12,1,1,0
2021-01-12 12:23:00,3.0,0.08800000000000001,0.008660254037844385,0.0,12,1,1,0
2021-01-12 12:24:00,5.0,0.11479999999999999,0.06807863100856243,0.0,12,1,1,0
2021-01-12 12:25:00,2.0,0.078,0.0,0.0,12,1,1,0
2021-01-12 12:26:00,6.0,0.09583333333333333,0.02285096642741105,0.0,12,1,1,0
2021-01-12 12:27:00,3.0,0.08833333333333333,0.0178978583448784,0.0,12,1,1,0
2021-01-12 12:28:00,1.0,0.093,0.0,0.0,12,1,1,0
2021-01-12 12:29:00,3.0,0.09366666666666668,0.0011547005383792546,0.0,12,1,1,0
2021-01-12 12:30:00,4.0,0.0875,0.01953629101612347,0.0,12,1,1,0
2021-01-12 12:31:00,1.0,0.093,0.0,0.0,12,1,1,0
2021-01-12 12:32:00,2.0,0.08499999999999999,0.011313708498984755,0.0,12,1,1,0
2021-01-12 12:33:00,5.0,0.10300000000000001,0.032794816663613176,0.0,12,1,1,0
2021-01-12 12:34:00,1.0,0.078,0.0,0.0,12,1,1,0
2021-01-12 12:35:00,1.0,0.078,0.0,0.0,12,1,1,0
2021-01-12 12:36:00,5.0,0.0842,0.013863621460498696,0.0,12,1,1,0
2021-01-12 12:37:00,2.0,0.078,0.0,0.0,12,1,1,0
2021-01-12 12:38:00,3.0,0.16066666666666665,0.06903863652574067,0.0,12,1,1,0
2021-01-12 12:39:00,4.0,0.081,0.008524474568362948,0.0,12,1,1,0
2021-01-12 12:40:00,2.0,0.0785,0.0007071067811865482,0.0,12,1,1,0
2021-01-12 12:41:00,0.0,0.0,0.0,0.0,12,1,1,0
2021-01-12 12:42:00,3.0,0.08833333333333333,0.0178978583448784,0.0,12,1,1,0
2021-01-12 12:43:00,1.0,0.093,0.0,0.0,12,1,1,0
2021-01-12 12:44:00,2.0,0.1165,0.03323401871576774,0.0,12,1,1,0
2021-01-12 12:45:00,1.0,0.078,0.0,0.0,12,1,1,0
2021-01-12 12:46:00,2.0,0.11649999999999999,0.010606601717798217,0.0,12,1,1,0
2021-01-12 12:47:00,4.0,0.12125,0.029814705543853133,0.0,12,1,1,0
2021-01-12 12:48:00,3.0,0.08933333333333333,0.010016652800877818,0.0,12,1,1,0
2021-01-12 12:49:00,3.0,0.08833333333333333,0.0178978583448784,0.0,12,1,1,0
2021-01-12 12:50:00,5.0,0.0872,0.013809417076763232,0.0,12,1,1,0
2021-01-12 12:51:00,3.0,0.09833333333333333,0.023459184413217208,0.0,12,1,1,0
2021-01-12 12:52:00,2.0,0.0975,0.006363961030678919,0.0,12,1,1,0
2021-01-12 12:53:00,4.0,0.0895,0.026839026311200883,0.0,12,1,1,0
2021-01-12 12:54:00,3.0,0.104,0.023895606290697043,0.0,12,1,1,0
2021-01-12 12:55:00,5.0,0.09040000000000001,0.01297304898626379,0.0,12,1,1,0
2021-01-12 12:56:00,5.0,0.11579999999999999,0.06816670741645074,0.0,12,1,1,0
2021-01-12 12:57:00,3.0,0.09300000000000001,0.0,0.0,12,1,1,0
2021-01-12 12:58:00,5.0,0.0874,0.008619744775803982,0.0,12,1,1,0
2021-01-12 12:59:00,2.0,0.093,0.0,0.0,12,1,1,0
2021-01-12 13:00:00,2.0,0.07350000000000001,0.009192388155425111,0.0,13,1,1,0
2021-01-12 13:01:00,1.0,0.093,0.0,0.0,13,1,1,0
2021-01-12 13:02:00,0.0,0.0,0.0,0.0,13,1,1,0
2021-01-12 13:03:00,2.0,0.075,0.004242640687119289,0.0,13,1,1,0
2021-01-12 13:04:00,0.0,0.0,0.0,0.0,13,1,1,0
2021-01-12 13:05:00,1.0,0.078,0.0,0.0,13,1,1,0
2021-01-12 13:06:00,2.0,0.11,0.024041630560342617,0.0,13,1,1,0
2021-01-12 13:07:00,3.0,0.09333333333333334,0.015502687938977987,0.0,13,1,1,0
2021-01-12 13:08:00,4.0,0.12375,0.0645826344048202,0.0,13,1,1,0
2021-01-12 13:09:00,2.0,0.1045,0.05444722215136415,0.0,13,1,1,0
2021-01-12 13:10:00,1.0,0.078,0.0,0.0,13,1,1,0
2021-01-12 13:11:00,3.0,0.09233333333333334,0.014011899704655804,0.0,13,1,1,0
2021-01-12 13:12:00,5.0,0.1234,0.05371498859722489,0.0,13,1,1,0
2021-01-12 13:13:00,2.0,0.08549999999999999,0.010606601717798208,0.0,13,1,1,0
2021-01-12 13:14:00,3.0,0.08800000000000001,0.008660254037844385,0.0,13,1,1,0
2021-01-12 13:15:00,3.0,0.09866666666666667,0.0178978583448784,0.0,13,1,1,0
2021-01-12 13:16:00,2.0,0.101,0.03252691193458119,0.0,13,1,1,0
2021-01-12 13:17:00,3.0,0.09333333333333334,0.015502687938977982,0.0,13,1,1,0
2021-01-12 13:18:00,4.0,0.0895,0.014798648586948742,0.0,13,1,1,0
2021-01-12 13:19:00,6.0,0.08033333333333333,0.011604596790352802,0.0,13,1,1,0
2021-01-12 13:20:00,3.0,0.09833333333333333,0.023459184413217208,0.0,13,1,1,0
2021-01-12 13:21:00,3.0,0.09633333333333334,0.03175426480542942,0.0,13,1,1,0
2021-01-12 13:22:00,1.0,0.093,0.0,0.0,13,1,1,0
2021-01-12 13:23:00,3.0,0.09500000000000001,0.013114877048604003,0.0,13,1,1,0
2021-01-12 13:24:00,1.0,0.093,0.0,0.0,13,1,1,0
2021-01-12 13:25:00,5.0,0.0866,0.008792041856133309,0.0,13,1,1,0
2021-01-12 13:26:00,7.0,0.09071428571428572,0.011926361357853252,0.0,13,1,1,0
2021-01-12 13:27:00,6.0,0.09349999999999999,0.009833615815151618,0.0,13,1,1,0
2021-01-12 13:28:00,4.0,0.07375,0.007847504911329035,0.0,13,1,1,0
2021-01-12 13:29:00,2.0,0.08549999999999999,0.010606601717798217,0.0,13,1,1,0
2021-01-12 13:30:00,0.0,0.0,0.0,0.0,13,1,1,0
2021-01-12 13:31:00,2.0,0.096,0.01979898987322333,0.0,13,1,1,0
2021-01-12 13:32:00,2.0,0.094,0.02262741699796952,0.0,13,1,1,0
2021-01-12 13:33:00,4.0,0.37775,0.5082534636707686,0.0,13,1,1,0
2021-01-12 13:34:00,2.0,0.094,0.02262741699796952,0.0,13,1,1,0
2021-01-12 13:35:00,4.0,0.09725,0.00784750491132904,0.0,13,1,1,0
2021-01-12 13:36:00,5.0,0.0896,0.01184483009586883,0.0,13,1,1,0
2021-01-12 13:37:00,3.0,0.08233333333333333,0.007505553499465135,0.0,13,1,1,0
2021-01-12 13:38:00,2.0,0.08549999999999999,0.0134350288425444,0.0,13,1,1,0
2021-01-12 13:39:00,1.0,0.062,0.0,0.0,13,1,1,0
2021-01-12 13:40:00,2.0,0.0935,0.021920310216782972,0.0,13,1,1,0
2021-01-12 13:41:00,1.0,0.078,0.0,0.0,13,1,1,0
2021-01-12 13:42:00,1.0,0.093,0.0,0.0,13,1,1,0
2021-01-12 13:43:00,3.0,0.08800000000000001,0.023895606290697043,0.0,13,1,1,0
2021-01-12 13:44:00,3.0,0.16666666666666666,0.11604022291142554,0.0,13,1,1,0
2021-01-12 13:45:00,3.0,0.083,0.008660254037844385,0.0,13,1,1,0
2021-01-12 13:46:00,1.0,0.093,0.0,0.0,13,1,1,0
2021-01-12 13:47:00,0.0,0.0,0.0,0.0,13,1,1,0
2021-01-12 13:48:00,3.0,0.119,0.04975942121849891,0.0,13,1,1,0
2021-01-12 13:49:00,1.0,0.093,0.0,0.0,13,1,1,0
2021-01-12 13:50:00,1.0,0.115,0.0,0.0,13,1,1,0
2021-01-12 13:51:00,1.0,0.078,0.0,0.0,13,1,1,0
2021-01-12 13:52:00,2.0,0.249,0.22061731573020285,0.0,13,1,1,0
2021-01-12 13:53:00,1.0,0.093,0.0,0.0,13,1,1,0
2021-01-12 13:54:00,2.0,0.1395,0.06576093065034891,0.0,13,1,1,0
2021-01-12 13:55:00,3.0,0.09833333333333333,0.023459184413217208,0.0,13,1,1,0
2021-01-12 13:56:00,2.0,0.132,0.05515432893255071,0.0,13,1,1,0
2021-01-12 13:57:00,4.0,0.08549999999999999,0.008660254037844388,0.0,13,1,1,0
2021-01-12 13:58:00,4.0,0.08524999999999999,0.009569918146637064,0.0,13,1,1,0
2021-01-12 13:59:00,3.0,0.136,0.10045894683899488,0.0,13,1,1,0
2021-01-12 14:00:00,1.0,0.078,0.0,0.0,14,1,1,0
2021-01-12 14:01:00,2.0,0.093,0.0,0.0,14,1,1,0
2021-01-12 14:02:00,4.0,0.10125,0.020271079563424013,0.0,14,1,1,0
2021-01-12 14:03:00,2.0,0.08549999999999999,0.010606601717798208,0.0,14,1,1,0
2021-01-12 14:04:00,2.0,0.07,0.011313708498984755,0.0,14,1,1,0
2021-01-12 14:05:00,1.0,0.062,0.0,0.0,14,1,1,0
2021-01-12 14:06:00,0.0,0.0,0.0,0.0,14,1,1,0
2021-01-12 14:07:00,1.0,0.09,0.0,0.0,14,1,1,0
2021-01-12 14:08:00,4.0,0.09725,0.014885675440951053,0.0,14,1,1,0
2021-01-12 14:09:00,2.0,0.08,0.018384776310850233,0.0,14,1,1,0
2021-01-12 14:10:00,1.0,0.109,0.0,0.0,14,1,1,0
2021-01-12 14:11:00,1.0,0.078,0.0,0.0,14,1,1,0
2021-01-12 14:12:00,2.0,0.08,0.018384776310850233,0.0,14,1,1,0
2021-01-12 14:13:00,2.0,0.10200000000000001,0.03394112549695428,0.0,14,1,1,0
2021-01-12 14:14:00,1.0,0.093,0.0,0.0,14,1,1,0
2021-01-12 14:15:00,2.0,0.08549999999999999,0.010606601717798217,0.0,14,1,1,0
2021-01-12 14:16:00,3.0,0.08266666666666667,0.0178978583448784,0.0,14,1,1,0
2021-01-12 14:17:00,3.0,0.09833333333333333,0.009237604307034018,0.0,14,1,1,0
2021-01-12 14:18:00,4.0,0.111,0.015684387141358124,0.0,14,1,1,0
2021-01-12 14:19:00,3.0,0.083,0.008660254037844385,0.0,14,1,1,0
2021-01-12 14:20:00,2.0,0.093,0.0,0.0,14,1,1,0
2021-01-12 14:21:00,2.0,0.08549999999999999,0.010606601717798208,0.0,14,1,1,0
2021-01-12 14:22:00,2.0,0.078,0.0,0.0,14,1,1,0
2021-01-12 14:23:00,0.0,0.0,0.0,0.0,14,1,1,0
2021-01-12 14:24:00,1.0,0.109,0.0,0.0,14,1,1,0
2021-01-12 14:25:00,2.0,0.10200000000000001,0.033941125496954286,0.0,14,1,1,0
2021-01-12 14:26:00,1.0,0.093,0.0,0.0,14,1,1,0
2021-01-12 14:27:00,1.0,0.109,0.0,0.0,14,1,1,0
2021-01-12 14:28:00,4.0,0.09,0.014988884770611416,0.0,14,1,1,0
2021-01-12 14:29:00,2.0,0.0975,0.006363961030678929,0.0,14,1,1,0
2021-01-12 14:30:00,1.0,0.078,0.0,0.0,14,1,1,0
2021-01-12 14:31:00,0.0,0.0,0.0,0.0,14,1,1,0
2021-01-12 14:32:00,1.0,0.109,0.0,0.0,14,1,1,0
2021-01-12 14:33:00,2.0,0.101,0.011313708498984765,0.0,14,1,1,0
2021-01-12 14:34:00,1.0,0.078,0.0,0.0,14,1,1,0
2021-01-12 14:35:00,3.0,0.135,0.047791212581394085,0.0,14,1,1,0
2021-01-12 14:36:00,3.0,0.127,0.06954135460285484,0.0,14,1,1,0
2021-01-12 14:37:00,2.0,0.08549999999999999,0.010606601717798208,0.0,14,1,1,0
2021-01-12 14:38:00,2.0,0.093,0.0,0.0,14,1,1,0
2021-01-12 14:39:00,3.0,0.10866666666666668,0.02713546265191242,0.0,14,1,1,0
2021-01-12 14:40:00,3.0,0.083,0.008660254037844381,0.0,14,1,1,0
2021-01-12 14:41:00,2.0,0.0935,0.021920310216782972,0.0,14,1,1,0
2021-01-12 14:42:00,2.0,0.1085,0.021920310216782972,0.0,14,1,1,0
2021-01-12 14:43:00,4.0,0.08925,0.007499999999999999,0.0,14,1,1,0
2021-01-12 14:44:00,2.0,0.08549999999999999,0.010606601717798217,0.0,14,1,1,0
2021-01-12 14:45:00,0.0,0.0,0.0,0.0,14,1,1,0
2021-01-12 14:46:00,4.0,0.10475,0.014885675440951054,0.0,14,1,1,0
2021-01-12 14:47:00,2.0,0.076,0.0028284271247461927,0.0,14,1,1,0
2021-01-12 14:48:00,3.0,0.10333333333333333,0.0178978583448784,0.0,14,1,1,0
2021-01-12 14:49:00,1.0,0.096,0.0,0.0,14,1,1,0
2021-01-12 14:50:00,3.0,0.08800000000000001,0.008660254037844385,0.0,14,1,1,0
2021-01-12 14:51:00,2.0,0.11399999999999999,0.05091168824543142,0.0,14,1,1,0
2021-01-12 14:52:00,1.0,0.081,0.0,0.0,14,1,1,0
2021-01-12 14:53:00,1.0,0.078,0.0,0.0,14,1,1,0
2021-01-12 14:54:00,5.0,0.0886,0.012973048986263792,0.0,14,1,1,0
2021-01-12 14:55:00,3.0,0.09833333333333333,0.023459184413217208,0.0,14,1,1,0
2021-01-12 14:56:00,2.0,0.094,0.0014142135623730963,0.0,14,1,1,0
2021-01-12 14:57:00,3.0,0.09333333333333334,0.0005773502691896243,0.0,14,1,1,0
2021-01-12 14:58:00,3.0,0.09866666666666668,0.024006943440041114,0.0,14,1,1,0
2021-01-12 14:59:00,4.0,0.07775,0.0005000000000000016,0.0,14,1,1,0
2021-01-12 15:00:00,1.0,0.078,0.0,0.0,15,1,1,0
2021-01-12 15:01:00,1.0,0.093,0.0,0.0,15,1,1,0
2021-01-12 15:02:00,3.0,0.10366666666666667,0.009237604307034008,0.0,15,1,1,0
2021-01-12 15:03:00,2.0,0.124,0.0,0.0,15,1,1,0
2021-01-12 15:04:00,2.0,0.1175,0.03464823227814082,0.0,15,1,1,0
2021-01-12 15:05:00,3.0,0.09933333333333333,0.010969655114602897,0.0,15,1,1,0
2021-01-12 15:06:00,4.0,0.0935,0.0178978583448784,0.0,15,1,1,0
2021-01-12 15:07:00,3.0,0.109,0.03100000000000001,0.0,15,1,1,0
2021-01-12 15:08:00,6.0,0.09799999999999999,0.01651665825765006,0.0,15,1,1,0
2021-01-12 15:09:00,7.0,0.08014285714285714,0.005669467095138404,0.0,15,1,1,0
2021-01-12 15:10:00,4.0,0.08549999999999999,0.008660254037844385,0.0,15,1,1,0
2021-01-12 15:11:00,5.0,0.0852,0.007758865896508329,0.0,15,1,1,0
2021-01-12 15:12:00,3.0,0.14033333333333334,0.041765216787816785,0.0,15,1,1,0
2021-01-12 15:13:00,5.0,0.1122,0.03012806001056158,0.0,15,1,1,0
2021-01-12 15:14:00,4.0,0.08925,0.0075,0.0,15,1,1,0
2021-01-12 15:15:00,4.0,0.11325,0.031815876539866075,0.0,15,1,1,0
2021-01-12 15:16:00,5.0,0.0902,0.012911235417263528,0.0,15,1,1,0
2021-01-12 15:17:00,4.0,0.14025,0.11609012303665918,0.0,15,1,1,0
2021-01-12 15:18:00,4.0,0.09725,0.029364093720052054,0.0,15,1,1,0
2021-01-12 15:19:00,3.0,0.09266666666666667,0.028041635710730817,0.0,15,1,1,0
2021-01-12 15:20:00,5.0,0.0966,0.0277272429209974,0.0,15,1,1,0
2021-01-12 15:21:00,5.0,0.09,0.006708203932499373,0.0,15,1,1,0
2021-01-12 15:22:00,2.0,0.1,0.012727922061357862,0.0,15,1,1,0
2021-01-12 15:23:00,1.0,0.078,0.0,0.0,15,1,1,0
2021-01-12 15:24:00,2.0,0.101,0.011313708498984755,0.0,15,1,1,0
2021-01-12 15:25:00,0.0,0.0,0.0,0.0,15,1,1,0
2021-01-12 15:26:00,3.0,0.10066666666666668,0.038527046776690964,0.0,15,1,1,0
2021-01-12 15:27:00,4.0,0.08925,0.01506375340566443,0.0,15,1,1,0
2021-01-12 15:28:00,6.0,0.10866666666666668,0.02453297101181727,0.0,15,1,1,0
2021-01-12 15:29:00,2.0,0.08549999999999999,0.010606601717798208,0.0,15,1,1,0
2021-01-12 15:30:00,4.0,0.10025,0.010177589760514688,0.0,15,1,1,0
2021-01-12 15:31:00,5.0,0.08299999999999999,0.0070710678118654745,0.0,15,1,1,0
2021-01-12 15:32:00,2.0,0.099,0.014142135623730947,0.0,15,1,1,0
2021-01-12 15:33:00,6.0,0.09783333333333333,0.017057745063948714,0.0,15,1,1,0
2021-01-12 15:34:00,1.0,0.22,0.0,0.0,15,1,1,0
2021-01-12 15:35:00,3.0,0.11533333333333333,0.039106691669499906,0.0,15,1,1,0
2021-01-12 15:36:00,5.0,0.087,0.008215838362577492,0.0,15,1,1,0
2021-01-12 15:37:00,5.0,0.0886,0.015109599597606816,0.0,15,1,1,0
2021-01-12 15:38:00,3.0,0.104,0.023895606290697036,0.0,15,1,1,0
2021-01-12 15:39:00,4.0,0.08549999999999999,0.008660254037844388,0.0,15,1,1,0
2021-01-12 15:40:00,5.0,0.1688,0.12796171302385725,0.0,15,1,1,0
2021-01-12 15:41:00,3.0,0.09300000000000001,0.0,0.0,15,1,1,0
2021-01-12 15:42:00,5.0,0.1186,0.06631968033698595,0.0,15,1,1,0
2021-01-12 15:43:00,4.0,0.0975,0.02027313493271329,0.0,15,1,1,0
2021-01-12 15:44:00,3.0,0.557,0.7759587617908571,0.0,15,1,1,0
2021-01-12 15:45:00,1.0,0.179,0.0,0.0,15,1,1,0
2021-01-12 15:46:00,3.0,0.08866666666666667,0.017616280348965084,0.0,15,1,1,0
2021-01-12 15:47:00,3.0,0.083,0.008660254037844387,0.0,15,1,1,0
2021-01-12 15:48:00,3.0,0.09733333333333333,0.010214368964029715,0.0,15,1,1,0
2021-01-12 15:49:00,3.0,0.08233333333333333,0.009291573243177571,0.0,15,1,1,0
2021-01-12 15:50:00,2.0,0.0995,0.0134350288425444,0.0,15,1,1,0
2021-01-12 15:51:00,4.0,0.109,0.033793490497431605,0.0,15,1,1,0
2021-01-12 15:52:00,2.0,0.11699999999999999,0.055154328932550706,0.0,15,1,1,0
2021-01-12 15:53:00,7.0,0.09057142857142857,0.014909249286456856,0.0,15,1,1,0
2021-01-12 15:54:00,3.0,0.08800000000000001,0.023895606290697036,0.0,15,1,1,0
2021-01-12 15:55:00,3.0,0.10433333333333333,0.033471380810079124,0.0,15,1,1,0
2021-01-12 15:56:00,6.0,0.109,0.03788931247726726,0.0,15,1,1,0
2021-01-12 15:57:00,5.0,0.11080000000000001,0.03563986531961085,0.0,15,1,1,0
2021-01-12 15:58:00,3.0,0.10366666666666667,0.03234707611722169,0.0,15,1,1,0
2021-01-12 15:59:00,3.0,0.083,0.008660254037844387,0.0,15,1,1,0
2021-01-12 16:00:00,3.0,0.09833333333333333,0.009237604307034018,0.0,16,1,1,0
2021-01-12 16:01:00,1.0,0.078,0.0,0.0,16,1,1,0
2021-01-12 16:02:00,3.0,0.09333333333333334,0.015502687938977983,0.0,16,1,1,0
2021-01-12 16:03:00,3.0,0.09300000000000001,0.015524174696260027,0.0,16,1,1,0
2021-01-12 16:04:00,2.0,0.1555,0.08838834764831845,0.0,16,1,1,0
2021-01-12 16:05:00,3.0,0.09833333333333333,0.009237604307034014,0.0,16,1,1,0
2021-01-12 16:06:00,5.0,0.0916,0.011567194992737003,0.0,16,1,1,0
2021-01-12 16:07:00,4.0,0.14425000000000002,0.04116126820203673,0.0,16,1,1,0
2021-01-12 16:08:00,3.0,0.09933333333333333,0.025106440076867395,0.0,16,1,1,0
2021-01-12 16:09:00,2.0,0.078,0.0,0.0,16,1,1,0
2021-01-12 16:10:00,3.0,0.08533333333333333,0.02098412098071618,0.0,16,1,1,0
2021-01-12 16:11:00,1.0,0.093,0.0,0.0,16,1,1,0
2021-01-12 16:12:00,1.0,0.093,0.0,0.0,16,1,1,0
2021-01-12 16:13:00,3.0,0.09366666666666668,0.015502687938977982,0.0,16,1,1,0
2021-01-12 16:14:00,3.0,0.13999999999999999,0.06802205524680946,0.0,16,1,1,0
2021-01-12 16:15:00,3.0,0.08833333333333333,0.008962886439832498,0.0,16,1,1,0
2021-01-12 16:16:00,2.0,0.078,0.0,0.0,16,1,1,0
2021-01-12 16:17:00,2.0,0.093,0.0,0.0,16,1,1,0
2021-01-12 16:18:00,2.0,0.099,0.008485281374238563,0.0,16,1,1,0
2021-01-12 16:19:00,0.0,0.0,0.0,0.0,16,1,1,0
2021-01-12 16:20:00,3.0,0.08833333333333333,0.0178978583448784,0.0,16,1,1,0
2021-01-12 16:21:00,1.0,0.078,0.0,0.0,16,1,1,0
2021-01-12 16:22:00,3.0,0.08466666666666667,0.011547005383792512,0.0,16,1,1,0
2021-01-12 16:23:00,3.0,0.11666666666666665,0.027319101986217134,0.0,16,1,1,0
2021-01-12 16:24:00,3.0,0.083,0.008660254037844387,0.0,16,1,1,0
2021-01-12 16:25:00,4.0,0.0895,0.026839026311200883,0.0,16,1,1,0
2021-01-12 16:26:00,3.0,0.11399999999999999,0.036373066958946425,0.0,16,1,1,0
2021-01-12 16:27:00,2.0,0.078,0.0,0.0,16,1,1,0
2021-01-12 16:28:00,2.0,0.101,0.011313708498984765,0.0,16,1,1,0
2021-01-12 16:29:00,2.0,0.08549999999999999,0.010606601717798217,0.0,16,1,1,0
2021-01-12 16:30:00,4.0,0.1055,0.020008331597945225,0.0,16,1,1,0
2021-01-12 16:31:00,2.0,0.22149999999999997,0.09263098833543772,0.0,16,1,1,0
2021-01-12 16:32:00,4.0,0.0965,0.01841195263952197,0.0,16,1,1,0
2021-01-12 16:33:00,0.0,0.0,0.0,0.0,16,1,1,0
2021-01-12 16:34:00,4.0,0.14350000000000002,0.11122499719037982,0.0,16,1,1,0
2021-01-12 16:35:00,4.0,0.13625,0.06761841465163171,0.0,16,1,1,0
2021-01-12 16:36:00,1.0,0.078,0.0,0.0,16,1,1,0
2021-01-12 16:37:00,1.0,0.078,0.0,0.0,16,1,1,0
2021-01-12 16:38:00,2.0,0.101,0.011313708498984765,0.0,16,1,1,0
2021-01-12 16:39:00,1.0,0.078,0.0,0.0,16,1,1,0
2021-01-12 16:40:00,3.0,0.11433333333333333,0.018475208614068026,0.0,16,1,1,0
2021-01-12 16:41:00,1.0,0.09,0.0,0.0,16,1,1,0
2021-01-12 16:42:00,1.0,0.124,0.0,0.0,16,1,1,0
2021-01-12 16:43:00,5.0,0.1246,0.019191143790821853,0.0,16,1,1,0
2021-01-12 16:44:00,4.0,0.11674999999999999,0.0485137437571389,0.0,16,1,1,0
2021-01-12 16:45:00,3.0,0.12533333333333332,0.017616280348965084,0.0,16,1,1,0
2021-01-12 16:46:00,3.0,0.11399999999999999,0.008660254037844387,0.0,16,1,1,0
2021-01-12 16:47:00,3.0,0.12033333333333333,0.007234178138070233,0.0,16,1,1,0
2021-01-12 16:48:00,2.0,0.1245,0.02192031021678298,0.0,16,1,1,0
2021-01-12 16:49:00,2.0,0.1635,0.07707463914933368,0.0,16,1,1,0
2021-01-12 16:50:00,2.0,0.1115,0.017677669529663684,0.0,16,1,1,0
2021-01-12 16:51:00,3.0,0.09300000000000001,0.0,0.0,16,1,1,0
2021-01-12 16:52:00,0.0,0.0,0.0,0.0,16,1,1,0
2021-01-12 16:53:00,2.0,0.08549999999999999,0.010606601717798217,0.0,16,1,1,0
2021-01-12 16:54:00,5.0,0.1436,0.07864985696109054,0.0,16,1,1,0
2021-01-12 16:55:00,1.0,0.187,0.0,0.0,16,1,1,0
2021-01-12 16:56:00,2.0,0.10450000000000001,0.01626345596729059,0.0,16,1,1,0
2021-01-12 16:57:00,2.0,0.109,0.02262741699796952,0.0,16,1,1,0
2021-01-12 16:58:00,2.0,0.08549999999999999,0.010606601717798217,0.0,16,1,1,0
2021-01-12 16:59:00,4.0,0.1365,0.05160426338976268,0.0,16,1,1,0
2021-01-12 17:00:00,2.0,0.08549999999999999,0.010606601717798208,0.0,17,1,1,0
2021-01-12 17:01:00,5.0,0.131,0.025455844122715714,0.0,17,1,1,0
2021-01-12 17:02:00,4.0,0.1525,0.0423123307480613,0.0,17,1,1,0
2021-01-12 17:03:00,3.0,0.11399999999999999,0.008660254037844381,0.0,17,1,1,0
2021-01-12 17:04:00,3.0,0.11933333333333333,0.008962886439832498,0.0,17,1,1,0
2021-01-12 17:05:00,4.0,0.14075000000000001,0.049868995043680864,0.0,17,1,1,0
2021-01-12 17:06:00,3.0,0.25733333333333336,0.2381225174848724,0.0,17,1,1,0
2021-01-12 17:07:00,5.0,0.1026,0.014310835055998655,0.0,17,1,1,0
2021-01-12 17:08:00,3.0,0.3083333333333333,0.22895705565309257,0.0,17,1,1,0
2021-01-12 17:09:00,4.0,0.10475,0.014885675440951047,0.0,17,1,1,0
2021-01-12 17:10:00,5.0,0.0962,0.007155417527999327,0.0,17,1,1,0
2021-01-12 17:11:00,4.0,0.10875,0.012658988901172162,0.0,17,1,1,0
2021-01-12 17:12:00,3.0,0.147,0.048867166891482475,0.0,17,1,1,0
2021-01-12 17:13:00,2.0,0.1245,0.02192031021678298,0.0,17,1,1,0
2021-01-12 17:14:00,4.0,0.183,0.08599999999999998,0.0,17,1,1,0
2021-01-12 17:15:00,2.0,0.12,0.007071067811865477,0.0,17,1,1,0
2021-01-12 17:16:00,4.0,0.12075,0.014885675440951061,0.0,17,1,1,0
2021-01-12 17:17:00,3.0,0.109,0.0,0.0,17,1,1,0
2021-01-12 17:18:00,1.0,0.109,0.0,0.0,17,1,1,0
2021-01-12 17:19:00,1.0,0.109,0.0,0.0,17,1,1,0
2021-01-12 17:20:00,4.0,0.14800000000000002,0.0468899420629485,0.0,17,1,1,0
2021-01-12 17:21:00,3.0,0.11933333333333333,0.01789785834487841,0.0,17,1,1,0
2021-01-12 17:22:00,3.0,0.09300000000000001,0.0,0.0,17,1,1,0
2021-01-12 17:23:00,2.0,0.1245,0.02192031021678298,0.0,17,1,1,0
2021-01-12 17:24:00,2.0,0.1325,0.033234018715767734,0.0,17,1,1,0
2021-01-12 17:25:00,3.0,0.114,0.02389560629069705,0.0,17,1,1,0
2021-01-12 17:26:00,2.0,0.1245,0.02192031021678298,0.0,17,1,1,0
2021-01-12 17:27:00,2.0,0.1325,0.033234018715767734,0.0,17,1,1,0
2021-01-12 17:28:00,3.0,0.11266666666666665,0.01001665280087781,0.0,17,1,1,0
2021-01-12 17:29:00,3.0,0.09833333333333333,0.009237604307034018,0.0,17,1,1,0
2021-01-12 17:30:00,2.0,0.1205,0.006363961030678919,0.0,17,1,1,0
2021-01-12 17:31:00,2.0,0.10450000000000001,0.006363961030678919,0.0,17,1,1,0
2021-01-12 17:32:00,0.0,0.0,0.0,0.0,17,1,1,0
2021-01-12 17:33:00,3.0,0.09833333333333333,0.009237604307034013,0.0,17,1,1,0
2021-01-12 17:34:00,2.0,0.43,0.4539625535217635,0.0,17,1,1,0
2021-01-12 17:35:00,2.0,0.1245,0.02192031021678298,0.0,17,1,1,0
2021-01-12 17:36:00,2.0,0.109,0.0,0.0,17,1,1,0
2021-01-12 17:37:00,4.0,0.113,0.015340577998671803,0.0,17,1,1,0
2021-01-12 17:38:00,2.0,0.11649999999999999,0.010606601717798217,0.0,17,1,1,0
2021-01-12 17:39:00,3.0,0.11433333333333333,0.009237604307034014,0.0,17,1,1,0
2021-01-12 17:40:00,1.0,0.109,0.0,0.0,17,1,1,0
2021-01-12 17:41:00,5.0,0.10880000000000001,0.01918853824552564,0.0,17,1,1,0
2021-01-12 17:42:00,5.0,0.11499999999999999,0.03423448553724738,0.0,17,1,1,0
2021-01-12 17:43:00,3.0,0.12133333333333333,0.024946609656090215,0.0,17,1,1,0
2021-01-12 17:44:00,2.0,0.138,0.0919238815542512,0.0,17,1,1,0
2021-01-12 17:45:00,3.0,0.10866666666666668,0.02713546265191242,0.0,17,1,1,0
2021-01-12 17:46:00,5.0,0.0998,0.014096098751072938,0.0,17,1,1,0
2021-01-12 17:47:00,3.0,0.21866666666666668,0.21592900067692006,0.0,17,1,1,0
2021-01-12 17:48:00,3.0,0.10366666666666667,0.023459184413217204,0.0,17,1,1,0
2021-01-12 17:49:00,4.0,0.11375,0.007088723439378911,0.0,17,1,1,0
2021-01-12 17:50:00,3.0,0.10366666666666667,0.009237604307034008,0.0,17,1,1,0
2021-01-12 17:51:00,2.0,0.14750000000000002,0.0770746391493337,0.0,17,1,1,0
2021-01-12 17:52:00,2.0,0.0935,0.021920310216782972,0.0,17,1,1,0
2021-01-12 17:53:00,3.0,0.10366666666666667,0.009237604307034008,0.0,17,1,1,0
2021-01-12 17:54:00,5.0,0.11080000000000001,0.06528169728185688,0.0,17,1,1,0
2021-01-12 17:55:00,6.0,0.14816666666666667,0.1344015128883104,0.0,17,1,1,0
2021-01-12 17:56:00,5.0,0.10600000000000001,0.0546122696836526,0.0,17,1,1,0
2021-01-12 17:57:00,7.0,0.16657142857142856,0.09925532251531426,0.0,17,1,1,0
2021-01-12 17:58:00,6.0,0.11983333333333333,0.05603362085986115,0.0,17,1,1,0
2021-01-12 17:59:00,5.0,0.3488,0.29475617041887353,0.0,17,1,1,0
2021-01-12 18:00:00,3.0,0.24466666666666662,0.2757867533681292,0.0,18,1,0,0
2021-01-12 18:01:00,5.0,0.2162,0.18323946081562237,0.0,18,1,0,0
2021-01-12 18:02:00,6.0,0.09033333333333333,0.01180960061418957,0.0,18,1,0,0
2021-01-12 18:03:00,5.0,0.10600000000000001,0.023097618924902197,0.0,18,1,0,0
2021-01-12 18:04:00,6.0,0.15283333333333335,0.12776919294832642,0.0,18,1,0,0
2021-01-12 18:05:00,4.0,0.105,0.015318833724101413,0.0,18,1,0,0
2021-01-12 18:06:00,6.0,0.11933333333333335,0.07356539041333682,0.0,18,1,0,0
2021-01-12 18:07:00,5.0,0.2802,0.34161191431213284,0.0,18,1,0,0
2021-01-12 18:08:00,7.0,0.12714285714285714,0.07970869582721943,0.0,18,1,0,0
2021-01-12 18:09:00,4.0,0.14525,0.050480194135918297,0.0,18,1,0,0
2021-01-12 18:10:00,5.0,0.1016,0.02421363252384905,0.0,18,1,0,0
2021-01-12 18:11:00,5.0,0.1024,0.020647033685253675,0.0,18,1,0,0
2021-01-12 18:12:00,5.0,0.185,0.07013201836536576,0.0,18,1,0,0
2021-01-12 18:13:00,4.0,0.09825,0.029238958029770265,0.0,18,1,0,0
2021-01-12 18:14:00,5.0,0.1028,0.02593646082255635,0.0,18,1,0,0
2021-01-12 18:15:00,6.0,0.23950000000000002,0.16397530301847288,0.0,18,1,0,0
2021-01-12 18:16:00,6.0,0.12933333333333333,0.04105443540796374,0.0,18,1,0,0
2021-01-12 18:17:00,5.0,0.1376,0.0755566012999526,0.0,18,1,0,0
2021-01-12 18:18:00,5.0,0.1248,0.055934783453589945,0.0,18,1,0,0
2021-01-12 18:19:00,7.0,0.09685714285714286,0.023793756684114792,0.0,18,1,0,0
2021-01-12 18:20:00,6.0,0.11216666666666668,0.03560571115237929,0.0,18,1,0,0
2021-01-12 18:21:00,4.0,0.20450000000000002,0.08476831168937285,0.0,18,1,0,0
2021-01-12 18:22:00,4.0,0.10475,0.026500000000000003,0.0,18,1,0,0
2021-01-12 18:23:00,4.0,0.09075,0.015392097539538484,0.0,18,1,0,0
2021-01-12 18:24:00,2.0,0.29000000000000004,0.14566399692442883,0.0,18,1,0,0
2021-01-12 18:25:00,5.0,0.30799999999999994,0.4359128353237605,0.0,18,1,0,0
2021-01-12 18:26:00,4.0,0.101,0.016,0.0,18,1,0,0
2021-01-12 18:27:00,2.0,0.093,0.0,0.0,18,1,0,0
2021-01-12 18:28:00,3.0,0.11166666666666665,0.0583123771881522,0.0,18,1,0,0
2021-01-12 18:29:00,4.0,0.12975,0.024676236882204442,0.0,18,1,0,0
2021-01-12 18:30:00,5.0,0.159,0.07277362159464103,0.0,18,1,0,0
2021-01-12 18:31:00,5.0,0.14679999999999999,0.03610678606577994,0.0,18,1,0,0
2021-01-12 18:32:00,5.0,0.13040000000000002,0.025598828098176693,0.0,18,1,0,0
2021-01-12 18:33:00,4.0,0.11275,0.007499999999999999,0.0,18,1,0,0
2021-01-12 18:34:00,8.0,0.1145,0.010323343865794091,0.0,18,1,0,0
2021-01-12 18:35:00,6.0,0.1155,0.010464224768228168,0.0,18,1,0,0
2021-01-12 18:36:00,5.0,0.1082,0.001788854381999833,0.0,18,1,0,0
2021-01-12 18:37:00,6.0,0.10566666666666667,0.024565558545790626,0.0,18,1,0,0
2021-01-12 18:38:00,6.0,0.1355,0.038386195435338465,0.0,18,1,0,0
2021-01-12 18:39:00,6.0,0.10633333333333334,0.006531972647421802,0.0,18,1,0,0
2021-01-12 18:40:00,7.0,0.13228571428571428,0.0400820586867919,0.0,18,1,0,0
2021-01-12 18:41:00,8.0,0.112375,0.02086649741297553,0.0,18,1,0,0
2021-01-12 18:42:00,6.0,0.1376666666666667,0.07021870595978445,0.0,18,1,0,0
2021-01-12 18:43:00,3.0,0.09833333333333333,0.009237604307034018,0.0,18,1,0,0
2021-01-12 18:44:00,5.0,0.1276,0.020403431084011336,0.0,18,1,0,0
2021-01-12 18:45:00,4.0,0.11474999999999999,0.023414738947936192,0.0,18,1,0,0
2021-01-12 18:46:00,8.0,0.120375,0.020056616293454323,0.0,18,1,0,0
2021-01-12 18:47:00,5.0,0.1248,0.01960102038160259,0.0,18,1,0,0
2021-01-12 18:48:00,7.0,0.12442857142857143,0.03613796315444994,0.0,18,1,0,0
2021-01-12 18:49:00,6.0,0.13216666666666668,0.02158162798925667,0.0,18,1,0,0
2021-01-12 18:50:00,7.0,0.12999999999999998,0.0714935894562116,0.0,18,1,0,0
2021-01-12 18:51:00,6.0,0.12183333333333334,0.03339710566301617,0.0,18,1,0,0
2021-01-12 18:52:00,7.0,0.12014285714285713,0.023205089753676682,0.0,18,1,0,0
2021-01-12 18:53:00,6.0,0.11733333333333333,0.016107969042268078,0.0,18,1,0,0
2021-01-12 18:54:00,6.0,0.12816666666666668,0.04364592382647739,0.0,18,1,0,0
2021-01-12 18:55:00,6.0,0.18733333333333335,0.16191932147420415,0.0,18,1,0,0
2021-01-12 18:56:00,8.0,0.14775,0.08263992463003064,0.0,18,1,0,0
2021-01-12 18:57:00,7.0,0.10042857142857142,0.011830147123023488,0.0,18,1,0,0
2021-01-12 18:58:00,7.0,0.11085714285714286,0.016252472339396775,0.0,18,1,0,0
2021-01-12 18:59:00,7.0,0.109,0.009237604307034013,0.0,18,1,0,0
2021-01-12 19:00:00,5.0,0.1058,0.007155417527999321,0.0,19,1,0,0
2021-01-12 19:01:00,5.0,0.1156,0.033612497675715794,0.0,19,1,0,0
2021-01-12 19:02:00,5.0,0.11199999999999999,0.025865034312755122,0.0,19,1,0,0
2021-01-12 19:03:00,4.0,0.11025,0.011982626312012457,0.0,19,1,0,0
2021-01-12 19:04:00,7.0,0.11357142857142857,0.007480132415430955,0.0,19,1,0,0
2021-01-12 19:05:00,6.0,0.11366666666666665,0.027840019157081536,0.0,19,1,0,0
2021-01-12 19:06:00,2.0,0.1515,0.08273149339882606,0.0,19,1,0,0
2021-01-12 19:07:00,6.0,0.13233333333333333,0.04279563840704643,0.0,19,1,0,0
2021-01-12 19:08:00,5.0,0.11179999999999998,0.012911235417263522,0.0,19,1,0,0
2021-01-12 19:09:00,5.0,0.1102,0.008408329203831152,0.0,19,1,0,0
2021-01-12 19:10:00,3.0,0.10533333333333333,0.010969655114602893,0.0,19,1,0,0
2021-01-12 19:11:00,5.0,0.1136,0.03521079379962912,0.0,19,1,0,0
2021-01-12 19:12:00,6.0,0.13883333333333334,0.03613539354520257,0.0,19,1,0,0
2021-01-12 19:13:00,5.0,0.11220000000000001,0.019917329138215294,0.0,19,1,0,0
2021-01-12 19:14:00,7.0,0.11257142857142857,0.006267831705280085,0.0,19,1,0,0
2021-01-12 19:15:00,5.0,0.1086,0.010968135666557006,0.0,19,1,0,0
2021-01-12 19:16:00,7.0,0.11114285714285714,0.014052622192181452,0.0,19,1,0,0
2021-01-12 19:17:00,6.0,0.10616666666666667,0.011737404596701376,0.0,19,1,0,0
2021-01-12 19:18:00,5.0,0.1132,0.013274034804836096,0.0,19,1,0,0
2021-01-12 19:19:00,6.0,0.10966666666666668,0.014389811210251043,0.0,19,1,0,0
2021-01-12 19:20:00,7.0,0.15214285714285714,0.06428693120541315,0.0,19,1,0,0
2021-01-12 19:21:00,6.0,0.20750000000000002,0.22665370060954224,0.0,19,1,0,0
2021-01-12 19:22:00,7.0,0.114,0.01,0.0,19,1,0,0
2021-01-12 19:23:00,6.0,0.1115,0.011827933040053949,0.0,19,1,0,0
2021-01-12 19:24:00,6.0,0.111,0.012016655108639841,0.0,19,1,0,0
2021-01-12 19:25:00,5.0,0.41900000000000004,0.4961128903787927,0.0,19,1,0,0
2021-01-12 19:26:00,7.0,0.12485714285714286,0.036232713448064086,0.0,19,1,0,0
2021-01-12 19:27:00,4.0,0.113,0.008,0.0,19,1,0,0
2021-01-12 19:28:00,8.0,0.13075,0.029552616514568433,0.0,19,1,0,0
2021-01-12 19:29:00,6.0,0.12466666666666666,0.02401388487243717,0.0,19,1,0,0
2021-01-12 19:30:00,7.0,0.1112857142857143,0.011041048949477668,0.0,19,1,0,0
2021-01-12 19:31:00,7.0,0.11728571428571428,0.02127372625027004,0.0,19,1,0,0
2021-01-12 19:32:00,4.0,0.12075,0.0349892840738418,0.0,19,1,0,0
2021-01-12 19:33:00,4.0,0.132,0.036687872655688285,0.0,19,1,0,0
2021-01-12 19:34:00,7.0,0.12242857142857143,0.03086452733509858,0.0,19,1,0,0
2021-01-12 19:35:00,6.0,0.1245,0.032800914621394325,0.0,19,1,0,0
2021-01-12 19:36:00,6.0,0.121,0.020890189084831184,0.0,19,1,0,0
2021-01-12 19:37:00,5.0,0.1276,0.023330237889914455,0.0,19,1,0,0
2021-01-12 19:38:00,7.0,0.12671428571428572,0.02729294344523437,0.0,19,1,0,0
2021-01-12 19:39:00,4.0,0.10975,0.017651723239767082,0.0,19,1,0,0
2021-01-12 19:40:00,5.0,0.1338,0.05920895202585502,0.0,19,1,0,0
2021-01-12 19:41:00,6.0,0.117,0.018963122105813697,0.0,19,1,0,0
2021-01-12 19:42:00,6.0,0.14816666666666667,0.08186676167204042,0.0,19,1,0,0
2021-01-12 19:43:00,5.0,0.1248,0.01920156243642689,0.0,19,1,0,0
2021-01-12 19:44:00,10.0,0.1093,0.014213061285701656,0.0,19,1,0,0
2021-01-12 19:45:00,9.0,0.11244444444444444,0.013068197189275106,0.0,19,1,0,0
2021-01-12 19:46:00,8.0,0.114875,0.008114141095290723,0.0,19,1,0,0
2021-01-12 19:47:00,8.0,0.112,0.005952190473142756,0.0,19,1,0,0
2021-01-12 19:48:00,8.0,0.122375,0.024330683156400332,0.0,19,1,0,0
2021-01-12 19:49:00,9.0,0.111,0.021430118991736836,0.0,19,1,0,0
2021-01-12 19:50:00,7.0,0.11557142857142857,0.012136132591798523,0.0,19,1,0,0
2021-01-12 19:51:00,7.0,0.10685714285714286,0.011156889820921884,0.0,19,1,0,0
2021-01-12 19:52:00,5.0,0.11439999999999999,0.009889388252060894,0.0,19,1,0,0
2021-01-12 19:53:00,7.0,0.13785714285714284,0.05232089630803539,0.0,19,1,0,0
2021-01-12 19:54:00,7.0,0.13128571428571428,0.0254539734011168,0.0,19,1,0,0
2021-01-12 19:55:00,6.0,0.11933333333333333,0.012659647177811343,0.0,19,1,0,0
2021-01-12 19:56:00,5.0,0.11200000000000002,0.006708203932499369,0.0,19,1,0,0
2021-01-12 19:57:00,7.0,0.111,0.019070046320517075,0.0,19,1,0,0
2021-01-12 19:58:00,6.0,0.114,0.016074825037928096,0.0,19,1,0,0
2021-01-12 19:59:00,6.0,0.15916666666666668,0.12172332014312898,0.0,19,1,0,0
2021-01-12 20:00:00,4.0,0.11675,0.020271079563424017,0.0,20,1,0,0
2021-01-12 20:01:00,5.0,0.1216,0.04877294331901654,0.0,20,1,0,0
2021-01-12 20:02:00,5.0,0.11200000000000002,0.06130252849597642,0.0,20,1,0,0
2021-01-12 20:03:00,6.0,0.09616666666666666,0.017949001829256874,0.0,20,1,0,0
2021-01-12 20:04:00,6.0,0.1955,0.10321579336516289,0.0,20,1,0,0
2021-01-12 20:05:00,8.0,0.113,0.014352700094407318,0.0,20,1,0,0
2021-01-12 20:06:00,7.0,0.11685714285714287,0.015345233477408892,0.0,20,1,0,0
2021-01-12 20:07:00,7.0,0.13128571428571428,0.029713713364451135,0.0,20,1,0,0
2021-01-12 20:08:00,8.0,0.13575,0.032243493252792216,0.0,20,1,0,0
2021-01-12 20:09:00,7.0,0.14142857142857143,0.05531382329598134,0.0,20,1,0,0
2021-01-12 20:10:00,5.0,0.1214,0.006730527468185534,0.0,20,1,0,0
2021-01-12 20:11:00,8.0,0.134375,0.050116827798369575,0.0,20,1,0,0
2021-01-12 20:12:00,7.0,0.2734285714285714,0.3881167595551873,0.0,20,1,0,0
2021-01-12 20:13:00,7.0,0.10442857142857143,0.015219035699381472,0.0,20,1,0,0
2021-01-12 20:14:00,8.0,0.16375,0.12423681303979799,0.0,20,1,0,0
2021-01-12 20:15:00,7.0,0.11385714285714285,0.01816983371258133,0.0,20,1,0,0
2021-01-12 20:16:00,8.0,0.11962500000000001,0.011636610945018071,0.0,20,1,0,0
2021-01-12 20:17:00,7.0,0.1412857142857143,0.0679894949868833,0.0,20,1,0,0
2021-01-12 20:18:00,7.0,0.10871428571428572,0.017764330231433676,0.0,20,1,0,0
2021-01-12 20:19:00,8.0,0.124125,0.033327112514759345,0.0,20,1,0,0
2021-01-12 20:20:00,8.0,0.1015,0.01156348933991318,0.0,20,1,0,0
2021-01-12 20:21:00,6.0,0.11416666666666668,0.01620390899340856,0.0,20,1,0,0
2021-01-12 20:22:00,7.0,0.1177142857142857,0.03237650529686759,0.0,20,1,0,0
2021-01-12 20:23:00,8.0,0.116625,0.03013274204013207,0.0,20,1,0,0
2021-01-12 20:24:00,5.0,0.10500000000000001,0.020359273071502336,0.0,20,1,0,0
2021-01-12 20:25:00,7.0,0.125,0.0334912924006624,0.0,20,1,0,0
2021-01-12 20:26:00,7.0,0.10842857142857143,0.014683972474063268,0.0,20,1,0,0
2021-01-12 20:27:00,7.0,0.10671428571428572,0.006047431568147636,0.0,20,1,0,0
2021-01-12 20:28:00,6.0,0.1376666666666667,0.041044691089916444,0.0,20,1,0,0
2021-01-12 20:29:00,7.0,0.10514285714285714,0.011437199124327764,0.0,20,1,0,0
2021-01-12 20:30:00,5.0,0.1478,0.03787743391519546,0.0,20,1,0,0
2021-01-12 20:31:00,6.0,0.11966666666666666,0.019054308349207204,0.0,20,1,0,0
2021-01-12 20:32:00,7.0,0.11442857142857144,0.010097147168996842,0.0,20,1,0,0
2021-01-12 20:33:00,8.0,0.11762500000000001,0.02649494560962794,0.0,20,1,0,0
2021-01-12 20:34:00,6.0,0.10116666666666667,0.016497474554205763,0.0,20,1,0,0
2021-01-12 20:35:00,6.0,0.10883333333333334,0.017162944580306344,0.0,20,1,0,0
2021-01-12 20:36:00,7.0,0.10142857142857142,0.00807995756707387,0.0,20,1,0,0
2021-01-12 20:37:00,7.0,0.1367142857142857,0.04977520897566809,0.0,20,1,0,0
2021-01-12 20:38:00,6.0,0.13749999999999998,0.05094604989594385,0.0,20,1,0,0
2021-01-12 20:39:00,7.0,0.11771428571428573,0.023718588249966074,0.0,20,1,0,0
2021-01-12 20:40:00,7.0,0.12014285714285713,0.029481228894719724,0.0,20,1,0,0
2021-01-12 20:41:00,8.0,0.11599999999999999,0.01838477631085024,0.0,20,1,0,0
2021-01-12 20:42:00,5.0,0.10600000000000001,0.013152946437965905,0.0,20,1,0,0
2021-01-12 20:43:00,7.0,0.12714285714285714,0.025096006132640382,0.0,20,1,0,0
2021-01-12 20:44:00,7.0,0.11771428571428573,0.02678752374840625,0.0,20,1,0,0
2021-01-12 20:45:00,7.0,0.18542857142857144,0.17026436027822262,0.0,20,1,0,0
2021-01-12 20:46:00,8.0,0.10625,0.011297913840300657,0.0,20,1,0,0
2021-01-12 20:47:00,6.0,0.11166666666666668,0.006531972647421807,0.0,20,1,0,0
2021-01-12 20:48:00,6.0,0.10183333333333333,0.008060190237622599,0.0,20,1,0,0
2021-01-12 20:49:00,7.0,0.12457142857142857,0.04216181978542966,0.0,20,1,0,0
2021-01-12 20:50:00,6.0,0.11733333333333333,0.034834848451897514,0.0,20,1,0,0
2021-01-12 20:51:00,7.0,0.1122857142857143,0.012486182839633651,0.0,20,1,0,0
2021-01-12 20:52:00,5.0,0.12079999999999999,0.0066858058601787125,0.0,20,1,0,0
2021-01-12 20:53:00,8.0,0.128,0.05993806327010766,0.0,20,1,0,0
2021-01-12 20:54:00,8.0,0.113125,0.01149456393257265,0.0,20,1,0,0
2021-01-12 20:55:00,6.0,0.11066666666666668,0.01476030713320921,0.0,20,1,0,0
2021-01-12 20:56:00,5.0,0.1276,0.01721336689901194,0.0,20,1,0,0
2021-01-12 20:57:00,4.0,0.138,0.021039645117412662,0.0,20,1,0,0
2021-01-12 20:58:00,4.0,0.154,0.030364452901377945,0.0,20,1,0,0
2021-01-12 20:59:00,7.0,0.14942857142857144,0.029736941912135387,0.0,20,1,0,0
2021-01-12 21:00:00,7.0,0.12914285714285714,0.047526934719267604,0.0,21,1,0,0
2021-01-12 21:01:00,8.0,0.13325,0.060532753825629705,0.0,21,1,0,0
2021-01-12 21:02:00,6.0,0.24216666666666667,0.3253609790166403,0.0,21,1,0,0
2021-01-12 21:03:00,3.0,0.12566666666666668,0.0020816659994661356,0.0,21,1,0,0
2021-01-12 21:04:00,5.0,0.1056,0.0070569115057509384,0.0,21,1,0,0
2021-01-12 21:05:00,5.0,0.11140000000000001,0.01828387267512001,0.0,21,1,0,0
2021-01-12 21:06:00,3.0,0.09833333333333333,0.009237604307034018,0.0,21,1,0,0
2021-01-12 21:07:00,2.0,0.1175,0.009192388155425111,0.0,21,1,0,0
2021-01-12 21:08:00,5.0,0.10640000000000001,0.007602631123499284,0.0,21,1,0,0
2021-01-12 21:09:00,5.0,0.14340000000000003,0.07692073842599277,0.0,21,1,0,0
2021-01-12 21:10:00,6.0,0.17916666666666667,0.16494413195584337,0.0,21,1,0,0
2021-01-12 21:11:00,6.0,0.10933333333333334,0.016645319662495724,0.0,21,1,0,0
2021-01-12 21:12:00,3.0,0.15066666666666667,0.058858587592069626,0.0,21,1,0,0
2021-01-12 21:13:00,4.0,0.1085,0.017330127908741277,0.0,21,1,0,0
2021-01-12 21:14:00,6.0,0.12216666666666666,0.02367628912364999,0.0,21,1,0,0
2021-01-12 21:15:00,3.0,0.10333333333333333,0.01877054430040145,0.0,21,1,0,0
2021-01-12 21:16:00,5.0,0.1214,0.012973048986263796,0.0,21,1,0,0
2021-01-12 21:17:00,3.0,0.11966666666666666,0.008386497083606082,0.0,21,1,0,0
2021-01-12 21:18:00,4.0,0.11225,0.014545904349105743,0.0,21,1,0,0
2021-01-12 21:19:00,4.0,0.11275,0.01506375340566443,0.0,21,1,0,0
2021-01-12 21:20:00,3.0,0.11433333333333333,0.009237604307034008,0.0,21,1,0,0
2021-01-12 21:21:00,2.0,0.109,0.0,0.0,21,1,0,0
2021-01-12 21:22:00,2.0,0.11649999999999999,0.010606601717798217,0.0,21,1,0,0
2021-01-12 21:23:00,4.0,0.11275,0.019670197423174655,0.0,21,1,0,0
2021-01-12 21:24:00,2.0,0.101,0.011313708498984755,0.0,21,1,0,0
2021-01-12 21:25:00,3.0,0.19733333333333333,0.14020817855365403,0.0,21,1,0,0
2021-01-12 21:26:00,5.0,0.11779999999999999,0.013627178724886536,0.0,21,1,0,0
2021-01-12 21:27:00,1.0,0.125,0.0,0.0,21,1,0,0
2021-01-12 21:28:00,4.0,0.12625,0.028206086813546714,0.0,21,1,0,0
2021-01-12 21:29:00,2.0,0.1245,0.021920310216782986,0.0,21,1,0,0
2021-01-12 21:30:00,4.0,0.12825,0.029545163168726407,0.0,21,1,0,0
2021-01-12 21:31:00,3.0,0.12533333333333332,0.030022213997860543,0.0,21,1,0,0
2021-01-12 21:32:00,5.0,0.1086,0.015501612819316571,0.0,21,1,0,0
2021-01-12 21:33:00,2.0,0.118,0.00989949493661166,0.0,21,1,0,0
2021-01-12 21:34:00,3.0,0.109,0.0,0.0,21,1,0,0
2021-01-12 21:35:00,3.0,0.109,0.0,0.0,21,1,0,0
2021-01-12 21:36:00,3.0,0.11966666666666666,0.009237604307034013,0.0,21,1,0,0
2021-01-12 21:37:00,5.0,0.1058,0.0071554175279993255,0.0,21,1,0,0
2021-01-12 21:38:00,6.0,0.12533333333333332,0.05623403477136124,0.0,21,1,0,0
2021-01-12 21:39:00,6.0,0.08816666666666667,0.012576432986608991,0.0,21,1,0,0
2021-01-12 21:40:00,6.0,0.0855,0.008215838362577492,0.0,21,1,0,0
2021-01-12 21:41:00,5.0,0.0924,0.001341640786499875,0.0,21,1,0,0
2021-01-12 21:42:00,6.0,0.09233333333333334,0.018618986725025252,0.0,21,1,0,0
2021-01-12 21:43:00,7.0,0.11785714285714285,0.025089364090709648,0.0,21,1,0,0
2021-01-12 21:44:00,2.0,0.179,0.055154328932550685,0.0,21,1,0,0
2021-01-12 21:45:00,4.0,0.101,0.009237604307034016,0.0,21,1,0,0
2021-01-12 21:46:00,5.0,0.11499999999999999,0.032310988842807024,0.0,21,1,0,0
2021-01-12 21:47:00,2.0,0.11699999999999999,0.011313708498984755,0.0,21,1,0,0
2021-01-12 21:48:00,2.0,0.109,0.0,0.0,21,1,0,0
2021-01-12 21:49:00,4.0,0.117,0.015340577998671808,0.0,21,1,0,0
2021-01-12 21:50:00,3.0,0.09899999999999999,0.01819340539866025,0.0,21,1,0,0
2021-01-12 21:51:00,5.0,0.10880000000000001,0.015754364474646378,0.0,21,1,0,0
2021-01-12 21:52:00,4.0,0.13975,0.034150402633058366,0.0,21,1,0,0
2021-01-12 21:53:00,4.0,0.10575,0.013937359864766354,0.0,21,1,0,0
2021-01-12 21:54:00,4.0,0.107,0.015684387141358124,0.0,21,1,0,0
2021-01-12 21:55:00,4.0,0.1175,0.00981495457622364,0.0,21,1,0,0
2021-01-12 21:56:00,6.0,0.123,0.01668532289169136,0.0,21,1,0,0
2021-01-12 21:57:00,4.0,0.1195,0.017823205847059802,0.0,21,1,0,0
2021-01-12 21:58:00,6.0,0.13516666666666668,0.01888297292977636,0.0,21,1,0,0
2021-01-12 21:59:00,4.0,0.12200000000000001,0.02118175315375635,0.0,21,1,0,0
2021-01-12 22:00:00,5.0,0.1196,0.015126136320951233,0.0,22,1,0,0
2021-01-12 22:01:00,4.0,0.4405,0.41452824592139276,0.0,22,1,0,0
2021-01-12 22:02:00,3.0,0.12966666666666668,0.01789785834487841,0.0,22,1,0,0
2021-01-12 22:03:00,4.0,0.1285,0.019739976359323917,0.0,22,1,0,0
2021-01-12 22:04:00,4.0,0.12175,0.014591664287073852,0.0,22,1,0,0
2021-01-12 22:05:00,4.0,0.10675,0.004499999999999996,0.0,22,1,0,0
2021-01-12 22:06:00,7.0,0.12428571428571429,0.026304082609069687,0.0,22,1,0,0
2021-01-12 22:07:00,6.0,0.1065,0.012373358476985948,0.0,22,1,0,0
2021-01-12 22:08:00,2.0,0.109,0.02262741699796952,0.0,22,1,0,0
2021-01-12 22:09:00,4.0,0.1125,0.014798648586948742,0.0,22,1,0,0
2021-01-12 22:10:00,3.0,0.109,0.016,0.0,22,1,0,0
2021-01-12 22:11:00,2.0,0.11699999999999999,0.011313708498984765,0.0,22,1,0,0
2021-01-12 22:12:00,5.0,0.1278,0.023295922389980614,0.0,22,1,0,0
2021-01-12 22:13:00,6.0,0.11166666666666668,0.011552777443829975,0.0,22,1,0,0
2021-01-12 22:14:00,5.0,0.1152,0.0138636214604987,0.0,22,1,0,0
2021-01-12 22:15:00,4.0,0.12925,0.029466082196315135,0.0,22,1,0,0
2021-01-12 22:16:00,5.0,0.1396,0.06038874067241343,0.0,22,1,0,0
2021-01-12 22:17:00,7.0,0.109,0.009237604307034013,0.0,22,1,0,0
2021-01-12 22:18:00,3.0,0.11399999999999999,0.008660254037844381,0.0,22,1,0,0
2021-01-12 22:19:00,3.0,0.10366666666666667,0.009237604307034014,0.0,22,1,0,0
2021-01-12 22:20:00,2.0,0.10450000000000001,0.006363961030678919,0.0,22,1,0,0
2021-01-12 22:21:00,1.0,0.093,0.0,0.0,22,1,0,0
2021-01-12 22:22:00,3.0,0.10233333333333333,0.026633312473917575,0.0,22,1,0,0
2021-01-12 22:23:00,2.0,0.1245,0.0007071067811865482,0.0,22,1,0,0
2021-01-12 22:24:00,5.0,0.09319999999999999,0.018780308836651223,0.0,22,1,0,0
2021-01-12 22:25:00,5.0,0.0996,0.04043884271341108,0.0,22,1,0,0
2021-01-12 22:26:00,4.0,0.089,0.015340577998671806,0.0,22,1,0,0
2021-01-12 22:27:00,4.0,0.08175,0.007499999999999998,0.0,22,1,0,0
2021-01-12 22:28:00,7.0,0.09571428571428571,0.022867110921687552,0.0,22,1,0,0
2021-01-12 22:29:00,3.0,0.11499999999999999,0.03553871128783372,0.0,22,1,0,0
2021-01-12 22:30:00,3.0,0.08233333333333333,0.010066445913694329,0.0,22,1,0,0
2021-01-12 22:31:00,3.0,0.11433333333333334,0.039272551907577044,0.0,22,1,0,0
2021-01-12 22:32:00,2.0,0.08549999999999999,0.010606601717798208,0.0,22,1,0,0
2021-01-12 22:33:00,6.0,0.10133333333333333,0.023131508093219226,0.0,22,1,0,0
2021-01-12 22:34:00,1.0,0.078,0.0,0.0,22,1,0,0
2021-01-12 22:35:00,2.0,0.08549999999999999,0.010606601717798217,0.0,22,1,0,0
2021-01-12 22:36:00,5.0,0.1058,0.02305862094748947,0.0,22,1,0,0
2021-01-12 22:37:00,1.0,0.093,0.0,0.0,22,1,0,0
2021-01-12 22:38:00,4.0,0.097,0.019339079605813717,0.0,22,1,0,0
2021-01-12 22:39:00,5.0,0.1044,0.020255863348670185,0.0,22,1,0,0
2021-01-12 22:40:00,6.0,0.10083333333333333,0.01594260539142416,0.0,22,1,0,0
2021-01-12 22:41:00,4.0,0.11675,0.05793315113128235,0.0,22,1,0,0
2021-01-12 22:42:00,3.0,0.09799999999999999,0.008660254037844385,0.0,22,1,0,0
2021-01-12 22:43:00,6.0,0.09599999999999999,0.011966620241321273,0.0,22,1,0,0
2021-01-12 22:44:00,5.0,0.10400000000000001,0.042041646019155825,0.0,22,1,0,0
2021-01-12 22:45:00,4.0,0.09775,0.014728091073410247,0.0,22,1,0,0
2021-01-12 22:46:00,5.0,0.1028,0.030987094087700447,0.0,22,1,0,0
2021-01-12 22:47:00,2.0,0.08499999999999999,0.011313708498984765,0.0,22,1,0,0
2021-01-12 22:48:00,2.0,0.101,0.011313708498984755,0.0,22,1,0,0
2021-01-12 22:49:00,1.0,0.125,0.0,0.0,22,1,0,0
2021-01-12 22:50:00,3.0,0.08933333333333333,0.019629909152447278,0.0,22,1,0,0
2021-01-12 22:51:00,6.0,0.11399999999999999,0.036611473611424056,0.0,22,1,0,0
2021-01-12 22:52:00,2.0,0.10949999999999999,0.04454772721475248,0.0,22,1,0,0
2021-01-12 22:53:00,2.0,0.101,0.03252691193458119,0.0,22,1,0,0
2021-01-12 22:54:00,4.0,0.12075000000000001,0.0562753646515655,0.0,22,1,0,0
2021-01-12 22:55:00,1.0,0.093,0.0,0.0,22,1,0,0
2021-01-12 22:56:00,0.0,0.0,0.0,0.0,22,1,0,0
2021-01-12 22:57:00,3.0,0.10866666666666668,0.02713546265191242,0.0,22,1,0,0
2021-01-12 22:58:00,4.0,0.1095,0.04105687112611806,0.0,22,1,0,0
2021-01-12 22:59:00,3.0,0.10466666666666667,0.02281081614790083,0.0,22,1,0,0
2021-01-12 23:00:00,4.0,0.105,0.01651262143533445,0.0,23,1,0,0
2021-01-12 23:01:00,5.0,0.11520000000000001,0.03579385422108103,0.0,23,1,0,0
2021-01-12 23:02:00,4.0,0.29225,0.33751382687726045,0.0,23,1,0,0
2021-01-12 23:03:00,3.0,0.09866666666666667,0.0178978583448784,0.0,23,1,0,0
2021-01-12 23:04:00,5.0,0.1058,0.030128060010561585,0.0,23,1,0,0
2021-01-12 23:05:00,3.0,0.083,0.008660254037844381,0.0,23,1,0,0
2021-01-12 23:06:00,2.0,0.2455,0.17041273426595793,0.0,23,1,0,0
2021-01-12 23:07:00,3.0,0.10066666666666667,0.01443375672974064,0.0,23,1,0,0
2021-01-12 23:08:00,5.0,0.09319999999999999,0.015254507530562893,0.0,23,1,0,0
2021-01-12 23:09:00,4.0,0.08574999999999999,0.008958236433584458,0.0,23,1,0,0
2021-01-12 23:10:00,1.0,0.122,0.0,0.0,23,1,0,0
2021-01-12 23:11:00,4.0,0.0945,0.030391884881768475,0.0,23,1,0,0
2021-01-12 23:12:00,3.0,0.08800000000000001,0.008660254037844385,0.0,23,1,0,0
2021-01-12 23:13:00,4.0,0.11275,0.019670197423174655,0.0,23,1,0,0
2021-01-12 23:14:00,1.0,0.199,0.0,0.0,23,1,0,0
2021-01-12 23:15:00,3.0,0.14633333333333334,0.10833897421211508,0.0,23,1,0,0
2021-01-12 23:16:00,1.0,0.117,0.0,0.0,23,1,0,0
2021-01-12 23:17:00,3.0,0.15633333333333335,0.09617345441094093,0.0,23,1,0,0
2021-01-12 23:18:00,5.0,0.0838,0.013809417076763232,0.0,23,1,0,0
2021-01-12 23:19:00,4.0,0.08549999999999999,0.008660254037844383,0.0,23,1,0,0
2021-01-12 23:20:00,4.0,0.11324999999999999,0.039836122635952737,0.0,23,1,0,0
2021-01-12 23:21:00,3.0,0.09366666666666668,0.027135462651912412,0.0,23,1,0,0
2021-01-12 23:22:00,1.0,0.203,0.0,0.0,23,1,0,0
2021-01-12 23:23:00,3.0,0.10333333333333333,0.0178978583448784,0.0,23,1,0,0
2021-01-12 23:24:00,4.0,0.12025,0.0404341027681667,0.0,23,1,0,0
2021-01-12 23:25:00,6.0,0.156,0.10539070167714037,0.0,23,1,0,0
2021-01-12 23:26:00,3.0,0.11466666666666668,0.03251666239535253,0.0,23,1,0,0
2021-01-12 23:27:00,2.0,0.0895,0.004949747468305837,0.0,23,1,0,0
2021-01-12 23:28:00,5.0,0.2294,0.20743022923383175,0.0,23,1,0,0
2021-01-12 23:29:00,4.0,0.08025,0.002629955639676586,0.0,23,1,0,0
2021-01-12 23:30:00,3.0,0.10933333333333334,0.0005773502691896273,0.0,23,1,0,0
2021-01-12 23:31:00,5.0,0.10899999999999999,0.018986837546047526,0.0,23,1,0,0
2021-01-12 23:32:00,4.0,0.13625,0.026399179280172082,0.0,23,1,0,0
2021-01-12 23:33:00,3.0,0.11766666666666666,0.03288363321370274,0.0,23,1,0,0
2021-01-12 23:34:00,3.0,0.15566666666666668,0.10854185060764966,0.0,23,1,0,0
2021-01-12 23:35:00,2.0,0.08549999999999999,0.010606601717798217,0.0,23,1,0,0
2021-01-12 23:36:00,2.0,0.109,0.0,0.0,23,1,0,0
2021-01-12 23:37:00,2.0,0.093,0.0,0.0,23,1,0,0
2021-01-12 23:38:00,5.0,0.0872,0.013809417076763232,0.0,23,1,0,0
2021-01-12 23:39:00,4.0,0.11575,0.049607627101753884,0.0,23,1,0,0
2021-01-12 23:40:00,4.0,0.23650000000000002,0.2622270008980769,0.0,23,1,0,0
2021-01-12 23:41:00,2.0,0.1175,0.012020815280171314,0.0,23,1,0,0
2021-01-12 23:42:00,3.0,0.20266666666666666,0.13627301028939418,0.0,23,1,0,0
2021-01-12 23:43:00,4.0,0.10525000000000001,0.023613202521753234,0.0,23,1,0,0
2021-01-12 23:44:00,3.0,0.09333333333333334,0.015502687938977987,0.0,23,1,0,0
2021-01-12 23:45:00,4.0,0.0815,0.014798648586948744,0.0,23,1,0,0
2021-01-12 23:46:00,3.0,0.104,0.02389560629069704,0.0,23,1,0,0
2021-01-12 23:47:00,4.0,0.09325,0.012658988901172166,0.0,23,1,0,0
2021-01-12 23:48:00,3.0,0.11733333333333333,0.07071303510197632,0.0,23,1,0,0
2021-01-12 23:49:00,1.0,0.078,0.0,0.0,23,1,0,0
2021-01-12 23:50:00,3.0,0.07966666666666666,0.007637626158259729,0.0,23,1,0,0
2021-01-12 23:51:00,4.0,0.08524999999999999,0.0145,0.0,23,1,0,0
2021-01-12 23:52:00,3.0,0.17699999999999996,0.14545446022724773,0.0,23,1,0,0
2021-01-12 23:53:00,3.0,0.114,0.02389560629069705,0.0,23,1,0,0
2021-01-12 23:54:00,1.0,0.093,0.0,0.0,23,1,0,0
2021-01-12 23:55:00,3.0,0.09300000000000001,0.0,0.0,23,1,0,0
2021-01-12 23:56:00,3.0,0.10233333333333333,0.01616580753730952,0.0,23,1,0,0
2021-01-12 23:57:00,5.0,0.1058,0.013386560424545207,0.0,23,1,0,0
2021-01-12 23:58:00,2.0,0.093,0.0,0.0,23,1,0,0
2021-01-12 23:59:00,2.0,0.109,0.0,0.0,23,1,0,0
2021-01-13 00:00:00,4.0,0.1015,0.019638397762207254,0.0,0,2,0,0
2021-01-13 00:01:00,3.0,0.10366666666666667,0.009237604307034008,0.0,0,2,0,0
2021-01-13 00:02:00,6.0,0.10433333333333333,0.008066391179868891,0.0,0,2,0,0
2021-01-13 00:03:00,2.0,0.1015,0.03323401871576773,0.0,0,2,0,0
2021-01-13 00:04:00,5.0,0.0994,0.023607202290826423,0.0,0,2,0,0
2021-01-13 00:05:00,2.0,0.132,0.05515432893255071,0.0,0,2,0,0
2021-01-13 00:06:00,1.0,0.111,0.0,0.0,0,2,0,0
2021-01-13 00:07:00,2.0,0.0935,0.021920310216782972,0.0,0,2,0,0
2021-01-13 00:08:00,3.0,0.09300000000000001,0.0,0.0,0,2,0,0
2021-01-13 00:09:00,3.0,0.131,0.08098765338000602,0.0,0,2,0,0
2021-01-13 00:10:00,3.0,0.09300000000000001,0.0,0.0,0,2,0,0
2021-01-13 00:11:00,3.0,0.09333333333333334,0.0005773502691896273,0.0,0,2,0,0
2021-01-13 00:12:00,4.0,0.08399999999999999,0.0073484692283495336,0.0,0,2,0,0
2021-01-13 00:13:00,3.0,0.08800000000000001,0.008660254037844385,0.0,0,2,0,0
2021-01-13 00:14:00,4.0,0.16575,0.16565098852708365,0.0,0,2,0,0
2021-01-13 00:15:00,3.0,0.10433333333333333,0.04561067126598044,0.0,0,2,0,0
2021-01-13 00:16:00,2.0,0.248,0.21920310216782976,0.0,0,2,0,0
2021-01-13 00:17:00,2.0,0.109,0.02262741699796952,0.0,0,2,0,0
2021-01-13 00:18:00,3.0,0.09833333333333333,0.009237604307034013,0.0,0,2,0,0
2021-01-13 00:19:00,4.0,0.17975,0.16334702323580924,0.0,0,2,0,0
2021-01-13 00:20:00,1.0,0.093,0.0,0.0,0,2,0,0
2021-01-13 00:21:00,3.0,0.08233333333333333,0.007505553499465135,0.0,0,2,0,0
2021-01-13 00:22:00,0.0,0.0,0.0,0.0,0,2,0,0
2021-01-13 00:23:00,1.0,0.093,0.0,0.0,0,2,0,0
2021-01-13 00:24:00,5.0,0.1264,0.060355612829297,0.0,0,2,0,0
2021-01-13 00:25:00,4.0,0.11324999999999999,0.02330057223903882,0.0,0,2,0,0
2021-01-13 00:26:00,2.0,0.1245,0.044547727214752496,0.0,0,2,0,0
2021-01-13 00:27:00,5.0,0.0948,0.008729261137118076,0.0,0,2,0,0
2021-01-13 00:28:00,2.0,0.093,0.0,0.0,0,2,0,0
2021-01-13 00:29:00,4.0,0.08225,0.013500000000000002,0.0,0,2,0,0
2021-01-13 00:30:00,2.0,0.1165,0.03323401871576774,0.0,0,2,0,0
2021-01-13 00:31:00,3.0,0.14033333333333334,0.015502687938977973,0.0,0,2,0,0
2021-01-13 00:32:00,2.0,0.135,0.029698484809835,0.0,0,2,0,0
2021-01-13 00:33:00,4.0,0.16175,0.10934159013537957,0.0,0,2,0,0
2021-01-13 00:34:00,5.0,0.1182,0.04766235411726954,0.0,0,2,0,0
2021-01-13 00:35:00,2.0,0.089,0.0056568542494923706,0.0,0,2,0,0
2021-01-13 00:36:00,2.0,0.093,0.0,0.0,0,2,0,0
2021-01-13 00:37:00,1.0,0.124,0.0,0.0,0,2,0,0
2021-01-13 00:38:00,2.0,0.093,0.0,0.0,0,2,0,0
2021-01-13 00:39:00,2.0,0.093,0.0,0.0,0,2,0,0
2021-01-13 00:40:00,4.0,0.105,0.026545558322752738,0.0,0,2,0,0
2021-01-13 00:41:00,2.0,0.08549999999999999,0.010606601717798217,0.0,0,2,0,0
2021-01-13 00:42:00,4.0,0.14075,0.04767511580129267,0.0,0,2,0,0
2021-01-13 00:43:00,4.0,0.11975,0.04525023020199272,0.0,0,2,0,0
2021-01-13 00:44:00,3.0,0.18600000000000003,0.13692333621410196,0.0,0,2,0,0
2021-01-13 00:45:00,3.0,0.08666666666666667,0.007767453465154026,0.0,0,2,0,0
2021-01-13 00:46:00,0.0,0.0,0.0,0.0,0,2,0,0
2021-01-13 00:47:00,3.0,0.09333333333333334,0.01550268793897798,0.0,0,2,0,0
2021-01-13 00:48:00,2.0,0.1185,0.0134350288425444,0.0,0,2,0,0
2021-01-13 00:49:00,3.0,0.12066666666666666,0.006658328118479397,0.0,0,2,0,0
2021-01-13 00:50:00,1.0,0.124,0.0,0.0,0,2,0,0
2021-01-13 00:51:00,4.0,0.15175,0.07583040287378146,0.0,0,2,0,0
2021-01-13 00:52:00,3.0,0.11599999999999999,0.007549834435270742,0.0,0,2,0,0
2021-01-13 00:53:00,1.0,0.14,0.0,0.0,0,2,0,0
2021-01-13 00:54:00,3.0,0.161,0.049929950931279714,0.0,0,2,0,0
2021-01-13 00:55:00,3.0,0.10733333333333334,0.0028867513459481333,0.0,0,2,0,0
2021-01-13 00:56:00,5.0,0.0994,0.008763560920082661,0.0,0,2,0,0
2021-01-13 00:57:00,2.0,0.11649999999999999,0.010606601717798208,0.0,0,2,0,0
2021-01-13 00:58:00,4.0,0.101,0.019882991056008985,0.0,0,2,0,0
2021-01-13 00:59:00,3.0,0.11766666666666666,0.013316656236958789,0.0,0,2,0,0
2021-01-13 01:00:00,3.0,0.08733333333333333,0.008144527815247077,0.0,1,2,0,0
2021-01-13 01:01:00,3.0,0.10866666666666668,0.02655811238272278,0.0,1,2,0,0
2021-01-13 01:02:00,4.0,0.12475,0.04283592728851177,0.0,1,2,0,0
2021-01-13 01:03:00,4.0,0.11674999999999999,0.008958236433584461,0.0,1,2,0,0
2021-01-13 01:04:00,4.0,0.107,0.010066445913694337,0.0,1,2,0,0
2021-01-13 01:05:00,5.0,0.1278,0.01716682847820179,0.0,1,2,0,0
2021-01-13 01:06:00,2.0,0.1255,0.020506096654409882,0.0,1,2,0,0
2021-01-13 01:07:00,3.0,0.122,0.02762245463386627,0.0,1,2,0,0
2021-01-13 01:08:00,3.0,0.09766666666666667,0.0050332229568471635,0.0,1,2,0,0
2021-01-13 01:09:00,6.0,0.12216666666666666,0.01833484842224409,0.0,1,2,0,0
2021-01-13 01:10:00,4.0,0.10475,0.014885675440951051,0.0,1,2,0,0
2021-01-13 01:11:00,5.0,0.1058,0.007155417527999329,0.0,1,2,0,0
2021-01-13 01:12:00,6.0,0.14049999999999999,0.06167900777412036,0.0,1,2,0,0
2021-01-13 01:13:00,4.0,0.101,0.01988299105600898,0.0,1,2,0,0
2021-01-13 01:14:00,3.0,0.129,0.03464101615137755,0.0,1,2,0,0
2021-01-13 01:15:00,4.0,0.09325,0.012658988901172164,0.0,1,2,0,0
2021-01-13 01:16:00,6.0,0.09166666666666667,0.013589211407093007,0.0,1,2,0,0
2021-01-13 01:17:00,6.0,0.09816666666666667,0.012480651692386368,0.0,1,2,0,0
2021-01-13 01:18:00,5.0,0.0878,0.013367871932360815,0.0,1,2,0,0
2021-01-13 01:19:00,4.0,0.09325,0.012658988901172162,0.0,1,2,0,0
2021-01-13 01:20:00,5.0,0.1024,0.021019038988498034,0.0,1,2,0,0
2021-01-13 01:21:00,3.0,0.08333333333333333,0.009237604307034014,0.0,1,2,0,0
2021-01-13 01:22:00,3.0,0.16533333333333333,0.11567771320930118,0.0,1,2,0,0
2021-01-13 01:23:00,2.0,0.064,0.0028284271247461927,0.0,1,2,0,0
2021-01-13 01:24:00,2.0,0.11149999999999999,0.04737615433949868,0.0,1,2,0,0
2021-01-13 01:25:00,6.0,0.09033333333333333,0.018853823661704988,0.0,1,2,0,0
2021-01-13 01:26:00,2.0,0.1195,0.040305086527633205,0.0,1,2,0,0
2021-01-13 01:27:00,4.0,0.09725,0.014885675440951051,0.0,1,2,0,0
2021-01-13 01:28:00,4.0,0.109,0.0,0.0,1,2,0,0
2021-01-13 01:29:00,3.0,0.10333333333333333,0.03274650108535772,0.0,1,2,0,0
2021-01-13 01:30:00,4.0,0.10125,0.0155,0.0,1,2,0,0
2021-01-13 01:31:00,4.0,0.14025,0.09468324385373934,0.0,1,2,0,0
2021-01-13 01:32:00,4.0,0.117,0.07800000000000001,0.0,1,2,0,0
2021-01-13 01:33:00,4.0,0.08574999999999999,0.0155,0.0,1,2,0,0
2021-01-13 01:34:00,4.0,0.1015,0.019891371663780927,0.0,1,2,0,0
2021-01-13 01:35:00,4.0,0.12175,0.00861684396980705,0.0,1,2,0,0
2021-01-13 01:36:00,4.0,0.10125,0.020271079563424013,0.0,1,2,0,0
2021-01-13 01:37:00,7.0,0.11585714285714287,0.012601965077301387,0.0,1,2,0,0
2021-01-13 01:38:00,3.0,0.11433333333333333,0.009237604307034014,0.0,1,2,0,0
2021-01-13 01:39:00,3.0,0.111,0.013114877048604,0.0,1,2,0,0
2021-01-13 01:40:00,2.0,0.1085,0.0007071067811865482,0.0,1,2,0,0
2021-01-13 01:41:00,5.0,0.11839999999999999,0.008590692637965813,0.0,1,2,0,0
2021-01-13 01:42:00,6.0,0.1295,0.03031006433513462,0.0,1,2,0,0
2021-01-13 01:43:00,4.0,0.11674999999999999,0.027232027712481004,0.0,1,2,0,0
2021-01-13 01:44:00,3.0,0.11966666666666666,0.017616280348965088,0.0,1,2,0,0
2021-01-13 01:45:00,3.0,0.11933333333333333,0.017897858344878403,0.0,1,2,0,0
2021-01-13 01:46:00,4.0,0.11275,0.015063753405664425,0.0,1,2,0,0
2021-01-13 01:47:00,4.0,0.1365,0.008504900548115377,0.0,1,2,0,0
2021-01-13 01:48:00,3.0,0.119,0.008660254037844385,0.0,1,2,0,0
2021-01-13 01:49:00,3.0,0.109,0.016,0.0,1,2,0,0
2021-01-13 01:50:00,2.0,0.11699999999999999,0.011313708498984765,0.0,1,2,0,0
2021-01-13 01:51:00,2.0,0.093,0.0,0.0,1,2,0,0
2021-01-13 01:52:00,5.0,0.087,0.008215838362577488,0.0,1,2,0,0
2021-01-13 01:53:00,3.0,0.09366666666666668,0.027135462651912412,0.0,1,2,0,0
2021-01-13 01:54:00,3.0,0.5670000000000001,0.7794639183438834,0.0,1,2,0,0
2021-01-13 01:55:00,3.0,0.11433333333333333,0.009237604307034008,0.0,1,2,0,0
2021-01-13 01:56:00,3.0,0.10833333333333334,0.017009801096230757,0.0,1,2,0,0
2021-01-13 01:57:00,5.0,0.1006,0.008049844718999246,0.0,1,2,0,0
2021-01-13 01:58:00,3.0,0.13066666666666668,0.024986663109213554,0.0,1,2,0,0
2021-01-13 01:59:00,1.0,0.109,0.0,0.0,1,2,0,0
2021-01-13 02:00:00,3.0,0.12466666666666666,0.015502687938977983,0.0,2,2,0,0
2021-01-13 02:01:00,3.0,0.11933333333333333,0.0089628864398325,0.0,2,2,0,0
2021-01-13 02:02:00,4.0,0.1065,0.009433981132056605,0.0,2,2,0,0
2021-01-13 02:03:00,1.0,0.093,0.0,0.0,2,2,0,0
2021-01-13 02:04:00,3.0,0.11433333333333333,0.009237604307034014,0.0,2,2,0,0
2021-01-13 02:05:00,3.0,0.11933333333333333,0.01619670748434179,0.0,2,2,0,0
2021-01-13 02:06:00,4.0,0.11674999999999999,0.027232027712481004,0.0,2,2,0,0
2021-01-13 02:07:00,4.0,0.1185,0.01721433511156715,0.0,2,2,0,0
2021-01-13 02:08:00,6.0,0.11416666666666668,0.012906070922889997,0.0,2,2,0,0
2021-01-13 02:09:00,3.0,0.11399999999999999,0.008660254037844385,0.0,2,2,0,0
2021-01-13 02:10:00,5.0,0.2206,0.23518779730249612,0.0,2,2,0,0
2021-01-13 02:11:00,4.0,0.1205,0.03450120770833007,0.0,2,2,0,0
2021-01-13 02:12:00,2.0,0.109,0.0,0.0,2,2,0,0
2021-01-13 02:13:00,6.0,0.1115,0.01839293342563932,0.0,2,2,0,0
2021-01-13 02:14:00,5.0,0.1192,0.03905380903317882,0.0,2,2,0,0
2021-01-13 02:15:00,2.0,0.118,0.03535533905932737,0.0,2,2,0,0
2021-01-13 02:16:00,4.0,0.113,0.008,0.0,2,2,0,0
2021-01-13 02:17:00,6.0,0.16666666666666666,0.0988507292166662,0.0,2,2,0,0
2021-01-13 02:18:00,3.0,0.11933333333333333,0.008962886439832498,0.0,2,2,0,0
2021-01-13 02:19:00,4.0,0.118,0.016792855623746668,0.0,2,2,0,0
2021-01-13 02:20:00,3.0,0.12066666666666666,0.006658328118479391,0.0,2,2,0,0
2021-01-13 02:21:00,4.0,0.10875,0.012658988901172162,0.0,2,2,0,0
2021-01-13 02:22:00,3.0,0.238,0.23742577787595012,0.0,2,2,0,0
2021-01-13 02:23:00,5.0,0.1406,0.03919566302539095,0.0,2,2,0,0
2021-01-13 02:24:00,5.0,0.1262,0.03076849037570742,0.0,2,2,0,0
2021-01-13 02:25:00,3.0,0.119,0.00866025403784439,0.0,2,2,0,0
2021-01-13 02:26:00,4.0,0.11275,0.007499999999999994,0.0,2,2,0,0
2021-01-13 02:27:00,6.0,0.10233333333333333,0.012110601416389965,0.0,2,2,0,0
2021-01-13 02:28:00,6.0,0.11416666666666668,0.01910410078142038,0.0,2,2,0,0
2021-01-13 02:29:00,3.0,0.11433333333333333,0.009237604307034014,0.0,2,2,0,0
2021-01-13 02:30:00,3.0,0.11399999999999999,0.008660254037844387,0.0,2,2,0,0
2021-01-13 02:31:00,4.0,0.105,0.008,0.0,2,2,0,0
2021-01-13 02:32:00,7.0,0.13199999999999998,0.050734603575863284,0.0,2,2,0,0
2021-01-13 02:33:00,5.0,0.1122,0.013405222862750175,0.0,2,2,0,0
2021-01-13 02:34:00,4.0,0.12075,0.0349892840738418,0.0,2,2,0,0
2021-01-13 02:35:00,4.0,0.109,0.013063945294843619,0.0,2,2,0,0
2021-01-13 02:36:00,2.0,0.101,0.011313708498984755,0.0,2,2,0,0
2021-01-13 02:37:00,2.0,0.1245,0.02192031021678298,0.0,2,2,0,0
2021-01-13 02:38:00,3.0,0.11933333333333333,0.01789785834487841,0.0,2,2,0,0
2021-01-13 02:39:00,3.0,0.18633333333333332,0.12388031858747109,0.0,2,2,0,0
2021-01-13 02:40:00,5.0,0.10740000000000001,0.03586502474556515,0.0,2,2,0,0
2021-01-13 02:41:00,3.0,0.10933333333333334,0.0005773502691896273,0.0,2,2,0,0
2021-01-13 02:42:00,2.0,0.101,0.011313708498984765,0.0,2,2,0,0
2021-01-13 02:43:00,2.0,0.1245,0.021920310216782986,0.0,2,2,0,0
2021-01-13 02:44:00,5.0,0.1412,0.054586628399270094,0.0,2,2,0,0
2021-01-13 02:45:00,5.0,0.11599999999999999,0.026814175355583846,0.0,2,2,0,0
2021-01-13 02:46:00,3.0,0.107,0.012489995996796798,0.0,2,2,0,0
2021-01-13 02:47:00,3.0,0.11966666666666666,0.009237604307034013,0.0,2,2,0,0
2021-01-13 02:48:00,4.0,0.125,0.030681155997343612,0.0,2,2,0,0
2021-01-13 02:49:00,2.0,0.109,0.0,0.0,2,2,0,0
2021-01-13 02:50:00,3.0,0.17466666666666666,0.058517803558689165,0.0,2,2,0,0
2021-01-13 02:51:00,3.0,0.125,0.02771281292110204,0.0,2,2,0,0
2021-01-13 02:52:00,3.0,0.11433333333333333,0.009237604307034014,0.0,2,2,0,0
2021-01-13 02:53:00,4.0,0.1015,0.008698658900466593,0.0,2,2,0,0
2021-01-13 02:54:00,1.0,0.124,0.0,0.0,2,2,0,0
2021-01-13 02:55:00,6.0,0.122,0.015257784898208532,0.0,2,2,0,0
2021-01-13 02:56:00,2.0,0.11649999999999999,0.010606601717798217,0.0,2,2,0,0
2021-01-13 02:57:00,7.0,0.12242857142857143,0.016751687903582963,0.0,2,2,0,0
2021-01-13 02:58:00,5.0,0.1152,0.008497058314499203,0.0,2,2,0,0
2021-01-13 02:59:00,3.0,0.109,0.0,0.0,2,2,0,0
2021-01-13 03:00:00,4.0,0.11275,0.007499999999999999,0.0,3,2,0,0
2021-01-13 03:01:00,4.0,0.11624999999999999,0.008381527307120105,0.0,3,2,0,0
2021-01-13 03:02:00,3.0,0.11166666666666665,0.016441816606851366,0.0,3,2,0,0
2021-01-13 03:03:00,4.0,0.1015,0.00869865890046659,0.0,3,2,0,0
2021-01-13 03:04:00,4.0,0.1205,0.014798648586948748,0.0,3,2,0,0
2021-01-13 03:05:00,2.0,0.109,0.0,0.0,3,2,0,0
2021-01-13 03:06:00,5.0,0.1122,0.007155417527999327,0.0,3,2,0,0
2021-01-13 03:07:00,5.0,0.1058,0.007155417527999327,0.0,3,2,0,0
2021-01-13 03:08:00,3.0,0.11966666666666666,0.024785748593361735,0.0,3,2,0,0
2021-01-13 03:09:00,4.0,0.11674999999999999,0.020532494571613383,0.0,3,2,0,0
2021-01-13 03:10:00,6.0,0.11133333333333334,0.005715476066494079,0.0,3,2,0,0
2021-01-13 03:11:00,1.0,0.125,0.0,0.0,3,2,0,0
2021-01-13 03:12:00,5.0,0.1432,0.025684625751604795,0.0,3,2,0,0
2021-01-13 03:13:00,4.0,0.1245,0.022158519806160345,0.0,3,2,0,0
2021-01-13 03:14:00,5.0,0.11200000000000002,0.01711724276862369,0.0,3,2,0,0
2021-01-13 03:15:00,3.0,0.11433333333333333,0.009237604307034008,0.0,3,2,0,0
2021-01-13 03:16:00,4.0,0.1245,0.012662279942148394,0.0,3,2,0,0
2021-01-13 03:17:00,5.0,0.11879999999999999,0.008955445270895245,0.0,3,2,0,0
2021-01-13 03:18:00,1.0,0.109,0.0,0.0,3,2,0,0
2021-01-13 03:19:00,4.0,0.1025,0.016763054614240207,0.0,3,2,0,0
2021-01-13 03:20:00,4.0,0.101,0.009237604307034016,0.0,3,2,0,0
2021-01-13 03:21:00,3.0,0.12566666666666668,0.015631165450257816,0.0,3,2,0,0
2021-01-13 03:22:00,3.0,0.13,0.023895606290697043,0.0,3,2,0,0
2021-01-13 03:23:00,2.0,0.112,0.004242640687119289,0.0,3,2,0,0
2021-01-13 03:24:00,5.0,0.148,0.0872066511224918,0.0,3,2,0,0
2021-01-13 03:25:00,4.0,0.14075000000000001,0.04525759604751449,0.0,3,2,0,0
2021-01-13 03:26:00,6.0,0.14016666666666666,0.06245131437100958,0.0,3,2,0,0
2021-01-13 03:27:00,5.0,0.11280000000000001,0.014149204924659193,0.0,3,2,0,0
2021-01-13 03:28:00,5.0,0.11839999999999999,0.013921206844235886,0.0,3,2,0,0
2021-01-13 03:29:00,4.0,0.109,0.013063945294843613,0.0,3,2,0,0
2021-01-13 03:30:00,1.0,0.093,0.0,0.0,3,2,0,0
2021-01-13 03:31:00,2.0,0.14850000000000002,0.012020815280171309,0.0,3,2,0,0
2021-01-13 03:32:00,3.0,0.118,0.008185352771872455,0.0,3,2,0,0
2021-01-13 03:33:00,3.0,0.132,0.028844410203711913,0.0,3,2,0,0
2021-01-13 03:34:00,4.0,0.09875,0.012392874296680874,0.0,3,2,0,0
2021-01-13 03:35:00,2.0,0.1185,0.009192388155425122,0.0,3,2,0,0
2021-01-13 03:36:00,6.0,0.1376666666666667,0.03753753676876876,0.0,3,2,0,0
2021-01-13 03:37:00,4.0,0.1205,0.014798648586948748,0.0,3,2,0,0
2021-01-13 03:38:00,4.0,0.109,0.013063945294843613,0.0,3,2,0,0
2021-01-13 03:39:00,2.0,0.109,0.0,0.0,3,2,0,0
2021-01-13 03:40:00,4.0,0.101,0.009237604307034014,0.0,3,2,0,0
2021-01-13 03:41:00,3.0,0.10866666666666668,0.015502687938977973,0.0,3,2,0,0
2021-01-13 03:42:00,1.0,0.124,0.0,0.0,3,2,0,0
2021-01-13 03:43:00,6.0,0.11466666666666665,0.008801515021101006,0.0,3,2,0,0
2021-01-13 03:44:00,4.0,0.12475,0.04283592728851177,0.0,3,2,0,0
2021-01-13 03:45:00,5.0,0.128,0.02009975124224178,0.0,3,2,0,0
2021-01-13 03:46:00,0.0,0.0,0.0,0.0,3,2,0,0
2021-01-13 03:47:00,2.0,0.11649999999999999,0.010606601717798217,0.0,3,2,0,0
2021-01-13 03:48:00,4.0,0.109,0.0,0.0,3,2,0,0
2021-01-13 03:49:00,2.0,0.106,0.004242640687119289,0.0,3,2,0,0
2021-01-13 03:50:00,4.0,0.11674999999999999,0.015840349322747478,0.0,3,2,0,0
2021-01-13 03:51:00,5.0,0.11379999999999998,0.010183319694480776,0.0,3,2,0,0
2021-01-13 03:52:00,4.0,0.12825,0.060306854226254133,0.0,3,2,0,0
2021-01-13 03:53:00,3.0,0.11366666666666668,0.024006943440041124,0.0,3,2,0,0
2021-01-13 03:54:00,3.0,0.13066666666666668,0.02371356854910988,0.0,3,2,0,0
2021-01-13 03:55:00,5.0,0.11200000000000002,0.007280109889280517,0.0,3,2,0,0
2021-01-13 03:56:00,4.0,0.2965,0.32534853106578904,0.0,3,2,0,0
2021-01-13 03:57:00,4.0,0.1495,0.03837099599089569,0.0,3,2,0,0
2021-01-13 03:58:00,2.0,0.1085,0.021920310216782972,0.0,3,2,0,0
2021-01-13 03:59:00,1.0,0.15,0.0,0.0,3,2,0,0
2021-01-13 04:00:00,2.0,0.11649999999999999,0.010606601717798217,0.0,4,2,0,0
2021-01-13 04:01:00,4.0,0.17174999999999999,0.09968408431974818,0.0,4,2,0,0
2021-01-13 04:02:00,7.0,0.12228571428571429,0.02470974359582528,0.0,4,2,0,0
2021-01-13 04:03:00,5.0,0.1214,0.02040343108401134,0.0,4,2,0,0
2021-01-13 04:04:00,2.0,0.1165,0.03323401871576774,0.0,4,2,0,0
2021-01-13 04:05:00,5.0,0.1058,0.0071554175279993255,0.0,4,2,0,0
2021-01-13 04:06:00,5.0,0.1166,0.008414273587185052,0.0,4,2,0,0
2021-01-13 04:07:00,3.0,0.15066666666666667,0.03234707611722168,0.0,4,2,0,0
2021-01-13 04:08:00,3.0,0.135,0.03637306695894643,0.0,4,2,0,0
2021-01-13 04:09:00,2.0,0.101,0.011313708498984765,0.0,4,2,0,0
2021-01-13 04:10:00,1.0,0.109,0.0,0.0,4,2,0,0
2021-01-13 04:11:00,2.0,0.107,0.0028284271247461927,0.0,4,2,0,0
2021-01-13 04:12:00,5.0,0.1026,0.008763560920082658,0.0,4,2,0,0
2021-01-13 04:13:00,3.0,0.10866666666666668,0.015502687938977976,0.0,4,2,0,0
2021-01-13 04:14:00,3.0,0.10366666666666667,0.009237604307034008,0.0,4,2,0,0
2021-01-13 04:15:00,3.0,0.11399999999999999,0.036373066958946425,0.0,4,2,0,0
2021-01-13 04:16:00,6.0,0.11933333333333333,0.033761911478271886,0.0,4,2,0,0
2021-01-13 04:17:00,3.0,0.10366666666666667,0.009237604307034014,0.0,4,2,0,0
2021-01-13 04:18:00,3.0,0.11399999999999999,0.018193405398660253,0.0,4,2,0,0
2021-01-13 04:19:00,5.0,0.10900000000000001,0.016,0.0,4,2,0,0
2021-01-13 04:20:00,2.0,0.129,0.0282842712474619,0.0,4,2,0,0
2021-01-13 04:21:00,2.0,0.109,0.0,0.0,4,2,0,0
2021-01-13 04:22:00,3.0,0.10866666666666668,0.01550268793897798,0.0,4,2,0,0
2021-01-13 04:23:00,3.0,0.10366666666666667,0.009237604307034014,0.0,4,2,0,0
2021-01-13 04:24:00,5.0,0.11839999999999999,0.014205632685663801,0.0,4,2,0,0
2021-01-13 04:25:00,4.0,0.10125,0.020271079563424013,0.0,4,2,0,0
2021-01-13 04:26:00,5.0,0.1236,0.04611182061033808,0.0,4,2,0,0
2021-01-13 04:27:00,1.0,0.093,0.0,0.0,4,2,0,0
2021-01-13 04:28:00,5.0,0.1246,0.0400099987503124,0.0,4,2,0,0
2021-01-13 04:29:00,6.0,0.09133333333333334,0.011877148928369413,0.0,4,2,0,0
2021-01-13 04:30:00,3.0,0.09866666666666667,0.0178978583448784,0.0,4,2,0,0
2021-01-13 04:31:00,1.0,0.108,0.0,0.0,4,2,0,0
2021-01-13 04:32:00,5.0,0.09340000000000001,0.026847718711279743,0.0,4,2,0,0
2021-01-13 04:33:00,4.0,0.09725,0.01980530232033836,0.0,4,2,0,0
2021-01-13 04:34:00,5.0,0.09,0.012549900398011132,0.0,4,2,0,0
2021-01-13 04:35:00,4.0,0.09125,0.025552234083669998,0.0,4,2,0,0
2021-01-13 04:36:00,3.0,0.09833333333333333,0.025540817005987364,0.0,4,2,0,0
2021-01-13 04:37:00,4.0,0.1045,0.007724420150837642,0.0,4,2,0,0
2021-01-13 04:38:00,4.0,0.11475,0.029398129192178196,0.0,4,2,0,0
2021-01-13 04:39:00,2.0,0.189,0.13576450198781712,0.0,4,2,0,0
2021-01-13 04:40:00,0.0,0.0,0.0,0.0,4,2,0,0
2021-01-13 04:41:00,2.0,0.0965,0.017677669529663684,0.0,4,2,0,0
2021-01-13 04:42:00,3.0,0.08833333333333333,0.0178978583448784,0.0,4,2,0,0
2021-01-13 04:43:00,2.0,0.1005,0.012020815280171303,0.0,4,2,0,0
2021-01-13 04:44:00,2.0,0.1745,0.0714177848998413,0.0,4,2,0,0
2021-01-13 04:45:00,4.0,0.08175,0.007499999999999998,0.0,4,2,0,0
2021-01-13 04:46:00,4.0,0.097,0.008000000000000002,0.0,4,2,0,0
2021-01-13 04:47:00,2.0,0.3765,0.37830212793480295,0.0,4,2,0,0
2021-01-13 04:48:00,4.0,0.10350000000000001,0.028664728616658263,0.0,4,2,0,0
2021-01-13 04:49:00,3.0,0.17133333333333334,0.12397311536511992,0.0,4,2,0,0
2021-01-13 04:50:00,5.0,0.1258,0.026099808428415725,0.0,4,2,0,0
2021-01-13 04:51:00,5.0,0.09,0.006708203932499369,0.0,4,2,0,0
2021-01-13 04:52:00,3.0,0.083,0.008660254037844381,0.0,4,2,0,0
2021-01-13 04:53:00,6.0,0.09333333333333334,0.01386602562620835,0.0,4,2,0,0
2021-01-13 04:54:00,4.0,0.0925,0.019122412679017955,0.0,4,2,0,0
2021-01-13 04:55:00,6.0,0.09300000000000001,0.0,0.0,4,2,0,0
2021-01-13 04:56:00,2.0,0.087,0.009899494936611668,0.0,4,2,0,0
2021-01-13 04:57:00,3.0,0.09400000000000001,0.0017320508075688787,0.0,4,2,0,0
2021-01-13 04:58:00,1.0,0.109,0.0,0.0,4,2,0,0
2021-01-13 04:59:00,1.0,0.113,0.0,0.0,4,2,0,0
2021-01-13 05:00:00,1.0,0.093,0.0,0.0,5,2,0,0
2021-01-13 05:01:00,1.0,0.109,0.0,0.0,5,2,0,0
2021-01-13 05:02:00,4.0,0.1465,0.0734914961066925,0.0,5,2,0,0
2021-01-13 05:03:00,3.0,0.114,0.04992995093127973,0.0,5,2,0,0
2021-01-13 05:04:00,3.0,0.09000000000000001,0.018681541692269404,0.0,5,2,0,0
2021-01-13 05:05:00,3.0,0.114,0.04992995093127972,0.0,5,2,0,0
2021-01-13 05:06:00,4.0,0.136,0.03472751070837067,0.0,5,2,0,0
2021-01-13 05:07:00,5.0,0.1028,0.032383637843824774,0.0,5,2,0,0
2021-01-13 05:08:00,4.0,0.14200000000000002,0.060066629670724826,0.0,5,2,0,0
2021-01-13 05:09:00,4.0,0.17200000000000001,0.09915980368408697,0.0,5,2,0,0
2021-01-13 05:10:00,3.0,0.08866666666666667,0.017616280348965084,0.0,5,2,0,0
2021-01-13 05:11:00,4.0,0.12075,0.056275364651565504,0.0,5,2,0,0
2021-01-13 05:12:00,1.0,0.08,0.0,0.0,5,2,0,0
2021-01-13 05:13:00,3.0,0.09966666666666667,0.00907377172587747,0.0,5,2,0,0
2021-01-13 05:14:00,2.0,0.094,0.0014142135623730963,0.0,5,2,0,0
2021-01-13 05:15:00,6.0,0.09566666666666666,0.006531972647421811,0.0,5,2,0,0
2021-01-13 05:16:00,4.0,0.0895,0.014798648586948742,0.0,5,2,0,0
2021-01-13 05:17:00,3.0,0.09899999999999999,0.024556058315617357,0.0,5,2,0,0
2021-01-13 05:18:00,4.0,0.104,0.013038404810405291,0.0,5,2,0,0
2021-01-13 05:19:00,4.0,0.3835,0.21422962758062514,0.0,5,2,0,0
2021-01-13 05:20:00,1.0,0.125,0.0,0.0,5,2,0,0
2021-01-13 05:21:00,2.0,0.1245,0.02192031021678298,0.0,5,2,0,0
2021-01-13 05:22:00,3.0,0.11066666666666668,0.01625833119767626,0.0,5,2,0,0
2021-01-13 05:23:00,4.0,0.097,0.008000000000000002,0.0,5,2,0,0
2021-01-13 05:24:00,3.0,0.10366666666666667,0.032347076117221686,0.0,5,2,0,0
2021-01-13 05:25:00,5.0,0.0902,0.012911235417263522,0.0,5,2,0,0
2021-01-13 05:26:00,2.0,0.167,0.08202438661763951,0.0,5,2,0,0
2021-01-13 05:27:00,2.0,0.093,0.0,0.0,5,2,0,0
2021-01-13 05:28:00,2.0,0.132,0.05515432893255071,0.0,5,2,0,0
2021-01-13 05:29:00,2.0,0.0935,0.021920310216782972,0.0,5,2,0,0
2021-01-13 05:30:00,2.0,0.08549999999999999,0.010606601717798217,0.0,5,2,0,0
2021-01-13 05:31:00,2.0,0.0935,0.0007071067811865482,0.0,5,2,0,0
2021-01-13 05:32:00,4.0,0.1295,0.07178439941937247,0.0,5,2,0,0
2021-01-13 05:33:00,3.0,0.08800000000000001,0.00866025403784439,0.0,5,2,0,0
2021-01-13 05:34:00,4.0,0.0895,0.014798648586948746,0.0,5,2,0,0
2021-01-13 05:35:00,3.0,0.09000000000000001,0.020784609690826527,0.0,5,2,0,0
2021-01-13 05:36:00,1.0,0.109,0.0,0.0,5,2,0,0
2021-01-13 05:37:00,4.0,0.16325,0.14166245091766555,0.0,5,2,0,0
2021-01-13 05:38:00,3.0,0.135,0.04992995093127972,0.0,5,2,0,0
2021-01-13 05:39:00,2.0,0.1405,0.06717514421272201,0.0,5,2,0,0
2021-01-13 05:40:00,4.0,0.13225,0.01975474626513841,0.0,5,2,0,0
2021-01-13 05:41:00,2.0,0.1015,0.03323401871576773,0.0,5,2,0,0
2021-01-13 05:42:00,1.0,0.093,0.0,0.0,5,2,0,0
2021-01-13 05:43:00,3.0,0.083,0.008660254037844385,0.0,5,2,0,0
2021-01-13 05:44:00,4.0,0.10125,0.0465,0.0,5,2,0,0
2021-01-13 05:45:00,3.0,0.08766666666666667,0.018502252115170557,0.0,5,2,0,0
2021-01-13 05:46:00,1.0,0.078,0.0,0.0,5,2,0,0
2021-01-13 05:47:00,5.0,0.0836,0.008619744775803977,0.0,5,2,0,0
2021-01-13 05:48:00,4.0,0.092,0.002000000000000003,0.0,5,2,0,0
2021-01-13 05:49:00,4.0,0.09275,0.0041932485418030435,0.0,5,2,0,0
2021-01-13 05:50:00,2.0,0.08549999999999999,0.010606601717798208,0.0,5,2,0,0
2021-01-13 05:51:00,2.0,0.101,0.011313708498984755,0.0,5,2,0,0
2021-01-13 05:52:00,3.0,0.08800000000000001,0.008660254037844385,0.0,5,2,0,0
2021-01-13 05:53:00,2.0,0.126,0.04666904755831214,0.0,5,2,0,0
2021-01-13 05:54:00,1.0,0.124,0.0,0.0,5,2,0,0
2021-01-13 05:55:00,3.0,0.08433333333333333,0.00776745346515403,0.0,5,2,0,0
2021-01-13 05:56:00,0.0,0.0,0.0,0.0,5,2,0,0
2021-01-13 05:57:00,1.0,0.078,0.0,0.0,5,2,0,0
2021-01-13 05:58:00,1.0,0.093,0.0,0.0,5,2,0,0
2021-01-13 05:59:00,4.0,0.08549999999999999,0.008660254037844385,0.0,5,2,0,0
2021-01-13 06:00:00,2.0,0.093,0.0,0.0,6,2,0,0
2021-01-13 06:01:00,3.0,0.08833333333333333,0.0178978583448784,0.0,6,2,0,0
2021-01-13 06:02:00,2.0,0.0935,0.021920310216782972,0.0,6,2,0,0
2021-01-13 06:03:00,3.0,0.09000000000000001,0.020784609690826527,0.0,6,2,0,0
2021-01-13 06:04:00,3.0,0.09033333333333333,0.020744477176668812,0.0,6,2,0,0
2021-01-13 06:05:00,2.0,0.08549999999999999,0.010606601717798208,0.0,6,2,0,0
2021-01-13 06:06:00,3.0,0.10433333333333333,0.009865765724632498,0.0,6,2,0,0
2021-01-13 06:07:00,3.0,0.08900000000000001,0.019924858845171277,0.0,6,2,0,0
2021-01-13 06:08:00,4.0,0.10875000000000001,0.04209809971958355,0.0,6,2,0,0
2021-01-13 06:09:00,3.0,0.17133333333333334,0.1356773132595621,0.0,6,2,0,0
2021-01-13 06:10:00,3.0,0.08733333333333333,0.018823743871327334,0.0,6,2,0,0
2021-01-13 06:11:00,1.0,0.187,0.0,0.0,6,2,0,0
2021-01-13 06:12:00,4.0,0.08549999999999999,0.008660254037844383,0.0,6,2,0,0
2021-01-13 06:13:00,5.0,0.11539999999999999,0.02619732810803422,0.0,6,2,0,0
2021-01-13 06:14:00,3.0,0.08566666666666667,0.007505553499465142,0.0,6,2,0,0
2021-01-13 06:15:00,1.0,0.093,0.0,0.0,6,2,0,0
2021-01-13 06:16:00,3.0,0.114,0.04992995093127972,0.0,6,2,0,0
2021-01-13 06:17:00,2.0,0.08549999999999999,0.010606601717798217,0.0,6,2,0,0
2021-01-13 06:18:00,3.0,0.08800000000000001,0.008660254037844385,0.0,6,2,0,0
2021-01-13 06:19:00,1.0,0.078,0.0,0.0,6,2,0,0
2021-01-13 06:20:00,2.0,0.10900000000000001,0.04384062043356595,0.0,6,2,0,0
2021-01-13 06:21:00,3.0,0.09033333333333333,0.016441816606851366,0.0,6,2,0,0
2021-01-13 06:22:00,2.0,0.08549999999999999,0.010606601717798217,0.0,6,2,0,0
2021-01-13 06:23:00,4.0,0.08424999999999999,0.009069178573608528,0.0,6,2,0,0
2021-01-13 06:24:00,0.0,0.0,0.0,0.0,6,2,0,0
2021-01-13 06:25:00,4.0,0.10500000000000001,0.0445645599103144,0.0,6,2,0,0
2021-01-13 06:26:00,3.0,0.10633333333333335,0.03134219732777735,0.0,6,2,0,0
2021-01-13 06:27:00,2.0,0.14,0.0,0.0,6,2,0,0
2021-01-13 06:28:00,8.0,0.17099999999999999,0.17985708612276421,0.0,6,2,0,0
2021-01-13 06:29:00,9.0,0.10777777777777778,0.0673419961424106,0.0,6,2,0,0
2021-01-13 06:30:00,6.0,0.1748333333333333,0.12068043199569128,0.0,6,2,0,0
2021-01-13 06:31:00,2.0,0.07,0.011313708498984765,0.0,6,2,0,0
2021-01-13 06:32:00,4.0,0.0815,0.0069999999999999975,0.0,6,2,0,0
2021-01-13 06:33:00,3.0,0.10366666666666668,0.032347076117221686,0.0,6,2,0,0
2021-01-13 06:34:00,6.0,0.09849999999999999,0.021667948680020446,0.0,6,2,0,0
2021-01-13 06:35:00,2.0,0.1165,0.03323401871576774,0.0,6,2,0,0
2021-01-13 06:36:00,3.0,0.12466666666666666,0.027428695436227613,0.0,6,2,0,0
2021-01-13 06:37:00,5.0,0.1016,0.0402777854406123,0.0,6,2,0,0
2021-01-13 06:38:00,4.0,0.0895,0.007681145747868612,0.0,6,2,0,0
2021-01-13 06:39:00,3.0,0.079,0.0017320508075688787,0.0,6,2,0,0
2021-01-13 06:40:00,2.0,0.0935,0.021920310216782972,0.0,6,2,0,0
2021-01-13 06:41:00,3.0,0.114,0.04992995093127972,0.0,6,2,0,0
2021-01-13 06:42:00,2.0,0.08549999999999999,0.010606601717798208,0.0,6,2,0,0
2021-01-13 06:43:00,6.0,0.09533333333333333,0.01111155554666702,0.0,6,2,0,0
2021-01-13 06:44:00,2.0,0.08549999999999999,0.010606601717798208,0.0,6,2,0,0
2021-01-13 06:45:00,4.0,0.09775,0.03033562262423502,0.0,6,2,0,0
2021-01-13 06:46:00,3.0,0.08133333333333333,0.01040832999733066,0.0,6,2,0,0
2021-01-13 06:47:00,1.0,0.108,0.0,0.0,6,2,0,0
2021-01-13 06:48:00,4.0,0.097,0.02654555832275273,0.0,6,2,0,0
2021-01-13 06:49:00,1.0,0.093,0.0,0.0,6,2,0,0
2021-01-13 06:50:00,4.0,0.0975,0.015154757228892412,0.0,6,2,0,0
2021-01-13 06:51:00,0.0,0.0,0.0,0.0,6,2,0,0
2021-01-13 06:52:00,3.0,0.13033333333333333,0.03308070938376826,0.0,6,2,0,0
2021-01-13 06:53:00,4.0,0.11549999999999999,0.02227853974867593,0.0,6,2,0,0
2021-01-13 06:54:00,4.0,0.093,0.0,0.0,6,2,0,0
2021-01-13 06:55:00,1.0,0.093,0.0,0.0,6,2,0,0
2021-01-13 06:56:00,3.0,0.13233333333333333,0.08811545456577599,0.0,6,2,0,0
2021-01-13 06:57:00,1.0,0.078,0.0,0.0,6,2,0,0
2021-01-13 06:58:00,3.0,0.12433333333333334,0.06340609855000806,0.0,6,2,0,0
2021-01-13 06:59:00,3.0,0.083,0.008660254037844381,0.0,6,2,0,0
2021-01-13 07:00:00,3.0,0.122,0.05022947341949744,0.0,7,2,0,0
2021-01-13 07:01:00,3.0,0.08966666666666667,0.005773502691896261,0.0,7,2,0,0
2021-01-13 07:02:00,1.0,0.093,0.0,0.0,7,2,0,0
2021-01-13 07:03:00,3.0,0.07333333333333333,0.008082903768654757,0.0,7,2,0,0
2021-01-13 07:04:00,1.0,0.078,0.0,0.0,7,2,0,0
2021-01-13 07:05:00,3.0,0.08800000000000001,0.008660254037844385,0.0,7,2,0,0
2021-01-13 07:06:00,4.0,0.093,0.0,0.0,7,2,0,0
2021-01-13 07:07:00,3.0,0.078,0.0,0.0,7,2,0,0
2021-01-13 07:08:00,2.0,0.132,0.05515432893255071,0.0,7,2,0,0
2021-01-13 07:09:00,3.0,0.07266666666666667,0.009237604307034014,0.0,7,2,0,0
2021-01-13 07:10:00,0.0,0.0,0.0,0.0,7,2,0,0
2021-01-13 07:11:00,2.0,0.0935,0.021920310216782972,0.0,7,2,0,0
2021-01-13 07:12:00,1.0,0.093,0.0,0.0,7,2,0,0
2021-01-13 07:13:00,3.0,0.08800000000000001,0.00866025403784439,0.0,7,2,0,0
2021-01-13 07:14:00,0.0,0.0,0.0,0.0,7,2,0,0
2021-01-13 07:15:00,3.0,0.26533333333333337,0.3115707517295764,0.0,7,2,0,0
2021-01-13 07:16:00,3.0,0.09433333333333334,0.0402533642486356,0.0,7,2,0,0
2021-01-13 07:17:00,5.0,0.1396,0.09557091607806216,0.0,7,2,0,0
2021-01-13 07:18:00,5.0,0.10700000000000001,0.026916537667389547,0.0,7,2,0,0
2021-01-13 07:19:00,1.0,0.093,0.0,0.0,7,2,0,0
2021-01-13 07:20:00,5.0,0.0858,0.007529940238806681,0.0,7,2,0,0
2021-01-13 07:21:00,3.0,0.113,0.048218253804964785,0.0,7,2,0,0
2021-01-13 07:22:00,2.0,0.101,0.011313708498984755,0.0,7,2,0,0
2021-01-13 07:23:00,4.0,0.09425,0.012789970028633118,0.0,7,2,0,0
2021-01-13 07:24:00,2.0,0.07,0.011313708498984765,0.0,7,2,0,0
2021-01-13 07:25:00,2.0,0.101,0.03252691193458118,0.0,7,2,0,0
2021-01-13 07:26:00,1.0,0.078,0.0,0.0,7,2,0,0
2021-01-13 07:27:00,1.0,0.078,0.0,0.0,7,2,0,0
2021-01-13 07:28:00,0.0,0.0,0.0,0.0,7,2,0,0
2021-01-13 07:29:00,3.0,0.08833333333333333,0.0178978583448784,0.0,7,2,0,0
2021-01-13 07:30:00,1.0,0.093,0.0,0.0,7,2,0,0
2021-01-13 07:31:00,1.0,0.078,0.0,0.0,7,2,0,0
2021-01-13 07:32:00,1.0,0.093,0.0,0.0,7,2,0,0
2021-01-13 07:33:00,2.0,0.101,0.011313708498984765,0.0,7,2,0,0
2021-01-13 07:34:00,3.0,0.083,0.008660254037844387,0.0,7,2,0,0
2021-01-13 07:35:00,3.0,0.10333333333333333,0.0178978583448784,0.0,7,2,0,0
2021-01-13 07:36:00,5.0,0.0872,0.013809417076763234,0.0,7,2,0,0
2021-01-13 07:37:00,2.0,0.08199999999999999,0.0056568542494923706,0.0,7,2,0,0
2021-01-13 07:38:00,1.0,0.078,0.0,0.0,7,2,0,0
2021-01-13 07:39:00,2.0,0.2025,0.15485638507985391,0.0,7,2,0,0
2021-01-13 07:40:00,2.0,0.1095,0.0007071067811865482,0.0,7,2,0,0
2021-01-13 07:41:00,3.0,0.08800000000000001,0.008660254037844385,0.0,7,2,0,0
2021-01-13 07:42:00,2.0,0.101,0.011313708498984755,0.0,7,2,0,0
2021-01-13 07:43:00,1.0,0.093,0.0,0.0,7,2,0,0
2021-01-13 07:44:00,2.0,0.1255,0.06717514421272201,0.0,7,2,0,0
2021-01-13 07:45:00,2.0,0.075,0.004242640687119289,0.0,7,2,0,0
2021-01-13 07:46:00,1.0,0.109,0.0,0.0,7,2,0,0
2021-01-13 07:47:00,1.0,0.077,0.0,0.0,7,2,0,0
2021-01-13 07:48:00,2.0,0.105,0.018384776310850233,0.0,7,2,0,0
2021-01-13 07:49:00,0.0,0.0,0.0,0.0,7,2,0,0
2021-01-13 07:50:00,1.0,0.078,0.0,0.0,7,2,0,0
2021-01-13 07:51:00,1.0,0.079,0.0,0.0,7,2,0,0
2021-01-13 07:52:00,1.0,0.093,0.0,0.0,7,2,0,0
2021-01-13 07:53:00,2.0,0.0925,0.0007071067811865482,0.0,7,2,0,0
2021-01-13 07:54:00,0.0,0.0,0.0,0.0,7,2,0,0
2021-01-13 07:55:00,3.0,0.083,0.008660254037844385,0.0,7,2,0,0
2021-01-13 07:56:00,0.0,0.0,0.0,0.0,7,2,0,0
2021-01-13 07:57:00,1.0,0.093,0.0,0.0,7,2,0,0
2021-01-13 07:58:00,1.0,0.093,0.0,0.0,7,2,0,0
2021-01-13 07:59:00,1.0,0.156,0.0,0.0,7,2,0,0
2021-01-13 08:00:00,2.0,0.101,0.011313708498984765,0.0,8,2,0,0
2021-01-13 08:01:00,1.0,0.14,0.0,0.0,8,2,0,0
2021-01-13 08:02:00,0.0,0.0,0.0,0.0,8,2,0,0
2021-01-13 08:03:00,4.0,0.10925,0.013913422775626898,0.0,8,2,0,0
2021-01-13 08:04:00,1.0,0.093,0.0,0.0,8,2,0,0
2021-01-13 08:05:00,1.0,0.093,0.0,0.0,8,2,0,0
2021-01-13 08:06:00,1.0,0.093,0.0,0.0,8,2,0,0
2021-01-13 08:07:00,2.0,0.093,0.0,0.0,8,2,0,0
2021-01-13 08:08:00,3.0,0.07233333333333333,0.008962886439832502,0.0,8,2,0,0
2021-01-13 08:09:00,0.0,0.0,0.0,0.0,8,2,0,0
2021-01-13 08:10:00,3.0,0.08966666666666667,0.016772994167212167,0.0,8,2,0,0
2021-01-13 08:11:00,4.0,0.093,0.0,0.0,8,2,0,0
2021-01-13 08:12:00,1.0,0.078,0.0,0.0,8,2,0,0
2021-01-13 08:13:00,0.0,0.0,0.0,0.0,8,2,0,0
2021-01-13 08:14:00,1.0,0.171,0.0,0.0,8,2,0,0
2021-01-13 08:15:00,3.0,0.08800000000000001,0.008660254037844385,0.0,8,2,0,0
2021-01-13 08:16:00,0.0,0.0,0.0,0.0,8,2,0,0
2021-01-13 08:17:00,1.0,0.14,0.0,0.0,8,2,0,0
2021-01-13 08:18:00,4.0,0.126,0.04089824772122477,0.0,8,2,0,0
2021-01-13 08:19:00,1.0,0.078,0.0,0.0,8,2,0,0
2021-01-13 08:20:00,0.0,0.0,0.0,0.0,8,2,0,0
2021-01-13 08:21:00,2.0,0.08549999999999999,0.010606601717798217,0.0,8,2,0,0
2021-01-13 08:22:00,0.0,0.0,0.0,0.0,8,2,0,0
2021-01-13 08:23:00,1.0,0.078,0.0,0.0,8,2,0,0
2021-01-13 08:24:00,2.0,0.0935,0.021920310216782972,0.0,8,2,0,0
2021-01-13 08:25:00,0.0,0.0,0.0,0.0,8,2,0,0
2021-01-13 08:26:00,0.0,0.0,0.0,0.0,8,2,0,0
2021-01-13 08:27:00,0.0,0.0,0.0,0.0,8,2,0,0
2021-01-13 08:28:00,2.0,0.08549999999999999,0.010606601717798217,0.0,8,2,0,0
2021-01-13 08:29:00,0.0,0.0,0.0,0.0,8,2,0,0
2021-01-13 08:30:00,1.0,0.126,0.0,0.0,8,2,0,0
2021-01-13 08:31:00,1.0,0.14,0.0,0.0,8,2,0,0
2021-01-13 08:32:00,3.0,0.09833333333333333,0.023459184413217208,0.0,8,2,0,0
2021-01-13 08:33:00,0.0,0.0,0.0,0.0,8,2,0,0
2021-01-13 08:34:00,0.0,0.0,0.0,0.0,8,2,0,0
2021-01-13 08:35:00,1.0,0.093,0.0,0.0,8,2,0,0
2021-01-13 08:36:00,1.0,0.109,0.0,0.0,8,2,0,0
2021-01-13 08:37:00,0.0,0.0,0.0,0.0,8,2,0,0
2021-01-13 08:38:00,1.0,0.078,0.0,0.0,8,2,0,0
2021-01-13 08:39:00,1.0,0.094,0.0,0.0,8,2,0,0
2021-01-13 08:40:00,1.0,0.078,0.0,0.0,8,2,0,0
2021-01-13 08:41:00,3.0,0.10166666666666667,0.0195021366350801,0.0,8,2,0,0
2021-01-13 08:42:00,3.0,0.09300000000000001,0.0,0.0,8,2,0,0
2021-01-13 08:43:00,0.0,0.0,0.0,0.0,8,2,0,0
2021-01-13 08:44:00,2.0,0.101,0.011313708498984755,0.0,8,2,0,0
2021-01-13 08:45:00,1.0,0.093,0.0,0.0,8,2,0,0
2021-01-13 08:46:00,2.0,0.0935,0.021920310216782972,0.0,8,2,0,0
2021-01-13 08:47:00,2.0,0.093,0.0,0.0,8,2,0,0
2021-01-13 08:48:00,2.0,0.08399999999999999,0.007071067811865477,0.0,8,2,0,0
2021-01-13 08:49:00,3.0,0.16733333333333333,0.1272255215486788,0.0,8,2,0,0
2021-01-13 08:50:00,1.0,0.078,0.0,0.0,8,2,0,0
2021-01-13 08:51:00,1.0,0.093,0.0,0.0,8,2,0,0
2021-01-13 08:52:00,1.0,0.093,0.0,0.0,8,2,0,0
2021-01-13 08:53:00,2.0,0.093,0.021213203435596427,0.0,8,2,0,0
2021-01-13 08:54:00,0.0,0.0,0.0,0.0,8,2,0,0
2021-01-13 08:55:00,0.0,0.0,0.0,0.0,8,2,0,0
2021-01-13 08:56:00,1.0,0.076,0.0,0.0,8,2,0,0
2021-01-13 08:57:00,1.0,0.093,0.0,0.0,8,2,0,0
2021-01-13 08:58:00,0.0,0.0,0.0,0.0,8,2,0,0
2021-01-13 08:59:00,2.0,0.0915,0.024748737341529166,0.0,8,2,0,0
2021-01-13 09:00:00,1.0,0.109,0.0,0.0,9,2,1,0
2021-01-13 09:01:00,2.0,0.1325,0.03323401871576773,0.0,9,2,1,0
2021-01-13 09:02:00,1.0,0.124,0.0,0.0,9,2,1,0
2021-01-13 09:03:00,1.0,0.078,0.0,0.0,9,2,1,0
2021-01-13 09:04:00,2.0,0.0935,0.021920310216782972,0.0,9,2,1,0
2021-01-13 09:05:00,2.0,0.08549999999999999,0.010606601717798208,0.0,9,2,1,0
2021-01-13 09:06:00,2.0,0.2975,0.28920667350529794,0.0,9,2,1,0
2021-01-13 09:07:00,2.0,0.11,0.06788225099390856,0.0,9,2,1,0
2021-01-13 09:08:00,0.0,0.0,0.0,0.0,9,2,1,0
2021-01-13 09:09:00,1.0,0.093,0.0,0.0,9,2,1,0
2021-01-13 09:10:00,2.0,0.08199999999999999,0.015556349186104055,0.0,9,2,1,0
2021-01-13 09:11:00,0.0,0.0,0.0,0.0,9,2,1,0
2021-01-13 09:12:00,1.0,0.093,0.0,0.0,9,2,1,0
2021-01-13 09:13:00,0.0,0.0,0.0,0.0,9,2,1,0
2021-01-13 09:14:00,1.0,0.093,0.0,0.0,9,2,1,0
2021-01-13 09:15:00,2.0,0.101,0.011313708498984755,0.0,9,2,1,0
2021-01-13 09:16:00,1.0,0.093,0.0,0.0,9,2,1,0
2021-01-13 09:17:00,1.0,0.14,0.0,0.0,9,2,1,0
2021-01-13 09:18:00,3.0,0.07933333333333333,0.013051181300301256,0.0,9,2,1,0
2021-01-13 09:19:00,0.0,0.0,0.0,0.0,9,2,1,0
2021-01-13 09:20:00,0.0,0.0,0.0,0.0,9,2,1,0
2021-01-13 09:21:00,1.0,0.124,0.0,0.0,9,2,1,0
2021-01-13 09:22:00,0.0,0.0,0.0,0.0,9,2,1,0
2021-01-13 09:23:00,1.0,0.093,0.0,0.0,9,2,1,0
2021-01-13 09:24:00,0.0,0.0,0.0,0.0,9,2,1,0
2021-01-13 09:25:00,0.0,0.0,0.0,0.0,9,2,1,0
2021-01-13 09:26:00,1.0,0.25,0.0,0.0,9,2,1,0
2021-01-13 09:27:00,0.0,0.0,0.0,0.0,9,2,1,0
2021-01-13 09:28:00,0.0,0.0,0.0,0.0,9,2,1,0
2021-01-13 09:29:00,2.0,0.1565,0.11101576464628796,0.0,9,2,1,0
2021-01-13 09:30:00,0.0,0.0,0.0,0.0,9,2,1,0
2021-01-13 09:31:00,2.0,0.17950000000000002,0.14354267658086917,0.0,9,2,1,0
2021-01-13 09:32:00,2.0,0.08549999999999999,0.010606601717798217,0.0,9,2,1,0
2021-01-13 09:33:00,0.0,0.0,0.0,0.0,9,2,1,0
2021-01-13 09:34:00,2.0,0.0775,0.021920310216782972,0.0,9,2,1,0
2021-01-13 09:35:00,2.0,0.0935,0.021920310216782972,0.0,9,2,1,0
2021-01-13 09:36:00,1.0,0.093,0.0,0.0,9,2,1,0
2021-01-13 09:37:00,0.0,0.0,0.0,0.0,9,2,1,0
2021-01-13 09:38:00,1.0,0.079,0.0,0.0,9,2,1,0
2021-01-13 09:39:00,0.0,0.0,0.0,0.0,9,2,1,0
2021-01-13 09:40:00,0.0,0.0,0.0,0.0,9,2,1,0
2021-01-13 09:41:00,2.0,0.2325,0.04596194077712559,0.0,9,2,1,0
2021-01-13 09:42:00,0.0,0.0,0.0,0.0,9,2,1,0
2021-01-13 09:43:00,1.0,0.109,0.0,0.0,9,2,1,0
2021-01-13 09:44:00,0.0,0.0,0.0,0.0,9,2,1,0
2021-01-13 09:45:00,1.0,0.093,0.0,0.0,9,2,1,0
2021-01-13 09:46:00,0.0,0.0,0.0,0.0,9,2,1,0
2021-01-13 09:47:00,0.0,0.0,0.0,0.0,9,2,1,0
2021-01-13 09:48:00,1.0,0.078,0.0,0.0,9,2,1,0
2021-01-13 09:49:00,1.0,0.093,0.0,0.0,9,2,1,0
2021-01-13 09:50:00,1.0,0.156,0.0,0.0,9,2,1,0
2021-01-13 09:51:00,1.0,0.093,0.0,0.0,9,2,1,0
2021-01-13 09:52:00,1.0,0.093,0.0,0.0,9,2,1,0
2021-01-13 09:53:00,1.0,0.093,0.0,0.0,9,2,1,0
2021-01-13 09:54:00,0.0,0.0,0.0,0.0,9,2,1,0
2021-01-13 09:55:00,1.0,0.078,0.0,0.0,9,2,1,0
2021-01-13 09:56:00,0.0,0.0,0.0,0.0,9,2,1,0
2021-01-13 09:57:00,0.0,0.0,0.0,0.0,9,2,1,0
2021-01-13 09:58:00,0.0,0.0,0.0,0.0,9,2,1,0
2021-01-13 09:59:00,2.0,0.101,0.011313708498984755,0.0,9,2,1,0
2021-01-13 10:00:00,0.0,0.0,0.0,0.0,10,2,1,0
2021-01-13 10:01:00,0.0,0.0,0.0,0.0,10,2,1,0
2021-01-13 10:02:00,0.0,0.0,0.0,0.0,10,2,1,0
2021-01-13 10:03:00,2.0,0.113,0.038183766184073584,0.0,10,2,1,0
2021-01-13 10:04:00,0.0,0.0,0.0,0.0,10,2,1,0
2021-01-13 10:05:00,0.0,0.0,0.0,0.0,10,2,1,0
2021-01-13 10:06:00,1.0,0.093,0.0,0.0,10,2,1,0
2021-01-13 10:07:00,0.0,0.0,0.0,0.0,10,2,1,0
2021-01-13 10:08:00,0.0,0.0,0.0,0.0,10,2,1,0
2021-01-13 10:09:00,1.0,0.14,0.0,0.0,10,2,1,0
2021-01-13 10:10:00,0.0,0.0,0.0,0.0,10,2,1,0
2021-01-13 10:11:00,4.0,0.113,0.03472751070837068,0.0,10,2,1,0
2021-01-13 10:12:00,1.0,0.093,0.0,0.0,10,2,1,0
2021-01-13 10:13:00,0.0,0.0,0.0,0.0,10,2,1,0
2021-01-13 10:14:00,2.0,0.123,0.06363961030678929,0.0,10,2,1,0
2021-01-13 10:15:00,0.0,0.0,0.0,0.0,10,2,1,0
2021-01-13 10:16:00,0.0,0.0,0.0,0.0,10,2,1,0
2021-01-13 10:17:00,0.0,0.0,0.0,0.0,10,2,1,0
2021-01-13 10:18:00,3.0,0.107,0.02523885892824792,0.0,10,2,1,0
2021-01-13 10:19:00,2.0,0.08549999999999999,0.010606601717798208,0.0,10,2,1,0
2021-01-13 10:20:00,0.0,0.0,0.0,0.0,10,2,1,0
2021-01-13 10:21:00,1.0,0.158,0.0,0.0,10,2,1,0
2021-01-13 10:22:00,0.0,0.0,0.0,0.0,10,2,1,0
2021-01-13 10:23:00,2.0,0.17099999999999999,0.11030865786510143,0.0,10,2,1,0
2021-01-13 10:24:00,1.0,0.093,0.0,0.0,10,2,1,0
2021-01-13 10:25:00,1.0,0.097,0.0,0.0,10,2,1,0
2021-01-13 10:26:00,0.0,0.0,0.0,0.0,10,2,1,0
2021-01-13 10:27:00,1.0,0.078,0.0,0.0,10,2,1,0
2021-01-13 10:28:00,0.0,0.0,0.0,0.0,10,2,1,0
2021-01-13 10:29:00,2.0,0.1015,0.010606601717798217,0.0,10,2,1,0
2021-01-13 10:30:00,1.0,0.093,0.0,0.0,10,2,1,0
2021-01-13 10:31:00,2.0,0.515,0.5967981233214462,0.0,10,2,1,0
2021-01-13 10:32:00,0.0,0.0,0.0,0.0,10,2,1,0
2021-01-13 10:33:00,0.0,0.0,0.0,0.0,10,2,1,0
2021-01-13 10:34:00,3.0,0.08800000000000001,0.008660254037844385,0.0,10,2,1,0
2021-01-13 10:35:00,2.0,0.101,0.011313708498984765,0.0,10,2,1,0
2021-01-13 10:36:00,0.0,0.0,0.0,0.0,10,2,1,0
2021-01-13 10:37:00,1.0,0.109,0.0,0.0,10,2,1,0
2021-01-13 10:38:00,1.0,0.124,0.0,0.0,10,2,1,0
2021-01-13 10:39:00,0.0,0.0,0.0,0.0,10,2,1,0
2021-01-13 10:40:00,2.0,0.076,0.0028284271247461927,0.0,10,2,1,0
2021-01-13 10:41:00,2.0,0.08549999999999999,0.010606601717798217,0.0,10,2,1,0
2021-01-13 10:42:00,1.0,0.11,0.0,0.0,10,2,1,0
2021-01-13 10:43:00,0.0,0.0,0.0,0.0,10,2,1,0
2021-01-13 10:44:00,1.0,0.078,0.0,0.0,10,2,1,0
2021-01-13 10:45:00,2.0,0.132,0.05515432893255071,0.0,10,2,1,0
2021-01-13 10:46:00,0.0,0.0,0.0,0.0,10,2,1,0
2021-01-13 10:47:00,1.0,0.093,0.0,0.0,10,2,1,0
2021-01-13 10:48:00,1.0,0.078,0.0,0.0,10,2,1,0
2021-01-13 10:49:00,1.0,0.093,0.0,0.0,10,2,1,0
2021-01-13 10:50:00,1.0,0.124,0.0,0.0,10,2,1,0
2021-01-13 10:51:00,4.0,0.101,0.009237604307034016,0.0,10,2,1,0
2021-01-13 10:52:00,1.0,0.109,0.0,0.0,10,2,1,0
2021-01-13 10:53:00,1.0,0.109,0.0,0.0,10,2,1,0
2021-01-13 10:54:00,0.0,0.0,0.0,0.0,10,2,1,0
2021-01-13 10:55:00,2.0,0.0875,0.0134350288425444,0.0,10,2,1,0
2021-01-13 10:56:00,1.0,0.334,0.0,0.0,10,2,1,0
2021-01-13 10:57:00,0.0,0.0,0.0,0.0,10,2,1,0
2021-01-13 10:58:00,0.0,0.0,0.0,0.0,10,2,1,0
2021-01-13 10:59:00,0.0,0.0,0.0,0.0,10,2,1,0
2021-01-13 11:00:00,0.0,0.0,0.0,0.0,11,2,1,0
2021-01-13 11:01:00,1.0,0.078,0.0,0.0,11,2,1,0
2021-01-13 11:02:00,2.0,0.0935,0.021920310216782972,0.0,11,2,1,0
2021-01-13 11:03:00,0.0,0.0,0.0,0.0,11,2,1,0
2021-01-13 11:04:00,0.0,0.0,0.0,0.0,11,2,1,0
2021-01-13 11:05:00,0.0,0.0,0.0,0.0,11,2,1,0
2021-01-13 11:06:00,0.0,0.0,0.0,0.0,11,2,1,0
2021-01-13 11:07:00,0.0,0.0,0.0,0.0,11,2,1,0
2021-01-13 11:08:00,0.0,0.0,0.0,0.0,11,2,1,0
2021-01-13 11:09:00,0.0,0.0,0.0,0.0,11,2,1,0
2021-01-13 11:10:00,0.0,0.0,0.0,0.0,11,2,1,0
2021-01-13 11:11:00,0.0,0.0,0.0,0.0,11,2,1,0
2021-01-13 11:12:00,2.0,0.211,0.12303657992645926,0.0,11,2,1,0
2021-01-13 11:13:00,1.0,0.474,0.0,0.0,11,2,1,0
2021-01-13 11:14:00,0.0,0.0,0.0,0.0,11,2,1,0
2021-01-13 11:15:00,1.0,0.093,0.0,0.0,11,2,1,0
2021-01-13 11:16:00,2.0,0.132,0.05515432893255071,0.0,11,2,1,0
2021-01-13 11:17:00,1.0,0.125,0.0,0.0,11,2,1,0
2021-01-13 11:18:00,1.0,0.078,0.0,0.0,11,2,1,0
2021-01-13 11:19:00,2.0,0.093,0.0,0.0,11,2,1,0
2021-01-13 11:20:00,3.0,0.14566666666666667,0.06453164598345011,0.0,11,2,1,0
2021-01-13 11:21:00,0.0,0.0,0.0,0.0,11,2,1,0
2021-01-13 11:22:00,1.0,0.093,0.0,0.0,11,2,1,0
2021-01-13 11:23:00,1.0,0.109,0.0,0.0,11,2,1,0
2021-01-13 11:24:00,1.0,0.124,0.0,0.0,11,2,1,0
2021-01-13 11:25:00,0.0,0.0,0.0,0.0,11,2,1,0
2021-01-13 11:26:00,0.0,0.0,0.0,0.0,11,2,1,0
2021-01-13 11:27:00,0.0,0.0,0.0,0.0,11,2,1,0
2021-01-13 11:28:00,1.0,0.109,0.0,0.0,11,2,1,0
2021-01-13 11:29:00,0.0,0.0,0.0,0.0,11,2,1,0
2021-01-13 11:30:00,2.0,0.156,0.06505382386916238,0.0,11,2,1,0
2021-01-13 11:31:00,1.0,0.162,0.0,0.0,11,2,1,0
2021-01-13 11:32:00,1.0,0.078,0.0,0.0,11,2,1,0
2021-01-13 11:33:00,0.0,0.0,0.0,0.0,11,2,1,0
2021-01-13 11:34:00,0.0,0.0,0.0,0.0,11,2,1,0
2021-01-13 11:35:00,2.0,0.1085,0.021920310216782972,0.0,11,2,1,0
2021-01-13 11:36:00,0.0,0.0,0.0,0.0,11,2,1,0
2021-01-13 11:37:00,0.0,0.0,0.0,0.0,11,2,1,0
2021-01-13 11:38:00,0.0,0.0,0.0,0.0,11,2,1,0
2021-01-13 11:39:00,0.0,0.0,0.0,0.0,11,2,1,0
2021-01-13 11:40:00,0.0,0.0,0.0,0.0,11,2,1,0
2021-01-13 11:41:00,0.0,0.0,0.0,0.0,11,2,1,0
2021-01-13 11:42:00,1.0,0.178,0.0,0.0,11,2,1,0
2021-01-13 11:43:00,1.0,0.078,0.0,0.0,11,2,1,0
2021-01-13 11:44:00,1.0,0.078,0.0,0.0,11,2,1,0
2021-01-13 11:45:00,0.0,0.0,0.0,0.0,11,2,1,0
2021-01-13 11:46:00,0.0,0.0,0.0,0.0,11,2,1,0
2021-01-13 11:47:00,0.0,0.0,0.0,0.0,11,2,1,0
2021-01-13 11:48:00,1.0,0.128,0.0,0.0,11,2,1,0
2021-01-13 11:49:00,0.0,0.0,0.0,0.0,11,2,1,0
2021-01-13 11:50:00,1.0,0.109,0.0,0.0,11,2,1,0
2021-01-13 11:51:00,1.0,0.109,0.0,0.0,11,2,1,0
2021-01-13 11:52:00,0.0,0.0,0.0,0.0,11,2,1,0
2021-01-13 11:53:00,1.0,0.078,0.0,0.0,11,2,1,0
2021-01-13 11:54:00,0.0,0.0,0.0,0.0,11,2,1,0
2021-01-13 11:55:00,0.0,0.0,0.0,0.0,11,2,1,0
2021-01-13 11:56:00,1.0,0.124,0.0,0.0,11,2,1,0
2021-01-13 11:57:00,0.0,0.0,0.0,0.0,11,2,1,0
2021-01-13 11:58:00,1.0,0.281,0.0,0.0,11,2,1,0
2021-01-13 11:59:00,2.0,0.1085,0.021920310216782972,0.0,11,2,1,0
2021-01-13 12:00:00,0.0,0.0,0.0,0.0,12,2,1,0
2021-01-13 12:01:00,0.0,0.0,0.0,0.0,12,2,1,0
2021-01-13 12:02:00,1.0,0.093,0.0,0.0,12,2,1,0
2021-01-13 12:03:00,1.0,0.078,0.0,0.0,12,2,1,0
2021-01-13 12:04:00,0.0,0.0,0.0,0.0,12,2,1,0
2021-01-13 12:05:00,0.0,0.0,0.0,0.0,12,2,1,0
2021-01-13 12:06:00,1.0,0.281,0.0,0.0,12,2,1,0
2021-01-13 12:07:00,1.0,0.277,0.0,0.0,12,2,1,0
2021-01-13 12:08:00,0.0,0.0,0.0,0.0,12,2,1,0
2021-01-13 12:09:00,3.0,0.14966666666666667,0.10131798129322028,0.0,12,2,1,0
2021-01-13 12:10:00,2.0,0.093,0.0,0.0,12,2,1,0
2021-01-13 12:11:00,1.0,0.093,0.0,0.0,12,2,1,0
2021-01-13 12:12:00,1.0,0.093,0.0,0.0,12,2,1,0
2021-01-13 12:13:00,1.0,0.084,0.0,0.0,12,2,1,0
2021-01-13 12:14:00,3.0,0.09333333333333334,0.015502687938977983,0.0,12,2,1,0
2021-01-13 12:15:00,1.0,0.093,0.0,0.0,12,2,1,0
2021-01-13 12:16:00,2.0,0.08549999999999999,0.010606601717798217,0.0,12,2,1,0
2021-01-13 12:17:00,0.0,0.0,0.0,0.0,12,2,1,0
2021-01-13 12:18:00,0.0,0.0,0.0,0.0,12,2,1,0
2021-01-13 12:19:00,0.0,0.0,0.0,0.0,12,2,1,0
2021-01-13 12:20:00,2.0,0.109,0.0,0.0,12,2,1,0
2021-01-13 12:21:00,0.0,0.0,0.0,0.0,12,2,1,0
2021-01-13 12:22:00,1.0,0.24,0.0,0.0,12,2,1,0
2021-01-13 12:23:00,0.0,0.0,0.0,0.0,12,2,1,0
2021-01-13 12:24:00,3.0,0.08833333333333333,0.0178978583448784,0.0,12,2,1,0
2021-01-13 12:25:00,9.0,0.08633333333333333,0.007905694150420946,0.0,12,2,1,0
2021-01-13 12:26:00,3.0,0.09333333333333334,0.015502687938977985,0.0,12,2,1,0
2021-01-13 12:27:00,3.0,0.09833333333333333,0.023459184413217208,0.0,12,2,1,0
2021-01-13 12:28:00,5.0,0.0844,0.013758633653092154,0.0,12,2,1,0
2021-01-13 12:29:00,2.0,0.075,0.004242640687119289,0.0,12,2,1,0
2021-01-13 12:30:00,6.0,0.09766666666666667,0.012060956291549471,0.0,12,2,1,0
2021-01-13 12:31:00,6.0,0.14,0.10263722521580561,0.0,12,2,1,0
2021-01-13 12:32:00,6.0,0.1055,0.041157016412757624,0.0,12,2,1,0
2021-01-13 12:33:00,4.0,0.097,0.019339079605813717,0.0,12,2,1,0
2021-01-13 12:34:00,3.0,0.09200000000000001,0.015716233645501714,0.0,12,2,1,0
2021-01-13 12:35:00,2.0,0.0885,0.02899137802864845,0.0,12,2,1,0
2021-01-13 12:36:00,1.0,0.093,0.0,0.0,12,2,1,0
2021-01-13 12:37:00,1.0,0.093,0.0,0.0,12,2,1,0
2021-01-13 12:38:00,1.0,0.078,0.0,0.0,12,2,1,0
2021-01-13 12:39:00,1.0,0.109,0.0,0.0,12,2,1,0
2021-01-13 12:40:00,0.0,0.0,0.0,0.0,12,2,1,0
2021-01-13 12:41:00,1.0,0.078,0.0,0.0,12,2,1,0
2021-01-13 12:42:00,0.0,0.0,0.0,0.0,12,2,1,0
2021-01-13 12:43:00,1.0,0.093,0.0,0.0,12,2,1,0
2021-01-13 12:44:00,1.0,0.078,0.0,0.0,12,2,1,0
2021-01-13 12:45:00,1.0,0.078,0.0,0.0,12,2,1,0
2021-01-13 12:46:00,2.0,0.1315,0.05444722215136417,0.0,12,2,1,0
2021-01-13 12:47:00,0.0,0.0,0.0,0.0,12,2,1,0
2021-01-13 12:48:00,1.0,0.093,0.0,0.0,12,2,1,0
2021-01-13 12:49:00,0.0,0.0,0.0,0.0,12,2,1,0
2021-01-13 12:50:00,0.0,0.0,0.0,0.0,12,2,1,0
2021-01-13 12:51:00,2.0,0.078,0.0,0.0,12,2,1,0
2021-01-13 12:52:00,1.0,0.078,0.0,0.0,12,2,1,0
2021-01-13 12:53:00,0.0,0.0,0.0,0.0,12,2,1,0
2021-01-13 12:54:00,1.0,0.218,0.0,0.0,12,2,1,0
2021-01-13 12:55:00,0.0,0.0,0.0,0.0,12,2,1,0
2021-01-13 12:56:00,3.0,0.11,0.0017320508075688787,0.0,12,2,1,0
2021-01-13 12:57:00,2.0,0.101,0.011313708498984765,0.0,12,2,1,0
2021-01-13 12:58:00,1.0,0.125,0.0,0.0,12,2,1,0
2021-01-13 12:59:00,1.0,0.093,0.0,0.0,12,2,1,0
2021-01-13 13:00:00,2.0,0.093,0.0,0.0,13,2,1,0
2021-01-13 13:01:00,2.0,0.1085,0.021920310216782972,0.0,13,2,1,0
2021-01-13 13:02:00,1.0,0.093,0.0,0.0,13,2,1,0
2021-01-13 13:03:00,4.0,0.148,0.070743668739094,0.0,13,2,1,0
2021-01-13 13:04:00,2.0,0.109,0.02262741699796952,0.0,13,2,1,0
2021-01-13 13:05:00,4.0,0.0975,0.029149042294158944,0.0,13,2,1,0
2021-01-13 13:06:00,2.0,0.093,0.021213203435596427,0.0,13,2,1,0
2021-01-13 13:07:00,2.0,0.08549999999999999,0.010606601717798208,0.0,13,2,1,0
2021-01-13 13:08:00,2.0,0.07200000000000001,0.008485281374238563,0.0,13,2,1,0
2021-01-13 13:09:00,2.0,0.078,0.0,0.0,13,2,1,0
2021-01-13 13:10:00,4.0,0.12475,0.055445919597387865,0.0,13,2,1,0
2021-01-13 13:11:00,4.0,0.1,0.02051016008388688,0.0,13,2,1,0
2021-01-13 13:12:00,1.0,0.109,0.0,0.0,13,2,1,0
2021-01-13 13:13:00,2.0,0.08549999999999999,0.010606601717798208,0.0,13,2,1,0
2021-01-13 13:14:00,1.0,0.09,0.0,0.0,13,2,1,0
2021-01-13 13:15:00,1.0,0.093,0.0,0.0,13,2,1,0
2021-01-13 13:16:00,1.0,0.096,0.0,0.0,13,2,1,0
2021-01-13 13:17:00,2.0,0.08549999999999999,0.010606601717798208,0.0,13,2,1,0
2021-01-13 13:18:00,4.0,0.1625,0.14243009981507887,0.0,13,2,1,0
2021-01-13 13:19:00,3.0,0.114,0.04992995093127972,0.0,13,2,1,0
2021-01-13 13:20:00,4.0,0.13625,0.0782149815146263,0.0,13,2,1,0
2021-01-13 13:21:00,3.0,0.083,0.008660254037844381,0.0,13,2,1,0
2021-01-13 13:22:00,4.0,0.08549999999999999,0.008660254037844383,0.0,13,2,1,0
2021-01-13 13:23:00,4.0,0.0975,0.023444971031474252,0.0,13,2,1,0
2021-01-13 13:24:00,3.0,0.08333333333333333,0.008386497083606084,0.0,13,2,1,0
2021-01-13 13:25:00,3.0,0.07766666666666666,0.01550268793897798,0.0,13,2,1,0
2021-01-13 13:26:00,2.0,0.093,0.0,0.0,13,2,1,0
2021-01-13 13:27:00,3.0,0.13566666666666669,0.017616280348965084,0.0,13,2,1,0
2021-01-13 13:28:00,0.0,0.0,0.0,0.0,13,2,1,0
2021-01-13 13:29:00,6.0,0.10216666666666667,0.029006321150167713,0.0,13,2,1,0
2021-01-13 13:30:00,2.0,0.08549999999999999,0.010606601717798217,0.0,13,2,1,0
2021-01-13 13:31:00,5.0,0.0862,0.014788509052639487,0.0,13,2,1,0
2021-01-13 13:32:00,4.0,0.12075,0.07583040287378144,0.0,13,2,1,0
2021-01-13 13:33:00,3.0,0.09333333333333334,0.015502687938977985,0.0,13,2,1,0
2021-01-13 13:34:00,2.0,0.08549999999999999,0.010606601717798217,0.0,13,2,1,0
2021-01-13 13:35:00,3.0,0.18299999999999997,0.1557915273691095,0.0,13,2,1,0
2021-01-13 13:36:00,6.0,0.08833333333333333,0.012659647177811342,0.0,13,2,1,0
2021-01-13 13:37:00,6.0,0.09899999999999999,0.029154759474226497,0.0,13,2,1,0
2021-01-13 13:38:00,3.0,0.083,0.008660254037844387,0.0,13,2,1,0
2021-01-13 13:39:00,3.0,0.07766666666666666,0.015502687938977978,0.0,13,2,1,0
2021-01-13 13:40:00,1.0,0.25,0.0,0.0,13,2,1,0
2021-01-13 13:41:00,4.0,0.08725,0.007228416147400478,0.0,13,2,1,0
2021-01-13 13:42:00,5.0,0.1342,0.0995876498367142,0.0,13,2,1,0
2021-01-13 13:43:00,4.0,0.08524999999999999,0.008616843969807043,0.0,13,2,1,0
2021-01-13 13:44:00,2.0,0.14,0.04384062043356596,0.0,13,2,1,0
2021-01-13 13:45:00,5.0,0.2424,0.2517047873998427,0.0,13,2,1,0
2021-01-13 13:46:00,3.0,0.14466666666666667,0.06911825615084145,0.0,13,2,1,0
2021-01-13 13:47:00,3.0,0.083,0.008660254037844385,0.0,13,2,1,0
2021-01-13 13:48:00,2.0,0.093,0.0,0.0,13,2,1,0
2021-01-13 13:49:00,1.0,0.078,0.0,0.0,13,2,1,0
2021-01-13 13:50:00,1.0,0.109,0.0,0.0,13,2,1,0
2021-01-13 13:51:00,1.0,0.125,0.0,0.0,13,2,1,0
2021-01-13 13:52:00,3.0,0.07666666666666666,0.015567059238447485,0.0,13,2,1,0
2021-01-13 13:53:00,1.0,0.14,0.0,0.0,13,2,1,0
2021-01-13 13:54:00,2.0,0.078,0.0,0.0,13,2,1,0
2021-01-13 13:55:00,4.0,0.13749999999999998,0.11271645842555558,0.0,13,2,1,0
2021-01-13 13:56:00,2.0,0.10900000000000001,0.04384062043356595,0.0,13,2,1,0
2021-01-13 13:57:00,3.0,0.078,0.0,0.0,13,2,1,0
2021-01-13 13:58:00,3.0,0.14433333333333334,0.08057501680628638,0.0,13,2,1,0
2021-01-13 13:59:00,1.0,0.124,0.0,0.0,13,2,1,0
2021-01-13 14:00:00,5.0,0.0964,0.013030732903409541,0.0,14,2,1,0
2021-01-13 14:01:00,3.0,0.09333333333333334,0.015502687938977987,0.0,14,2,1,0
2021-01-13 14:02:00,2.0,0.08549999999999999,0.010606601717798208,0.0,14,2,1,0
2021-01-13 14:03:00,3.0,0.09866666666666668,0.03579571668975681,0.0,14,2,1,0
2021-01-13 14:04:00,1.0,0.14,0.0,0.0,14,2,1,0
2021-01-13 14:05:00,3.0,0.12466666666666666,0.027135462651912415,0.0,14,2,1,0
2021-01-13 14:06:00,1.0,0.187,0.0,0.0,14,2,1,0
2021-01-13 14:07:00,2.0,0.093,0.0,0.0,14,2,1,0
2021-01-13 14:08:00,2.0,0.075,0.004242640687119289,0.0,14,2,1,0
2021-01-13 14:09:00,1.0,0.062,0.0,0.0,14,2,1,0
2021-01-13 14:10:00,1.0,0.078,0.0,0.0,14,2,1,0
2021-01-13 14:11:00,2.0,0.08549999999999999,0.010606601717798217,0.0,14,2,1,0
2021-01-13 14:12:00,1.0,0.109,0.0,0.0,14,2,1,0
2021-01-13 14:13:00,2.0,0.137,0.0268700576850888,0.0,14,2,1,0
2021-01-13 14:14:00,3.0,0.08800000000000001,0.008660254037844385,0.0,14,2,1,0
2021-01-13 14:15:00,1.0,0.109,0.0,0.0,14,2,1,0
2021-01-13 14:16:00,0.0,0.0,0.0,0.0,14,2,1,0
2021-01-13 14:17:00,2.0,0.10900000000000001,0.04384062043356596,0.0,14,2,1,0
2021-01-13 14:18:00,3.0,0.07833333333333332,0.0005773502691896273,0.0,14,2,1,0
2021-01-13 14:19:00,3.0,0.08700000000000001,0.019157244060668016,0.0,14,2,1,0
2021-01-13 14:20:00,2.0,0.078,0.0,0.0,14,2,1,0
2021-01-13 14:21:00,2.0,0.1085,0.021920310216782972,0.0,14,2,1,0
2021-01-13 14:22:00,3.0,0.104,0.045033320996790804,0.0,14,2,1,0
2021-01-13 14:23:00,2.0,0.08549999999999999,0.010606601717798208,0.0,14,2,1,0
2021-01-13 14:24:00,3.0,0.10366666666666667,0.032347076117221686,0.0,14,2,1,0
2021-01-13 14:25:00,2.0,0.1715,0.08838834764831846,0.0,14,2,1,0
2021-01-13 14:26:00,4.0,0.09325,0.012658988901172164,0.0,14,2,1,0
2021-01-13 14:27:00,4.0,0.10825,0.0338267645511657,0.0,14,2,1,0
2021-01-13 14:28:00,5.0,0.1182,0.0751711380783875,0.0,14,2,1,0
2021-01-13 14:29:00,3.0,0.09033333333333333,0.021361959960016157,0.0,14,2,1,0
2021-01-13 14:30:00,1.0,0.175,0.0,0.0,14,2,1,0
2021-01-13 14:31:00,1.0,0.156,0.0,0.0,14,2,1,0
2021-01-13 14:32:00,3.0,0.104,0.022912878474779196,0.0,14,2,1,0
2021-01-13 14:33:00,3.0,0.08833333333333333,0.008962886439832502,0.0,14,2,1,0
2021-01-13 14:34:00,6.0,0.09483333333333333,0.02312934643838141,0.0,14,2,1,0
2021-01-13 14:35:00,2.0,0.08549999999999999,0.010606601717798217,0.0,14,2,1,0
2021-01-13 14:36:00,2.0,0.0885,0.014849242404917497,0.0,14,2,1,0
2021-01-13 14:37:00,1.0,0.078,0.0,0.0,14,2,1,0
2021-01-13 14:38:00,1.0,0.062,0.0,0.0,14,2,1,0
2021-01-13 14:39:00,4.0,0.09825,0.02788518124978451,0.0,14,2,1,0
2021-01-13 14:40:00,4.0,0.09,0.015684387141358124,0.0,14,2,1,0
2021-01-13 14:41:00,4.0,0.08925,0.007500000000000004,0.0,14,2,1,0
2021-01-13 14:42:00,3.0,0.09833333333333333,0.023459184413217215,0.0,14,2,1,0
2021-01-13 14:43:00,2.0,0.0935,0.021920310216782972,0.0,14,2,1,0
2021-01-13 14:44:00,6.0,0.08283333333333333,0.007884584115009915,0.0,14,2,1,0
2021-01-13 14:45:00,3.0,0.083,0.009539392014169453,0.0,14,2,1,0
2021-01-13 14:46:00,1.0,0.078,0.0,0.0,14,2,1,0
2021-01-13 14:47:00,6.0,0.09316666666666666,0.016797817318528818,0.0,14,2,1,0
2021-01-13 14:48:00,4.0,0.092,0.012516655570345725,0.0,14,2,1,0
2021-01-13 14:49:00,6.0,0.08816666666666667,0.021423507338124325,0.0,14,2,1,0
2021-01-13 14:50:00,3.0,0.109,0.016,0.0,14,2,1,0
2021-01-13 14:51:00,2.0,0.08499999999999999,0.011313708498984765,0.0,14,2,1,0
2021-01-13 14:52:00,4.0,0.08549999999999999,0.008660254037844383,0.0,14,2,1,0
2021-01-13 14:53:00,5.0,0.08499999999999999,0.016294170736800326,0.0,14,2,1,0
2021-01-13 14:54:00,5.0,0.0992,0.01658915308266218,0.0,14,2,1,0
2021-01-13 14:55:00,3.0,0.11399999999999999,0.036373066958946425,0.0,14,2,1,0
2021-01-13 14:56:00,5.0,0.0902,0.012911235417263522,0.0,14,2,1,0
2021-01-13 14:57:00,3.0,0.09433333333333334,0.01703917055884275,0.0,14,2,1,0
2021-01-13 14:58:00,2.0,0.0935,0.021920310216782972,0.0,14,2,1,0
2021-01-13 14:59:00,2.0,0.101,0.011313708498984755,0.0,14,2,1,0
2021-01-13 15:00:00,6.0,0.10016666666666667,0.033486813325048805,0.0,15,2,1,0
2021-01-13 15:01:00,6.0,0.08566666666666667,0.012909944487358058,0.0,15,2,1,0
2021-01-13 15:02:00,6.0,0.21083333333333334,0.201702173182806,0.0,15,2,1,0
2021-01-13 15:03:00,10.0,0.092,0.016766368453279053,0.0,15,2,1,0
2021-01-13 15:04:00,9.0,0.11733333333333335,0.024561148181630278,0.0,15,2,1,0
2021-01-13 15:05:00,8.0,0.116875,0.024993927834004573,0.0,15,2,1,0
2021-01-13 15:06:00,7.0,0.2695714285714286,0.41259457790218923,0.0,15,2,1,0
2021-01-13 15:07:00,7.0,0.09757142857142857,0.014706655441864211,0.0,15,2,1,0
2021-01-13 15:08:00,8.0,0.105,0.015212776585113297,0.0,15,2,1,0
2021-01-13 15:09:00,9.0,0.09666666666666666,0.025490194193061772,0.0,15,2,1,0
2021-01-13 15:10:00,8.0,0.09125,0.015461934826257307,0.0,15,2,1,0
2021-01-13 15:11:00,8.0,0.107125,0.033206873212806846,0.0,15,2,1,0
2021-01-13 15:12:00,8.0,0.132375,0.05724867434522581,0.0,15,2,1,0
2021-01-13 15:13:00,8.0,0.09775,0.01624587859823443,0.0,15,2,1,0
2021-01-13 15:14:00,7.0,0.09985714285714287,0.02176716618693219,0.0,15,2,1,0
2021-01-13 15:15:00,7.0,0.10942857142857143,0.04153655876797831,0.0,15,2,1,0
2021-01-13 15:16:00,7.0,0.09457142857142857,0.021823971093403567,0.0,15,2,1,0
2021-01-13 15:17:00,8.0,0.099125,0.020251543151078633,0.0,15,2,1,0
2021-01-13 15:18:00,8.0,0.10250000000000001,0.05386225818829783,0.0,15,2,1,0
2021-01-13 15:19:00,10.0,0.10169999999999998,0.0341436507844268,0.0,15,2,1,0
2021-01-13 15:20:00,8.0,0.09975,0.03781817401348571,0.0,15,2,1,0
2021-01-13 15:21:00,8.0,0.0995,0.021573793626262664,0.0,15,2,1,0
2021-01-13 15:22:00,7.0,0.10657142857142857,0.03281695264573451,0.0,15,2,1,0
2021-01-13 15:23:00,5.0,0.3286,0.513120161365737,0.0,15,2,1,0
2021-01-13 15:24:00,10.0,0.28559999999999997,0.3749936888357811,0.0,15,2,1,0
2021-01-13 15:25:00,9.0,0.109,0.03567912554982255,0.0,15,2,1,0
2021-01-13 15:26:00,14.0,0.11657142857142856,0.04279057100615704,0.0,15,2,1,0
2021-01-13 15:27:00,14.0,0.11664285714285715,0.02667931247775538,0.0,15,2,1,0
2021-01-13 15:28:00,12.0,0.11141666666666666,0.02177762961194702,0.0,15,2,1,0
2021-01-13 15:29:00,10.0,0.1272,0.04305758418159983,0.0,15,2,1,0
2021-01-13 15:30:00,12.0,0.09458333333333334,0.01408066587612786,0.0,15,2,1,0
2021-01-13 15:31:00,9.0,0.12433333333333334,0.11130363875453488,0.0,15,2,1,0
2021-01-13 15:32:00,8.0,0.12562500000000001,0.0748273011674215,0.0,15,2,1,0
2021-01-13 15:33:00,11.0,0.09718181818181817,0.023447038967930184,0.0,15,2,1,0
2021-01-13 15:34:00,9.0,0.11633333333333333,0.07209715667070372,0.0,15,2,1,0
2021-01-13 15:35:00,7.0,0.08642857142857142,0.01195626952491374,0.0,15,2,1,0
2021-01-13 15:36:00,8.0,0.103125,0.03019667673295003,0.0,15,2,1,0
2021-01-13 15:37:00,11.0,0.08627272727272726,0.010527021507443682,0.0,15,2,1,0
2021-01-13 15:38:00,9.0,0.09344444444444444,0.02466835579802143,0.0,15,2,1,0
2021-01-13 15:39:00,8.0,0.08737500000000001,0.021118289297600387,0.0,15,2,1,0
2021-01-13 15:40:00,8.0,0.0875,0.011426785574754982,0.0,15,2,1,0
2021-01-13 15:41:00,10.0,0.09219999999999999,0.025607290628516976,0.0,15,2,1,0
2021-01-13 15:42:00,7.0,0.102,0.028325489110222504,0.0,15,2,1,0
2021-01-13 15:43:00,9.0,0.13344444444444445,0.12162350832704087,0.0,15,2,1,0
2021-01-13 15:44:00,7.0,0.16799999999999998,0.14701813947038417,0.0,15,2,1,0
2021-01-13 15:45:00,8.0,0.097125,0.019924410727977453,0.0,15,2,1,0
2021-01-13 15:46:00,8.0,0.101875,0.04189932662261496,0.0,15,2,1,0
2021-01-13 15:47:00,10.0,0.1149,0.06124350305678691,0.0,15,2,1,0
2021-01-13 15:48:00,9.0,0.097,0.024515301344262528,0.0,15,2,1,0
2021-01-13 15:49:00,7.0,0.09814285714285716,0.021828334578620295,0.0,15,2,1,0
2021-01-13 15:50:00,6.0,0.09583333333333333,0.017993517351164744,0.0,15,2,1,0
2021-01-13 15:51:00,7.0,0.1012857142857143,0.03227854956321244,0.0,15,2,1,0
2021-01-13 15:52:00,7.0,0.10099999999999999,0.026267851073127388,0.0,15,2,1,0
2021-01-13 15:53:00,7.0,0.103,0.05223664103545198,0.0,15,2,1,0
2021-01-13 15:54:00,8.0,0.095375,0.024165722477450226,0.0,15,2,1,0
2021-01-13 15:55:00,7.0,0.09328571428571429,0.02378875284466931,0.0,15,2,1,0
2021-01-13 15:56:00,7.0,0.09342857142857143,0.03125090474880764,0.0,15,2,1,0
2021-01-13 15:57:00,7.0,0.08442857142857142,0.00801783725737273,0.0,15,2,1,0
2021-01-13 15:58:00,7.0,0.11142857142857143,0.04031896635107413,0.0,15,2,1,0
2021-01-13 15:59:00,11.0,0.08781818181818181,0.014531470550623444,0.0,15,2,1,0
2021-01-13 16:00:00,7.0,0.09542857142857143,0.014033972386761386,0.0,16,2,1,0
2021-01-13 16:01:00,9.0,0.08822222222222223,0.01844436077624932,0.0,16,2,1,0
2021-01-13 16:02:00,7.0,0.13342857142857142,0.04161272699089844,0.0,16,2,1,0
2021-01-13 16:03:00,7.0,0.11042857142857143,0.013842653200129217,0.0,16,2,1,0
2021-01-13 16:04:00,7.0,0.09585714285714286,0.016415729970859976,0.0,16,2,1,0
2021-01-13 16:05:00,5.0,0.1026,0.023607202290826423,0.0,16,2,1,0
2021-01-13 16:06:00,7.0,0.093,0.017473789896108212,0.0,16,2,1,0
2021-01-13 16:07:00,8.0,0.087125,0.018976959714348346,0.0,16,2,1,0
2021-01-13 16:08:00,7.0,0.08199999999999999,0.01058300524425836,0.0,16,2,1,0
2021-01-13 16:09:00,7.0,0.08642857142857142,0.011501552690211627,0.0,16,2,1,0
2021-01-13 16:10:00,8.0,0.0915,0.017574331932029248,0.0,16,2,1,0
2021-01-13 16:11:00,10.0,0.1,0.02195449840010015,0.0,16,2,1,0
2021-01-13 16:12:00,7.0,0.099,0.032326459750489235,0.0,16,2,1,0
2021-01-13 16:13:00,9.0,0.09133333333333332,0.026870057685088804,0.0,16,2,1,0
2021-01-13 16:14:00,7.0,0.10885714285714286,0.023898595296436505,0.0,16,2,1,0
2021-01-13 16:15:00,7.0,0.11414285714285714,0.016395411669413,0.0,16,2,1,0
2021-01-13 16:16:00,6.0,0.14566666666666667,0.04498740564498767,0.0,16,2,1,0
2021-01-13 16:17:00,7.0,0.109,0.012871156384205216,0.0,16,2,1,0
2021-01-13 16:18:00,8.0,0.11075,0.015461934826257306,0.0,16,2,1,0
2021-01-13 16:19:00,6.0,0.10883333333333334,0.01647321057555772,0.0,16,2,1,0
2021-01-13 16:20:00,7.0,0.10028571428571428,0.021845779803845302,0.0,16,2,1,0
2021-01-13 16:21:00,8.0,0.0975,0.018400310556385416,0.0,16,2,1,0
2021-01-13 16:22:00,9.0,0.10377777777777777,0.03490264237052038,0.0,16,2,1,0
2021-01-13 16:23:00,8.0,0.11875,0.05671419575379695,0.0,16,2,1,0
2021-01-13 16:24:00,8.0,0.101625,0.03126356848291177,0.0,16,2,1,0
2021-01-13 16:25:00,7.0,0.10842857142857143,0.02217248402004268,0.0,16,2,1,0
2021-01-13 16:26:00,7.0,0.09557142857142857,0.021243486396674963,0.0,16,2,1,0
2021-01-13 16:27:00,8.0,0.09125,0.009866972324737863,0.0,16,2,1,0
2021-01-13 16:28:00,7.0,0.0992857142857143,0.039301035973259395,0.0,16,2,1,0
2021-01-13 16:29:00,7.0,0.10142857142857142,0.026550939361016608,0.0,16,2,1,0
2021-01-13 16:30:00,9.0,0.08311111111111111,0.007672099524322603,0.0,16,2,1,0
2021-01-13 16:31:00,9.0,0.08644444444444445,0.011147994338793763,0.0,16,2,1,0
2021-01-13 16:32:00,7.0,0.10471428571428572,0.03600793563329378,0.0,16,2,1,0
2021-01-13 16:33:00,8.0,0.10112499999999999,0.027601436298031412,0.0,16,2,1,0
2021-01-13 16:34:00,5.0,0.5166000000000001,0.5853454535571282,0.0,16,2,1,0
2021-01-13 16:35:00,7.0,0.10485714285714286,0.033577912241177094,0.0,16,2,1,0
2021-01-13 16:36:00,12.0,0.09658333333333334,0.036159893235294255,0.0,16,2,1,0
2021-01-13 16:37:00,8.0,0.081625,0.010861958518478276,0.0,16,2,1,0
2021-01-13 16:38:00,8.0,0.102875,0.03055878410071784,0.0,16,2,1,0
2021-01-13 16:39:00,7.0,0.08442857142857142,0.008017837257372734,0.0,16,2,1,0
2021-01-13 16:40:00,11.0,0.10345454545454545,0.033025334627717666,0.0,16,2,1,0
2021-01-13 16:41:00,9.0,0.08177777777777778,0.01105415959919362,0.0,16,2,1,0
2021-01-13 16:42:00,7.0,0.08885714285714286,0.011625096005747957,0.0,16,2,1,0
2021-01-13 16:43:00,7.0,0.089,0.011474609652039006,0.0,16,2,1,0
2021-01-13 16:44:00,8.0,0.089375,0.010861958518478277,0.0,16,2,1,0
2021-01-13 16:45:00,7.0,0.146,0.16683225107874078,0.0,16,2,1,0
2021-01-13 16:46:00,9.0,0.082,0.012,0.0,16,2,1,0
2021-01-13 16:47:00,9.0,0.09266666666666666,0.035178118198675716,0.0,16,2,1,0
2021-01-13 16:48:00,8.0,0.077875,0.008288330867637259,0.0,16,2,1,0
2021-01-13 16:49:00,7.0,0.09999999999999999,0.03971145930332956,0.0,16,2,1,0
2021-01-13 16:50:00,8.0,0.08175,0.013781457521923123,0.0,16,2,1,0
2021-01-13 16:51:00,7.0,0.08128571428571428,0.008400680244565237,0.0,16,2,1,0
2021-01-13 16:52:00,10.0,0.12309999999999999,0.09104144355426515,0.0,16,2,1,0
2021-01-13 16:53:00,10.0,0.0995,0.023396343493992583,0.0,16,2,1,0
2021-01-13 16:54:00,7.0,0.11557142857142857,0.09251460631139487,0.0,16,2,1,0
2021-01-13 16:55:00,8.0,0.08225,0.007611082145698564,0.0,16,2,1,0
2021-01-13 16:56:00,7.0,0.10271428571428572,0.03878450844394054,0.0,16,2,1,0
2021-01-13 16:57:00,7.0,0.10214285714285713,0.03912130098138597,0.0,16,2,1,0
2021-01-13 16:58:00,5.0,0.0996,0.02354357661868732,0.0,16,2,1,0
2021-01-13 16:59:00,10.0,0.1127,0.04726297587847055,0.0,16,2,1,0
2021-01-13 17:00:00,9.0,0.11155555555555556,0.060487831650488,0.0,17,2,1,0
2021-01-13 17:01:00,7.0,0.41314285714285715,0.5782702449464923,0.0,17,2,1,0
2021-01-13 17:02:00,8.0,0.091375,0.01755755840493937,0.0,17,2,1,0
2021-01-13 17:03:00,7.0,0.09014285714285715,0.01801322265659841,0.0,17,2,1,0
2021-01-13 17:04:00,7.0,0.09328571428571429,0.012658518682614299,0.0,17,2,1,0
2021-01-13 17:05:00,6.0,0.08700000000000001,0.01395707705789432,0.0,17,2,1,0
2021-01-13 17:06:00,7.0,0.13899999999999998,0.14536849727502862,0.0,17,2,1,0
2021-01-13 17:07:00,10.0,0.0881,0.036004475030504496,0.0,17,2,1,0
2021-01-13 17:08:00,5.0,0.09,0.02781186797034676,0.0,17,2,1,0
2021-01-13 17:09:00,7.0,0.1112857142857143,0.04876718256407781,0.0,17,2,1,0
2021-01-13 17:10:00,7.0,0.07985714285714286,0.011739230119966294,0.0,17,2,1,0
2021-01-13 17:11:00,7.0,0.08,0.01063014581273465,0.0,17,2,1,0
2021-01-13 17:12:00,7.0,0.09314285714285715,0.018050194564312148,0.0,17,2,1,0
2021-01-13 17:13:00,9.0,0.09755555555555556,0.0374069215223303,0.0,17,2,1,0
2021-01-13 17:14:00,7.0,0.091,0.016370705543744903,0.0,17,2,1,0
2021-01-13 17:15:00,7.0,0.10457142857142857,0.027103856692711606,0.0,17,2,1,0
2021-01-13 17:16:00,7.0,0.09899999999999999,0.02481263119192857,0.0,17,2,1,0
2021-01-13 17:17:00,6.0,0.161,0.10944039473613024,0.0,17,2,1,0
2021-01-13 17:18:00,6.0,0.08966666666666667,0.016536827587740843,0.0,17,2,1,0
2021-01-13 17:19:00,7.0,0.112,0.043855824394638095,0.0,17,2,1,0
2021-01-13 17:20:00,6.0,0.0795,0.007476630257007494,0.0,17,2,1,0
2021-01-13 17:21:00,7.0,0.08671428571428572,0.01210666876442189,0.0,17,2,1,0
2021-01-13 17:22:00,9.0,0.16622222222222222,0.22515038184387884,0.0,17,2,1,0
2021-01-13 17:23:00,7.0,0.08528571428571428,0.009304376850247873,0.0,17,2,1,0
2021-01-13 17:24:00,8.0,0.095125,0.02530633743325403,0.0,17,2,1,0
2021-01-13 17:25:00,7.0,0.08928571428571429,0.00784674636849112,0.0,17,2,1,0
2021-01-13 17:26:00,7.0,0.11785714285714285,0.08640298716176535,0.0,17,2,1,0
2021-01-13 17:27:00,7.0,0.08457142857142856,0.012367391841143426,0.0,17,2,1,0
2021-01-13 17:28:00,7.0,0.08128571428571428,0.008400680244565232,0.0,17,2,1,0
2021-01-13 17:29:00,9.0,0.10833333333333334,0.05247618507475557,0.0,17,2,1,0
2021-01-13 17:30:00,7.0,0.09571428571428572,0.03179472852384121,0.0,17,2,1,0
2021-01-13 17:31:00,7.0,0.11342857142857143,0.03207209141323727,0.0,17,2,1,0
2021-01-13 17:32:00,6.0,0.1565,0.08371558994595929,0.0,17,2,1,0
2021-01-13 17:33:00,7.0,0.11757142857142856,0.017008401285415226,0.0,17,2,1,0
2021-01-13 17:34:00,7.0,0.1357142857142857,0.0574186795555659,0.0,17,2,1,0
2021-01-13 17:35:00,7.0,0.1207142857142857,0.01763249165333028,0.0,17,2,1,0
2021-01-13 17:36:00,9.0,0.1798888888888889,0.14413487125297306,0.0,17,2,1,0
2021-01-13 17:37:00,9.0,0.128,0.033981612675092386,0.0,17,2,1,0
2021-01-13 17:38:00,6.0,0.22733333333333336,0.12847982980478556,0.0,17,2,1,0
2021-01-13 17:39:00,6.0,0.13349999999999998,0.035081334068133734,0.0,17,2,1,0
2021-01-13 17:40:00,7.0,0.10428571428571429,0.030750145179680517,0.0,17,2,1,0
2021-01-13 17:41:00,7.0,0.15614285714285714,0.09843683011865795,0.0,17,2,1,0
2021-01-13 17:42:00,7.0,0.14685714285714285,0.06308308957617875,0.0,17,2,1,0
2021-01-13 17:43:00,7.0,0.12728571428571428,0.04237418351510066,0.0,17,2,1,0
2021-01-13 17:44:00,7.0,0.12142857142857143,0.025005713632802292,0.0,17,2,1,0
2021-01-13 17:45:00,7.0,0.1335714285714286,0.024165106681998755,0.0,17,2,1,0
2021-01-13 17:46:00,7.0,0.12128571428571429,0.018273061098369972,0.0,17,2,1,0
2021-01-13 17:47:00,8.0,0.10475,0.011634308868907633,0.0,17,2,1,0
2021-01-13 17:48:00,7.0,0.10657142857142857,0.011043205193800434,0.0,17,2,1,0
2021-01-13 17:49:00,7.0,0.1397142857142857,0.07049045865863524,0.0,17,2,1,0
2021-01-13 17:50:00,7.0,0.11942857142857143,0.034447337308114945,0.0,17,2,1,0
2021-01-13 17:51:00,8.0,0.1075,0.012581165060745136,0.0,17,2,1,0
2021-01-13 17:52:00,7.0,0.1162857142857143,0.015007934409441403,0.0,17,2,1,0
2021-01-13 17:53:00,8.0,0.112875,0.01390208103640808,0.0,17,2,1,0
2021-01-13 17:54:00,9.0,0.11411111111111111,0.007672099524322601,0.0,17,2,1,0
2021-01-13 17:55:00,7.0,0.122,0.02277425447005164,0.0,17,2,1,0
2021-01-13 17:56:00,9.0,0.11944444444444444,0.01906640442710103,0.0,17,2,1,0
2021-01-13 17:57:00,7.0,0.10228571428571429,0.012257165057144952,0.0,17,2,1,0
2021-01-13 17:58:00,9.0,0.08944444444444444,0.011159201484773801,0.0,17,2,1,0
2021-01-13 17:59:00,9.0,0.10011111111111111,0.020593958121524654,0.0,17,2,1,0
2021-01-13 18:00:00,8.0,0.11862500000000001,0.021908494764751475,0.0,18,2,0,0
2021-01-13 18:01:00,8.0,0.116875,0.017049821951311647,0.0,18,2,0,0
2021-01-13 18:02:00,8.0,0.106,0.008635475005547094,0.0,18,2,0,0
2021-01-13 18:03:00,7.0,0.10385714285714286,0.016446160356636152,0.0,18,2,0,0
2021-01-13 18:04:00,8.0,0.13125,0.05218305691094982,0.0,18,2,0,0
2021-01-13 18:05:00,10.0,0.3081,0.4273326703062979,0.0,18,2,0,0
2021-01-13 18:06:00,7.0,0.10514285714285714,0.021287152396289585,0.0,18,2,0,0
2021-01-13 18:07:00,8.0,0.0945,0.01569349273698224,0.0,18,2,0,0
2021-01-13 18:08:00,8.0,0.09937499999999999,0.03539546984734467,0.0,18,2,0,0
2021-01-13 18:09:00,8.0,0.08975,0.01540639941248905,0.0,18,2,0,0
2021-01-13 18:10:00,11.0,0.08509090909090909,0.010866964115653879,0.0,18,2,0,0
2021-01-13 18:11:00,7.0,0.09657142857142856,0.01817376445004486,0.0,18,2,0,0
2021-01-13 18:12:00,9.0,0.10233333333333333,0.015107944929738128,0.0,18,2,0,0
2021-01-13 18:13:00,7.0,0.13499999999999998,0.04329357150124408,0.0,18,2,0,0
2021-01-13 18:14:00,7.0,0.08614285714285715,0.015720777879699756,0.0,18,2,0,0
2021-01-13 18:15:00,11.0,0.0951818181818182,0.02798863405676734,0.0,18,2,0,0
2021-01-13 18:16:00,8.0,0.112875,0.045730382210767244,0.0,18,2,0,0
2021-01-13 18:17:00,7.0,0.10457142857142857,0.01492042384180314,0.0,18,2,0,0
2021-01-13 18:18:00,9.0,0.103,0.02328089345364563,0.0,18,2,0,0
2021-01-13 18:19:00,7.0,0.09771428571428571,0.014996825060817436,0.0,18,2,0,0
2021-01-13 18:20:00,7.0,0.08071428571428571,0.0056188458397991815,0.0,18,2,0,0
2021-01-13 18:21:00,7.0,0.10214285714285713,0.015104398602488519,0.0,18,2,0,0
2021-01-13 18:22:00,4.0,0.1135,0.03307063148273203,0.0,18,2,0,0
2021-01-13 18:23:00,9.0,0.10822222222222222,0.024252720351425415,0.0,18,2,0,0
2021-01-13 18:24:00,10.0,0.1216,0.01258040804849615,0.0,18,2,0,0
2021-01-13 18:25:00,5.0,0.0994,0.008763560920082661,0.0,18,2,0,0
2021-01-13 18:26:00,7.0,0.23128571428571432,0.3862006017109564,0.0,18,2,0,0
2021-01-13 18:27:00,7.0,0.09328571428571429,0.025210542012646782,0.0,18,2,0,0
2021-01-13 18:28:00,9.0,0.11033333333333334,0.0318001572323157,0.0,18,2,0,0
2021-01-13 18:29:00,8.0,0.089875,0.017496428206922692,0.0,18,2,0,0
2021-01-13 18:30:00,11.0,0.08763636363636364,0.012556056126608603,0.0,18,2,0,0
2021-01-13 18:31:00,9.0,0.07955555555555555,0.009248122932670052,0.0,18,2,0,0
2021-01-13 18:32:00,11.0,0.1258181818181818,0.15502052650008527,0.0,18,2,0,0
2021-01-13 18:33:00,10.0,0.08399999999999999,0.031947874212013956,0.0,18,2,0,0
2021-01-13 18:34:00,12.0,0.07816666666666666,0.009369518599580172,0.0,18,2,0,0
2021-01-13 18:35:00,10.0,0.0842,0.01988187337473229,0.0,18,2,0,0
2021-01-13 18:36:00,11.0,0.08772727272727272,0.014492004064938084,0.0,18,2,0,0
2021-01-13 18:37:00,9.0,0.08055555555555555,0.021260944893813583,0.0,18,2,0,0
2021-01-13 18:38:00,11.0,0.07954545454545454,0.01036690538553947,0.0,18,2,0,0
2021-01-13 18:39:00,8.0,0.1015,0.023555405809646813,0.0,18,2,0,0
2021-01-13 18:40:00,8.0,0.10525,0.038890872965260115,0.0,18,2,0,0
2021-01-13 18:41:00,8.0,0.10175000000000001,0.039438016467073275,0.0,18,2,0,0
2021-01-13 18:42:00,10.0,0.0858,0.013758229860301393,0.0,18,2,0,0
2021-01-13 18:43:00,9.0,0.13833333333333334,0.05557427462414602,0.0,18,2,0,0
2021-01-13 18:44:00,9.0,0.12533333333333335,0.05690562362368063,0.0,18,2,0,0
2021-01-13 18:45:00,12.0,0.09875,0.02997612686486001,0.0,18,2,0,0
2021-01-13 18:46:00,9.0,0.08811111111111111,0.021951335064435407,0.0,18,2,0,0
2021-01-13 18:47:00,12.0,0.08958333333333333,0.013076407161083058,0.0,18,2,0,0
2021-01-13 18:48:00,9.0,0.09488888888888888,0.02038040998388185,0.0,18,2,0,0
2021-01-13 18:49:00,12.0,0.08900000000000001,0.04067386920817388,0.0,18,2,0,0
2021-01-13 18:50:00,10.0,0.095,0.02486854327145932,0.0,18,2,0,0
2021-01-13 18:51:00,11.0,0.10463636363636364,0.012200596110622852,0.0,18,2,0,0
2021-01-13 18:52:00,9.0,0.12877777777777777,0.04878979856941864,0.0,18,2,0,0
2021-01-13 18:53:00,10.0,0.12990000000000002,0.04420268971202746,0.0,18,2,0,0
2021-01-13 18:54:00,10.0,0.1326,0.026437347320284108,0.0,18,2,0,0
2021-01-13 18:55:00,8.0,0.10112499999999999,0.01677104221993544,0.0,18,2,0,0
2021-01-13 18:56:00,12.0,0.10866666666666668,0.024204933131053846,0.0,18,2,0,0
2021-01-13 18:57:00,7.0,0.09328571428571429,0.021684973950597576,0.0,18,2,0,0
2021-01-13 18:58:00,9.0,0.08788888888888889,0.0074236858171066915,0.0,18,2,0,0
2021-01-13 18:59:00,10.0,0.1137,0.021944627284751654,0.0,18,2,0,0
2021-01-13 19:00:00,9.0,0.11422222222222222,0.007838650677536564,0.0,19,2,0,0
2021-01-13 19:01:00,9.0,0.11211111111111112,0.013950308638561055,0.0,19,2,0,0
2021-01-13 19:02:00,12.0,0.11508333333333333,0.04355030181156943,0.0,19,2,0,0
2021-01-13 19:03:00,14.0,0.12992857142857142,0.07315785281547996,0.0,19,2,0,0
2021-01-13 19:04:00,14.0,0.10007142857142858,0.01594926709535961,0.0,19,2,0,0
2021-01-13 19:05:00,14.0,0.13907142857142857,0.11560840020431992,0.0,19,2,0,0
2021-01-13 19:06:00,11.0,0.12018181818181818,0.030632721661054487,0.0,19,2,0,0
2021-01-13 19:07:00,11.0,0.10672727272727273,0.02237896739838954,0.0,19,2,0,0
2021-01-13 19:08:00,12.0,0.08175,0.005738625112500221,0.0,19,2,0,0
2021-01-13 19:09:00,13.0,0.09769230769230769,0.03262510438140292,0.0,19,2,0,0
2021-01-13 19:10:00,21.0,0.08447619047619048,0.017081039334944023,0.0,19,2,0,0
2021-01-13 19:11:00,30.0,0.08246666666666667,0.02176478226692003,0.0,19,2,0,0
2021-01-13 19:12:00,26.0,0.08319230769230769,0.010579297635549276,0.0,19,2,0,0
2021-01-13 19:13:00,21.0,0.09771428571428571,0.052528223706063824,0.0,19,2,0,0
2021-01-13 19:14:00,21.0,0.09585714285714285,0.04552063896111929,0.0,19,2,0,0
2021-01-13 19:15:00,18.0,0.11133333333333334,0.01890844815855352,0.0,19,2,0,0
2021-01-13 19:16:00,17.0,0.12188235294117647,0.05489635957071877,0.0,19,2,0,0
2021-01-13 19:17:00,16.0,0.114625,0.10341623018978535,0.0,19,2,0,0
2021-01-13 19:18:00,13.0,0.103,0.03754996671103718,0.0,19,2,0,0
2021-01-13 19:19:00,13.0,0.138,0.06538093503970914,0.0,19,2,0,0
2021-01-13 19:20:00,15.0,0.09000000000000001,0.012983506020002013,0.0,19,2,0,0
2021-01-13 19:21:00,12.0,0.09041666666666666,0.010638338330032674,0.0,19,2,0,0
2021-01-13 19:22:00,16.0,0.105125,0.04444603469377218,0.0,19,2,0,0
2021-01-13 19:23:00,9.0,0.10744444444444444,0.08285697181153664,0.0,19,2,0,0
2021-01-13 19:24:00,13.0,0.09684615384615383,0.02690367432726787,0.0,19,2,0,0
2021-01-13 19:25:00,13.0,0.08269230769230769,0.009715834287256853,0.0,19,2,0,0
2021-01-13 19:26:00,11.0,0.09772727272727272,0.0213639458391511,0.0,19,2,0,0
2021-01-13 19:27:00,12.0,0.11391666666666667,0.025307053753785124,0.0,19,2,0,0
2021-01-13 19:28:00,12.0,0.09316666666666666,0.017943514064131832,0.0,19,2,0,0
2021-01-13 19:29:00,14.0,0.08650000000000001,0.01682831862344862,0.0,19,2,0,0
2021-01-13 19:30:00,9.0,0.11422222222222222,0.04484076766118578,0.0,19,2,0,0
2021-01-13 19:31:00,14.0,0.08692857142857144,0.012275455722164175,0.0,19,2,0,0
2021-01-13 19:32:00,13.0,0.09038461538461538,0.011325034669104122,0.0,19,2,0,0
2021-01-13 19:33:00,11.0,0.10018181818181819,0.04844340653137057,0.0,19,2,0,0
2021-01-13 19:34:00,11.0,0.085,0.01047854951794379,0.0,19,2,0,0
2021-01-13 19:35:00,12.0,0.08941666666666666,0.017845082507429593,0.0,19,2,0,0
2021-01-13 19:36:00,9.0,0.10255555555555557,0.018862072467726813,0.0,19,2,0,0
2021-01-13 19:37:00,12.0,0.12266666666666666,0.05810544229452544,0.0,19,2,0,0
2021-01-13 19:38:00,9.0,0.10577777777777778,0.05586541366932178,0.0,19,2,0,0
2021-01-13 19:39:00,10.0,0.0867,0.015085312945599321,0.0,19,2,0,0
2021-01-13 19:40:00,9.0,0.11,0.027454507826584693,0.0,19,2,0,0
2021-01-13 19:41:00,9.0,0.08822222222222223,0.01337701179054741,0.0,19,2,0,0
2021-01-13 19:42:00,12.0,0.08383333333333333,0.010503967504392487,0.0,19,2,0,0
2021-01-13 19:43:00,9.0,0.08244444444444445,0.017436392338376013,0.0,19,2,0,0
2021-01-13 19:44:00,12.0,0.10208333333333335,0.026674667360397933,0.0,19,2,0,0
2021-01-13 19:45:00,9.0,0.08122222222222222,0.01023203031878055,0.0,19,2,0,0
2021-01-13 19:46:00,12.0,0.09349999999999999,0.019,0.0,19,2,0,0
2021-01-13 19:47:00,9.0,0.11655555555555555,0.03422393574353742,0.0,19,2,0,0
2021-01-13 19:48:00,9.0,0.07966666666666666,0.005,0.0,19,2,0,0
2021-01-13 19:49:00,10.0,0.0987,0.028813769856326214,0.0,19,2,0,0
2021-01-13 19:50:00,7.0,0.08199999999999999,0.01454876856186346,0.0,19,2,0,0
2021-01-13 19:51:00,9.0,0.11566666666666665,0.06270765503509121,0.0,19,2,0,0
2021-01-13 19:52:00,9.0,0.09544444444444444,0.017507934709090556,0.0,19,2,0,0
2021-01-13 19:53:00,10.0,0.08020000000000001,0.007495183638696103,0.0,19,2,0,0
2021-01-13 19:54:00,7.0,0.09414285714285715,0.017023792873784728,0.0,19,2,0,0
2021-01-13 19:55:00,9.0,0.08755555555555555,0.01417842649160258,0.0,19,2,0,0
2021-01-13 19:56:00,9.0,0.1058888888888889,0.0303292121742572,0.0,19,2,0,0
2021-01-13 19:57:00,10.0,0.1326,0.022887162825964747,0.0,19,2,0,0
2021-01-13 19:58:00,7.0,0.11657142857142858,0.031648365638987555,0.0,19,2,0,0
2021-01-13 19:59:00,7.0,0.08499999999999999,0.007615773105863908,0.0,19,2,0,0
2021-01-13 20:00:00,7.0,0.08971428571428572,0.010160614904526952,0.0,20,2,0,0
2021-01-13 20:01:00,7.0,0.09828571428571428,0.01974600622669713,0.0,20,2,0,0
2021-01-13 20:02:00,9.0,0.10966666666666666,0.01287439318958373,0.0,20,2,0,0
2021-01-13 20:03:00,9.0,0.14500000000000002,0.06621744483140375,0.0,20,2,0,0
2021-01-13 20:04:00,10.0,0.12940000000000002,0.05124711373986507,0.0,20,2,0,0
2021-01-13 20:05:00,8.0,0.12275,0.022908201899881065,0.0,20,2,0,0
2021-01-13 20:06:00,8.0,0.104875,0.011268635359134789,0.0,20,2,0,0
2021-01-13 20:07:00,12.0,0.16783333333333336,0.1836275050368561,0.0,20,2,0,0
2021-01-13 20:08:00,7.0,0.10985714285714286,0.019099987534276667,0.0,20,2,0,0
2021-01-13 20:09:00,9.0,0.10844444444444444,0.015653363145911422,0.0,20,2,0,0
2021-01-13 20:10:00,7.0,0.12357142857142857,0.02016479723724112,0.0,20,2,0,0
2021-01-13 20:11:00,12.0,0.11533333333333333,0.010245472022786313,0.0,20,2,0,0
2021-01-13 20:12:00,7.0,0.10885714285714286,0.012863754913561997,0.0,20,2,0,0
2021-01-13 20:13:00,9.0,0.11499999999999999,0.018165902124584955,0.0,20,2,0,0
2021-01-13 20:14:00,7.0,0.11271428571428573,0.023185586655752936,0.0,20,2,0,0
2021-01-13 20:15:00,9.0,0.12088888888888889,0.015161171165550213,0.0,20,2,0,0
2021-01-13 20:16:00,8.0,0.12825,0.02606448048316219,0.0,20,2,0,0
2021-01-13 20:17:00,9.0,0.11511111111111111,0.01328951131949972,0.0,20,2,0,0
2021-01-13 20:18:00,8.0,0.122625,0.024171633315580015,0.0,20,2,0,0
2021-01-13 20:19:00,8.0,0.133125,0.026040833319999575,0.0,20,2,0,0
2021-01-13 20:20:00,9.0,0.13011111111111112,0.03709597162915551,0.0,20,2,0,0
2021-01-13 20:21:00,10.0,0.1206,0.014599847792205087,0.0,20,2,0,0
2021-01-13 20:22:00,7.0,0.11357142857142857,0.012149857925879118,0.0,20,2,0,0
2021-01-13 20:23:00,8.0,0.464,0.6096462674605425,0.0,20,2,0,0
2021-01-13 20:24:00,7.0,0.34514285714285714,0.4023400007338025,0.0,20,2,0,0
2021-01-13 20:25:00,12.0,0.114,0.012030264865216926,0.0,20,2,0,0
2021-01-13 20:26:00,7.0,0.10671428571428572,0.010562737740350677,0.0,20,2,0,0
2021-01-13 20:27:00,8.0,0.11675,0.016705431110014154,0.0,20,2,0,0
2021-01-13 20:28:00,9.0,0.12122222222222222,0.021457969252574777,0.0,20,2,0,0
2021-01-13 20:29:00,11.0,0.11354545454545456,0.00876770935151977,0.0,20,2,0,0
2021-01-13 20:30:00,7.0,0.11342857142857143,0.019696506821068067,0.0,20,2,0,0
2021-01-13 20:31:00,9.0,0.11933333333333335,0.03131293662370235,0.0,20,2,0,0
2021-01-13 20:32:00,7.0,0.113,0.018823743871327337,0.0,20,2,0,0
2021-01-13 20:33:00,10.0,0.1167,0.03698663422252843,0.0,20,2,0,0
2021-01-13 20:34:00,9.0,0.11499999999999999,0.015740076238697196,0.0,20,2,0,0
2021-01-13 20:35:00,7.0,0.12457142857142857,0.0220443276366593,0.0,20,2,0,0
2021-01-13 20:36:00,8.0,0.1145,0.014442002235542987,0.0,20,2,0,0
2021-01-13 20:37:00,7.0,0.12214285714285714,0.03067261847005443,0.0,20,2,0,0
2021-01-13 20:38:00,8.0,0.13899999999999998,0.07259673349597566,0.0,20,2,0,0
2021-01-13 20:39:00,10.0,0.0995,0.02481151166517492,0.0,20,2,0,0
2021-01-13 20:40:00,9.0,0.11222222222222222,0.040229894909686814,0.0,20,2,0,0
2021-01-13 20:41:00,8.0,0.1245,0.05746303159423456,0.0,20,2,0,0
2021-01-13 20:42:00,8.0,0.09175,0.013328272849205075,0.0,20,2,0,0
2021-01-13 20:43:00,12.0,0.09599999999999999,0.02170043987823959,0.0,20,2,0,0
2021-01-13 20:44:00,9.0,0.12611111111111112,0.052916076112190236,0.0,20,2,0,0
2021-01-13 20:45:00,12.0,0.09791666666666667,0.014631586835792397,0.0,20,2,0,0
2021-01-13 20:46:00,10.0,0.11499999999999999,0.017068489485989477,0.0,20,2,0,0
2021-01-13 20:47:00,12.0,0.10916666666666668,0.0069391292790605295,0.0,20,2,0,0
2021-01-13 20:48:00,9.0,0.11855555555555555,0.02275473088783468,0.0,20,2,0,0
2021-01-13 20:49:00,12.0,0.10658333333333332,0.013392388159176863,0.0,20,2,0,0
2021-01-13 20:50:00,8.0,0.11475,0.018614510468986285,0.0,20,2,0,0
2021-01-13 20:51:00,13.0,0.11546153846153848,0.024561539666096484,0.0,20,2,0,0
2021-01-13 20:52:00,9.0,0.10366666666666667,0.008139410298049855,0.0,20,2,0,0
2021-01-13 20:53:00,12.0,0.12083333333333333,0.02029703665488381,0.0,20,2,0,0
2021-01-13 20:54:00,9.0,0.11166666666666665,0.00565685424949238,0.0,20,2,0,0
2021-01-13 20:55:00,12.0,0.10641666666666666,0.009317220940849587,0.0,20,2,0,0
2021-01-13 20:56:00,9.0,0.12166666666666666,0.03612132334231403,0.0,20,2,0,0
2021-01-13 20:57:00,12.0,0.10716666666666667,0.0105901612429422,0.0,20,2,0,0
2021-01-13 20:58:00,9.0,0.11322222222222221,0.0075792113339347164,0.0,20,2,0,0
2021-01-13 20:59:00,12.0,0.12208333333333334,0.02942620456585448,0.0,20,2,0,0
2021-01-13 21:00:00,8.0,0.15087499999999998,0.07180019399098347,0.0,21,2,0,0
2021-01-13 21:01:00,8.0,0.144125,0.07159297152254943,0.0,21,2,0,0
2021-01-13 21:02:00,9.0,0.112,0.012308533625091168,0.0,21,2,0,0
2021-01-13 21:03:00,10.0,0.1162,0.023743069164144166,0.0,21,2,0,0
2021-01-13 21:04:00,7.0,0.13557142857142856,0.03607333799755318,0.0,21,2,0,0
2021-01-13 21:05:00,7.0,0.11414285714285714,0.011781745363464777,0.0,21,2,0,0
2021-01-13 21:06:00,8.0,0.14275000000000002,0.04926241685388279,0.0,21,2,0,0
2021-01-13 21:07:00,8.0,0.149375,0.08142996552691327,0.0,21,2,0,0
2021-01-13 21:08:00,8.0,0.10875,0.026369625383329643,0.0,21,2,0,0
2021-01-13 21:09:00,9.0,0.11588888888888887,0.02944675043381037,0.0,21,2,0,0
2021-01-13 21:10:00,8.0,0.1095,0.004375255094603873,0.0,21,2,0,0
2021-01-13 21:11:00,7.0,0.11814285714285713,0.024009918585371968,0.0,21,2,0,0
2021-01-13 21:12:00,7.0,0.1285714285714286,0.029904610251359477,0.0,21,2,0,0
2021-01-13 21:13:00,7.0,0.11171428571428572,0.01602824887206216,0.0,21,2,0,0
2021-01-13 21:14:00,7.0,0.10685714285714286,0.024982851261272348,0.0,21,2,0,0
2021-01-13 21:15:00,6.0,0.09249999999999999,0.010054849576199537,0.0,21,2,0,0
2021-01-13 21:16:00,6.0,0.084,0.017320508075688773,0.0,21,2,0,0
2021-01-13 21:17:00,7.0,0.10442857142857143,0.044851076326204796,0.0,21,2,0,0
2021-01-13 21:18:00,8.0,0.12075,0.051307894129461205,0.0,21,2,0,0
2021-01-13 21:19:00,6.0,0.08666666666666667,0.0073936910042729466,0.0,21,2,0,0
2021-01-13 21:20:00,6.0,0.11366666666666668,0.04700921895401653,0.0,21,2,0,0
2021-01-13 21:21:00,6.0,0.0855,0.009332738076256081,0.0,21,2,0,0
2021-01-13 21:22:00,5.0,0.12440000000000002,0.031125552203936886,0.0,21,2,0,0
2021-01-13 21:23:00,7.0,0.13642857142857143,0.04760552188859728,0.0,21,2,0,0
2021-01-13 21:24:00,6.0,0.12116666666666666,0.01764558490576798,0.0,21,2,0,0
2021-01-13 21:25:00,5.0,0.11499999999999999,0.013982131454109564,0.0,21,2,0,0
2021-01-13 21:26:00,4.0,0.109,0.0,0.0,21,2,0,0
2021-01-13 21:27:00,4.0,0.13625,0.0450582955736233,0.0,21,2,0,0
2021-01-13 21:28:00,5.0,0.1058,0.0071554175279993255,0.0,21,2,0,0
2021-01-13 21:29:00,5.0,0.1774,0.09891814798104542,0.0,21,2,0,0
2021-01-13 21:30:00,5.0,0.11040000000000001,0.017826945896591492,0.0,21,2,0,0
2021-01-13 21:31:00,4.0,0.16775,0.09646199597077941,0.0,21,2,0,0
2021-01-13 21:32:00,5.0,0.0872,0.013809417076763234,0.0,21,2,0,0
2021-01-13 21:33:00,6.0,0.0855,0.008215838362577492,0.0,21,2,0,0
2021-01-13 21:34:00,5.0,0.09259999999999999,0.019295077092357005,0.0,21,2,0,0
2021-01-13 21:35:00,6.0,0.11116666666666668,0.012998717885494194,0.0,21,2,0,0
2021-01-13 21:36:00,6.0,0.11933333333333333,0.00801664934163062,0.0,21,2,0,0
2021-01-13 21:37:00,3.0,0.11033333333333334,0.0023094010767585062,0.0,21,2,0,0
2021-01-13 21:38:00,5.0,0.09319999999999999,0.010963576058932601,0.0,21,2,0,0
2021-01-13 21:39:00,3.0,0.09200000000000001,0.017521415467935234,0.0,21,2,0,0
2021-01-13 21:40:00,2.0,0.08399999999999999,0.012727922061357862,0.0,21,2,0,0
2021-01-13 21:41:00,5.0,0.10900000000000001,0.0,0.0,21,2,0,0
2021-01-13 21:42:00,7.0,0.11457142857142857,0.024151308748921133,0.0,21,2,0,0
2021-01-13 21:43:00,4.0,0.112,0.008869423130433379,0.0,21,2,0,0
2021-01-13 21:44:00,2.0,0.11649999999999999,0.010606601717798217,0.0,21,2,0,0
2021-01-13 21:45:00,5.0,0.1016,0.009316651759081692,0.0,21,2,0,0
2021-01-13 21:46:00,4.0,0.109,0.013063945294843619,0.0,21,2,0,0
2021-01-13 21:47:00,3.0,0.131,0.03810511776651529,0.0,21,2,0,0
2021-01-13 21:48:00,3.0,0.13633333333333333,0.04523641600893392,0.0,21,2,0,0
2021-01-13 21:49:00,3.0,0.11433333333333333,0.009237604307034014,0.0,21,2,0,0
2021-01-13 21:50:00,2.0,0.1175,0.03464823227814082,0.0,21,2,0,0
2021-01-13 21:51:00,2.0,0.1405,0.08838834764831845,0.0,21,2,0,0
2021-01-13 21:52:00,5.0,0.0902,0.006833739825307954,0.0,21,2,0,0
2021-01-13 21:53:00,5.0,0.12079999999999999,0.032506922339710975,0.0,21,2,0,0
2021-01-13 21:54:00,5.0,0.1278,0.025440125785852565,0.0,21,2,0,0
2021-01-13 21:55:00,2.0,0.1085,0.021920310216782972,0.0,21,2,0,0
2021-01-13 21:56:00,7.0,0.11757142857142856,0.023740662324776198,0.0,21,2,0,0
2021-01-13 21:57:00,2.0,0.101,0.011313708498984765,0.0,21,2,0,0
2021-01-13 21:58:00,4.0,0.109,0.0,0.0,21,2,0,0
2021-01-13 21:59:00,5.0,0.1776,0.1063945487325361,0.0,21,2,0,0
2021-01-13 22:00:00,3.0,0.111,0.0163707055437449,0.0,22,2,0,0
2021-01-13 22:01:00,4.0,0.10475000000000001,0.031815876539866075,0.0,22,2,0,0
2021-01-13 22:02:00,4.0,0.105,0.008,0.0,22,2,0,0
2021-01-13 22:03:00,4.0,0.12375,0.002500000000000001,0.0,22,2,0,0
2021-01-13 22:04:00,2.0,0.1635,0.010606601717798222,0.0,22,2,0,0
2021-01-13 22:05:00,1.0,0.187,0.0,0.0,22,2,0,0
2021-01-13 22:06:00,1.0,0.39,0.0,0.0,22,2,0,0
2021-01-13 22:07:00,0.0,0.0,0.0,0.0,22,2,0,0
2021-01-13 22:08:00,1.0,0.205,0.0,0.0,22,2,0,0
2021-01-13 22:09:00,0.0,0.0,0.0,0.0,22,2,0,0
2021-01-13 22:10:00,0.0,0.0,0.0,0.0,22,2,0,0
2021-01-13 22:11:00,0.0,0.0,0.0,0.0,22,2,0,0
2021-01-13 22:12:00,0.0,0.0,0.0,0.0,22,2,0,0
2021-01-13 22:13:00,0.0,0.0,0.0,0.0,22,2,0,0
2021-01-13 22:14:00,0.0,0.0,0.0,0.0,22,2,0,0
2021-01-13 22:15:00,0.0,0.0,0.0,0.0,22,2,0,0
2021-01-13 22:16:00,1.0,0.14,0.0,0.0,22,2,0,0
2021-01-13 22:17:00,0.0,0.0,0.0,0.0,22,2,0,0
2021-01-13 22:18:00,0.0,0.0,0.0,0.0,22,2,0,0
2021-01-13 22:19:00,0.0,0.0,0.0,0.0,22,2,0,0
2021-01-13 22:20:00,0.0,0.0,0.0,0.0,22,2,0,0
2021-01-13 22:21:00,0.0,0.0,0.0,0.0,22,2,0,0
2021-01-13 22:22:00,0.0,0.0,0.0,0.0,22,2,0,0
2021-01-13 22:23:00,0.0,0.0,0.0,0.0,22,2,0,0
2021-01-13 22:24:00,0.0,0.0,0.0,0.0,22,2,0,0
2021-01-13 22:25:00,0.0,0.0,0.0,0.0,22,2,0,0
2021-01-13 22:26:00,0.0,0.0,0.0,0.0,22,2,0,0
2021-01-13 22:27:00,0.0,0.0,0.0,0.0,22,2,0,0
2021-01-13 22:28:00,0.0,0.0,0.0,0.0,22,2,0,0
2021-01-13 22:29:00,0.0,0.0,0.0,0.0,22,2,0,0
2021-01-13 22:30:00,0.0,0.0,0.0,0.0,22,2,0,0
2021-01-13 22:31:00,0.0,0.0,0.0,0.0,22,2,0,0
2021-01-13 22:32:00,0.0,0.0,0.0,0.0,22,2,0,0
2021-01-13 22:33:00,0.0,0.0,0.0,0.0,22,2,0,0
2021-01-13 22:34:00,0.0,0.0,0.0,0.0,22,2,0,0
2021-01-13 22:35:00,0.0,0.0,0.0,0.0,22,2,0,0
2021-01-13 22:36:00,0.0,0.0,0.0,0.0,22,2,0,0
2021-01-13 22:37:00,0.0,0.0,0.0,0.0,22,2,0,0
2021-01-13 22:38:00,0.0,0.0,0.0,0.0,22,2,0,0
2021-01-13 22:39:00,0.0,0.0,0.0,0.0,22,2,0,0
2021-01-13 22:40:00,0.0,0.0,0.0,0.0,22,2,0,0
2021-01-13 22:41:00,0.0,0.0,0.0,0.0,22,2,0,0
2021-01-13 22:42:00,0.0,0.0,0.0,0.0,22,2,0,0
2021-01-13 22:43:00,0.0,0.0,0.0,0.0,22,2,0,0
2021-01-13 22:44:00,0.0,0.0,0.0,0.0,22,2,0,0
2021-01-13 22:45:00,0.0,0.0,0.0,0.0,22,2,0,0
2021-01-13 22:46:00,0.0,0.0,0.0,0.0,22,2,0,0
2021-01-13 22:47:00,0.0,0.0,0.0,0.0,22,2,0,0
2021-01-13 22:48:00,0.0,0.0,0.0,0.0,22,2,0,0
2021-01-13 22:49:00,0.0,0.0,0.0,0.0,22,2,0,0
2021-01-13 22:50:00,0.0,0.0,0.0,0.0,22,2,0,0
2021-01-13 22:51:00,0.0,0.0,0.0,0.0,22,2,0,0
2021-01-13 22:52:00,0.0,0.0,0.0,0.0,22,2,0,0
2021-01-13 22:53:00,0.0,0.0,0.0,0.0,22,2,0,0
2021-01-13 22:54:00,0.0,0.0,0.0,0.0,22,2,0,0
2021-01-13 22:55:00,0.0,0.0,0.0,0.0,22,2,0,0
2021-01-13 22:56:00,0.0,0.0,0.0,0.0,22,2,0,0
2021-01-13 22:57:00,0.0,0.0,0.0,0.0,22,2,0,0
2021-01-13 22:58:00,0.0,0.0,0.0,0.0,22,2,0,0
2021-01-13 22:59:00,0.0,0.0,0.0,0.0,22,2,0,0
2021-01-13 23:00:00,0.0,0.0,0.0,0.0,23,2,0,0
2021-01-13 23:01:00,0.0,0.0,0.0,0.0,23,2,0,0
2021-01-13 23:02:00,0.0,0.0,0.0,0.0,23,2,0,0
2021-01-13 23:03:00,0.0,0.0,0.0,0.0,23,2,0,0
2021-01-13 23:04:00,0.0,0.0,0.0,0.0,23,2,0,0
2021-01-13 23:05:00,0.0,0.0,0.0,0.0,23,2,0,0
2021-01-13 23:06:00,0.0,0.0,0.0,0.0,23,2,0,0
2021-01-13 23:07:00,0.0,0.0,0.0,0.0,23,2,0,0
2021-01-13 23:08:00,0.0,0.0,0.0,0.0,23,2,0,0
2021-01-13 23:09:00,0.0,0.0,0.0,0.0,23,2,0,0
2021-01-13 23:10:00,0.0,0.0,0.0,0.0,23,2,0,0
2021-01-13 23:11:00,0.0,0.0,0.0,0.0,23,2,0,0
2021-01-13 23:12:00,0.0,0.0,0.0,0.0,23,2,0,0
2021-01-13 23:13:00,0.0,0.0,0.0,0.0,23,2,0,0
2021-01-13 23:14:00,0.0,0.0,0.0,0.0,23,2,0,0
2021-01-13 23:15:00,0.0,0.0,0.0,0.0,23,2,0,0
2021-01-13 23:16:00,0.0,0.0,0.0,0.0,23,2,0,0
2021-01-13 23:17:00,0.0,0.0,0.0,0.0,23,2,0,0
2021-01-13 23:18:00,0.0,0.0,0.0,0.0,23,2,0,0
2021-01-13 23:19:00,0.0,0.0,0.0,0.0,23,2,0,0
2021-01-13 23:20:00,0.0,0.0,0.0,0.0,23,2,0,0
2021-01-13 23:21:00,0.0,0.0,0.0,0.0,23,2,0,0
2021-01-13 23:22:00,0.0,0.0,0.0,0.0,23,2,0,0
2021-01-13 23:23:00,0.0,0.0,0.0,0.0,23,2,0,0
2021-01-13 23:24:00,1.0,0.234,0.0,1.0,23,2,0,0
2021-01-13 23:25:00,3.0,0.21433333333333335,0.0865582655402321,0.0,23,2,0,0
2021-01-13 23:26:00,2.0,0.257,0.01131370849898477,0.0,23,2,0,0
2021-01-13 23:27:00,4.0,0.133,0.08,0.0,23,2,0,0
2021-01-13 23:28:00,1.0,0.093,0.0,0.0,23,2,0,0
2021-01-13 23:29:00,2.0,0.2015,0.09121677477306463,0.0,23,2,0,0
2021-01-13 23:30:00,3.0,0.09333333333333334,0.01550268793897798,0.0,23,2,0,0
2021-01-13 23:31:00,3.0,0.14966666666666667,0.09988660237155599,0.0,23,2,0,0
2021-01-13 23:32:00,3.0,0.14533333333333334,0.039272551907577044,0.0,23,2,0,0
2021-01-13 23:33:00,1.0,0.109,0.0,0.0,23,2,0,0
2021-01-13 23:34:00,2.0,0.1165,0.03323401871576774,0.0,23,2,0,0
2021-01-13 23:35:00,0.0,0.0,0.0,0.0,23,2,0,0
2021-01-13 23:36:00,0.0,0.0,0.0,0.0,23,2,0,0
2021-01-13 23:37:00,0.0,0.0,0.0,0.0,23,2,0,0
2021-01-13 23:38:00,1.0,0.156,0.0,0.0,23,2,0,0
2021-01-13 23:39:00,2.0,0.187,0.13293607486307096,0.0,23,2,0,0
2021-01-13 23:40:00,5.0,0.1474,0.05280435588093088,0.0,23,2,0,0
2021-01-13 23:41:00,4.0,0.15150000000000002,0.05570457790882182,0.0,23,2,0,0
2021-01-13 23:42:00,1.0,0.078,0.0,0.0,23,2,0,0
2021-01-13 23:43:00,1.0,0.156,0.0,0.0,23,2,0,0
2021-01-13 23:44:00,0.0,0.0,0.0,0.0,23,2,0,0
2021-01-13 23:45:00,2.0,0.1715,0.044547727214752496,0.0,23,2,0,0
2021-01-13 23:46:00,1.0,0.187,0.0,0.0,23,2,0,0
2021-01-13 23:47:00,1.0,0.171,0.0,0.0,23,2,0,0
2021-01-13 23:48:00,1.0,0.125,0.0,0.0,23,2,0,0
2021-01-13 23:49:00,1.0,0.203,0.0,0.0,23,2,0,0
2021-01-13 23:50:00,3.0,0.16399999999999998,0.11484337159801604,0.0,23,2,0,0
2021-01-13 23:51:00,1.0,0.109,0.0,0.0,23,2,0,0
2021-01-13 23:52:00,4.0,0.1245,0.042343830719480266,0.0,23,2,0,0
2021-01-13 23:53:00,3.0,0.09766666666666667,0.008082903768654759,0.0,23,2,0,0
2021-01-13 23:54:00,0.0,0.0,0.0,0.0,23,2,0,0
2021-01-13 23:55:00,2.0,0.10250000000000001,0.0134350288425444,0.0,23,2,0,0
2021-01-13 23:56:00,2.0,0.11699999999999999,0.011313708498984765,0.0,23,2,0,0
2021-01-13 23:57:00,2.0,0.1245,0.021920310216782986,0.0,23,2,0,0
2021-01-13 23:58:00,3.0,0.15066666666666667,0.04789919971495697,0.0,23,2,0,0
2021-01-13 23:59:00,1.0,0.218,0.0,0.0,23,2,0,0
2021-01-14 00:00:00,1.0,0.328,0.0,0.0,0,3,0,0
2021-01-14 00:01:00,4.0,0.1635,0.11039474625180314,0.0,0,3,0,0
2021-01-14 00:02:00,3.0,0.09833333333333333,0.009237604307034013,0.0,0,3,0,0
2021-01-14 00:03:00,1.0,0.093,0.0,0.0,0,3,0,0
2021-01-14 00:04:00,2.0,0.202,0.06505382386916236,0.0,0,3,0,0
2021-01-14 00:05:00,3.0,0.12533333333333332,0.02804163571073082,0.0,0,3,0,0
2021-01-14 00:06:00,3.0,0.141,0.042332020977033445,0.0,0,3,0,0
2021-01-14 00:07:00,1.0,0.128,0.0,0.0,0,3,0,0
2021-01-14 00:08:00,1.0,0.187,0.0,0.0,0,3,0,0
2021-01-14 00:09:00,3.0,0.111,0.028687976575562102,0.0,0,3,0,0
2021-01-14 00:10:00,2.0,0.109,0.0,0.0,0,3,0,0
2021-01-14 00:11:00,1.0,0.077,0.0,0.0,0,3,0,0
2021-01-14 00:12:00,2.0,0.109,0.0,0.0,0,3,0,0
2021-01-14 00:13:00,1.0,0.079,0.0,0.0,0,3,0,0
2021-01-14 00:14:00,2.0,0.11649999999999999,0.010606601717798208,0.0,0,3,0,0
2021-01-14 00:15:00,1.0,0.109,0.0,0.0,0,3,0,0
2021-01-14 00:16:00,2.0,0.1205,0.01626345596729059,0.0,0,3,0,0
2021-01-14 00:17:00,1.0,0.116,0.0,0.0,0,3,0,0
2021-01-14 00:18:00,0.0,0.0,0.0,0.0,0,3,0,0
2021-01-14 00:19:00,2.0,0.1245,0.021920310216782986,0.0,0,3,0,0
2021-01-14 00:20:00,2.0,0.0935,0.021920310216782972,0.0,0,3,0,0
2021-01-14 00:21:00,1.0,0.093,0.0,0.0,0,3,0,0
2021-01-14 00:22:00,2.0,0.11,0.0014142135623730963,0.0,0,3,0,0
2021-01-14 00:23:00,3.0,0.14533333333333334,0.0772031950979578,0.0,0,3,0,0
2021-01-14 00:24:00,1.0,0.171,0.0,0.0,0,3,0,0
2021-01-14 00:25:00,1.0,0.328,0.0,0.0,0,3,0,0
2021-01-14 00:26:00,3.0,0.19233333333333336,0.12164017976529522,0.0,0,3,0,0
2021-01-14 00:27:00,0.0,0.0,0.0,0.0,0,3,0,0
2021-01-14 00:28:00,1.0,0.093,0.0,0.0,0,3,0,0
2021-01-14 00:29:00,1.0,0.109,0.0,0.0,0,3,0,0
2021-01-14 00:30:00,2.0,0.11699999999999999,0.011313708498984765,0.0,0,3,0,0
2021-01-14 00:31:00,1.0,0.109,0.0,0.0,0,3,0,0
2021-01-14 00:32:00,2.0,0.109,0.0,0.0,0,3,0,0
2021-01-14 00:33:00,0.0,0.0,0.0,0.0,0,3,0,0
2021-01-14 00:34:00,1.0,0.093,0.0,0.0,0,3,0,0
2021-01-14 00:35:00,3.0,0.08800000000000001,0.008660254037844385,0.0,0,3,0,0
2021-01-14 00:36:00,0.0,0.0,0.0,0.0,0,3,0,0
2021-01-14 00:37:00,3.0,0.2293333333333333,0.23613626009855695,0.0,0,3,0,0
2021-01-14 00:38:00,2.0,0.093,0.0,0.0,0,3,0,0
2021-01-14 00:39:00,1.0,0.267,0.0,0.0,0,3,0,0
2021-01-14 00:40:00,1.0,0.156,0.0,0.0,0,3,0,0
2021-01-14 00:41:00,2.0,0.1165,0.03323401871576774,0.0,0,3,0,0
2021-01-14 00:42:00,2.0,0.11699999999999999,0.011313708498984765,0.0,0,3,0,0
2021-01-14 00:43:00,2.0,0.1005,0.034648232278140824,0.0,0,3,0,0
2021-01-14 00:44:00,0.0,0.0,0.0,0.0,0,3,0,0
2021-01-14 00:45:00,4.0,0.1235,0.05429241813243049,0.0,0,3,0,0
2021-01-14 00:46:00,4.0,0.13575,0.05350623016683821,0.0,0,3,0,0
2021-01-14 00:47:00,1.0,0.25,0.0,0.0,0,3,0,0
2021-01-14 00:48:00,1.0,0.078,0.0,0.0,0,3,0,0
2021-01-14 00:49:00,1.0,0.14,0.0,0.0,0,3,0,0
2021-01-14 00:50:00,1.0,0.109,0.0,0.0,0,3,0,0
2021-01-14 00:51:00,0.0,0.0,0.0,0.0,0,3,0,0
2021-01-14 00:52:00,1.0,0.125,0.0,0.0,0,3,0,0
2021-01-14 00:53:00,2.0,0.1085,0.021920310216782972,0.0,0,3,0,0
2021-01-14 00:54:00,1.0,0.109,0.0,0.0,0,3,0,0
2021-01-14 00:55:00,2.0,0.08549999999999999,0.010606601717798217,0.0,0,3,0,0
2021-01-14 00:56:00,3.0,0.11433333333333333,0.03927255190757705,0.0,0,3,0,0
2021-01-14 00:57:00,1.0,0.109,0.0,0.0,0,3,0,0
2021-01-14 00:58:00,1.0,0.093,0.0,0.0,0,3,0,0
2021-01-14 00:59:00,1.0,0.125,0.0,0.0,0,3,0,0
2021-01-14 01:00:00,1.0,0.109,0.0,0.0,1,3,0,0
2021-01-14 01:01:00,3.0,0.10733333333333334,0.015631165450257802,0.0,1,3,0,0
2021-01-14 01:02:00,1.0,0.109,0.0,0.0,1,3,0,0
2021-01-14 01:03:00,2.0,0.101,0.011313708498984755,0.0,1,3,0,0
2021-01-14 01:04:00,1.0,0.125,0.0,0.0,1,3,0,0
2021-01-14 01:05:00,2.0,0.1085,0.021920310216782972,0.0,1,3,0,0
2021-01-14 01:06:00,1.0,0.093,0.0,0.0,1,3,0,0
2021-01-14 01:07:00,1.0,0.687,0.0,0.0,1,3,0,0
2021-01-14 01:08:00,2.0,0.11649999999999999,0.012020815280171314,0.0,1,3,0,0
2021-01-14 01:09:00,1.0,0.125,0.0,0.0,1,3,0,0
2021-01-14 01:10:00,0.0,0.0,0.0,0.0,1,3,0,0
2021-01-14 01:11:00,3.0,0.1366666666666667,0.021197484127446202,0.0,1,3,0,0
2021-01-14 01:12:00,2.0,0.14800000000000002,0.01131370849898476,0.0,1,3,0,0
2021-01-14 01:13:00,3.0,0.12466666666666666,0.027135462651912415,0.0,1,3,0,0
2021-01-14 01:14:00,4.0,0.11675,0.015500000000000007,0.0,1,3,0,0
2021-01-14 01:15:00,2.0,0.1905,0.11525840533340725,0.0,1,3,0,0
2021-01-14 01:16:00,1.0,0.484,0.0,0.0,1,3,0,0
2021-01-14 01:17:00,1.0,0.109,0.0,0.0,1,3,0,0
2021-01-14 01:18:00,0.0,0.0,0.0,0.0,1,3,0,0
2021-01-14 01:19:00,2.0,0.101,0.011313708498984755,0.0,1,3,0,0
2021-01-14 01:20:00,0.0,0.0,0.0,0.0,1,3,0,0
2021-01-14 01:21:00,1.0,0.109,0.0,0.0,1,3,0,0
2021-01-14 01:22:00,0.0,0.0,0.0,0.0,1,3,0,0
2021-01-14 01:23:00,0.0,0.0,0.0,0.0,1,3,0,0
2021-01-14 01:24:00,1.0,0.14,0.0,0.0,1,3,0,0
2021-01-14 01:25:00,3.0,0.121,0.010583005244258361,0.0,1,3,0,0
2021-01-14 01:26:00,0.0,0.0,0.0,0.0,1,3,0,0
2021-01-14 01:27:00,5.0,0.1306,0.0424535039778815,0.0,1,3,0,0
2021-01-14 01:28:00,0.0,0.0,0.0,0.0,1,3,0,0
2021-01-14 01:29:00,2.0,0.122,0.0028284271247461927,0.0,1,3,0,0
2021-01-14 01:30:00,2.0,0.1405,0.02192031021678296,0.0,1,3,0,0
2021-01-14 01:31:00,1.0,0.109,0.0,0.0,1,3,0,0
2021-01-14 01:32:00,0.0,0.0,0.0,0.0,1,3,0,0
2021-01-14 01:33:00,2.0,0.10250000000000001,0.009192388155425122,0.0,1,3,0,0
2021-01-14 01:34:00,0.0,0.0,0.0,0.0,1,3,0,0
2021-01-14 01:35:00,1.0,0.274,0.0,0.0,1,3,0,0
2021-01-14 01:36:00,0.0,0.0,0.0,0.0,1,3,0,0
2021-01-14 01:37:00,1.0,0.124,0.0,0.0,1,3,0,0
2021-01-14 01:38:00,2.0,0.156,0.06646803743153547,0.0,1,3,0,0
2021-01-14 01:39:00,1.0,0.14,0.0,0.0,1,3,0,0
2021-01-14 01:40:00,1.0,0.156,0.0,0.0,1,3,0,0
2021-01-14 01:41:00,1.0,0.156,0.0,0.0,1,3,0,0
2021-01-14 01:42:00,1.0,0.109,0.0,0.0,1,3,0,0
2021-01-14 01:43:00,2.0,0.1635,0.055861435713737265,0.0,1,3,0,0
2021-01-14 01:44:00,2.0,0.18,0.10040916292848977,0.0,1,3,0,0
2021-01-14 01:45:00,3.0,0.11933333333333333,0.01789785834487841,0.0,1,3,0,0
2021-01-14 01:46:00,1.0,0.14,0.0,0.0,1,3,0,0
2021-01-14 01:47:00,0.0,0.0,0.0,0.0,1,3,0,0
2021-01-14 01:48:00,1.0,0.124,0.0,0.0,1,3,0,0
2021-01-14 01:49:00,1.0,0.112,0.0,0.0,1,3,0,0
2021-01-14 01:50:00,1.0,0.187,0.0,0.0,1,3,0,0
2021-01-14 01:51:00,1.0,0.109,0.0,0.0,1,3,0,0
2021-01-14 01:52:00,3.0,0.10333333333333333,0.0178978583448784,0.0,1,3,0,0
2021-01-14 01:53:00,2.0,0.11699999999999999,0.011313708498984765,0.0,1,3,0,0
2021-01-14 01:54:00,1.0,0.125,0.0,0.0,1,3,0,0
2021-01-14 01:55:00,4.0,0.1245,0.03796928583298174,0.0,1,3,0,0
2021-01-14 01:56:00,4.0,0.12825,0.03213902093509799,0.0,1,3,0,0
2021-01-14 01:57:00,2.0,0.20249999999999999,0.13222896808188436,0.0,1,3,0,0
2021-01-14 01:58:00,1.0,0.218,0.0,0.0,1,3,0,0
2021-01-14 01:59:00,1.0,0.124,0.0,0.0,1,3,0,0
2021-01-14 02:00:00,2.0,0.149,0.0565685424949238,0.0,2,3,0,0
2021-01-14 02:01:00,3.0,0.135,0.008660254037844393,0.0,2,3,0,0
2021-01-14 02:02:00,1.0,0.114,0.0,0.0,2,3,0,0
2021-01-14 02:03:00,4.0,0.13275,0.03612363030852058,0.0,2,3,0,0
2021-01-14 02:04:00,3.0,0.12466666666666666,0.015502687938977994,0.0,2,3,0,0
2021-01-14 02:05:00,3.0,0.11433333333333333,0.009237604307034008,0.0,2,3,0,0
2021-01-14 02:06:00,2.0,0.124,0.0,0.0,2,3,0,0
2021-01-14 02:07:00,3.0,0.13033333333333333,0.008386497083606089,0.0,2,3,0,0
2021-01-14 02:08:00,2.0,0.1165,0.03323401871576774,0.0,2,3,0,0
2021-01-14 02:09:00,3.0,0.11499999999999999,0.010392304845413263,0.0,2,3,0,0
2021-01-14 02:10:00,0.0,0.0,0.0,0.0,2,3,0,0
2021-01-14 02:11:00,2.0,0.109,0.0,0.0,2,3,0,0
2021-01-14 02:12:00,2.0,0.1085,0.0007071067811865482,0.0,2,3,0,0
2021-01-14 02:13:00,2.0,0.0995,0.009192388155425111,0.0,2,3,0,0
2021-01-14 02:14:00,2.0,0.101,0.011313708498984755,0.0,2,3,0,0
2021-01-14 02:15:00,0.0,0.0,0.0,0.0,2,3,0,0
2021-01-14 02:16:00,2.0,0.1085,0.021920310216782972,0.0,2,3,0,0
2021-01-14 02:17:00,1.0,0.171,0.0,0.0,2,3,0,0
2021-01-14 02:18:00,0.0,0.0,0.0,0.0,2,3,0,0
2021-01-14 02:19:00,1.0,0.109,0.0,0.0,2,3,0,0
2021-01-14 02:20:00,1.0,0.249,0.0,0.0,2,3,0,0
2021-01-14 02:21:00,1.0,0.109,0.0,0.0,2,3,0,0
2021-01-14 02:22:00,3.0,0.11699999999999999,0.028844410203711902,0.0,2,3,0,0
2021-01-14 02:23:00,0.0,0.0,0.0,0.0,2,3,0,0
2021-01-14 02:24:00,1.0,0.109,0.0,0.0,2,3,0,0
2021-01-14 02:25:00,1.0,0.281,0.0,0.0,2,3,0,0
2021-01-14 02:26:00,1.0,0.124,0.0,0.0,2,3,0,0
2021-01-14 02:27:00,2.0,0.109,0.02262741699796952,0.0,2,3,0,0
2021-01-14 02:28:00,2.0,0.2965,0.24253762594698583,0.0,2,3,0,0
2021-01-14 02:29:00,2.0,0.109,0.0,0.0,2,3,0,0
2021-01-14 02:30:00,1.0,0.109,0.0,0.0,2,3,0,0
2021-01-14 02:31:00,1.0,0.14,0.0,0.0,2,3,0,0
2021-01-14 02:32:00,0.0,0.0,0.0,0.0,2,3,0,0
2021-01-14 02:33:00,0.0,0.0,0.0,0.0,2,3,0,0
2021-01-14 02:34:00,1.0,0.234,0.0,0.0,2,3,0,0
2021-01-14 02:35:00,0.0,0.0,0.0,0.0,2,3,0,0
2021-01-14 02:36:00,1.0,0.109,0.0,0.0,2,3,0,0
2021-01-14 02:37:00,1.0,0.109,0.0,0.0,2,3,0,0
2021-01-14 02:38:00,2.0,0.1325,0.01202081528017129,0.0,2,3,0,0
2021-01-14 02:39:00,1.0,0.218,0.0,0.0,2,3,0,0
2021-01-14 02:40:00,0.0,0.0,0.0,0.0,2,3,0,0
2021-01-14 02:41:00,2.0,0.14800000000000002,0.01131370849898476,0.0,2,3,0,0
2021-01-14 02:42:00,2.0,0.1245,0.02192031021678298,0.0,2,3,0,0
2021-01-14 02:43:00,1.0,0.109,0.0,0.0,2,3,0,0
2021-01-14 02:44:00,0.0,0.0,0.0,0.0,2,3,0,0
2021-01-14 02:45:00,3.0,0.12433333333333334,0.04119870548128101,0.0,2,3,0,0
2021-01-14 02:46:00,2.0,0.1245,0.0007071067811865482,0.0,2,3,0,0
2021-01-14 02:47:00,0.0,0.0,0.0,0.0,2,3,0,0
2021-01-14 02:48:00,4.0,0.12275,0.016132265804901687,0.0,2,3,0,0
2021-01-14 02:49:00,1.0,0.109,0.0,0.0,2,3,0,0
2021-01-14 02:50:00,1.0,0.109,0.0,0.0,2,3,0,0
2021-01-14 02:51:00,1.0,0.203,0.0,0.0,2,3,0,0
2021-01-14 02:52:00,1.0,0.097,0.0,0.0,2,3,0,0
2021-01-14 02:53:00,0.0,0.0,0.0,0.0,2,3,0,0
2021-01-14 02:54:00,0.0,0.0,0.0,0.0,2,3,0,0
2021-01-14 02:55:00,0.0,0.0,0.0,0.0,2,3,0,0
2021-01-14 02:56:00,2.0,0.1555,0.044547727214752496,0.0,2,3,0,0
2021-01-14 02:57:00,2.0,0.13,0.03535533905932738,0.0,2,3,0,0
2021-01-14 02:58:00,0.0,0.0,0.0,0.0,2,3,0,0
2021-01-14 02:59:00,0.0,0.0,0.0,0.0,2,3,0,0
2021-01-14 03:00:00,0.0,0.0,0.0,0.0,3,3,0,0
2021-01-14 03:01:00,0.0,0.0,0.0,0.0,3,3,0,0
2021-01-14 03:02:00,2.0,0.1245,0.021920310216782986,0.0,3,3,0,0
2021-01-14 03:03:00,2.0,0.126,0.0028284271247461927,0.0,3,3,0,0
2021-01-14 03:04:00,0.0,0.0,0.0,0.0,3,3,0,0
2021-01-14 03:05:00,0.0,0.0,0.0,0.0,3,3,0,0
2021-01-14 03:06:00,0.0,0.0,0.0,0.0,3,3,0,0
2021-01-14 03:07:00,0.0,0.0,0.0,0.0,3,3,0,0
2021-01-14 03:08:00,0.0,0.0,0.0,0.0,3,3,0,0
2021-01-14 03:09:00,0.0,0.0,0.0,0.0,3,3,0,0
2021-01-14 03:10:00,1.0,0.125,0.0,0.0,3,3,0,0
2021-01-14 03:11:00,0.0,0.0,0.0,0.0,3,3,0,0
2021-01-14 03:12:00,0.0,0.0,0.0,0.0,3,3,0,0
2021-01-14 03:13:00,0.0,0.0,0.0,0.0,3,3,0,0
2021-01-14 03:14:00,1.0,0.093,0.0,0.0,3,3,0,0
2021-01-14 03:15:00,4.0,0.1635,0.06427285585688565,0.0,3,3,0,0
2021-01-14 03:16:00,3.0,0.13233333333333333,0.021733231083604053,0.0,3,3,0,0
2021-01-14 03:17:00,3.0,0.15533333333333332,0.08258530942808977,0.0,3,3,0,0
2021-01-14 03:18:00,3.0,0.11399999999999999,0.008660254037844387,0.0,3,3,0,0
2021-01-14 03:19:00,4.0,0.13225,0.02968024034044649,0.0,3,3,0,0
2021-01-14 03:20:00,5.0,0.1214,0.016979399282660155,0.0,3,3,0,0
2021-01-14 03:21:00,6.0,0.15716666666666665,0.07800619633507755,0.0,3,3,0,0
2021-01-14 03:22:00,6.0,0.11683333333333334,0.008588752334691382,0.0,3,3,0,0
2021-01-14 03:23:00,7.0,0.13185714285714287,0.03136042395243073,0.0,3,3,0,0
2021-01-14 03:24:00,7.0,0.11114285714285714,0.014241120876164337,0.0,3,3,0,0
2021-01-14 03:25:00,11.0,0.12400000000000001,0.03142610379923035,0.0,3,3,0,0
2021-01-14 03:26:00,8.0,0.122875,0.041260280104305096,0.0,3,3,0,0
2021-01-14 03:27:00,7.0,0.11971428571428573,0.027735141882422296,0.0,3,3,0,0
2021-01-14 03:28:00,7.0,0.16,0.0685516836651977,0.0,3,3,0,0
2021-01-14 03:29:00,6.0,0.109,0.0,0.0,3,3,0,0
2021-01-14 03:30:00,6.0,0.11683333333333333,0.008588752334691382,0.0,3,3,0,0
2021-01-14 03:31:00,2.0,0.109,0.0,0.0,3,3,0,0
2021-01-14 03:32:00,2.0,0.124,0.043840620433565944,0.0,3,3,0,0
2021-01-14 03:33:00,7.0,0.13042857142857142,0.06730987332939388,0.0,3,3,0,0
2021-01-14 03:34:00,7.0,0.109,0.009237604307034011,0.0,3,3,0,0
2021-01-14 03:35:00,7.0,0.12771428571428572,0.023879658608072587,0.0,3,3,0,0
2021-01-14 03:36:00,8.0,0.12512500000000001,0.028762264464795836,0.0,3,3,0,0
2021-01-14 03:37:00,5.0,0.1182,0.018198901065723718,0.0,3,3,0,0
2021-01-14 03:38:00,7.0,0.11114285714285714,0.01697477119559663,0.0,3,3,0,0
2021-01-14 03:39:00,7.0,0.1362857142857143,0.03129278024142463,0.0,3,3,0,0
2021-01-14 03:40:00,7.0,0.14114285714285715,0.0744164600327745,0.0,3,3,0,0
2021-01-14 03:41:00,6.0,0.10633333333333334,0.012044362443345297,0.0,3,3,0,0
2021-01-14 03:42:00,6.0,0.14983333333333335,0.05508327029749293,0.0,3,3,0,0
2021-01-14 03:43:00,5.0,0.1266,0.03118974190338868,0.0,3,3,0,0
2021-01-14 03:44:00,6.0,0.1245,0.031200961523645394,0.0,3,3,0,0
2021-01-14 03:45:00,5.0,0.1216,0.013649175799292784,0.0,3,3,0,0
2021-01-14 03:46:00,5.0,0.1268,0.03457166469813104,0.0,3,3,0,0
2021-01-14 03:47:00,7.0,0.12457142857142857,0.01567223811773697,0.0,3,3,0,0
2021-01-14 03:48:00,4.0,0.10525,0.008180260794538683,0.0,3,3,0,0
2021-01-14 03:49:00,7.0,0.11157142857142857,0.01458146246502893,0.0,3,3,0,0
2021-01-14 03:50:00,2.0,0.1245,0.021920310216782986,0.0,3,3,0,0
2021-01-14 03:51:00,2.0,0.1245,0.02192031021678298,0.0,3,3,0,0
2021-01-14 03:52:00,1.0,0.108,0.0,0.0,3,3,0,0
2021-01-14 03:53:00,3.0,0.14533333333333334,0.06293117934166921,0.0,3,3,0,0
2021-01-14 03:54:00,2.0,0.1405,0.021920310216782982,0.0,3,3,0,0
2021-01-14 03:55:00,2.0,0.11699999999999999,0.011313708498984755,0.0,3,3,0,0
2021-01-14 03:56:00,0.0,0.0,0.0,0.0,3,3,0,0
2021-01-14 03:57:00,2.0,0.11399999999999999,0.015556349186104044,0.0,3,3,0,0
2021-01-14 03:58:00,0.0,0.0,0.0,0.0,3,3,0,0
2021-01-14 03:59:00,1.0,0.109,0.0,0.0,3,3,0,0
2021-01-14 04:00:00,1.0,0.124,0.0,0.0,4,3,0,0
2021-01-14 04:01:00,1.0,0.125,0.0,0.0,4,3,0,0
2021-01-14 04:02:00,2.0,0.11499999999999999,0.008485281374238563,0.0,4,3,0,0
2021-01-14 04:03:00,3.0,0.11433333333333333,0.009237604307034014,0.0,4,3,0,0
2021-01-14 04:04:00,1.0,0.14,0.0,0.0,4,3,0,0
2021-01-14 04:05:00,0.0,0.0,0.0,0.0,4,3,0,0
2021-01-14 04:06:00,0.0,0.0,0.0,0.0,4,3,0,0
2021-01-14 04:07:00,1.0,0.109,0.0,0.0,4,3,0,0
2021-01-14 04:08:00,1.0,0.109,0.0,0.0,4,3,0,0
2021-01-14 04:09:00,2.0,0.11699999999999999,0.011313708498984765,0.0,4,3,0,0
2021-01-14 04:10:00,2.0,0.132,0.01131370849898477,0.0,4,3,0,0
2021-01-14 04:11:00,1.0,0.109,0.0,0.0,4,3,0,0
2021-01-14 04:12:00,1.0,0.113,0.0,0.0,4,3,0,0
2021-01-14 04:13:00,0.0,0.0,0.0,0.0,4,3,0,0
2021-01-14 04:14:00,2.0,0.14750000000000002,0.033234018715767755,0.0,4,3,0,0
2021-01-14 04:15:00,4.0,0.10825,0.012685293322058682,0.0,4,3,0,0
2021-01-14 04:16:00,3.0,0.12633333333333333,0.015821925715074434,0.0,4,3,0,0
2021-01-14 04:17:00,0.0,0.0,0.0,0.0,4,3,0,0
2021-01-14 04:18:00,2.0,0.1325,0.010606601717798222,0.0,4,3,0,0
2021-01-14 04:19:00,0.0,0.0,0.0,0.0,4,3,0,0
2021-01-14 04:20:00,3.0,0.10833333333333334,0.016010413278030437,0.0,4,3,0,0
2021-01-14 04:21:00,0.0,0.0,0.0,0.0,4,3,0,0
2021-01-14 04:22:00,0.0,0.0,0.0,0.0,4,3,0,0
2021-01-14 04:23:00,0.0,0.0,0.0,0.0,4,3,0,0
2021-01-14 04:24:00,1.0,0.25,0.0,0.0,4,3,0,0
2021-01-14 04:25:00,1.0,0.093,0.0,0.0,4,3,0,0
2021-01-14 04:26:00,3.0,0.10366666666666667,0.009237604307034014,0.0,4,3,0,0
2021-01-14 04:27:00,2.0,0.0785,0.0007071067811865482,0.0,4,3,0,0
2021-01-14 04:28:00,2.0,0.14800000000000002,0.0325269119345812,0.0,4,3,0,0
2021-01-14 04:29:00,2.0,0.08549999999999999,0.010606601717798208,0.0,4,3,0,0
2021-01-14 04:30:00,1.0,0.093,0.0,0.0,4,3,0,0
2021-01-14 04:31:00,1.0,0.098,0.0,0.0,4,3,0,0
2021-01-14 04:32:00,1.0,0.109,0.0,0.0,4,3,0,0
2021-01-14 04:33:00,0.0,0.0,0.0,0.0,4,3,0,0
2021-01-14 04:34:00,2.0,0.08549999999999999,0.010606601717798208,0.0,4,3,0,0
2021-01-14 04:35:00,1.0,0.091,0.0,0.0,4,3,0,0
2021-01-14 04:36:00,0.0,0.0,0.0,0.0,4,3,0,0
2021-01-14 04:37:00,1.0,0.08,0.0,0.0,4,3,0,0
2021-01-14 04:38:00,2.0,0.1635,0.010606601717798222,0.0,4,3,0,0
2021-01-14 04:39:00,1.0,0.124,0.0,0.0,4,3,0,0
2021-01-14 04:40:00,0.0,0.0,0.0,0.0,4,3,0,0
2021-01-14 04:41:00,1.0,0.078,0.0,0.0,4,3,0,0
2021-01-14 04:42:00,4.0,0.09325,0.012658988901172166,0.0,4,3,0,0
2021-01-14 04:43:00,2.0,0.093,0.0,0.0,4,3,0,0
2021-01-14 04:44:00,0.0,0.0,0.0,0.0,4,3,0,0
2021-01-14 04:45:00,1.0,0.078,0.0,0.0,4,3,0,0
2021-01-14 04:46:00,1.0,0.125,0.0,0.0,4,3,0,0
2021-01-14 04:47:00,0.0,0.0,0.0,0.0,4,3,0,0
2021-01-14 04:48:00,1.0,0.25,0.0,0.0,4,3,0,0
2021-01-14 04:49:00,0.0,0.0,0.0,0.0,4,3,0,0
2021-01-14 04:50:00,1.0,0.078,0.0,0.0,4,3,0,0
2021-01-14 04:51:00,0.0,0.0,0.0,0.0,4,3,0,0
2021-01-14 04:52:00,2.0,0.08549999999999999,0.010606601717798208,0.0,4,3,0,0
2021-01-14 04:53:00,2.0,0.1165,0.03323401871576774,0.0,4,3,0,0
2021-01-14 04:54:00,1.0,0.093,0.0,0.0,4,3,0,0
2021-01-14 04:55:00,0.0,0.0,0.0,0.0,4,3,0,0
2021-01-14 04:56:00,1.0,0.093,0.0,0.0,4,3,0,0
2021-01-14 04:57:00,1.0,0.156,0.0,0.0,4,3,0,0
2021-01-14 04:58:00,1.0,0.071,0.0,0.0,4,3,0,0
2021-01-14 04:59:00,1.0,0.093,0.0,0.0,4,3,0,0
2021-01-14 05:00:00,1.0,0.14,0.0,0.0,5,3,0,0
2021-01-14 05:01:00,3.0,0.151,0.08697125962063561,0.0,5,3,0,0
2021-01-14 05:02:00,1.0,0.171,0.0,0.0,5,3,0,0
2021-01-14 05:03:00,1.0,0.14,0.0,0.0,5,3,0,0
2021-01-14 05:04:00,1.0,0.156,0.0,0.0,5,3,0,0
2021-01-14 05:05:00,1.0,0.078,0.0,0.0,5,3,0,0
2021-01-14 05:06:00,2.0,0.101,0.011313708498984765,0.0,5,3,0,0
2021-01-14 05:07:00,1.0,0.093,0.0,0.0,5,3,0,0
2021-01-14 05:08:00,1.0,0.14,0.0,0.0,5,3,0,0
2021-01-14 05:09:00,4.0,0.12875,0.03033562262423502,0.0,5,3,0,0
2021-01-14 05:10:00,2.0,0.151,0.032526911934581175,0.0,5,3,0,0
2021-01-14 05:11:00,1.0,0.109,0.0,0.0,5,3,0,0
2021-01-14 05:12:00,3.0,0.07766666666666666,0.0005773502691896273,0.0,5,3,0,0
2021-01-14 05:13:00,3.0,0.114,0.04992995093127972,0.0,5,3,0,0
2021-01-14 05:14:00,1.0,0.109,0.0,0.0,5,3,0,0
2021-01-14 05:15:00,2.0,0.2795,0.156270598642227,0.0,5,3,0,0
2021-01-14 05:16:00,1.0,0.109,0.0,0.0,5,3,0,0
2021-01-14 05:17:00,2.0,0.08549999999999999,0.010606601717798217,0.0,5,3,0,0
2021-01-14 05:18:00,3.0,0.118,0.04912229636326055,0.0,5,3,0,0
2021-01-14 05:19:00,2.0,0.10750000000000001,0.04171930009000631,0.0,5,3,0,0
2021-01-14 05:20:00,1.0,0.109,0.0,0.0,5,3,0,0
2021-01-14 05:21:00,3.0,0.11433333333333333,0.018475208614068026,0.0,5,3,0,0
2021-01-14 05:22:00,2.0,0.0935,0.0007071067811865482,0.0,5,3,0,0
2021-01-14 05:23:00,1.0,0.085,0.0,0.0,5,3,0,0
2021-01-14 05:24:00,1.0,0.078,0.0,0.0,5,3,0,0
2021-01-14 05:25:00,1.0,0.087,0.0,0.0,5,3,0,0
2021-01-14 05:26:00,2.0,0.101,0.011313708498984765,0.0,5,3,0,0
2021-01-14 05:27:00,0.0,0.0,0.0,0.0,5,3,0,0
2021-01-14 05:28:00,0.0,0.0,0.0,0.0,5,3,0,0
2021-01-14 05:29:00,1.0,0.109,0.0,0.0,5,3,0,0
2021-01-14 05:30:00,1.0,0.14,0.0,0.0,5,3,0,0
2021-01-14 05:31:00,0.0,0.0,0.0,0.0,5,3,0,0
2021-01-14 05:32:00,1.0,0.093,0.0,0.0,5,3,0,0
2021-01-14 05:33:00,2.0,0.10350000000000001,0.02899137802864845,0.0,5,3,0,0
2021-01-14 05:34:00,1.0,0.162,0.0,0.0,5,3,0,0
2021-01-14 05:35:00,2.0,0.093,0.0,0.0,5,3,0,0
2021-01-14 05:36:00,0.0,0.0,0.0,0.0,5,3,0,0
2021-01-14 05:37:00,0.0,0.0,0.0,0.0,5,3,0,0
2021-01-14 05:38:00,1.0,0.093,0.0,0.0,5,3,0,0
2021-01-14 05:39:00,1.0,0.078,0.0,0.0,5,3,0,0
2021-01-14 05:40:00,0.0,0.0,0.0,0.0,5,3,0,0
2021-01-14 05:41:00,0.0,0.0,0.0,0.0,5,3,0,0
2021-01-14 05:42:00,0.0,0.0,0.0,0.0,5,3,0,0
2021-01-14 05:43:00,2.0,0.1085,0.021920310216782972,0.0,5,3,0,0
2021-01-14 05:44:00,0.0,0.0,0.0,0.0,5,3,0,0
2021-01-14 05:45:00,1.0,0.078,0.0,0.0,5,3,0,0
2021-01-14 05:46:00,2.0,0.0935,0.02333452377915607,0.0,5,3,0,0
2021-01-14 05:47:00,2.0,0.101,0.011313708498984755,0.0,5,3,0,0
2021-01-14 05:48:00,1.0,0.078,0.0,0.0,5,3,0,0
2021-01-14 05:49:00,2.0,0.172,0.1117228714274745,0.0,5,3,0,0
2021-01-14 05:50:00,0.0,0.0,0.0,0.0,5,3,0,0
2021-01-14 05:51:00,1.0,0.124,0.0,0.0,5,3,0,0
2021-01-14 05:52:00,1.0,0.092,0.0,0.0,5,3,0,0
2021-01-14 05:53:00,0.0,0.0,0.0,0.0,5,3,0,0
2021-01-14 05:54:00,2.0,0.08549999999999999,0.010606601717798217,0.0,5,3,0,0
2021-01-14 05:55:00,2.0,0.0955,0.01909188309203678,0.0,5,3,0,0
2021-01-14 05:56:00,1.0,0.093,0.0,0.0,5,3,0,0
2021-01-14 05:57:00,1.0,0.086,0.0,0.0,5,3,0,0
2021-01-14 05:58:00,0.0,0.0,0.0,0.0,5,3,0,0
2021-01-14 05:59:00,1.0,0.092,0.0,0.0,5,3,0,0
2021-01-14 06:00:00,1.0,0.093,0.0,0.0,6,3,0,0
2021-01-14 06:01:00,3.0,0.13466666666666668,0.07216878364870322,0.0,6,3,0,0
2021-01-14 06:02:00,1.0,0.296,0.0,0.0,6,3,0,0
2021-01-14 06:03:00,2.0,0.1185,0.01343502884254441,0.0,6,3,0,0
2021-01-14 06:04:00,2.0,0.1245,0.06576093065034892,0.0,6,3,0,0
2021-01-14 06:05:00,2.0,0.0915,0.0021213203435596446,0.0,6,3,0,0
2021-01-14 06:06:00,1.0,0.093,0.0,0.0,6,3,0,0
2021-01-14 06:07:00,1.0,0.109,0.0,0.0,6,3,0,0
2021-01-14 06:08:00,1.0,0.109,0.0,0.0,6,3,0,0
2021-01-14 06:09:00,0.0,0.0,0.0,0.0,6,3,0,0
2021-01-14 06:10:00,4.0,0.11674999999999999,0.06786935980249113,0.0,6,3,0,0
2021-01-14 06:11:00,1.0,0.093,0.0,0.0,6,3,0,0
2021-01-14 06:12:00,1.0,0.109,0.0,0.0,6,3,0,0
2021-01-14 06:13:00,0.0,0.0,0.0,0.0,6,3,0,0
2021-01-14 06:14:00,0.0,0.0,0.0,0.0,6,3,0,0
2021-01-14 06:15:00,1.0,0.081,0.0,0.0,6,3,0,0
2021-01-14 06:16:00,2.0,0.17950000000000002,0.14354267658086917,0.0,6,3,0,0
2021-01-14 06:17:00,1.0,0.093,0.0,0.0,6,3,0,0
2021-01-14 06:18:00,0.0,0.0,0.0,0.0,6,3,0,0
2021-01-14 06:19:00,1.0,0.109,0.0,0.0,6,3,0,0
2021-01-14 06:20:00,1.0,0.109,0.0,0.0,6,3,0,0
2021-01-14 06:21:00,2.0,0.20249999999999999,0.13222896808188436,0.0,6,3,0,0
2021-01-14 06:22:00,0.0,0.0,0.0,0.0,6,3,0,0
2021-01-14 06:23:00,1.0,0.124,0.0,0.0,6,3,0,0
2021-01-14 06:24:00,0.0,0.0,0.0,0.0,6,3,0,0
2021-01-14 06:25:00,0.0,0.0,0.0,0.0,6,3,0,0
2021-01-14 06:26:00,0.0,0.0,0.0,0.0,6,3,0,0
2021-01-14 06:27:00,0.0,0.0,0.0,0.0,6,3,0,0
2021-01-14 06:28:00,2.0,0.1245,0.044547727214752496,0.0,6,3,0,0
2021-01-14 06:29:00,2.0,0.1325,0.05586143571373726,0.0,6,3,0,0
2021-01-14 06:30:00,0.0,0.0,0.0,0.0,6,3,0,0
2021-01-14 06:31:00,1.0,0.249,0.0,0.0,6,3,0,0
2021-01-14 06:32:00,0.0,0.0,0.0,0.0,6,3,0,0
2021-01-14 06:33:00,0.0,0.0,0.0,0.0,6,3,0,0
2021-01-14 06:34:00,0.0,0.0,0.0,0.0,6,3,0,0
2021-01-14 06:35:00,0.0,0.0,0.0,0.0,6,3,0,0
2021-01-14 06:36:00,2.0,0.179,0.12162236636408619,0.0,6,3,0,0
2021-01-14 06:37:00,0.0,0.0,0.0,0.0,6,3,0,0
2021-01-14 06:38:00,1.0,0.093,0.0,0.0,6,3,0,0
2021-01-14 06:39:00,3.0,0.18700000000000003,0.08140638795573724,0.0,6,3,0,0
2021-01-14 06:40:00,0.0,0.0,0.0,0.0,6,3,0,0
2021-01-14 06:41:00,3.0,0.20833333333333334,0.12734729417358398,0.0,6,3,0,0
2021-01-14 06:42:00,1.0,0.078,0.0,0.0,6,3,0,0
2021-01-14 06:43:00,1.0,0.124,0.0,0.0,6,3,0,0
2021-01-14 06:44:00,1.0,0.062,0.0,0.0,6,3,0,0
2021-01-14 06:45:00,1.0,0.093,0.0,0.0,6,3,0,0
2021-01-14 06:46:00,2.0,0.1,0.031112698372208085,0.0,6,3,0,0
2021-01-14 06:47:00,2.0,0.08549999999999999,0.010606601717798217,0.0,6,3,0,0
2021-01-14 06:48:00,1.0,0.077,0.0,0.0,6,3,0,0
2021-01-14 06:49:00,1.0,0.078,0.0,0.0,6,3,0,0
2021-01-14 06:50:00,0.0,0.0,0.0,0.0,6,3,0,0
2021-01-14 06:51:00,1.0,0.093,0.0,0.0,6,3,0,0
2021-01-14 06:52:00,1.0,0.093,0.0,0.0,6,3,0,0
2021-01-14 06:53:00,0.0,0.0,0.0,0.0,6,3,0,0
2021-01-14 06:54:00,0.0,0.0,0.0,0.0,6,3,0,0
2021-01-14 06:55:00,0.0,0.0,0.0,0.0,6,3,0,0
2021-01-14 06:56:00,2.0,0.109,0.02262741699796952,0.0,6,3,0,0
2021-01-14 06:57:00,0.0,0.0,0.0,0.0,6,3,0,0
2021-01-14 06:58:00,2.0,0.1095,0.02333452377915607,0.0,6,3,0,0
2021-01-14 06:59:00,2.0,0.093,0.0,0.0,6,3,0,0
2021-01-14 07:00:00,1.0,0.08,0.0,0.0,7,3,0,0
2021-01-14 07:01:00,2.0,0.218,0.11030865786510138,0.0,7,3,0,0
2021-01-14 07:02:00,0.0,0.0,0.0,0.0,7,3,0,0
2021-01-14 07:03:00,1.0,0.078,0.0,0.0,7,3,0,0
2021-01-14 07:04:00,1.0,0.093,0.0,0.0,7,3,0,0
2021-01-14 07:05:00,0.0,0.0,0.0,0.0,7,3,0,0
2021-01-14 07:06:00,2.0,0.203,0.1767766952966369,0.0,7,3,0,0
2021-01-14 07:07:00,0.0,0.0,0.0,0.0,7,3,0,0
2021-01-14 07:08:00,0.0,0.0,0.0,0.0,7,3,0,0
2021-01-14 07:09:00,2.0,0.093,0.0,0.0,7,3,0,0
2021-01-14 07:10:00,3.0,0.09899999999999999,0.008717797887081345,0.0,7,3,0,0
2021-01-14 07:11:00,1.0,0.109,0.0,0.0,7,3,0,0
2021-01-14 07:12:00,1.0,0.093,0.0,0.0,7,3,0,0
2021-01-14 07:13:00,0.0,0.0,0.0,0.0,7,3,0,0
2021-01-14 07:14:00,1.0,0.25,0.0,0.0,7,3,0,0
2021-01-14 07:15:00,1.0,0.078,0.0,0.0,7,3,0,0
2021-01-14 07:16:00,1.0,0.187,0.0,0.0,7,3,0,0
2021-01-14 07:17:00,1.0,0.078,0.0,0.0,7,3,0,0
2021-01-14 07:18:00,0.0,0.0,0.0,0.0,7,3,0,0
2021-01-14 07:19:00,1.0,0.073,0.0,0.0,7,3,0,0
2021-01-14 07:20:00,1.0,0.093,0.0,0.0,7,3,0,0
2021-01-14 07:21:00,0.0,0.0,0.0,0.0,7,3,0,0
2021-01-14 07:22:00,0.0,0.0,0.0,0.0,7,3,0,0
2021-01-14 07:23:00,0.0,0.0,0.0,0.0,7,3,0,0
2021-01-14 07:24:00,0.0,0.0,0.0,0.0,7,3,0,0
2021-01-14 07:25:00,1.0,0.208,0.0,0.0,7,3,0,0
2021-01-14 07:26:00,1.0,0.078,0.0,0.0,7,3,0,0
2021-01-14 07:27:00,1.0,0.109,0.0,0.0,7,3,0,0
2021-01-14 07:28:00,1.0,0.109,0.0,0.0,7,3,0,0
2021-01-14 07:29:00,0.0,0.0,0.0,0.0,7,3,0,0
2021-01-14 07:30:00,1.0,0.265,0.0,0.0,7,3,0,0
2021-01-14 07:31:00,1.0,0.093,0.0,0.0,7,3,0,0
2021-01-14 07:32:00,1.0,0.078,0.0,0.0,7,3,0,0
2021-01-14 07:33:00,0.0,0.0,0.0,0.0,7,3,0,0
2021-01-14 07:34:00,1.0,0.088,0.0,0.0,7,3,0,0
2021-01-14 07:35:00,0.0,0.0,0.0,0.0,7,3,0,0
2021-01-14 07:36:00,0.0,0.0,0.0,0.0,7,3,0,0
2021-01-14 07:37:00,0.0,0.0,0.0,0.0,7,3,0,0
2021-01-14 07:38:00,0.0,0.0,0.0,0.0,7,3,0,0
2021-01-14 07:39:00,0.0,0.0,0.0,0.0,7,3,0,0
2021-01-14 07:40:00,1.0,0.203,0.0,0.0,7,3,0,0
2021-01-14 07:41:00,0.0,0.0,0.0,0.0,7,3,0,0
2021-01-14 07:42:00,1.0,0.093,0.0,0.0,7,3,0,0
2021-01-14 07:43:00,2.0,0.0935,0.021920310216782972,0.0,7,3,0,0
2021-01-14 07:44:00,0.0,0.0,0.0,0.0,7,3,0,0
2021-01-14 07:45:00,2.0,0.0775,0.021920310216782972,0.0,7,3,0,0
2021-01-14 07:46:00,0.0,0.0,0.0,0.0,7,3,0,0
2021-01-14 07:47:00,0.0,0.0,0.0,0.0,7,3,0,0
2021-01-14 07:48:00,1.0,0.109,0.0,0.0,7,3,0,0
2021-01-14 07:49:00,1.0,0.079,0.0,0.0,7,3,0,0
2021-01-14 07:50:00,3.0,0.09333333333333334,0.015502687938977987,0.0,7,3,0,0
2021-01-14 07:51:00,1.0,0.078,0.0,0.0,7,3,0,0
2021-01-14 07:52:00,1.0,0.093,0.0,0.0,7,3,0,0
2021-01-14 07:53:00,0.0,0.0,0.0,0.0,7,3,0,0
2021-01-14 07:54:00,1.0,0.238,0.0,0.0,7,3,0,0
2021-01-14 07:55:00,0.0,0.0,0.0,0.0,7,3,0,0
2021-01-14 07:56:00,1.0,0.093,0.0,0.0,7,3,0,0
2021-01-14 07:57:00,0.0,0.0,0.0,0.0,7,3,0,0
2021-01-14 07:58:00,0.0,0.0,0.0,0.0,7,3,0,0
2021-01-14 07:59:00,1.0,0.093,0.0,0.0,7,3,0,0
2021-01-14 08:00:00,0.0,0.0,0.0,0.0,8,3,0,0
2021-01-14 08:01:00,0.0,0.0,0.0,0.0,8,3,0,0
2021-01-14 08:02:00,0.0,0.0,0.0,0.0,8,3,0,0
2021-01-14 08:03:00,2.0,0.093,0.0,0.0,8,3,0,0
2021-01-14 08:04:00,2.0,0.0935,0.021920310216782972,0.0,8,3,0,0
2021-01-14 08:05:00,0.0,0.0,0.0,0.0,8,3,0,0
2021-01-14 08:06:00,0.0,0.0,0.0,0.0,8,3,0,0
2021-01-14 08:07:00,0.0,0.0,0.0,0.0,8,3,0,0
2021-01-14 08:08:00,1.0,0.093,0.0,0.0,8,3,0,0
2021-01-14 08:09:00,1.0,0.093,0.0,0.0,8,3,0,0
2021-01-14 08:10:00,1.0,0.295,0.0,0.0,8,3,0,0
2021-01-14 08:11:00,2.0,0.125,0.04525483399593904,0.0,8,3,0,0
2021-01-14 08:12:00,2.0,0.11649999999999999,0.010606601717798217,0.0,8,3,0,0
2021-01-14 08:13:00,0.0,0.0,0.0,0.0,8,3,0,0
2021-01-14 08:14:00,4.0,0.08549999999999999,0.008660254037844388,0.0,8,3,0,0
2021-01-14 08:15:00,1.0,0.062,0.0,0.0,8,3,0,0
2021-01-14 08:16:00,2.0,0.078,0.0,0.0,8,3,0,0
2021-01-14 08:17:00,2.0,0.093,0.0,0.0,8,3,0,0
2021-01-14 08:18:00,0.0,0.0,0.0,0.0,8,3,0,0
2021-01-14 08:19:00,0.0,0.0,0.0,0.0,8,3,0,0
2021-01-14 08:20:00,2.0,0.108,0.021213203435596427,0.0,8,3,0,0
2021-01-14 08:21:00,0.0,0.0,0.0,0.0,8,3,0,0
2021-01-14 08:22:00,0.0,0.0,0.0,0.0,8,3,0,0
2021-01-14 08:23:00,1.0,0.078,0.0,0.0,8,3,0,0
2021-01-14 08:24:00,2.0,0.078,0.0,0.0,8,3,0,0
2021-01-14 08:25:00,1.0,0.078,0.0,0.0,8,3,0,0
2021-01-14 08:26:00,0.0,0.0,0.0,0.0,8,3,0,0
2021-01-14 08:27:00,1.0,0.096,0.0,0.0,8,3,0,0
2021-01-14 08:28:00,0.0,0.0,0.0,0.0,8,3,0,0
2021-01-14 08:29:00,0.0,0.0,0.0,0.0,8,3,0,0
2021-01-14 08:30:00,0.0,0.0,0.0,0.0,8,3,0,0
2021-01-14 08:31:00,0.0,0.0,0.0,0.0,8,3,0,0
2021-01-14 08:32:00,1.0,0.187,0.0,0.0,8,3,0,0
2021-01-14 08:33:00,1.0,0.093,0.0,0.0,8,3,0,0
2021-01-14 08:34:00,0.0,0.0,0.0,0.0,8,3,0,0
2021-01-14 08:35:00,1.0,0.215,0.0,0.0,8,3,0,0
2021-01-14 08:36:00,1.0,0.117,0.0,0.0,8,3,0,0
2021-01-14 08:37:00,0.0,0.0,0.0,0.0,8,3,0,0
2021-01-14 08:38:00,0.0,0.0,0.0,0.0,8,3,0,0
2021-01-14 08:39:00,1.0,0.093,0.0,0.0,8,3,0,0
2021-01-14 08:40:00,0.0,0.0,0.0,0.0,8,3,0,0
2021-01-14 08:41:00,0.0,0.0,0.0,0.0,8,3,0,0
2021-01-14 08:42:00,0.0,0.0,0.0,0.0,8,3,0,0
2021-01-14 08:43:00,0.0,0.0,0.0,0.0,8,3,0,0
2021-01-14 08:44:00,0.0,0.0,0.0,0.0,8,3,0,0
2021-01-14 08:45:00,0.0,0.0,0.0,0.0,8,3,0,0
2021-01-14 08:46:00,0.0,0.0,0.0,0.0,8,3,0,0
2021-01-14 08:47:00,2.0,0.0815,0.0007071067811865482,0.0,8,3,0,0
2021-01-14 08:48:00,0.0,0.0,0.0,0.0,8,3,0,0
2021-01-14 08:49:00,0.0,0.0,0.0,0.0,8,3,0,0
2021-01-14 08:50:00,0.0,0.0,0.0,0.0,8,3,0,0
2021-01-14 08:51:00,0.0,0.0,0.0,0.0,8,3,0,0
2021-01-14 08:52:00,0.0,0.0,0.0,0.0,8,3,0,0
2021-01-14 08:53:00,0.0,0.0,0.0,0.0,8,3,0,0
2021-01-14 08:54:00,1.0,0.094,0.0,0.0,8,3,0,0
2021-01-14 08:55:00,1.0,0.093,0.0,0.0,8,3,0,0
2021-01-14 08:56:00,0.0,0.0,0.0,0.0,8,3,0,0
2021-01-14 08:57:00,2.0,0.093,0.0,0.0,8,3,0,0
2021-01-14 08:58:00,2.0,0.094,0.0014142135623730963,0.0,8,3,0,0
2021-01-14 08:59:00,1.0,0.093,0.0,0.0,8,3,0,0
2021-01-14 09:00:00,1.0,0.062,0.0,0.0,9,3,1,0
2021-01-14 09:01:00,4.0,0.0965,0.019756855350316592,0.0,9,3,1,0
2021-01-14 09:02:00,3.0,0.09899999999999999,0.024556058315617354,0.0,9,3,1,0
2021-01-14 09:03:00,2.0,0.109,0.02262741699796952,0.0,9,3,1,0
2021-01-14 09:04:00,2.0,0.08549999999999999,0.010606601717798208,0.0,9,3,1,0
2021-01-14 09:05:00,4.0,0.13475,0.10374126469250312,0.0,9,3,1,0
2021-01-14 09:06:00,0.0,0.0,0.0,0.0,9,3,1,0
2021-01-14 09:07:00,4.0,0.13225,0.06825137361255083,0.0,9,3,1,0
2021-01-14 09:08:00,3.0,0.09133333333333334,0.01258305739211792,0.0,9,3,1,0
2021-01-14 09:09:00,5.0,0.08080000000000001,0.012911235417263517,0.0,9,3,1,0
2021-01-14 09:10:00,3.0,0.09866666666666667,0.02470492528491704,0.0,9,3,1,0
2021-01-14 09:11:00,3.0,0.07766666666666666,0.015502687938977973,0.0,9,3,1,0
2021-01-14 09:12:00,4.0,0.09325,0.012658988901172162,0.0,9,3,1,0
2021-01-14 09:13:00,3.0,0.11433333333333334,0.049722563623905536,0.0,9,3,1,0
2021-01-14 09:14:00,5.0,0.0862,0.009418067742376888,0.0,9,3,1,0
2021-01-14 09:15:00,2.0,0.08549999999999999,0.010606601717798217,0.0,9,3,1,0
2021-01-14 09:16:00,4.0,0.0935,0.012662279942148387,0.0,9,3,1,0
2021-01-14 09:17:00,3.0,0.07766666666666666,0.015502687938977978,0.0,9,3,1,0
2021-01-14 09:18:00,1.0,0.078,0.0,0.0,9,3,1,0
2021-01-14 09:19:00,3.0,0.09333333333333334,0.01550268793897798,0.0,9,3,1,0
2021-01-14 09:20:00,2.0,0.0935,0.021920310216782972,0.0,9,3,1,0
2021-01-14 09:21:00,2.0,0.0875,0.0134350288425444,0.0,9,3,1,0
2021-01-14 09:22:00,2.0,0.078,0.0,0.0,9,3,1,0
2021-01-14 09:23:00,1.0,0.093,0.0,0.0,9,3,1,0
2021-01-14 09:24:00,1.0,0.078,0.0,0.0,9,3,1,0
2021-01-14 09:25:00,2.0,0.1,0.031112698372208095,0.0,9,3,1,0
2021-01-14 09:26:00,0.0,0.0,0.0,0.0,9,3,1,0
2021-01-14 09:27:00,0.0,0.0,0.0,0.0,9,3,1,0
2021-01-14 09:28:00,1.0,0.109,0.0,0.0,9,3,1,0
2021-01-14 09:29:00,2.0,0.1075,0.0021213203435596446,0.0,9,3,1,0
2021-01-14 09:30:00,1.0,0.109,0.0,0.0,9,3,1,0
2021-01-14 09:31:00,1.0,0.439,0.0,0.0,9,3,1,0
2021-01-14 09:32:00,0.0,0.0,0.0,0.0,9,3,1,0
2021-01-14 09:33:00,3.0,0.08800000000000001,0.023895606290697043,0.0,9,3,1,0
2021-01-14 09:34:00,1.0,0.14,0.0,0.0,9,3,1,0
2021-01-14 09:35:00,1.0,0.093,0.0,0.0,9,3,1,0
2021-01-14 09:36:00,1.0,0.083,0.0,0.0,9,3,1,0
2021-01-14 09:37:00,1.0,0.093,0.0,0.0,9,3,1,0
2021-01-14 09:38:00,1.0,0.112,0.0,0.0,9,3,1,0
2021-01-14 09:39:00,2.0,0.11699999999999999,0.011313708498984755,0.0,9,3,1,0
2021-01-14 09:40:00,2.0,0.08549999999999999,0.010606601717798208,0.0,9,3,1,0
2021-01-14 09:41:00,2.0,0.101,0.011313708498984765,0.0,9,3,1,0
2021-01-14 09:42:00,1.0,0.093,0.0,0.0,9,3,1,0
2021-01-14 09:43:00,3.0,0.07933333333333333,0.002309401076758503,0.0,9,3,1,0
2021-01-14 09:44:00,2.0,0.078,0.0,0.0,9,3,1,0
2021-01-14 09:45:00,0.0,0.0,0.0,0.0,9,3,1,0
2021-01-14 09:46:00,3.0,0.083,0.008660254037844385,0.0,9,3,1,0
2021-01-14 09:47:00,0.0,0.0,0.0,0.0,9,3,1,0
2021-01-14 09:48:00,1.0,0.078,0.0,0.0,9,3,1,0
2021-01-14 09:49:00,0.0,0.0,0.0,0.0,9,3,1,0
2021-01-14 09:50:00,2.0,0.0935,0.021920310216782972,0.0,9,3,1,0
2021-01-14 09:51:00,3.0,0.13,0.09006664199358162,0.0,9,3,1,0
2021-01-14 09:52:00,1.0,0.078,0.0,0.0,9,3,1,0
2021-01-14 09:53:00,1.0,0.14,0.0,0.0,9,3,1,0
2021-01-14 09:54:00,3.0,0.083,0.008660254037844385,0.0,9,3,1,0
2021-01-14 09:55:00,1.0,0.093,0.0,0.0,9,3,1,0
2021-01-14 09:56:00,0.0,0.0,0.0,0.0,9,3,1,0
2021-01-14 09:57:00,2.0,0.094,0.02262741699796952,0.0,9,3,1,0
2021-01-14 09:58:00,2.0,0.101,0.011313708498984755,0.0,9,3,1,0
2021-01-14 09:59:00,6.0,0.1065,0.04786961457960572,0.0,9,3,1,0
2021-01-14 10:00:00,2.0,0.1465,0.0007071067811865482,0.0,10,3,1,0
2021-01-14 10:01:00,3.0,0.07933333333333333,0.003214550253664322,0.0,10,3,1,0
2021-01-14 10:02:00,1.0,0.093,0.0,0.0,10,3,1,0
2021-01-14 10:03:00,4.0,0.08775,0.007804912982645394,0.0,10,3,1,0
2021-01-14 10:04:00,5.0,0.1412,0.13196476802540896,0.0,10,3,1,0
2021-01-14 10:05:00,4.0,0.0895,0.01479864858694874,0.0,10,3,1,0
2021-01-14 10:06:00,4.0,0.0895,0.005744562646538027,0.0,10,3,1,0
2021-01-14 10:07:00,6.0,0.09249999999999999,0.017306068299876784,0.0,10,3,1,0
2021-01-14 10:08:00,6.0,0.0805,0.0061237243569579386,0.0,10,3,1,0
2021-01-14 10:09:00,5.0,0.08940000000000001,0.013939153489362258,0.0,10,3,1,0
2021-01-14 10:10:00,4.0,0.07825,0.0005000000000000016,0.0,10,3,1,0
2021-01-14 10:11:00,6.0,0.08933333333333333,0.011741663709486264,0.0,10,3,1,0
2021-01-14 10:12:00,4.0,0.10875,0.042098099719583545,0.0,10,3,1,0
2021-01-14 10:13:00,3.0,0.078,0.0,0.0,10,3,1,0
2021-01-14 10:14:00,5.0,0.0872,0.013809417076763234,0.0,10,3,1,0
2021-01-14 10:15:00,4.0,0.10875,0.04209809971958355,0.0,10,3,1,0
2021-01-14 10:16:00,8.0,0.095,0.022367067628227766,0.0,10,3,1,0
2021-01-14 10:17:00,5.0,0.081,0.006708203932499368,0.0,10,3,1,0
2021-01-14 10:18:00,2.0,0.08549999999999999,0.010606601717798208,0.0,10,3,1,0
2021-01-14 10:19:00,8.0,0.090875,0.02370314927840362,0.0,10,3,1,0
2021-01-14 10:20:00,5.0,0.0896,0.020501219475923864,0.0,10,3,1,0
2021-01-14 10:21:00,5.0,0.09740000000000001,0.04545657268206657,0.0,10,3,1,0
2021-01-14 10:22:00,2.0,0.10250000000000001,0.03464823227814084,0.0,10,3,1,0
2021-01-14 10:23:00,4.0,0.08499999999999999,0.009273618495495703,0.0,10,3,1,0
2021-01-14 10:24:00,2.0,0.08549999999999999,0.010606601717798208,0.0,10,3,1,0
2021-01-14 10:25:00,2.0,0.0955,0.0035355339059327407,0.0,10,3,1,0
2021-01-14 10:26:00,4.0,0.10175000000000001,0.03636275567115342,0.0,10,3,1,0
2021-01-14 10:27:00,3.0,0.08800000000000001,0.008660254037844385,0.0,10,3,1,0
2021-01-14 10:28:00,5.0,0.0844,0.013758633653092158,0.0,10,3,1,0
2021-01-14 10:29:00,1.0,0.078,0.0,0.0,10,3,1,0
2021-01-14 10:30:00,3.0,0.083,0.008660254037844381,0.0,10,3,1,0
2021-01-14 10:31:00,5.0,0.0934,0.015501612819316578,0.0,10,3,1,0
2021-01-14 10:32:00,4.0,0.121,0.04595650117230424,0.0,10,3,1,0
2021-01-14 10:33:00,5.0,0.087,0.01398213145410956,0.0,10,3,1,0
2021-01-14 10:34:00,4.0,0.10149999999999999,0.04699999999999999,0.0,10,3,1,0
2021-01-14 10:35:00,9.0,0.08444444444444445,0.01491736497434375,0.0,10,3,1,0
2021-01-14 10:36:00,6.0,0.107,0.030724582991474434,0.0,10,3,1,0
2021-01-14 10:37:00,7.0,0.07728571428571429,0.011056133828698678,0.0,10,3,1,0
2021-01-14 10:38:00,3.0,0.09400000000000001,0.015524174696260024,0.0,10,3,1,0
2021-01-14 10:39:00,6.0,0.08733333333333333,0.0073936910042729466,0.0,10,3,1,0
2021-01-14 10:40:00,6.0,0.08016666666666666,0.015445603473696537,0.0,10,3,1,0
2021-01-14 10:41:00,5.0,0.081,0.006708203932499366,0.0,10,3,1,0
2021-01-14 10:42:00,2.0,0.0945,0.0021213203435596446,0.0,10,3,1,0
2021-01-14 10:43:00,4.0,0.11275,0.05000249993750313,0.0,10,3,1,0
2021-01-14 10:44:00,3.0,0.07266666666666667,0.009237604307034014,0.0,10,3,1,0
2021-01-14 10:45:00,2.0,0.0695,0.010606601717798217,0.0,10,3,1,0
2021-01-14 10:46:00,5.0,0.0962,0.007155417527999329,0.0,10,3,1,0
2021-01-14 10:47:00,2.0,0.08549999999999999,0.010606601717798208,0.0,10,3,1,0
2021-01-14 10:48:00,5.0,0.0872,0.013809417076763234,0.0,10,3,1,0
2021-01-14 10:49:00,5.0,0.0964,0.052261840763601124,0.0,10,3,1,0
2021-01-14 10:50:00,5.0,0.09640000000000001,0.02550098037331115,0.0,10,3,1,0
2021-01-14 10:51:00,2.0,0.08549999999999999,0.010606601717798208,0.0,10,3,1,0
2021-01-14 10:52:00,2.0,0.08549999999999999,0.010606601717798217,0.0,10,3,1,0
2021-01-14 10:53:00,1.0,0.078,0.0,0.0,10,3,1,0
2021-01-14 10:54:00,1.0,0.093,0.0,0.0,10,3,1,0
2021-01-14 10:55:00,2.0,0.0915,0.0021213203435596446,0.0,10,3,1,0
2021-01-14 10:56:00,3.0,0.08333333333333333,0.009237604307034014,0.0,10,3,1,0
2021-01-14 10:57:00,2.0,0.0775,0.0007071067811865482,0.0,10,3,1,0
2021-01-14 10:58:00,1.0,0.079,0.0,0.0,10,3,1,0
2021-01-14 10:59:00,1.0,0.093,0.0,0.0,10,3,1,0
2021-01-14 11:00:00,5.0,0.0994,0.017586926962946083,0.0,11,3,1,0
2021-01-14 11:01:00,3.0,0.09833333333333333,0.009237604307034014,0.0,11,3,1,0
2021-01-14 11:02:00,0.0,0.0,0.0,0.0,11,3,1,0
2021-01-14 11:03:00,2.0,0.08549999999999999,0.010606601717798217,0.0,11,3,1,0
2021-01-14 11:04:00,6.0,0.106,0.0262449995237188,0.0,11,3,1,0
2021-01-14 11:05:00,3.0,0.104,0.023895606290697036,0.0,11,3,1,0
2021-01-14 11:06:00,3.0,0.12533333333333332,0.06350065616458883,0.0,11,3,1,0
2021-01-14 11:07:00,3.0,0.07866666666666666,0.0011547005383792516,0.0,11,3,1,0
2021-01-14 11:08:00,1.0,0.078,0.0,0.0,11,3,1,0
2021-01-14 11:09:00,2.0,0.08549999999999999,0.010606601717798217,0.0,11,3,1,0
2021-01-14 11:10:00,5.0,0.0876,0.014046351839534704,0.0,11,3,1,0
2021-01-14 11:11:00,3.0,0.09833333333333333,0.023459184413217215,0.0,11,3,1,0
2021-01-14 11:12:00,3.0,0.083,0.008660254037844381,0.0,11,3,1,0
2021-01-14 11:13:00,1.0,0.078,0.0,0.0,11,3,1,0
2021-01-14 11:14:00,2.0,0.11699999999999999,0.055154328932550706,0.0,11,3,1,0
2021-01-14 11:15:00,1.0,0.093,0.0,0.0,11,3,1,0
2021-01-14 11:16:00,1.0,0.093,0.0,0.0,11,3,1,0
2021-01-14 11:17:00,2.0,0.093,0.0,0.0,11,3,1,0
2021-01-14 11:18:00,2.0,0.08549999999999999,0.010606601717798217,0.0,11,3,1,0
2021-01-14 11:19:00,1.0,0.078,0.0,0.0,11,3,1,0
2021-01-14 11:20:00,2.0,0.08549999999999999,0.010606601717798217,0.0,11,3,1,0
2021-01-14 11:21:00,1.0,0.078,0.0,0.0,11,3,1,0
2021-01-14 11:22:00,2.0,0.1235,0.06434671708797583,0.0,11,3,1,0
2021-01-14 11:23:00,4.0,0.11299999999999999,0.020132891827388665,0.0,11,3,1,0
2021-01-14 11:24:00,1.0,0.172,0.0,0.0,11,3,1,0
2021-01-14 11:25:00,1.0,0.078,0.0,0.0,11,3,1,0
2021-01-14 11:26:00,2.0,0.08549999999999999,0.010606601717798217,0.0,11,3,1,0
2021-01-14 11:27:00,3.0,0.08800000000000001,0.008660254037844385,0.0,11,3,1,0
2021-01-14 11:28:00,2.0,0.101,0.011313708498984765,0.0,11,3,1,0
2021-01-14 11:29:00,3.0,0.10933333333333334,0.030501366089625125,0.0,11,3,1,0
2021-01-14 11:30:00,1.0,0.093,0.0,0.0,11,3,1,0
2021-01-14 11:31:00,1.0,0.078,0.0,0.0,11,3,1,0
2021-01-14 11:32:00,4.0,0.10125,0.057754509203466815,0.0,11,3,1,0
2021-01-14 11:33:00,5.0,0.091,0.013247641299491771,0.0,11,3,1,0
2021-01-14 11:34:00,3.0,0.24966666666666668,0.2973353886326573,0.0,11,3,1,0
2021-01-14 11:35:00,3.0,0.08800000000000001,0.00866025403784439,0.0,11,3,1,0
2021-01-14 11:36:00,2.0,0.101,0.03252691193458118,0.0,11,3,1,0
2021-01-14 11:37:00,5.0,0.0996,0.013921206844235886,0.0,11,3,1,0
2021-01-14 11:38:00,2.0,0.093,0.0,0.0,11,3,1,0
2021-01-14 11:39:00,0.0,0.0,0.0,0.0,11,3,1,0
2021-01-14 11:40:00,2.0,0.14,0.06646803743153547,0.0,11,3,1,0
2021-01-14 11:41:00,4.0,0.105,0.026545558322752738,0.0,11,3,1,0
2021-01-14 11:42:00,3.0,0.09933333333333333,0.023797758998135375,0.0,11,3,1,0
2021-01-14 11:43:00,2.0,0.0935,0.021920310216782972,0.0,11,3,1,0
2021-01-14 11:44:00,3.0,0.11466666666666665,0.01877054430040145,0.0,11,3,1,0
2021-01-14 11:45:00,0.0,0.0,0.0,0.0,11,3,1,0
2021-01-14 11:46:00,0.0,0.0,0.0,0.0,11,3,1,0
2021-01-14 11:47:00,1.0,0.093,0.0,0.0,11,3,1,0
2021-01-14 11:48:00,1.0,0.093,0.0,0.0,11,3,1,0
2021-01-14 11:49:00,1.0,0.078,0.0,0.0,11,3,1,0
2021-01-14 11:50:00,1.0,0.093,0.0,0.0,11,3,1,0
2021-01-14 11:51:00,3.0,0.09100000000000001,0.012124355652982139,0.0,11,3,1,0
2021-01-14 11:52:00,1.0,0.249,0.0,0.0,11,3,1,0
2021-01-14 11:53:00,1.0,0.109,0.0,0.0,11,3,1,0
2021-01-14 11:54:00,2.0,0.14800000000000002,0.07778174593052024,0.0,11,3,1,0
2021-01-14 11:55:00,0.0,0.0,0.0,0.0,11,3,1,0
2021-01-14 11:56:00,1.0,0.093,0.0,0.0,11,3,1,0
2021-01-14 11:57:00,1.0,0.093,0.0,0.0,11,3,1,0
2021-01-14 11:58:00,2.0,0.101,0.03252691193458119,0.0,11,3,1,0
2021-01-14 11:59:00,3.0,0.11633333333333333,0.05392896562454478,0.0,11,3,1,0
2021-01-14 12:00:00,1.0,0.124,0.0,0.0,12,3,1,0
2021-01-14 12:01:00,4.0,0.08925,0.007499999999999999,0.0,12,3,1,0
2021-01-14 12:02:00,2.0,0.1165,0.03323401871576774,0.0,12,3,1,0
2021-01-14 12:03:00,4.0,0.08574999999999999,0.0155,0.0,12,3,1,0
2021-01-14 12:04:00,1.0,0.093,0.0,0.0,12,3,1,0
2021-01-14 12:05:00,2.0,0.1015,0.010606601717798217,0.0,12,3,1,0
2021-01-14 12:06:00,3.0,0.13999999999999999,0.06802205524680946,0.0,12,3,1,0
2021-01-14 12:07:00,3.0,0.09600000000000002,0.012999999999999998,0.0,12,3,1,0
2021-01-14 12:08:00,2.0,0.14,0.06646803743153547,0.0,12,3,1,0
2021-01-14 12:09:00,0.0,0.0,0.0,0.0,12,3,1,0
2021-01-14 12:10:00,1.0,0.844,0.0,0.0,12,3,1,0
2021-01-14 12:11:00,1.0,0.094,0.0,0.0,12,3,1,0
2021-01-14 12:12:00,0.0,0.0,0.0,0.0,12,3,1,0
2021-01-14 12:13:00,2.0,0.187,0.15414927829866734,0.0,12,3,1,0
2021-01-14 12:14:00,1.0,0.093,0.0,0.0,12,3,1,0
2021-01-14 12:15:00,2.0,0.1005,0.010606601717798217,0.0,12,3,1,0
2021-01-14 12:16:00,1.0,0.203,0.0,0.0,12,3,1,0
2021-01-14 12:17:00,1.0,0.093,0.0,0.0,12,3,1,0
2021-01-14 12:18:00,1.0,0.078,0.0,0.0,12,3,1,0
2021-01-14 12:19:00,1.0,0.078,0.0,0.0,12,3,1,0
2021-01-14 12:20:00,0.0,0.0,0.0,0.0,12,3,1,0
2021-01-14 12:21:00,5.0,0.0844,0.008792041856133305,0.0,12,3,1,0
2021-01-14 12:22:00,1.0,0.078,0.0,0.0,12,3,1,0
2021-01-14 12:23:00,1.0,0.171,0.0,0.0,12,3,1,0
2021-01-14 12:24:00,2.0,0.093,0.0,0.0,12,3,1,0
2021-01-14 12:25:00,3.0,0.09366666666666668,0.016010413278030437,0.0,12,3,1,0
2021-01-14 12:26:00,3.0,0.09300000000000001,0.0,0.0,12,3,1,0
2021-01-14 12:27:00,2.0,0.101,0.011313708498984765,0.0,12,3,1,0
2021-01-14 12:28:00,3.0,0.09400000000000001,0.01652271164185831,0.0,12,3,1,0
2021-01-14 12:29:00,1.0,0.078,0.0,0.0,12,3,1,0
2021-01-14 12:30:00,0.0,0.0,0.0,0.0,12,3,1,0
2021-01-14 12:31:00,1.0,0.078,0.0,0.0,12,3,1,0
2021-01-14 12:32:00,2.0,0.0955,0.01909188309203678,0.0,12,3,1,0
2021-01-14 12:33:00,3.0,0.08833333333333333,0.0178978583448784,0.0,12,3,1,0
2021-01-14 12:34:00,2.0,0.101,0.011313708498984755,0.0,12,3,1,0
2021-01-14 12:35:00,2.0,0.093,0.0,0.0,12,3,1,0
2021-01-14 12:36:00,2.0,0.093,0.0,0.0,12,3,1,0
2021-01-14 12:37:00,3.0,0.12266666666666666,0.05844940832321002,0.0,12,3,1,0
2021-01-14 12:38:00,2.0,0.08199999999999999,0.00565685424949238,0.0,12,3,1,0
2021-01-14 12:39:00,1.0,0.078,0.0,0.0,12,3,1,0
2021-01-14 12:40:00,1.0,0.093,0.0,0.0,12,3,1,0
2021-01-14 12:41:00,0.0,0.0,0.0,0.0,12,3,1,0
2021-01-14 12:42:00,3.0,0.08266666666666667,0.008962886439832504,0.0,12,3,1,0
2021-01-14 12:43:00,1.0,0.078,0.0,0.0,12,3,1,0
2021-01-14 12:44:00,2.0,0.08549999999999999,0.010606601717798208,0.0,12,3,1,0
2021-01-14 12:45:00,2.0,0.1,0.00989949493661166,0.0,12,3,1,0
2021-01-14 12:46:00,0.0,0.0,0.0,0.0,12,3,1,0
2021-01-14 12:47:00,0.0,0.0,0.0,0.0,12,3,1,0
2021-01-14 12:48:00,1.0,0.112,0.0,0.0,12,3,1,0
2021-01-14 12:49:00,3.0,0.083,0.008660254037844381,0.0,12,3,1,0
2021-01-14 12:50:00,1.0,0.093,0.0,0.0,12,3,1,0
2021-01-14 12:51:00,1.0,0.109,0.0,0.0,12,3,1,0
2021-01-14 12:52:00,2.0,0.08549999999999999,0.010606601717798217,0.0,12,3,1,0
2021-01-14 12:53:00,0.0,0.0,0.0,0.0,12,3,1,0
2021-01-14 12:54:00,2.0,0.105,0.02687005768508881,0.0,12,3,1,0
2021-01-14 12:55:00,1.0,0.093,0.0,0.0,12,3,1,0
2021-01-14 12:56:00,0.0,0.0,0.0,0.0,12,3,1,0
2021-01-14 12:57:00,4.0,0.10525,0.023613202521753234,0.0,12,3,1,0
2021-01-14 12:58:00,1.0,0.239,0.0,0.0,12,3,1,0
2021-01-14 12:59:00,1.0,0.093,0.0,0.0,12,3,1,0
2021-01-14 13:00:00,2.0,0.126,0.06788225099390854,0.0,13,3,1,0
2021-01-14 13:01:00,3.0,0.21399999999999997,0.13310146505579867,0.0,13,3,1,0
2021-01-14 13:02:00,0.0,0.0,0.0,0.0,13,3,1,0
2021-01-14 13:03:00,2.0,0.08549999999999999,0.010606601717798208,0.0,13,3,1,0
2021-01-14 13:04:00,0.0,0.0,0.0,0.0,13,3,1,0
2021-01-14 13:05:00,1.0,0.093,0.0,0.0,13,3,1,0
2021-01-14 13:06:00,0.0,0.0,0.0,0.0,13,3,1,0
2021-01-14 13:07:00,0.0,0.0,0.0,0.0,13,3,1,0
2021-01-14 13:08:00,1.0,0.093,0.0,0.0,13,3,1,0
2021-01-14 13:09:00,0.0,0.0,0.0,0.0,13,3,1,0
2021-01-14 13:10:00,0.0,0.0,0.0,0.0,13,3,1,0
2021-01-14 13:11:00,0.0,0.0,0.0,0.0,13,3,1,0
2021-01-14 13:12:00,1.0,0.093,0.0,0.0,13,3,1,0
2021-01-14 13:13:00,0.0,0.0,0.0,0.0,13,3,1,0
2021-01-14 13:14:00,3.0,0.11399999999999999,0.01819340539866025,0.0,13,3,1,0
2021-01-14 13:15:00,1.0,0.093,0.0,0.0,13,3,1,0
2021-01-14 13:16:00,0.0,0.0,0.0,0.0,13,3,1,0
2021-01-14 13:17:00,0.0,0.0,0.0,0.0,13,3,1,0
2021-01-14 13:18:00,0.0,0.0,0.0,0.0,13,3,1,0
2021-01-14 13:19:00,4.0,0.11425,0.0405740064573367,0.0,13,3,1,0
2021-01-14 13:20:00,0.0,0.0,0.0,0.0,13,3,1,0
2021-01-14 13:21:00,0.0,0.0,0.0,0.0,13,3,1,0
2021-01-14 13:22:00,1.0,0.078,0.0,0.0,13,3,1,0
2021-01-14 13:23:00,2.0,0.0935,0.021920310216782972,0.0,13,3,1,0
2021-01-14 13:24:00,1.0,0.109,0.0,0.0,13,3,1,0
2021-01-14 13:25:00,1.0,0.078,0.0,0.0,13,3,1,0
2021-01-14 13:26:00,0.0,0.0,0.0,0.0,13,3,1,0
2021-01-14 13:27:00,0.0,0.0,0.0,0.0,13,3,1,0
2021-01-14 13:28:00,0.0,0.0,0.0,0.0,13,3,1,0
2021-01-14 13:29:00,0.0,0.0,0.0,0.0,13,3,1,0
2021-01-14 13:30:00,2.0,0.078,0.0,0.0,13,3,1,0
2021-01-14 13:31:00,3.0,0.10866666666666668,0.027135462651912415,0.0,13,3,1,0
2021-01-14 13:32:00,0.0,0.0,0.0,0.0,13,3,1,0
2021-01-14 13:33:00,0.0,0.0,0.0,0.0,13,3,1,0
2021-01-14 13:34:00,2.0,0.1245,0.06576093065034894,0.0,13,3,1,0
2021-01-14 13:35:00,0.0,0.0,0.0,0.0,13,3,1,0
2021-01-14 13:36:00,1.0,0.115,0.0,0.0,13,3,1,0
2021-01-14 13:37:00,0.0,0.0,0.0,0.0,13,3,1,0
2021-01-14 13:38:00,0.0,0.0,0.0,0.0,13,3,1,0
2021-01-14 13:39:00,0.0,0.0,0.0,0.0,13,3,1,0
2021-01-14 13:40:00,1.0,0.094,0.0,0.0,13,3,1,0
2021-01-14 13:41:00,0.0,0.0,0.0,0.0,13,3,1,0
2021-01-14 13:42:00,0.0,0.0,0.0,0.0,13,3,1,0
2021-01-14 13:43:00,0.0,0.0,0.0,0.0,13,3,1,0
2021-01-14 13:44:00,2.0,0.0945,0.020506096654409875,0.0,13,3,1,0
2021-01-14 13:45:00,0.0,0.0,0.0,0.0,13,3,1,0
2021-01-14 13:46:00,0.0,0.0,0.0,0.0,13,3,1,0
2021-01-14 13:47:00,2.0,0.078,0.0,0.0,13,3,1,0
2021-01-14 13:48:00,1.0,0.093,0.0,0.0,13,3,1,0
2021-01-14 13:49:00,1.0,0.109,0.0,0.0,13,3,1,0
2021-01-14 13:50:00,0.0,0.0,0.0,0.0,13,3,1,0
2021-01-14 13:51:00,1.0,0.109,0.0,0.0,13,3,1,0
2021-01-14 13:52:00,1.0,0.139,0.0,0.0,13,3,1,0
2021-01-14 13:53:00,1.0,0.093,0.0,0.0,13,3,1,0
2021-01-14 13:54:00,0.0,0.0,0.0,0.0,13,3,1,0
2021-01-14 13:55:00,0.0,0.0,0.0,0.0,13,3,1,0
2021-01-14 13:56:00,1.0,0.078,0.0,0.0,13,3,1,0
2021-01-14 13:57:00,1.0,0.093,0.0,0.0,13,3,1,0
2021-01-14 13:58:00,0.0,0.0,0.0,0.0,13,3,1,0
2021-01-14 13:59:00,1.0,0.109,0.0,0.0,13,3,1,0
2021-01-14 14:00:00,1.0,0.132,0.0,0.0,14,3,1,0
2021-01-14 14:01:00,1.0,0.078,0.0,0.0,14,3,1,0
2021-01-14 14:02:00,0.0,0.0,0.0,0.0,14,3,1,0
2021-01-14 14:03:00,1.0,0.093,0.0,0.0,14,3,1,0
2021-01-14 14:04:00,0.0,0.0,0.0,0.0,14,3,1,0
2021-01-14 14:05:00,1.0,0.093,0.0,0.0,14,3,1,0
2021-01-14 14:06:00,0.0,0.0,0.0,0.0,14,3,1,0
2021-01-14 14:07:00,2.0,0.1165,0.03323401871576774,0.0,14,3,1,0
2021-01-14 14:08:00,2.0,0.1015,0.033234018715767734,0.0,14,3,1,0
2021-01-14 14:09:00,2.0,0.101,0.011313708498984765,0.0,14,3,1,0
2021-01-14 14:10:00,0.0,0.0,0.0,0.0,14,3,1,0
2021-01-14 14:11:00,2.0,0.077,0.0014142135623730963,0.0,14,3,1,0
2021-01-14 14:12:00,2.0,0.0965,0.004949747468305837,0.0,14,3,1,0
2021-01-14 14:13:00,1.0,0.126,0.0,0.0,14,3,1,0
2021-01-14 14:14:00,2.0,0.1695,0.08414570696119916,0.0,14,3,1,0
2021-01-14 14:15:00,2.0,0.1325,0.033234018715767734,0.0,14,3,1,0
2021-01-14 14:16:00,1.0,0.093,0.0,0.0,14,3,1,0
2021-01-14 14:17:00,1.0,0.093,0.0,0.0,14,3,1,0
2021-01-14 14:18:00,3.0,0.14033333333333334,0.08258530942808978,0.0,14,3,1,0
2021-01-14 14:19:00,3.0,0.14566666666666667,0.09167515112250066,0.0,14,3,1,0
2021-01-14 14:20:00,0.0,0.0,0.0,0.0,14,3,1,0
2021-01-14 14:21:00,0.0,0.0,0.0,0.0,14,3,1,0
2021-01-14 14:22:00,2.0,0.101,0.011313708498984765,0.0,14,3,1,0
2021-01-14 14:23:00,2.0,0.101,0.03252691193458118,0.0,14,3,1,0
2021-01-14 14:24:00,0.0,0.0,0.0,0.0,14,3,1,0
2021-01-14 14:25:00,3.0,0.12466666666666666,0.09502280428051645,0.0,14,3,1,0
2021-01-14 14:26:00,2.0,0.08549999999999999,0.010606601717798208,0.0,14,3,1,0
2021-01-14 14:27:00,0.0,0.0,0.0,0.0,14,3,1,0
2021-01-14 14:28:00,1.0,0.093,0.0,0.0,14,3,1,0
2021-01-14 14:29:00,1.0,0.078,0.0,0.0,14,3,1,0
2021-01-14 14:30:00,1.0,0.109,0.0,0.0,14,3,1,0
2021-01-14 14:31:00,1.0,0.093,0.0,0.0,14,3,1,0
2021-01-14 14:32:00,0.0,0.0,0.0,0.0,14,3,1,0
2021-01-14 14:33:00,2.0,0.093,0.0,0.0,14,3,1,0
2021-01-14 14:34:00,1.0,0.078,0.0,0.0,14,3,1,0
2021-01-14 14:35:00,0.0,0.0,0.0,0.0,14,3,1,0
2021-01-14 14:36:00,0.0,0.0,0.0,0.0,14,3,1,0
2021-01-14 14:37:00,0.0,0.0,0.0,0.0,14,3,1,0
2021-01-14 14:38:00,2.0,0.378,0.40305086527633216,0.0,14,3,1,0
2021-01-14 14:39:00,0.0,0.0,0.0,0.0,14,3,1,0
2021-01-14 14:40:00,2.0,0.0775,0.021920310216782972,0.0,14,3,1,0
2021-01-14 14:41:00,1.0,0.122,0.0,0.0,14,3,1,0
2021-01-14 14:42:00,1.0,0.109,0.0,0.0,14,3,1,0
2021-01-14 14:43:00,3.0,0.12733333333333333,0.05186842327788009,0.0,14,3,1,0
2021-01-14 14:44:00,1.0,0.124,0.0,0.0,14,3,1,0
2021-01-14 14:45:00,1.0,0.109,0.0,0.0,14,3,1,0
2021-01-14 14:46:00,2.0,0.08549999999999999,0.010606601717798208,0.0,14,3,1,0
2021-01-14 14:47:00,2.0,0.191,0.13859292911256332,0.0,14,3,1,0
2021-01-14 14:48:00,0.0,0.0,0.0,0.0,14,3,1,0
2021-01-14 14:49:00,0.0,0.0,0.0,0.0,14,3,1,0
2021-01-14 14:50:00,0.0,0.0,0.0,0.0,14,3,1,0
2021-01-14 14:51:00,2.0,0.08549999999999999,0.010606601717798208,0.0,14,3,1,0
2021-01-14 14:52:00,1.0,0.078,0.0,0.0,14,3,1,0
2021-01-14 14:53:00,2.0,0.093,0.0,0.0,14,3,1,0
2021-01-14 14:54:00,0.0,0.0,0.0,0.0,14,3,1,0
2021-01-14 14:55:00,0.0,0.0,0.0,0.0,14,3,1,0
2021-01-14 14:56:00,0.0,0.0,0.0,0.0,14,3,1,0
2021-01-14 14:57:00,0.0,0.0,0.0,0.0,14,3,1,0
2021-01-14 14:58:00,0.0,0.0,0.0,0.0,14,3,1,0
2021-01-14 14:59:00,0.0,0.0,0.0,0.0,14,3,1,0
2021-01-14 15:00:00,0.0,0.0,0.0,0.0,15,3,1,0
2021-01-14 15:01:00,0.0,0.0,0.0,0.0,15,3,1,0
2021-01-14 15:02:00,0.0,0.0,0.0,0.0,15,3,1,0
2021-01-14 15:03:00,0.0,0.0,0.0,0.0,15,3,1,0
2021-01-14 15:04:00,0.0,0.0,0.0,0.0,15,3,1,0
2021-01-14 15:05:00,0.0,0.0,0.0,0.0,15,3,1,0
2021-01-14 15:06:00,0.0,0.0,0.0,0.0,15,3,1,0
2021-01-14 15:07:00,0.0,0.0,0.0,0.0,15,3,1,0
2021-01-14 15:08:00,0.0,0.0,0.0,0.0,15,3,1,0
2021-01-14 15:09:00,5.0,0.2028,0.16701706499636498,1.0,15,3,1,0
2021-01-14 15:10:00,3.0,0.09333333333333334,0.015502687938977985,0.0,15,3,1,0
2021-01-14 15:11:00,5.0,0.10899999999999999,0.04493328387732194,0.0,15,3,1,0
2021-01-14 15:12:00,4.0,0.1085,0.0178978583448784,0.0,15,3,1,0
2021-01-14 15:13:00,3.0,0.10366666666666667,0.032347076117221686,0.0,15,3,1,0
2021-01-14 15:14:00,3.0,0.12466666666666666,0.027135462651912415,0.0,15,3,1,0
2021-01-14 15:15:00,6.0,0.09549999999999999,0.02317541801133262,0.0,15,3,1,0
2021-01-14 15:16:00,5.0,0.36479999999999996,0.5578895051889755,0.0,15,3,1,0
2021-01-14 15:17:00,4.0,0.10500000000000001,0.0445645599103144,0.0,15,3,1,0
2021-01-14 15:18:00,5.0,0.1182,0.04213905551860412,0.0,15,3,1,0
2021-01-14 15:19:00,5.0,0.2088,0.04904283841704107,0.0,15,3,1,0
2021-01-14 15:20:00,5.0,0.0926,0.02692210987274215,0.0,15,3,1,0
2021-01-14 15:21:00,7.0,0.144,0.07004760286167305,0.0,15,3,1,0
2021-01-14 15:22:00,4.0,0.0755,0.009433981132056605,0.0,15,3,1,0
2021-01-14 15:23:00,4.0,0.08925,0.007500000000000004,0.0,15,3,1,0
2021-01-14 15:24:00,3.0,0.08833333333333333,0.0178978583448784,0.0,15,3,1,0
2021-01-14 15:25:00,0.0,0.0,0.0,0.0,15,3,1,0
2021-01-14 15:26:00,0.0,0.0,0.0,0.0,15,3,1,0
2021-01-14 15:27:00,0.0,0.0,0.0,0.0,15,3,1,0
2021-01-14 15:28:00,2.0,0.08549999999999999,0.010606601717798208,0.0,15,3,1,0
2021-01-14 15:29:00,0.0,0.0,0.0,0.0,15,3,1,0
2021-01-14 15:30:00,1.0,0.093,0.0,0.0,15,3,1,0
2021-01-14 15:31:00,1.0,0.078,0.0,0.0,15,3,1,0
2021-01-14 15:32:00,2.0,0.08449999999999999,0.009192388155425111,0.0,15,3,1,0
2021-01-14 15:33:00,1.0,0.093,0.0,0.0,15,3,1,0
2021-01-14 15:34:00,2.0,0.132,0.05515432893255071,0.0,15,3,1,0
2021-01-14 15:35:00,1.0,0.109,0.0,0.0,15,3,1,0
2021-01-14 15:36:00,3.0,0.07833333333333332,0.002516611478423584,0.0,15,3,1,0
2021-01-14 15:37:00,2.0,0.1185,0.0134350288425444,0.0,15,3,1,0
2021-01-14 15:38:00,0.0,0.0,0.0,0.0,15,3,1,0
2021-01-14 15:39:00,2.0,0.11,0.024041630560342617,0.0,15,3,1,0
2021-01-14 15:40:00,1.0,0.08,0.0,0.0,15,3,1,0
2021-01-14 15:41:00,0.0,0.0,0.0,0.0,15,3,1,0
2021-01-14 15:42:00,2.0,0.093,0.0,0.0,15,3,1,0
2021-01-14 15:43:00,2.0,0.08549999999999999,0.010606601717798208,0.0,15,3,1,0
2021-01-14 15:44:00,3.0,0.13,0.023895606290697036,0.0,15,3,1,0
2021-01-14 15:45:00,1.0,0.078,0.0,0.0,15,3,1,0
2021-01-14 15:46:00,2.0,0.109,0.02262741699796952,0.0,15,3,1,0
2021-01-14 15:47:00,0.0,0.0,0.0,0.0,15,3,1,0
2021-01-14 15:48:00,0.0,0.0,0.0,0.0,15,3,1,0
2021-01-14 15:49:00,2.0,0.08549999999999999,0.010606601717798217,0.0,15,3,1,0
2021-01-14 15:50:00,0.0,0.0,0.0,0.0,15,3,1,0
2021-01-14 15:51:00,0.0,0.0,0.0,0.0,15,3,1,0
2021-01-14 15:52:00,4.0,0.097,0.019339079605813717,0.0,15,3,1,0
2021-01-14 15:53:00,2.0,0.094,0.0014142135623730963,0.0,15,3,1,0
2021-01-14 15:54:00,5.0,0.1488,0.10057932193050419,0.0,15,3,1,0
2021-01-14 15:55:00,7.0,0.10014285714285713,0.028280903871862446,0.0,15,3,1,0
2021-01-14 15:56:00,5.0,0.0996,0.017938784797192926,0.0,15,3,1,0
2021-01-14 15:57:00,6.0,0.11216666666666668,0.06105543928813113,0.0,15,3,1,0
2021-01-14 15:58:00,6.0,0.11166666666666668,0.04147609753420235,0.0,15,3,1,0
2021-01-14 15:59:00,5.0,0.10300000000000001,0.032434549480453705,0.0,15,3,1,0
2021-01-14 16:00:00,5.0,0.08399999999999999,0.008215838362577492,0.0,16,3,1,0
2021-01-14 16:01:00,5.0,0.1002,0.023402991261802415,0.0,16,3,1,0
2021-01-14 16:02:00,4.0,0.078,0.0,0.0,16,3,1,0
2021-01-14 16:03:00,2.0,0.0925,0.0007071067811865482,0.0,16,3,1,0
2021-01-14 16:04:00,4.0,0.08925,0.0075,0.0,16,3,1,0
2021-01-14 16:05:00,1.0,0.078,0.0,0.0,16,3,1,0
2021-01-14 16:06:00,5.0,0.0888,0.014166862743741116,0.0,16,3,1,0
2021-01-14 16:07:00,5.0,0.1068,0.02494393713911258,0.0,16,3,1,0
2021-01-14 16:08:00,4.0,0.097,0.008000000000000002,0.0,16,3,1,0
2021-01-14 16:09:00,7.0,0.08728571428571429,0.007319250547113999,0.0,16,3,1,0
2021-01-14 16:10:00,4.0,0.09625,0.013937359864766354,0.0,16,3,1,0
2021-01-14 16:11:00,6.0,0.09333333333333334,0.013866025626208353,0.0,16,3,1,0
2021-01-14 16:12:00,4.0,0.123,0.048435524153249344,0.0,16,3,1,0
2021-01-14 16:13:00,8.0,0.099375,0.02476712971431519,0.0,16,3,1,0
2021-01-14 16:14:00,5.0,0.1214,0.05551846539665879,0.0,16,3,1,0
2021-01-14 16:15:00,7.0,0.09171428571428572,0.02411579209919153,0.0,16,3,1,0
2021-01-14 16:16:00,7.0,0.091,0.018850287354131592,0.0,16,3,1,0
2021-01-14 16:17:00,4.0,0.14375,0.07473230002259174,0.0,16,3,1,0
2021-01-14 16:18:00,7.0,0.10857142857142857,0.02694968857493003,0.0,16,3,1,0
2021-01-14 16:19:00,5.0,0.0884,0.013049904214207857,0.0,16,3,1,0
2021-01-14 16:20:00,4.0,0.08625,0.018997806890972097,0.0,16,3,1,0
2021-01-14 16:21:00,6.0,0.09066666666666667,0.018250114154894123,0.0,16,3,1,0
2021-01-14 16:22:00,4.0,0.159,0.13194190640833814,0.0,16,3,1,0
2021-01-14 16:23:00,7.0,0.08885714285714286,0.006491753010001007,0.0,16,3,1,0
2021-01-14 16:24:00,5.0,0.0928,0.01167047556871613,0.0,16,3,1,0
2021-01-14 16:25:00,5.0,0.0878,0.009934787365615837,0.0,16,3,1,0
2021-01-14 16:26:00,5.0,0.0896,0.03271543978001824,0.0,16,3,1,0
2021-01-14 16:27:00,4.0,0.09625,0.02275045787085028,0.0,16,3,1,0
2021-01-14 16:28:00,4.0,0.09575,0.009142392101268323,0.0,16,3,1,0
2021-01-14 16:29:00,5.0,0.0998,0.026061465806819086,0.0,16,3,1,0
2021-01-14 16:30:00,4.0,0.09625,0.016640813281407454,0.0,16,3,1,0
2021-01-14 16:31:00,5.0,0.0902,0.012911235417263524,0.0,16,3,1,0
2021-01-14 16:32:00,5.0,0.087,0.008215838362577492,0.0,16,3,1,0
2021-01-14 16:33:00,4.0,0.08424999999999999,0.022141589825484524,0.0,16,3,1,0
2021-01-14 16:34:00,8.0,0.097625,0.029635584305743957,0.0,16,3,1,0
2021-01-14 16:35:00,4.0,0.09725,0.029364093720052057,0.0,16,3,1,0
2021-01-14 16:36:00,7.0,0.08728571428571429,0.014008500820505209,0.0,16,3,1,0
2021-01-14 16:37:00,6.0,0.13783333333333334,0.0870779344418933,0.0,16,3,1,0
2021-01-14 16:38:00,7.0,0.09985714285714287,0.017705258836746517,0.0,16,3,1,0
2021-01-14 16:39:00,6.0,0.10483333333333333,0.013151679233720182,0.0,16,3,1,0
2021-01-14 16:40:00,5.0,0.0902,0.012911235417263524,0.0,16,3,1,0
2021-01-14 16:41:00,7.0,0.10285714285714286,0.025829108717546904,0.0,16,3,1,0
2021-01-14 16:42:00,4.0,0.09325,0.033639015047015476,0.0,16,3,1,0
2021-01-14 16:43:00,2.0,0.078,0.0,0.0,16,3,1,0
2021-01-14 16:44:00,7.0,0.09071428571428572,0.022976178139646333,0.0,16,3,1,0
2021-01-14 16:45:00,8.0,0.09925,0.019159108240506092,0.0,16,3,1,0
2021-01-14 16:46:00,8.0,0.09325,0.016438195938553772,0.0,16,3,1,0
2021-01-14 16:47:00,6.0,0.11066666666666668,0.035080858978460985,0.0,16,3,1,0
2021-01-14 16:48:00,11.0,0.0920909090909091,0.01893385616008818,0.0,16,3,1,0
2021-01-14 16:49:00,13.0,0.09076923076923077,0.01645779372695424,0.0,16,3,1,0
2021-01-14 16:50:00,11.0,0.09381818181818181,0.009184967956592792,0.0,16,3,1,0
2021-01-14 16:51:00,11.0,0.09481818181818182,0.020163423230285984,0.0,16,3,1,0
2021-01-14 16:52:00,12.0,0.09716666666666667,0.016414147630146453,0.0,16,3,1,0
2021-01-14 16:53:00,12.0,0.09849999999999999,0.01905732977575343,0.0,16,3,1,0
2021-01-14 16:54:00,12.0,0.09849999999999999,0.03800837228343728,0.0,16,3,1,0
2021-01-14 16:55:00,11.0,0.0910909090909091,0.016176863388522176,0.0,16,3,1,0
2021-01-14 16:56:00,12.0,0.08516666666666667,0.014011899704655807,0.0,16,3,1,0
2021-01-14 16:57:00,11.0,0.09236363636363637,0.03095568680314726,0.0,16,3,1,0
2021-01-14 16:58:00,13.0,0.09192307692307693,0.023142534931958583,0.0,16,3,1,0
2021-01-14 16:59:00,14.0,0.08521428571428571,0.010363980312220198,0.0,16,3,1,0
2021-01-14 17:00:00,8.0,0.108875,0.03979029853045661,0.0,17,3,1,0
2021-01-14 17:01:00,11.0,0.09254545454545454,0.016741347833216035,0.0,17,3,1,0
2021-01-14 17:02:00,7.0,0.118,0.028319604517012594,0.0,17,3,1,0
2021-01-14 17:03:00,9.0,0.114,0.04060788100849391,0.0,17,3,1,0
2021-01-14 17:04:00,8.0,0.087125,0.011825366197893648,0.0,17,3,1,0
2021-01-14 17:05:00,10.0,0.0915,0.0135585151596085,0.0,17,3,1,0
2021-01-14 17:06:00,10.0,0.10600000000000001,0.028986586936412886,0.0,17,3,1,0
2021-01-14 17:07:00,11.0,0.12327272727272728,0.05711232950789333,0.0,17,3,1,0
2021-01-14 17:08:00,10.0,0.0819,0.0178851272787693,0.0,17,3,1,0
2021-01-14 17:09:00,11.0,0.0979090909090909,0.01923774698583254,0.0,17,3,1,0
2021-01-14 17:10:00,10.0,0.0901,0.016058573341918576,0.0,17,3,1,0
2021-01-14 17:11:00,12.0,0.10775,0.049737721189162955,0.0,17,3,1,0
2021-01-14 17:12:00,13.0,0.10307692307692308,0.03066882656830748,0.0,17,3,1,0
2021-01-14 17:13:00,16.0,0.087875,0.010959774936861923,0.0,17,3,1,0
2021-01-14 17:14:00,14.0,0.1015,0.025467173441057863,0.0,17,3,1,0
2021-01-14 17:15:00,12.0,0.09341666666666666,0.0201153868438762,0.0,17,3,1,0
2021-01-14 17:16:00,12.0,0.09999999999999999,0.02519740246352967,0.0,17,3,1,0
2021-01-14 17:17:00,10.0,0.10640000000000001,0.019710121483362014,0.0,17,3,1,0
2021-01-14 17:18:00,13.0,0.09315384615384616,0.012759611761636492,0.0,17,3,1,0
2021-01-14 17:19:00,11.0,0.09872727272727273,0.029010656349317262,0.0,17,3,1,0
2021-01-14 17:20:00,10.0,0.1197,0.027552172731423966,0.0,17,3,1,0
2021-01-14 17:21:00,9.0,0.131,0.030244834269673226,0.0,17,3,1,0
2021-01-14 17:22:00,12.0,0.11275,0.013625677631189242,0.0,17,3,1,0
2021-01-14 17:23:00,10.0,0.1127,0.013275290329530776,0.0,17,3,1,0
2021-01-14 17:24:00,11.0,0.11872727272727274,0.03168308984013683,0.0,17,3,1,0
2021-01-14 17:25:00,11.0,0.1159090909090909,0.03594844793716286,0.0,17,3,1,0
2021-01-14 17:26:00,14.0,0.12085714285714286,0.05670145452327432,0.0,17,3,1,0
2021-01-14 17:27:00,10.0,0.13140000000000002,0.028060252632108963,0.0,17,3,1,0
2021-01-14 17:28:00,11.0,0.11163636363636363,0.013588765413183993,0.0,17,3,1,0
2021-01-14 17:29:00,10.0,0.1182,0.020975117533772143,0.0,17,3,1,0
2021-01-14 17:30:00,8.0,0.11349999999999999,0.014995237339140141,0.0,17,3,1,0
2021-01-14 17:31:00,9.0,0.10888888888888888,0.013568754958031748,0.0,17,3,1,0
2021-01-14 17:32:00,8.0,0.118875,0.014505540813279398,0.0,17,3,1,0
2021-01-14 17:33:00,9.0,0.10755555555555556,0.015709162223930904,0.0,17,3,1,0
2021-01-14 17:34:00,10.0,0.1183,0.021669486995927398,0.0,17,3,1,0
2021-01-14 17:35:00,12.0,0.11958333333333333,0.026217476244025865,0.0,17,3,1,0
2021-01-14 17:36:00,12.0,0.08566666666666667,0.008227816824466239,0.0,17,3,1,0
2021-01-14 17:37:00,11.0,0.10363636363636362,0.043248751952565584,0.0,17,3,1,0
2021-01-14 17:38:00,12.0,0.09733333333333333,0.023090073952924343,0.0,17,3,1,0
2021-01-14 17:39:00,9.0,0.09977777777777778,0.022443138025785177,0.0,17,3,1,0
2021-01-14 17:40:00,14.0,0.12571428571428572,0.059162655283715754,0.0,17,3,1,0
2021-01-14 17:41:00,15.0,0.10153333333333334,0.026237559410309565,0.0,17,3,1,0
2021-01-14 17:42:00,9.0,0.08811111111111111,0.01084486565666496,0.0,17,3,1,0
2021-01-14 17:43:00,12.0,0.09941666666666667,0.030595478968849846,0.0,17,3,1,0
2021-01-14 17:44:00,11.0,0.121,0.040762728073572306,0.0,17,3,1,0
2021-01-14 17:45:00,8.0,0.114,0.038280916543737185,0.0,17,3,1,0
2021-01-14 17:46:00,7.0,0.09557142857142857,0.028477225654062247,0.0,17,3,1,0
2021-01-14 17:47:00,7.0,0.10442857142857143,0.028430366059650273,0.0,17,3,1,0
2021-01-14 17:48:00,9.0,0.10466666666666666,0.03285954960129551,0.0,17,3,1,0
2021-01-14 17:49:00,12.0,0.09649999999999999,0.02824084727031849,0.0,17,3,1,0
2021-01-14 17:50:00,14.0,0.11178571428571428,0.06499488568214552,0.0,17,3,1,0
2021-01-14 17:51:00,13.0,0.09807692307692308,0.02029557233512414,0.0,17,3,1,0
2021-01-14 17:52:00,10.0,0.08249999999999999,0.014819281733981277,0.0,17,3,1,0
2021-01-14 17:53:00,10.0,0.1159,0.04759890288184756,0.0,17,3,1,0
2021-01-14 17:54:00,9.0,0.10433333333333333,0.03538361202590826,0.0,17,3,1,0
2021-01-14 17:55:00,7.0,0.10685714285714286,0.03695686030779027,0.0,17,3,1,0
2021-01-14 17:56:00,9.0,0.10200000000000001,0.036024297356090106,0.0,17,3,1,0
2021-01-14 17:57:00,7.0,0.09542857142857143,0.018599795185764306,0.0,17,3,1,0
2021-01-14 17:58:00,8.0,0.1195,0.07714920608794364,0.0,17,3,1,0
2021-01-14 17:59:00,9.0,0.09555555555555556,0.034996825252839404,0.0,17,3,1,0
2021-01-14 18:00:00,7.0,0.10671428571428572,0.028099313667266475,0.0,18,3,0,0
2021-01-14 18:01:00,9.0,0.1421111111111111,0.07615353643207327,0.0,18,3,0,0
2021-01-14 18:02:00,6.0,0.1705,0.10925886691706078,0.0,18,3,0,0
2021-01-14 18:03:00,7.0,0.11342857142857143,0.011716898663286048,0.0,18,3,0,0
2021-01-14 18:04:00,9.0,0.12455555555555556,0.04211920913048794,0.0,18,3,0,0
2021-01-14 18:05:00,7.0,0.12,0.0438672239073016,0.0,18,3,0,0
2021-01-14 18:06:00,6.0,0.12716666666666668,0.023077405977853467,0.0,18,3,0,0
2021-01-14 18:07:00,7.0,0.11271428571428573,0.0112652013699162,0.0,18,3,0,0
2021-01-14 18:08:00,8.0,0.128875,0.0322509689776912,0.0,18,3,0,0
2021-01-14 18:09:00,8.0,0.09425,0.01453812721285458,0.0,18,3,0,0
2021-01-14 18:10:00,9.0,0.08855555555555555,0.009166666666666665,0.0,18,3,0,0
2021-01-14 18:11:00,9.0,0.0921111111111111,0.021485136981436986,0.0,18,3,0,0
2021-01-14 18:12:00,7.0,0.09614285714285715,0.03633835701398993,0.0,18,3,0,0
2021-01-14 18:13:00,8.0,0.0925,0.01344831375515692,0.0,18,3,0,0
2021-01-14 18:14:00,8.0,0.101125,0.0220741445393215,0.0,18,3,0,0
2021-01-14 18:15:00,8.0,0.110625,0.027186853440587785,0.0,18,3,0,0
2021-01-14 18:16:00,9.0,0.0901111111111111,0.009841804260963084,0.0,18,3,0,0
2021-01-14 18:17:00,7.0,0.09571428571428571,0.025137715924577586,0.0,18,3,0,0
2021-01-14 18:18:00,7.0,0.11371428571428573,0.03733503397487087,0.0,18,3,0,0
2021-01-14 18:19:00,9.0,0.08955555555555555,0.016531115442636583,0.0,18,3,0,0
2021-01-14 18:20:00,9.0,0.09911111111111111,0.029654023523142878,0.0,18,3,0,0
2021-01-14 18:21:00,10.0,0.0996,0.02960930784586345,0.0,18,3,0,0
2021-01-14 18:22:00,7.0,0.09571428571428572,0.022918073549888417,0.0,18,3,0,0
2021-01-14 18:23:00,7.0,0.09557142857142857,0.03400420142108493,0.0,18,3,0,0
2021-01-14 18:24:00,9.0,0.11622222222222223,0.030942599186953326,0.0,18,3,0,0
2021-01-14 18:25:00,7.0,0.13128571428571428,0.025144345194060943,0.0,18,3,0,0
2021-01-14 18:26:00,6.0,0.10366666666666667,0.01594574133324213,0.0,18,3,0,0
2021-01-14 18:27:00,5.0,0.1416,0.03340359262115379,0.0,18,3,0,0
2021-01-14 18:28:00,7.0,0.10957142857142857,0.02363512317757298,0.0,18,3,0,0
2021-01-14 18:29:00,8.0,0.112875,0.03815171780442621,0.0,18,3,0,0
2021-01-14 18:30:00,8.0,0.116875,0.034778636710322205,0.0,18,3,0,0
2021-01-14 18:31:00,8.0,0.097125,0.03192597464671764,0.0,18,3,0,0
2021-01-14 18:32:00,8.0,0.09525,0.023992558370104205,0.0,18,3,0,0
2021-01-14 18:33:00,6.0,0.09083333333333334,0.024822704660585778,0.0,18,3,0,0
2021-01-14 18:34:00,7.0,0.11585714285714285,0.037154759997558726,0.0,18,3,0,0
2021-01-14 18:35:00,7.0,0.0972857142857143,0.013864995320521935,0.0,18,3,0,0
2021-01-14 18:36:00,7.0,0.09557142857142857,0.01675168790358296,0.0,18,3,0,0
2021-01-14 18:37:00,9.0,0.08855555555555555,0.013125462954798118,0.0,18,3,0,0
2021-01-14 18:38:00,7.0,0.08628571428571429,0.015359191446972785,0.0,18,3,0,0
2021-01-14 18:39:00,7.0,0.09871428571428571,0.01679994331056195,0.0,18,3,0,0
2021-01-14 18:40:00,7.0,0.11314285714285714,0.030846007691047977,0.0,18,3,0,0
2021-01-14 18:41:00,7.0,0.15057142857142858,0.10594787577366704,0.0,18,3,0,0
2021-01-14 18:42:00,6.0,0.09599999999999999,0.01525778489820852,0.0,18,3,0,0
2021-01-14 18:43:00,6.0,0.09733333333333334,0.02863331393092087,0.0,18,3,0,0
2021-01-14 18:44:00,5.0,0.1436,0.07351054346146545,0.0,18,3,0,0
2021-01-14 18:45:00,8.0,0.119,0.05914147686450082,0.0,18,3,0,0
2021-01-14 18:46:00,8.0,0.087,0.01453075555994447,0.0,18,3,0,0
2021-01-14 18:47:00,7.0,0.123,0.034375378785791826,0.0,18,3,0,0
2021-01-14 18:48:00,6.0,0.11416666666666668,0.057648648437467004,0.0,18,3,0,0
2021-01-14 18:49:00,8.0,0.15912500000000002,0.1644275241992219,0.0,18,3,0,0
2021-01-14 18:50:00,5.0,0.094,0.022079402165819616,0.0,18,3,0,0
2021-01-14 18:51:00,6.0,0.09599999999999999,0.03029851481508623,0.0,18,3,0,0
2021-01-14 18:52:00,7.0,0.10428571428571429,0.025004761451333533,0.0,18,3,0,0
2021-01-14 18:53:00,6.0,0.10616666666666667,0.022850966427411048,0.0,18,3,0,0
2021-01-14 18:54:00,7.0,0.08671428571428572,0.012106668764421884,0.0,18,3,0,0
2021-01-14 18:55:00,7.0,0.09542857142857143,0.010768118728560759,0.0,18,3,0,0
2021-01-14 18:56:00,6.0,0.10383333333333333,0.021329947648005766,0.0,18,3,0,0
2021-01-14 18:57:00,6.0,0.09583333333333333,0.01173740459670138,0.0,18,3,0,0
2021-01-14 18:58:00,5.0,0.09659999999999999,0.017672011770027772,0.0,18,3,0,0
2021-01-14 18:59:00,4.0,0.10475000000000001,0.03148941621137702,0.0,18,3,0,0
2021-01-14 19:00:00,5.0,0.092,0.017435595774162697,0.0,19,3,0,0
2021-01-14 19:01:00,9.0,0.11944444444444444,0.06248021909194765,0.0,19,3,0,0
2021-01-14 19:02:00,6.0,0.08800000000000001,0.007745966692414829,0.0,19,3,0,0
2021-01-14 19:03:00,6.0,0.11066666666666668,0.009750213672872338,0.0,19,3,0,0
2021-01-14 19:04:00,7.0,0.08642857142857142,0.01784056373228475,0.0,19,3,0,0
2021-01-14 19:05:00,6.0,0.09116666666666667,0.014905256343540915,0.0,19,3,0,0
2021-01-14 19:06:00,7.0,0.10457142857142857,0.01616433463789074,0.0,19,3,0,0
2021-01-14 19:07:00,7.0,0.08842857142857143,0.0062678317052800876,0.0,19,3,0,0
2021-01-14 19:08:00,6.0,0.12466666666666666,0.04426586344652804,0.0,19,3,0,0
2021-01-14 19:09:00,8.0,0.107375,0.015927850720402568,0.0,19,3,0,0
2021-01-14 19:10:00,5.0,0.09419999999999999,0.01889973544788392,0.0,19,3,0,0
2021-01-14 19:11:00,7.0,0.10914285714285714,0.042776272906946015,0.0,19,3,0,0
2021-01-14 19:12:00,7.0,0.11514285714285714,0.037186146934167885,0.0,19,3,0,0
2021-01-14 19:13:00,8.0,0.092,0.01677583295781677,0.0,19,3,0,0
2021-01-14 19:14:00,7.0,0.11185714285714286,0.05900968443520824,0.0,19,3,0,0
2021-01-14 19:15:00,7.0,0.11242857142857143,0.051231035980341524,0.0,19,3,0,0
2021-01-14 19:16:00,6.0,0.08850000000000001,0.012549900398011134,0.0,19,3,0,0
2021-01-14 19:17:00,6.0,0.09333333333333334,0.024013884872437174,0.0,19,3,0,0
2021-01-14 19:18:00,7.0,0.142,0.10453229166147655,0.0,19,3,0,0
2021-01-14 19:19:00,5.0,0.11299999999999999,0.040920654931220254,0.0,19,3,0,0
2021-01-14 19:20:00,6.0,0.09333333333333334,0.017165857586111645,0.0,19,3,0,0
2021-01-14 19:21:00,7.0,0.10871428571428572,0.03473573705237056,0.0,19,3,0,0
2021-01-14 19:22:00,5.0,0.10900000000000001,0.053080128108360866,0.0,19,3,0,0
2021-01-14 19:23:00,5.0,0.1202,0.0394170014080219,0.0,19,3,0,0
2021-01-14 19:24:00,6.0,0.09516666666666666,0.010888832199398922,0.0,19,3,0,0
2021-01-14 19:25:00,5.0,0.0958,0.016021860066796244,0.0,19,3,0,0
2021-01-14 19:26:00,5.0,0.0886,0.01510959959760681,0.0,19,3,0,0
2021-01-14 19:27:00,5.0,0.0996,0.03240833226193535,0.0,19,3,0,0
2021-01-14 19:28:00,6.0,0.09916666666666667,0.04342080914338961,0.0,19,3,0,0
2021-01-14 19:29:00,6.0,0.1195,0.048169492419995456,0.0,19,3,0,0
2021-01-14 19:30:00,5.0,0.1244,0.07908413241605423,0.0,19,3,0,0
2021-01-14 19:31:00,3.0,0.08366666666666667,0.010692676621563625,0.0,19,3,0,0
2021-01-14 19:32:00,5.0,0.0868,0.017683325479106015,0.0,19,3,0,0
2021-01-14 19:33:00,5.0,0.36439999999999995,0.58259273939863,0.0,19,3,0,0
2021-01-14 19:34:00,7.0,0.10171428571428572,0.02364116667816464,0.0,19,3,0,0
2021-01-14 19:35:00,4.0,0.09875,0.02818244134208391,0.0,19,3,0,0
2021-01-14 19:36:00,3.0,0.11299999999999999,0.00964365076099295,0.0,19,3,0,0
2021-01-14 19:37:00,4.0,0.09325,0.012658988901172164,0.0,19,3,0,0
2021-01-14 19:38:00,2.0,0.0925,0.02333452377915607,0.0,19,3,0,0
2021-01-14 19:39:00,2.0,0.08549999999999999,0.010606601717798208,0.0,19,3,0,0
2021-01-14 19:40:00,5.0,0.1,0.03457600323924094,0.0,19,3,0,0
2021-01-14 19:41:00,6.0,0.10883333333333334,0.05393112892075102,0.0,19,3,0,0
2021-01-14 19:42:00,3.0,0.09333333333333334,0.01550268793897798,0.0,19,3,0,0
2021-01-14 19:43:00,3.0,0.08800000000000001,0.008660254037844385,0.0,19,3,0,0
2021-01-14 19:44:00,4.0,0.10525,0.03685444342274076,0.0,19,3,0,0
2021-01-14 19:45:00,4.0,0.08175,0.007499999999999994,0.0,19,3,0,0
2021-01-14 19:46:00,6.0,0.103,0.02449489742783178,0.0,19,3,0,0
2021-01-14 19:47:00,6.0,0.09533333333333333,0.011944315244779282,0.0,19,3,0,0
2021-01-14 19:48:00,7.0,0.09114285714285715,0.0186764430181318,0.0,19,3,0,0
2021-01-14 19:49:00,7.0,0.13085714285714287,0.0732926293962055,0.0,19,3,0,0
2021-01-14 19:50:00,9.0,0.12155555555555557,0.035983020687232165,0.0,19,3,0,0
2021-01-14 19:51:00,5.0,0.0994,0.023607202290826423,0.0,19,3,0,0
2021-01-14 19:52:00,6.0,0.1055,0.025626158510397148,0.0,19,3,0,0
2021-01-14 19:53:00,7.0,0.107,0.03057776970284131,0.0,19,3,0,0
2021-01-14 19:54:00,5.0,0.0964,0.01725688268488837,0.0,19,3,0,0
2021-01-14 19:55:00,4.0,0.0895,0.01479864858694874,0.0,19,3,0,0
2021-01-14 19:56:00,5.0,0.1042,0.010733126291998994,0.0,19,3,0,0
2021-01-14 19:57:00,6.0,0.08983333333333333,0.01904118343661094,0.0,19,3,0,0
2021-01-14 19:58:00,6.0,0.09333333333333334,0.013866025626208351,0.0,19,3,0,0
2021-01-14 19:59:00,6.0,0.08850000000000001,0.017259779836371034,0.0,19,3,0,0
2021-01-14 20:00:00,5.0,0.16499999999999998,0.12870314681467585,0.0,20,3,0,0
2021-01-14 20:01:00,5.0,0.1212,0.07173701973179539,0.0,20,3,0,0
2021-01-14 20:02:00,7.0,0.08842857142857143,0.011501552690211627,0.0,20,3,0,0
2021-01-14 20:03:00,7.0,0.08742857142857142,0.008922950611711779,0.0,20,3,0,0
2021-01-14 20:04:00,6.0,0.08600000000000001,0.015139352694220455,0.0,20,3,0,0
2021-01-14 20:05:00,8.0,0.1265,0.04128645575211596,0.0,20,3,0,0
2021-01-14 20:06:00,5.0,0.1342,0.0643793445135938,0.0,20,3,0,0
2021-01-14 20:07:00,7.0,0.09428571428571429,0.01290625540470313,0.0,20,3,0,0
2021-01-14 20:08:00,7.0,0.11171428571428572,0.05708681775948597,0.0,20,3,0,0
2021-01-14 20:09:00,6.0,0.1025,0.020849460424672867,0.0,20,3,0,0
2021-01-14 20:10:00,5.0,0.0934,0.015501612819316576,0.0,20,3,0,0
2021-01-14 20:11:00,4.0,0.08549999999999999,0.008660254037844383,0.0,20,3,0,0
2021-01-14 20:12:00,4.0,0.08625,0.009604686356149271,0.0,20,3,0,0
2021-01-14 20:13:00,4.0,0.08225,0.0072284161474004795,0.0,20,3,0,0
2021-01-14 20:14:00,4.0,0.0975,0.01948503699423398,0.0,20,3,0,0
2021-01-14 20:15:00,3.0,0.08333333333333333,0.008386497083606084,0.0,20,3,0,0
2021-01-14 20:16:00,3.0,0.16166666666666665,0.13213755459116586,0.0,20,3,0,0
2021-01-14 20:17:00,2.0,0.08549999999999999,0.010606601717798208,0.0,20,3,0,0
2021-01-14 20:18:00,4.0,0.10725,0.023725864929790588,0.0,20,3,0,0
2021-01-14 20:19:00,7.0,0.09057142857142857,0.01666190408143822,0.0,20,3,0,0
2021-01-14 20:20:00,5.0,0.1028,0.04751526070642989,0.0,20,3,0,0
2021-01-14 20:21:00,4.0,0.109,0.052478567053607705,0.0,20,3,0,0
2021-01-14 20:22:00,4.0,0.10775,0.011116804097101526,0.0,20,3,0,0
2021-01-14 20:23:00,6.0,0.11266666666666665,0.032836971033678886,0.0,20,3,0,0
2021-01-14 20:24:00,3.0,0.083,0.008660254037844385,0.0,20,3,0,0
2021-01-14 20:25:00,4.0,0.1255,0.04680811895387381,0.0,20,3,0,0
2021-01-14 20:26:00,3.0,0.08433333333333333,0.0077674534651540235,0.0,20,3,0,0
2021-01-14 20:27:00,5.0,0.0964,0.013030732903409545,0.0,20,3,0,0
2021-01-14 20:28:00,5.0,0.0888,0.015786069808536897,0.0,20,3,0,0
2021-01-14 20:29:00,5.0,0.093,0.0,0.0,20,3,0,0
2021-01-14 20:30:00,5.0,0.1026,0.008763560920082658,0.0,20,3,0,0
2021-01-14 20:31:00,3.0,0.08800000000000001,0.018193405398660253,0.0,20,3,0,0
2021-01-14 20:32:00,7.0,0.08328571428571428,0.011557310611531929,0.0,20,3,0,0
2021-01-14 20:33:00,5.0,0.1366,0.11451113482976231,0.0,20,3,0,0
2021-01-14 20:34:00,3.0,0.08833333333333333,0.0178978583448784,0.0,20,3,0,0
2021-01-14 20:35:00,4.0,0.0925,0.02027313493271329,0.0,20,3,0,0
2021-01-14 20:36:00,6.0,0.10149999999999999,0.029991665508937646,0.0,20,3,0,0
2021-01-14 20:37:00,4.0,0.10475,0.014885675440951051,0.0,20,3,0,0
2021-01-14 20:38:00,5.0,0.09259999999999999,0.011058933040759403,0.0,20,3,0,0
2021-01-14 20:39:00,5.0,0.1078,0.012833549781724464,0.0,20,3,0,0
2021-01-14 20:40:00,5.0,0.0848,0.009418067742376884,0.0,20,3,0,0
2021-01-14 20:41:00,5.0,0.09040000000000001,0.01697939928266015,0.0,20,3,0,0
2021-01-14 20:42:00,5.0,0.0902,0.012911235417263524,0.0,20,3,0,0
2021-01-14 20:43:00,4.0,0.09325,0.012658988901172162,0.0,20,3,0,0
2021-01-14 20:44:00,3.0,0.109,0.04138840417314976,0.0,20,3,0,0
2021-01-14 20:45:00,4.0,0.0915,0.009949874371066198,0.0,20,3,0,0
2021-01-14 20:46:00,4.0,0.16,0.1458058069259703,0.0,20,3,0,0
2021-01-14 20:47:00,5.0,0.1522,0.10420748533574736,0.0,20,3,0,0
2021-01-14 20:48:00,3.0,0.08800000000000001,0.008660254037844385,0.0,20,3,0,0
2021-01-14 20:49:00,7.0,0.10771428571428572,0.03509375198766055,0.0,20,3,0,0
2021-01-14 20:50:00,5.0,0.125,0.05138579570270368,0.0,20,3,0,0
2021-01-14 20:51:00,4.0,0.09725,0.01980530232033836,0.0,20,3,0,0
2021-01-14 20:52:00,6.0,0.08816666666666667,0.012576432986608991,0.0,20,3,0,0
2021-01-14 20:53:00,4.0,0.162,0.15815814869933198,0.0,20,3,0,0
2021-01-14 20:54:00,5.0,0.087,0.00821583836257749,0.0,20,3,0,0
2021-01-14 20:55:00,3.0,0.11666666666666668,0.06697263122599659,0.0,20,3,0,0
2021-01-14 20:56:00,6.0,0.10816666666666667,0.033415066462101586,0.0,20,3,0,0
2021-01-14 20:57:00,6.0,0.09349999999999999,0.01976613265158362,0.0,20,3,0,0
2021-01-14 20:58:00,6.0,0.08416666666666667,0.010107752800037534,0.0,20,3,0,0
2021-01-14 20:59:00,4.0,0.08775,0.014660036380127665,0.0,20,3,0,0
2021-01-14 21:00:00,5.0,0.0896,0.01158878768465451,0.0,21,3,0,0
2021-01-14 21:01:00,3.0,0.09833333333333333,0.023459184413217208,0.0,21,3,0,0
2021-01-14 21:02:00,4.0,0.0815,0.014798648586948744,0.0,21,3,0,0
2021-01-14 21:03:00,2.0,0.101,0.011313708498984755,0.0,21,3,0,0
2021-01-14 21:04:00,2.0,0.08549999999999999,0.010606601717798217,0.0,21,3,0,0
2021-01-14 21:05:00,4.0,0.11375,0.05289218593831544,0.0,21,3,0,0
2021-01-14 21:06:00,6.0,0.08900000000000001,0.009695359714832657,0.0,21,3,0,0
2021-01-14 21:07:00,4.0,0.0895,0.01479864858694874,0.0,21,3,0,0
2021-01-14 21:08:00,1.0,0.093,0.0,0.0,21,3,0,0
2021-01-14 21:09:00,3.0,0.08900000000000001,0.006928203230275506,0.0,21,3,0,0
2021-01-14 21:10:00,1.0,0.093,0.0,0.0,21,3,0,0
2021-01-14 21:11:00,5.0,0.09040000000000001,0.01268069398731789,0.0,21,3,0,0
2021-01-14 21:12:00,2.0,0.134,0.05374011537017761,0.0,21,3,0,0
2021-01-14 21:13:00,5.0,0.0938,0.01882020191177555,0.0,21,3,0,0
2021-01-14 21:14:00,1.0,0.109,0.0,0.0,21,3,0,0
2021-01-14 21:15:00,2.0,0.135,0.05091168824543143,0.0,21,3,0,0
2021-01-14 21:16:00,4.0,0.10475,0.014885675440951047,0.0,21,3,0,0
2021-01-14 21:17:00,4.0,0.078,0.0,0.0,21,3,0,0
2021-01-14 21:18:00,2.0,0.109,0.0,0.0,21,3,0,0
2021-01-14 21:19:00,3.0,0.10366666666666667,0.018475208614068022,0.0,21,3,0,0
2021-01-14 21:20:00,7.0,0.10457142857142857,0.017548572048813,0.0,21,3,0,0
2021-01-14 21:21:00,8.0,0.097375,0.028635330325615993,0.0,21,3,0,0
2021-01-14 21:22:00,8.0,0.089125,0.018434730421524635,0.0,21,3,0,0
2021-01-14 21:23:00,6.0,0.1085,0.014096098751072936,0.0,21,3,0,0
2021-01-14 21:24:00,9.0,0.09355555555555556,0.04210733638901632,0.0,21,3,0,0
2021-01-14 21:25:00,10.0,0.09,0.00632455532033676,0.0,21,3,0,0
2021-01-14 21:26:00,10.0,0.0872,0.007941452428030196,0.0,21,3,0,0
2021-01-14 21:27:00,8.0,0.08975,0.011841211327997049,0.0,21,3,0,0
2021-01-14 21:28:00,11.0,0.09099999999999998,0.016546903033498442,0.0,21,3,0,0
2021-01-14 21:29:00,9.0,0.09177777777777779,0.03758250183854774,0.0,21,3,0,0
2021-01-14 21:30:00,10.0,0.0985,0.027383084803092102,0.0,21,3,0,0
2021-01-14 21:31:00,11.0,0.1100909090909091,0.04413944844570341,0.0,21,3,0,0
2021-01-14 21:32:00,11.0,0.08672727272727272,0.013711972207460963,0.0,21,3,0,0
2021-01-14 21:33:00,7.0,0.09114285714285715,0.022674718457852072,0.0,21,3,0,0
2021-01-14 21:34:00,8.0,0.1045,0.02256419413900832,0.0,21,3,0,0
2021-01-14 21:35:00,9.0,0.08688888888888889,0.020514899734366515,0.0,21,3,0,0
2021-01-14 21:36:00,11.0,0.08445454545454546,0.01059588256223743,0.0,21,3,0,0
2021-01-14 21:37:00,13.0,0.09461538461538462,0.016101441247801707,0.0,21,3,0,0
2021-01-14 21:38:00,12.0,0.09866666666666667,0.05850148923253358,0.0,21,3,0,0
2021-01-14 21:39:00,11.0,0.10718181818181818,0.03880674730460718,0.0,21,3,0,0
2021-01-14 21:40:00,11.0,0.086,0.011610340218959994,0.0,21,3,0,0
2021-01-14 21:41:00,10.0,0.0859,0.011249197502241855,0.0,21,3,0,0
2021-01-14 21:42:00,12.0,0.11833333333333333,0.08322951108321804,0.0,21,3,0,0
2021-01-14 21:43:00,6.0,0.10316666666666667,0.05734951322083447,0.0,21,3,0,0
2021-01-14 21:44:00,6.0,0.1205,0.04824417063231578,0.0,21,3,0,0
2021-01-14 21:45:00,10.0,0.09409999999999999,0.02465067048896552,0.0,21,3,0,0
2021-01-14 21:46:00,13.0,0.13615384615384615,0.09009702747024653,0.0,21,3,0,0
2021-01-14 21:47:00,12.0,0.09083333333333334,0.032481696477564194,0.0,21,3,0,0
2021-01-14 21:48:00,12.0,0.09591666666666666,0.02816980437965231,0.0,21,3,0,0
2021-01-14 21:49:00,12.0,0.10241666666666667,0.03158670126761731,0.0,21,3,0,0
2021-01-14 21:50:00,11.0,0.08936363636363637,0.01983568868112589,0.0,21,3,0,0
2021-01-14 21:51:00,10.0,0.08940000000000001,0.012303567684935042,0.0,21,3,0,0
2021-01-14 21:52:00,10.0,0.1028,0.041195469006514135,0.0,21,3,0,0
2021-01-14 21:53:00,7.0,0.09285714285714286,0.022296700588716203,0.0,21,3,0,0
2021-01-14 21:54:00,10.0,0.1157,0.07246002729474753,0.0,21,3,0,0
2021-01-14 21:55:00,10.0,0.0839,0.010723287224022719,0.0,21,3,0,0
2021-01-14 21:56:00,14.0,0.08628571428571429,0.012123902465337266,0.0,21,3,0,0
2021-01-14 21:57:00,13.0,0.08638461538461538,0.022314190035111668,0.0,21,3,0,0
2021-01-14 21:58:00,13.0,0.09576923076923077,0.023896142806437214,0.0,21,3,0,0
2021-01-14 21:59:00,13.0,0.091,0.02682970990028281,0.0,21,3,0,0
2021-01-14 22:00:00,14.0,0.10564285714285715,0.06453574697299658,0.0,22,3,0,0
2021-01-14 22:01:00,15.0,0.09793333333333334,0.02589943922908279,0.0,22,3,0,0
2021-01-14 22:02:00,14.0,0.08692857142857144,0.010759355755050404,0.0,22,3,0,0
2021-01-14 22:03:00,12.0,0.09133333333333334,0.02247557596929421,0.0,22,3,0,0
2021-01-14 22:04:00,12.0,0.08841666666666666,0.01393790341174567,0.0,22,3,0,0
2021-01-14 22:05:00,14.0,0.09914285714285713,0.03542458325656209,0.0,22,3,0,0
2021-01-14 22:06:00,13.0,0.092,0.022263572639328724,0.0,22,3,0,0
2021-01-14 22:07:00,14.0,0.11678571428571428,0.04440751594637413,0.0,22,3,0,0
2021-01-14 22:08:00,13.0,0.09238461538461538,0.013567967555597396,0.0,22,3,0,0
2021-01-14 22:09:00,15.0,0.08593333333333333,0.013624907164384472,0.0,22,3,0,0
2021-01-14 22:10:00,14.0,0.08664285714285715,0.013176944567382382,0.0,22,3,0,0
2021-01-14 22:11:00,18.0,0.11822222222222223,0.09728645123947756,0.0,22,3,0,0
2021-01-14 22:12:00,17.0,0.08323529411764706,0.01978487241481704,0.0,22,3,0,0
2021-01-14 22:13:00,12.0,0.0835,0.01751622624363427,0.0,22,3,0,0
2021-01-14 22:14:00,16.0,0.111125,0.08193483182790252,0.0,22,3,0,0
2021-01-14 22:15:00,15.0,0.10473333333333333,0.025381282942544964,0.0,22,3,0,0
2021-01-14 22:16:00,15.0,0.0944,0.02590587357558679,0.0,22,3,0,0
2021-01-14 22:17:00,14.0,0.08628571428571429,0.013199234077012966,0.0,22,3,0,0
2021-01-14 22:18:00,12.0,0.09549999999999999,0.0300257465276961,0.0,22,3,0,0
2021-01-14 22:19:00,12.0,0.09600000000000002,0.04506560873780683,0.0,22,3,0,0
2021-01-14 22:20:00,10.0,0.09140000000000001,0.01748777350671669,0.0,22,3,0,0
2021-01-14 22:21:00,11.0,0.09927272727272728,0.02542868816549886,0.0,22,3,0,0
2021-01-14 22:22:00,11.0,0.08554545454545455,0.010289447374505946,0.0,22,3,0,0
2021-01-14 22:23:00,10.0,0.0939,0.025778759559847805,0.0,22,3,0,0
2021-01-14 22:24:00,11.0,0.14281818181818182,0.10640659583110268,0.0,22,3,0,0
2021-01-14 22:25:00,10.0,0.1016,0.02568700492899517,0.0,22,3,0,0
2021-01-14 22:26:00,10.0,0.0957,0.016316658154577283,0.0,22,3,0,0
2021-01-14 22:27:00,11.0,0.0900909090909091,0.017812661482521613,0.0,22,3,0,0
2021-01-14 22:28:00,9.0,0.10555555555555556,0.04984252980916778,0.0,22,3,0,0
2021-01-14 22:29:00,10.0,0.0888,0.01013026269265621,0.0,22,3,0,0
2021-01-14 22:30:00,11.0,0.11263636363636365,0.03765972046437076,0.0,22,3,0,0
2021-01-14 22:31:00,10.0,0.1449,0.10297405282669783,0.0,22,3,0,0
2021-01-14 22:32:00,11.0,0.08772727272727272,0.012474701672512327,0.0,22,3,0,0
2021-01-14 22:33:00,7.0,0.09528571428571429,0.01384093308167584,0.0,22,3,0,0
2021-01-14 22:34:00,7.0,0.092,0.01021436896402971,0.0,22,3,0,0
2021-01-14 22:35:00,11.0,0.09327272727272727,0.03270501768564239,0.0,22,3,0,0
2021-01-14 22:36:00,10.0,0.0861,0.007489993324429604,0.0,22,3,0,0
2021-01-14 22:37:00,8.0,0.089,0.011351526014467962,0.0,22,3,0,0
2021-01-14 22:38:00,11.0,0.09672727272727273,0.031604084891326656,0.0,22,3,0,0
2021-01-14 22:39:00,9.0,0.09844444444444445,0.033993054846214954,0.0,22,3,0,0
2021-01-14 22:40:00,10.0,0.0886,0.014736198816369016,0.0,22,3,0,0
2021-01-14 22:41:00,8.0,0.11474999999999999,0.08004596893571307,0.0,22,3,0,0
2021-01-14 22:42:00,7.0,0.08671428571428572,0.012106668764421886,0.0,22,3,0,0
2021-01-14 22:43:00,7.0,0.09999999999999999,0.0174928556845359,0.0,22,3,0,0
2021-01-14 22:44:00,5.0,0.10900000000000001,0.024667792767088026,0.0,22,3,0,0
2021-01-14 22:45:00,1.0,0.094,0.0,0.0,22,3,0,0
2021-01-14 22:46:00,2.0,0.11699999999999999,0.011313708498984765,0.0,22,3,0,0
2021-01-14 22:47:00,1.0,0.093,0.0,0.0,22,3,0,0
2021-01-14 22:48:00,1.0,0.085,0.0,0.0,22,3,0,0
2021-01-14 22:49:00,2.0,0.1245,0.044547727214752496,0.0,22,3,0,0
2021-01-14 22:50:00,4.0,0.101,0.01988299105600898,0.0,22,3,0,0
2021-01-14 22:51:00,2.0,0.109,0.0,0.0,22,3,0,0
2021-01-14 22:52:00,2.0,0.132,0.07636753236814714,0.0,22,3,0,0
2021-01-14 22:53:00,3.0,0.08566666666666667,0.006806859285554046,0.0,22,3,0,0
2021-01-14 22:54:00,3.0,0.14233333333333334,0.09335059364210456,0.0,22,3,0,0
2021-01-14 22:55:00,1.0,0.093,0.0,0.0,22,3,0,0
2021-01-14 22:56:00,6.0,0.11466666666666665,0.069715612789867,0.0,22,3,0,0
2021-01-14 22:57:00,8.0,0.10062499999999999,0.023838369431294106,0.0,22,3,0,0
2021-01-14 22:58:00,7.0,0.11214285714285714,0.04522694098074941,0.0,22,3,0,0
2021-01-14 22:59:00,7.0,0.11214285714285714,0.05437961803049795,0.0,22,3,0,0
2021-01-14 23:00:00,10.0,0.1082,0.03126517409372785,0.0,23,3,0,0
2021-01-14 23:01:00,9.0,0.08988888888888888,0.010469532516359606,0.0,23,3,0,0
2021-01-14 23:02:00,10.0,0.0918,0.0135548269385239,0.0,23,3,0,0
2021-01-14 23:03:00,8.0,0.12212500000000001,0.029599408777879338,0.0,23,3,0,0
2021-01-14 23:04:00,7.0,0.091,0.010630145812734651,0.0,23,3,0,0
2021-01-14 23:05:00,4.0,0.08925,0.007500000000000004,0.0,23,3,0,0
2021-01-14 23:06:00,14.0,0.09942857142857142,0.03369938206626869,0.0,23,3,0,0
2021-01-14 23:07:00,13.0,0.08730769230769231,0.013275193754923852,0.0,23,3,0,0
2021-01-14 23:08:00,13.0,0.08507692307692308,0.013641001542296045,0.0,23,3,0,0
2021-01-14 23:09:00,12.0,0.09033333333333333,0.02037972849017703,0.0,23,3,0,0
2021-01-14 23:10:00,7.0,0.08657142857142856,0.008017837257372727,0.0,23,3,0,0
2021-01-14 23:11:00,8.0,0.089125,0.007180081575342404,0.0,23,3,0,0
2021-01-14 23:12:00,8.0,0.133125,0.09160854217811788,0.0,23,3,0,0
2021-01-14 23:13:00,7.0,0.101,0.018457157599876168,0.0,23,3,0,0
2021-01-14 23:14:00,3.0,0.13833333333333334,0.055770362499569,0.0,23,3,0,0
2021-01-14 23:15:00,7.0,0.10614285714285714,0.022682067597028947,0.0,23,3,0,0
2021-01-14 23:16:00,7.0,0.08442857142857142,0.008017837257372727,0.0,23,3,0,0
2021-01-14 23:17:00,6.0,0.08966666666666667,0.011621818561080133,0.0,23,3,0,0
2021-01-14 23:18:00,6.0,0.09833333333333333,0.01684834314307097,0.0,23,3,0,0
2021-01-14 23:19:00,4.0,0.105,0.02333809475228573,0.0,23,3,0,0
2021-01-14 23:20:00,3.0,0.078,0.0,0.0,23,3,0,0
2021-01-14 23:21:00,5.0,0.11560000000000001,0.050077939254725735,0.0,23,3,0,0
2021-01-14 23:22:00,7.0,0.102,0.0274104602904317,0.0,23,3,0,0
2021-01-14 23:23:00,7.0,0.09999999999999999,0.012288205727444506,0.0,23,3,0,0
2021-01-14 23:24:00,10.0,0.088,0.011604596790352804,0.0,23,3,0,0
2021-01-14 23:25:00,7.0,0.10414285714285713,0.038159439947971684,0.0,23,3,0,0
2021-01-14 23:26:00,11.0,0.10518181818181818,0.03783600978385058,0.0,23,3,0,0
2021-01-14 23:27:00,10.0,0.10269999999999999,0.02456759383144118,0.0,23,3,0,0
2021-01-14 23:28:00,11.0,0.11472727272727273,0.034965957470347954,0.0,23,3,0,0
2021-01-14 23:29:00,11.0,0.08736363636363637,0.020670136561100543,0.0,23,3,0,0
2021-01-14 23:30:00,12.0,0.08416666666666667,0.018049594975729475,0.0,23,3,0,0
2021-01-14 23:31:00,12.0,0.11158333333333333,0.05385410988508817,0.0,23,3,0,0
2021-01-14 23:32:00,10.0,0.0967,0.026398863611905722,0.0,23,3,0,0
2021-01-14 23:33:00,13.0,0.09323076923076923,0.030520904983726175,0.0,23,3,0,0
2021-01-14 23:34:00,12.0,0.09016666666666667,0.022408737473394506,0.0,23,3,0,0
2021-01-14 23:35:00,6.0,0.10883333333333334,0.026179508526071812,0.0,23,3,0,0
2021-01-14 23:36:00,17.0,0.09094117647058823,0.019324435917496063,0.0,23,3,0,0
2021-01-14 23:37:00,7.0,0.08657142857142856,0.008017837257372734,0.0,23,3,0,0
2021-01-14 23:38:00,10.0,0.1265,0.05291345134588495,0.0,23,3,0,0
2021-01-14 23:39:00,8.0,0.091875,0.023148202645438497,0.0,23,3,0,0
2021-01-14 23:40:00,10.0,0.0907,0.015556706306641877,0.0,23,3,0,0
2021-01-14 23:41:00,13.0,0.08892307692307691,0.01533765268036767,0.0,23,3,0,0
2021-01-14 23:42:00,8.0,0.111,0.04536833382752462,0.0,23,3,0,0
2021-01-14 23:43:00,5.0,0.087,0.008215838362577488,0.0,23,3,0,0
2021-01-14 23:44:00,5.0,0.0994,0.008763560920082658,0.0,23,3,0,0
2021-01-14 23:45:00,4.0,0.07775,0.012658988901172154,0.0,23,3,0,0
2021-01-14 23:46:00,5.0,0.081,0.006708203932499366,0.0,23,3,0,0
2021-01-14 23:47:00,4.0,0.10675,0.029669007398293586,0.0,23,3,0,0
2021-01-14 23:48:00,3.0,0.10433333333333333,0.033471380810079124,0.0,23,3,0,0
2021-01-14 23:49:00,6.0,0.09300000000000001,0.016431676725154984,0.0,23,3,0,0
2021-01-14 23:50:00,5.0,0.093,0.0,0.0,23,3,0,0
2021-01-14 23:51:00,1.0,0.093,0.0,0.0,23,3,0,0
2021-01-14 23:52:00,3.0,0.078,0.0,0.0,23,3,0,0
2021-01-14 23:53:00,0.0,0.0,0.0,0.0,23,3,0,0
2021-01-14 23:54:00,6.0,0.09066666666666667,0.024929233174461402,0.0,23,3,0,0
2021-01-14 23:55:00,8.0,0.099375,0.026613302259262322,0.0,23,3,0,0
2021-01-14 23:56:00,8.0,0.0875,0.01427285135192985,0.0,23,3,0,0
2021-01-14 23:57:00,7.0,0.10471428571428572,0.06475521674149577,0.0,23,3,0,0
2021-01-14 23:58:00,7.0,0.09571428571428572,0.013948886284267596,0.0,23,3,0,0
2021-01-14 23:59:00,8.0,0.083625,0.007763237542601483,0.0,23,3,0,0
